n_cal,alpha,trial,coverage,width
20,0.05,0,0.94663,2.544670152897157
20,0.05,1,0.87088,2.0369500309917457
20,0.05,2,0.99912,4.150929874252522
20,0.05,3,0.99917,4.161068070150995
20,0.05,4,0.9839,3.1232851161965707
20,0.05,5,0.99897,4.112653374948021
20,0.05,6,0.91971,2.3270659409415613
20,0.05,7,0.99263,3.434880384868516
20,0.05,8,0.9893,3.2879254527229276
20,0.05,9,0.98081,3.035798897473615
20,0.05,10,0.99241,3.4231659826659957
20,0.05,11,0.99291,3.447386629340075
20,0.05,12,0.98218,3.073838861690083
20,0.05,13,0.96951,2.8242370563546357
20,0.05,14,0.97631,2.9425032327908403
20,0.05,15,0.97123,2.854143585907728
20,0.05,16,0.91682,2.3087804857143817
20,0.05,17,0.93274,2.425938292445399
20,0.05,18,0.99541,3.6133452876246412
20,0.05,19,0.99224,3.415009677219693
20,0.05,20,0.99851,4.006964617039252
20,0.05,21,0.96935,2.8211539862867747
20,0.05,22,0.96197,2.718515562004287
20,0.05,23,0.98253,3.083791332563518
20,0.05,24,0.90035,2.202127018252023
20,0.05,25,0.9249,2.365528277138802
20,0.05,26,0.93015,2.4054635074455346
20,0.05,27,0.94172,2.50031375605527
20,0.05,28,0.98858,3.2592261278701424
20,0.05,29,0.91062,2.267479366815514
20,0.05,30,0.98512,3.1556171602654515
20,0.05,31,0.95026,2.5827087735246628
20,0.05,32,0.99664,3.715691586004113
20,0.05,33,0.99173,3.3923504532223707
20,0.05,34,0.97534,2.924458312809243
20,0.05,35,0.92492,2.3657963873976624
20,0.05,36,0.97419,2.9018054977910284
20,0.05,37,0.99189,3.3988749913546914
20,0.05,38,0.98892,3.268683614324023
20,0.05,39,0.97734,2.965613675083237
20,0.05,40,0.92875,2.39540735288835
20,0.05,41,0.88398,2.106212344726739
20,0.05,42,0.96279,2.729405709109324
20,0.05,43,0.99293,3.4480320397136137
20,0.05,44,0.93434,2.4381789423824847
20,0.05,45,0.92253,2.3481973014794457
20,0.05,46,0.99367,3.4978027486035583
20,0.05,47,0.92185,2.343253177029361
20,0.05,48,0.99457,3.5507648382529493
20,0.05,49,0.89416,2.1639708206157087
20,0.05,50,0.89323,2.158243779285677
20,0.05,51,0.94767,2.553241065992307
20,0.05,52,0.99515,3.5884001823369345
20,0.05,53,0.96294,2.730948876692135
20,0.05,54,0.96382,2.743359151328303
20,0.05,55,0.98909,3.27672167374554
20,0.05,56,0.84548,1.9196897495620184
20,0.05,57,0.99441,3.539582927330315
20,0.05,58,0.94408,2.520456510095256
20,0.05,59,0.99387,3.5122659487981673
20,0.05,60,0.97758,2.9711671113082567
20,0.05,61,0.97083,2.8481148581588065
20,0.05,62,0.8227,1.8247745052611
20,0.05,63,0.96076,2.7020437489220868
20,0.05,64,0.92465,2.364177379392756
20,0.05,65,0.97942,3.00868297591126
20,0.05,66,0.98804,3.245861594621934
20,0.05,67,0.96868,2.809130776934489
20,0.05,68,0.95693,2.6562377260137042
20,0.05,69,0.95684,2.654885734449799
20,0.05,70,0.90006,2.2005714886559895
20,0.05,71,0.99589,3.656739374545322
20,0.05,72,0.95644,2.651497166693502
20,0.05,73,0.90533,2.2320618733987967
20,0.05,74,0.94399,2.5194626402632956
20,0.05,75,0.99133,3.3682400684400573
20,0.05,76,0.98762,3.231472269860234
20,0.05,77,0.98959,3.3002265208887134
20,0.05,78,0.89462,2.166593613460309
20,0.05,79,0.96141,2.710512229839676
20,0.05,80,0.92528,2.3690839949778972
20,0.05,81,0.96795,2.799267326155907
20,0.05,82,0.96271,2.728267805946574
20,0.05,83,0.95363,2.6194472686284094
20,0.05,84,0.90122,2.207047968740299
20,0.05,85,0.984,3.126206060181298
20,0.05,86,0.98902,3.2735896069425943
20,0.05,87,0.93329,2.4291068897014734
20,0.05,88,0.967,2.7866817558711077
20,0.05,89,0.94569,2.535364244796221
20,0.05,90,0.98675,3.206419116667062
20,0.05,91,0.96504,2.760699797860058
20,0.05,92,0.98893,3.2693239637703004
20,0.05,93,0.99069,3.339600335572232
20,0.05,94,0.94952,2.5728299119172444
20,0.05,95,0.9872,3.218501572126059
20,0.05,96,0.96874,2.8102726633747643
20,0.05,97,0.92458,2.363491896209566
20,0.05,98,0.90534,2.2322114654255234
20,0.05,99,0.9525,2.6069463495132723
20,0.05,100,0.97291,2.8799852421836576
20,0.05,101,0.96032,2.6956732517063897
20,0.05,102,0.97617,2.9398533376421114
20,0.05,103,0.9561,2.6482215225451236
20,0.05,104,0.94988,2.578417145904333
20,0.05,105,0.9953,3.6056577495592554
20,0.05,106,0.97818,2.9811090956092463
20,0.05,107,0.96436,2.7511519599247976
20,0.05,108,0.99086,3.346619063823553
20,0.05,109,0.98011,3.0216697921512017
20,0.05,110,0.8412,1.9002567989848318
20,0.05,111,0.95036,2.5842446885625003
20,0.05,112,0.9704,2.8404701962274697
20,0.05,113,0.96715,2.7883787506785724
20,0.05,114,0.92747,2.386312470018302
20,0.05,115,0.98872,3.263572266183686
20,0.05,116,0.98905,3.2746728127064366
20,0.05,117,0.98339,3.1074350119770893
20,0.05,118,0.84862,1.9331551676327994
20,0.05,119,0.94955,2.5733488794143606
20,0.05,120,0.92703,2.3832070032059303
20,0.05,121,0.9851,3.1553313007444754
20,0.05,122,0.99706,3.7613899852398336
20,0.05,123,0.98668,3.204092402594553
20,0.05,124,0.91221,2.279123075290596
20,0.05,125,0.93746,2.4630919927980566
20,0.05,126,0.87816,2.075183300899007
20,0.05,127,0.97654,2.947587065993785
20,0.05,128,0.99291,3.446745061080153
20,0.05,129,0.99268,3.438814578575125
20,0.05,130,0.97034,2.83941920603098
20,0.05,131,0.98912,3.2800893399241935
20,0.05,132,0.98093,3.03803592822048
20,0.05,133,0.93669,2.456672290343366
20,0.05,134,0.92581,2.375030152967628
20,0.05,135,0.99714,3.772407659901832
20,0.05,136,0.98011,3.0216680634645883
20,0.05,137,0.91069,2.268845083660684
20,0.05,138,0.94531,2.531326707542843
20,0.05,139,0.99341,3.4817320023729987
20,0.05,140,0.98962,3.3021585290472726
20,0.05,141,0.94308,2.511631515429566
20,0.05,142,0.8839,2.1059009611183876
20,0.05,143,0.99085,3.345225263594175
20,0.05,144,0.99995,4.866025147417887
20,0.05,145,0.97031,2.838334117075733
20,0.05,146,0.99534,3.610118461716444
20,0.05,147,0.92427,2.361168829247263
20,0.05,148,0.99862,4.026843581777387
20,0.05,149,0.9388,2.474644372312165
20,0.05,150,0.98518,3.156596093963579
20,0.05,151,0.87187,2.0420345678327525
20,0.05,152,0.99943,4.264212237479198
20,0.05,153,0.96303,2.7321645669976853
20,0.05,154,0.86768,2.021829496391387
20,0.05,155,0.82593,1.8369443902361782
20,0.05,156,0.9272,2.384472919845911
20,0.05,157,0.97653,2.947096029204549
20,0.05,158,0.90398,2.224639624591558
20,0.05,159,0.92397,2.3591953009490894
20,0.05,160,0.9514,2.5939591113049243
20,0.05,161,0.98911,3.277982660638757
20,0.05,162,0.95571,2.644387454352008
20,0.05,163,0.99943,4.256620770659433
20,0.05,164,0.85495,1.9635739175968692
20,0.05,165,0.94873,2.5636527284668533
20,0.05,166,0.93795,2.4672910110538
20,0.05,167,0.97332,2.888375744684354
20,0.05,168,0.92188,2.343526780247634
20,0.05,169,0.9955,3.6177297332591634
20,0.05,170,0.92188,2.3435475714664715
20,0.05,171,0.92312,2.3526031586480043
20,0.05,172,0.90928,2.2577504346055757
20,0.05,173,0.9954,3.6123497783471987
20,0.05,174,0.91683,2.3089046572736835
20,0.05,175,0.88324,2.102136372559623
20,0.05,176,0.96927,2.8194247145124347
20,0.05,177,0.98143,3.051843847166424
20,0.05,178,0.98038,3.026215165795947
20,0.05,179,0.97011,2.8346868319928826
20,0.05,180,0.98544,3.1648878037100676
20,0.05,181,0.94408,2.5203019158349385
20,0.05,182,0.91951,2.32625778644324
20,0.05,183,0.86425,2.005649775936214
20,0.05,184,0.97835,2.984971370135484
20,0.05,185,0.98064,3.03108202924316
20,0.05,186,0.97139,2.8563140501886535
20,0.05,187,0.92218,2.3454236372398007
20,0.05,188,0.92743,2.385948740474976
20,0.05,189,0.96728,2.7904646495104433
20,0.05,190,0.84787,1.9301482825280627
20,0.05,191,0.97615,2.9392273798233157
20,0.05,192,0.77139,1.637547060696569
20,0.05,193,0.9908,3.3428357473651844
20,0.05,194,0.66516,1.3238649164482386
20,0.05,195,0.93404,2.4351869148061733
20,0.05,196,0.99819,3.9361340785542813
20,0.05,197,0.99976,4.555811734757282
20,0.05,198,0.88209,2.0964508018636403
20,0.05,199,0.9969,3.747181633180059
20,0.05,200,0.99195,3.400966626336958
20,0.05,201,0.98917,3.2826474020337097
20,0.05,202,0.99303,3.4562148581716583
20,0.05,203,0.938,2.467815722569067
20,0.05,204,0.99714,3.77221101047578
20,0.05,205,0.95856,2.6763652384072225
20,0.05,206,0.95135,2.5935297767160668
20,0.05,207,0.94464,2.5255114666686582
20,0.05,208,0.89595,2.174095515677836
20,0.05,209,0.9986,4.0234060293046685
20,0.05,210,0.99386,3.5118842017812733
20,0.05,211,0.97034,2.839403223216321
20,0.05,212,0.95636,2.6507177708797185
20,0.05,213,0.95881,2.679267015711221
20,0.05,214,0.96806,2.8004777424864806
20,0.05,215,0.99487,3.575521740735435
20,0.05,216,0.98057,3.0292198513365856
20,0.05,217,0.88952,2.1377954249452724
20,0.05,218,0.93106,2.411900633058595
20,0.05,219,0.94523,2.5304280429721517
20,0.05,220,0.99865,4.0369045275252375
20,0.05,221,0.96054,2.698468927186425
20,0.05,222,0.96801,2.7998235471841677
20,0.05,223,0.97143,2.8565592201461913
20,0.05,224,0.9984,3.991216250606976
20,0.05,225,0.91813,2.3169582453525095
20,0.05,226,0.95785,2.6674854942141444
20,0.05,227,0.86435,2.006110317392077
20,0.05,228,0.9699,2.83050715423273
20,0.05,229,0.98911,3.2787349567493025
20,0.05,230,0.98428,3.134534764743145
20,0.05,231,0.9536,2.618792696761269
20,0.05,232,0.93464,2.4410354269183383
20,0.05,233,0.99056,3.3350382510519507
20,0.05,234,0.91349,2.287593673634688
20,0.05,235,0.99384,3.509268932170135
20,0.05,236,0.98233,3.077387219915445
20,0.05,237,0.79187,1.7093189867646088
20,0.05,238,0.9783,2.9840820854379015
20,0.05,239,0.9878,3.2371211365834984
20,0.05,240,0.95744,2.661662987581153
20,0.05,241,0.9766,2.9487481786571923
20,0.05,242,0.98955,3.299045523250366
20,0.05,243,0.95798,2.6691277415902444
20,0.05,244,0.89647,2.1767264390388164
20,0.05,245,0.93933,2.4786949912321083
20,0.05,246,0.94734,2.5510733837517647
20,0.05,247,0.85645,1.9705260398160405
20,0.05,248,0.98493,3.151037775743005
20,0.05,249,0.97019,2.836181307868745
20,0.05,250,0.95232,2.604307164448511
20,0.05,251,0.95981,2.691001117822237
20,0.05,252,0.94464,2.525583377314735
20,0.05,253,0.90419,2.226119125413878
20,0.05,254,0.96092,2.7041786530340506
20,0.05,255,0.9904,3.3268148701668405
20,0.05,256,0.94202,2.5032087083068992
20,0.05,257,0.84318,1.9092543247496099
20,0.05,258,0.78392,1.6816678209479698
20,0.05,259,0.97503,2.9178444233894236
20,0.05,260,0.92179,2.342606576368639
20,0.05,261,0.97326,2.8863699756667063
20,0.05,262,0.98452,3.14023509636818
20,0.05,263,0.76187,1.6058623608596976
20,0.05,264,0.93404,2.435039523923172
20,0.05,265,0.84843,1.9323061471060683
20,0.05,266,0.97838,2.9857531264136328
20,0.05,267,0.99152,3.378616613837835
20,0.05,268,0.9991,4.13760076238389
20,0.05,269,0.97186,2.8639379053104417
20,0.05,270,0.85757,1.9758958311665498
20,0.05,271,0.99171,3.3895810139696474
20,0.05,272,0.71414,1.4612228547668131
20,0.05,273,0.95937,2.6859453981951713
20,0.05,274,0.9938,3.5038022461463942
20,0.05,275,0.86485,2.0083336098763245
20,0.05,276,0.97209,2.867537253554414
20,0.05,277,0.97271,2.877042804770376
20,0.05,278,0.99653,3.707137156139363
20,0.05,279,0.95178,2.598090870092834
20,0.05,280,0.97734,2.965745827103549
20,0.05,281,0.85871,1.9810281693102012
20,0.05,282,0.90661,2.2405049341331744
20,0.05,283,0.96562,2.7683792841810684
20,0.05,284,0.87538,2.061294314862595
20,0.05,285,0.94243,2.50609531137198
20,0.05,286,0.99987,4.635461907424816
20,0.05,287,0.94142,2.4971082163185208
20,0.05,288,0.97705,2.9604097605098083
20,0.05,289,0.9988,4.071044075459607
20,0.05,290,0.9797,3.0140295933711325
20,0.05,291,0.97882,2.993818732462787
20,0.05,292,0.99995,4.891870662621685
20,0.05,293,0.84528,1.9191153265163043
20,0.05,294,0.9922,3.413385704812726
20,0.05,295,0.96059,2.6994922448361063
20,0.05,296,0.87516,2.0601420077643406
20,0.05,297,0.83831,1.8891245619319816
20,0.05,298,0.97713,2.961697712368148
20,0.05,299,0.87906,2.0798865085926437
20,0.05,300,0.96324,2.734684682845695
20,0.05,301,0.96198,2.719073052884714
20,0.05,302,0.92424,2.360964104293726
20,0.05,303,0.94768,2.5533110025317454
20,0.05,304,0.95606,2.647849288106637
20,0.05,305,0.98171,3.059357395761428
20,0.05,306,0.97708,2.960803946214619
20,0.05,307,0.95145,2.594975896630027
20,0.05,308,0.94133,2.496273919005471
20,0.05,309,0.85775,1.976901733433127
20,0.05,310,0.93714,2.4606893731987043
20,0.05,311,0.94646,2.5427587224797437
20,0.05,312,0.99318,3.4683130091427046
20,0.05,313,0.97518,2.921918120986979
20,0.05,314,0.91654,2.3066902554777413
20,0.05,315,0.94535,2.531501698079177
20,0.05,316,0.99615,3.671967568149373
20,0.05,317,0.98345,3.1093889215823785
20,0.05,318,0.97809,2.9788912674951695
20,0.05,319,0.979,2.999334660798249
20,0.05,320,0.95212,2.6022087643377363
20,0.05,321,0.88375,2.1050302716470064
20,0.05,322,0.9991,4.136214484611848
20,0.05,323,0.98264,3.088209888067207
20,0.05,324,0.99971,4.474580569806951
20,0.05,325,0.98791,3.2422573457277495
20,0.05,326,0.98276,3.0911478875505063
20,0.05,327,0.88976,2.1389651647857417
20,0.05,328,0.94017,2.4869008587169734
20,0.05,329,0.98785,3.2388716278585443
20,0.05,330,0.87401,2.054051013895605
20,0.05,331,0.94929,2.5699687403694984
20,0.05,332,0.98302,3.099074405315714
20,0.05,333,0.96938,2.8213058495042103
20,0.05,334,0.91544,2.3001497330928853
20,0.05,335,0.99884,4.080635417550654
20,0.05,336,0.99526,3.5997450042736485
20,0.05,337,0.90105,2.2062059590013288
20,0.05,338,0.99486,3.574982595578386
20,0.05,339,0.94169,2.49958716382866
20,0.05,340,0.90347,2.2216828803669113
20,0.05,341,0.92575,2.3743568637860264
20,0.05,342,0.98295,3.0968733417845726
20,0.05,343,0.98671,3.204799633469003
20,0.05,344,0.99816,3.928537350931362
20,0.05,345,0.98383,3.121373085774036
20,0.05,346,0.97975,3.0145605192528535
20,0.05,347,0.96434,2.750523267890807
20,0.05,348,0.94942,2.571370493119298
20,0.05,349,0.99216,3.4093913786724452
20,0.05,350,0.99015,3.321815834778768
20,0.05,351,0.97066,2.8450552506303866
20,0.05,352,0.91465,2.2952660899145414
20,0.05,353,0.99798,3.8922410810338928
20,0.05,354,0.98372,3.118328800812236
20,0.05,355,0.95115,2.5921150502972514
20,0.05,356,0.98681,3.209785715657061
20,0.05,357,0.97758,2.970644594575474
20,0.05,358,0.98129,3.048147386927129
20,0.05,359,0.97873,2.9927575874927763
20,0.05,360,0.99595,3.661947440876144
20,0.05,361,0.97701,2.959417229525099
20,0.05,362,0.99526,3.598776043806295
20,0.05,363,0.99522,3.596943045386961
20,0.05,364,0.9514,2.593927326423615
20,0.05,365,0.98765,3.233042188891626
20,0.05,366,0.89144,2.1481030175897
20,0.05,367,0.97758,2.971151010903283
20,0.05,368,0.9882,3.2527566652112148
20,0.05,369,0.99853,4.009982392326655
20,0.05,370,0.98175,3.060696944230412
20,0.05,371,0.95233,2.604648169501995
20,0.05,372,0.95177,2.598046102267151
20,0.05,373,0.95553,2.6426043710839684
20,0.05,374,0.9326,2.4242753646579533
20,0.05,375,0.92317,2.3531339744786197
20,0.05,376,0.98789,3.2403021301647605
20,0.05,377,0.92634,2.378678991513605
20,0.05,378,0.94984,2.577758322748865
20,0.05,379,0.92314,2.3528072069141386
20,0.05,380,0.97364,2.8923171462738724
20,0.05,381,0.93252,2.4234044353594646
20,0.05,382,0.90688,2.2415939516978316
20,0.05,383,0.9088,2.2546190827615997
20,0.05,384,0.96362,2.7403219318344276
20,0.05,385,0.93916,2.4770528588216143
20,0.05,386,0.9838,3.120478755198577
20,0.05,387,0.9244,2.362334432268415
20,0.05,388,0.96404,2.7459957573914773
20,0.05,389,0.9381,2.468421296593375
20,0.05,390,0.97485,2.9146437533513234
20,0.05,391,0.88603,2.1178634260647047
20,0.05,392,0.9375,2.463662978290563
20,0.05,393,0.83311,1.8668647054674588
20,0.05,394,0.98053,3.028619611289271
20,0.05,395,0.97111,2.8523262666464086
20,0.05,396,0.98676,3.207504056973869
20,0.05,397,0.86774,2.022136175283495
20,0.05,398,0.98219,3.0744221993716474
20,0.05,399,0.87098,2.0375388337541684
20,0.05,400,0.90478,2.2284774858316507
20,0.05,401,0.95941,2.686458442992302
20,0.05,402,0.98295,3.0969909472152986
20,0.05,403,0.92893,2.396920179053162
20,0.05,404,0.96717,2.788501039302514
20,0.05,405,0.99623,3.676871421030912
20,0.05,406,0.991,3.352455568917095
20,0.05,407,0.98204,3.070176124470236
20,0.05,408,0.99825,3.9526196366287225
20,0.05,409,0.95666,2.6535853442906547
20,0.05,410,0.95372,2.620247583435517
20,0.05,411,0.98943,3.293762967532464
20,0.05,412,0.96968,2.826874117725612
20,0.05,413,0.9122,2.27905406158596
20,0.05,414,0.99202,3.4030895312064446
20,0.05,415,0.98113,3.043552605774388
20,0.05,416,0.9718,2.8629043810894177
20,0.05,417,0.96591,2.7721018250972884
20,0.05,418,0.98156,3.0548866150775615
20,0.05,419,0.94814,2.557790479976638
20,0.05,420,0.99482,3.5723634993049047
20,0.05,421,0.88589,2.116795111066617
20,0.05,422,0.8911,2.146513009367459
20,0.05,423,0.99258,3.4331011827513405
20,0.05,424,0.95978,2.690458384473432
20,0.05,425,0.89208,2.1520286267716906
20,0.05,426,0.9778,2.9738665930319765
20,0.05,427,0.96785,2.7981905125100175
20,0.05,428,0.96913,2.8173820835671384
20,0.05,429,0.97133,2.855771221585424
20,0.05,430,0.94485,2.5277985042414564
20,0.05,431,0.97835,2.9851624181490446
20,0.05,432,0.99029,3.32339144862148
20,0.05,433,0.96205,2.719972542153589
20,0.05,434,0.99392,3.5153799403020476
20,0.05,435,0.99064,3.337580992159603
20,0.05,436,0.9695,2.8240540451785927
20,0.05,437,0.98449,3.1396372978627065
20,0.05,438,0.95912,2.6829680566204663
20,0.05,439,0.98002,3.019486752138896
20,0.05,440,0.94946,2.572347387884806
20,0.05,441,0.99111,3.3577295160390777
20,0.05,442,0.99146,3.37396565995511
20,0.05,443,0.96913,2.817028235317614
20,0.05,444,0.97616,2.9394215208527
20,0.05,445,0.85185,1.948901133920287
20,0.05,446,0.9421,2.503732530994743
20,0.05,447,0.96469,2.7561053653588266
20,0.05,448,0.98183,3.0636256743894825
20,0.05,449,0.99248,3.427014126394419
20,0.05,450,0.95755,2.662879261381471
20,0.05,451,0.98325,3.104904378300187
20,0.05,452,0.85205,1.9497299900188567
20,0.05,453,0.98324,3.1046565816507603
20,0.05,454,0.9987,4.046414982323893
20,0.05,455,0.91749,2.3138285402542524
20,0.05,456,0.9425,2.5067811271226104
20,0.05,457,0.96832,2.8039152505327896
20,0.05,458,0.98718,3.2179527347758174
20,0.05,459,0.98849,3.2581117413108784
20,0.05,460,0.9669,2.7857629989919044
20,0.05,461,0.96148,2.711940828878511
20,0.05,462,0.93042,2.407491393946017
20,0.05,463,0.99411,3.521835585445859
20,0.05,464,0.96164,2.714256482377372
20,0.05,465,0.94015,2.486564642994319
20,0.05,466,0.86763,2.021669321380137
20,0.05,467,0.94301,2.5109947580886094
20,0.05,468,0.97169,2.8619051733026177
20,0.05,469,0.97643,2.94474695671993
20,0.05,470,0.98403,3.1274554413053828
20,0.05,471,0.95459,2.6312310166892656
20,0.05,472,0.98643,3.1969197011574773
20,0.05,473,0.99042,3.328661843432661
20,0.05,474,0.93615,2.4529369910954575
20,0.05,475,0.91375,2.2889886331154803
20,0.05,476,0.94771,2.5540614678176405
20,0.05,477,0.95277,2.609762830714214
20,0.05,478,0.87754,2.0718797557540047
20,0.05,479,0.92354,2.355685826316356
20,0.05,480,0.91433,2.292642669477828
20,0.05,481,0.9766,2.948445555345794
20,0.05,482,0.98196,3.067047838763105
20,0.05,483,0.96116,2.707080726209392
20,0.05,484,0.98527,3.160854393863401
20,0.05,485,0.95007,2.581071505150697
20,0.05,486,0.94519,2.5301701459000725
20,0.05,487,0.84091,1.8987779848351571
20,0.05,488,0.95529,2.640968583493415
20,0.05,489,0.7845,1.6835263412686134
20,0.05,490,0.91501,2.2976267391314242
20,0.05,491,0.88114,2.0914548497228997
20,0.05,492,0.83435,1.8727308950711672
20,0.05,493,0.98899,3.2731566731775756
20,0.05,494,0.88301,2.1010382504865
20,0.05,495,0.97234,2.871214450708194
20,0.05,496,0.98349,3.112011229900564
20,0.05,497,0.97571,2.9306803217868325
20,0.05,498,0.99478,3.5689202623331937
20,0.05,499,0.93594,2.4508245044792902
20,0.05,500,0.94097,2.493773236976576
20,0.05,501,0.99987,4.631374654209296
20,0.05,502,0.99288,3.445812080467139
20,0.05,503,0.87443,2.055847752858421
20,0.05,504,0.99387,3.512676617307266
20,0.05,505,0.94405,2.519966874025336
20,0.05,506,0.97917,3.00244246246624
20,0.05,507,0.99587,3.655485138268358
20,0.05,508,0.99114,3.358505122422888
20,0.05,509,0.9521,2.6017892935855276
20,0.05,510,0.98756,3.2299788054824665
20,0.05,511,0.93279,2.426077512830504
20,0.05,512,0.87277,2.0466971025206813
20,0.05,513,0.95786,2.6677424765141
20,0.05,514,0.9426,2.5076258906641873
20,0.05,515,0.93243,2.422279201946547
20,0.05,516,0.95108,2.5916668992554266
20,0.05,517,0.97297,2.881123343735114
20,0.05,518,0.92875,2.395417217220326
20,0.05,519,0.92673,2.3808431280149573
20,0.05,520,0.90435,2.2267776733886
20,0.05,521,0.98842,3.257056771652438
20,0.05,522,0.99135,3.369051161212953
20,0.05,523,0.95394,2.623472148572886
20,0.05,524,0.97848,2.9869298287902057
20,0.05,525,0.99314,3.463525328975776
20,0.05,526,0.98879,3.2647883449543365
20,0.05,527,0.92126,2.3393665810736697
20,0.05,528,0.93833,2.4705733407454566
20,0.05,529,0.97817,2.9804503663324717
20,0.05,530,0.99374,3.5004894992071507
20,0.05,531,0.9238,2.3579661528274225
20,0.05,532,0.91079,2.2695661971217924
20,0.05,533,0.85337,1.9557944565281273
20,0.05,534,0.9961,3.6704103035845073
20,0.05,535,0.95112,2.591906214319429
20,0.05,536,0.96533,2.764295619249565
20,0.05,537,0.96354,2.738922513831503
20,0.05,538,0.95702,2.657077069148216
20,0.05,539,0.98186,3.064359382076702
20,0.05,540,0.92014,2.3316654582231857
20,0.05,541,0.86669,2.0167704165270193
20,0.05,542,0.96481,2.757210864998169
20,0.05,543,0.7924,1.7114035107339767
20,0.05,544,0.98725,3.2210051807163618
20,0.05,545,0.99327,3.470869911648532
20,0.05,546,0.97749,2.9687353341067837
20,0.05,547,0.82748,1.8432948526150794
20,0.05,548,0.92321,2.353734636657076
20,0.05,549,0.98985,3.307454346385641
20,0.05,550,0.9146,2.2947069515664715
20,0.05,551,0.93969,2.4821790712080456
20,0.05,552,0.98608,3.1850903250707883
20,0.05,553,0.92966,2.402208342993827
20,0.05,554,0.99273,3.4408004311428115
20,0.05,555,0.98691,3.2127007532030047
20,0.05,556,0.9546,2.6313286871984163
20,0.05,557,0.94807,2.557008078845744
20,0.05,558,0.93252,2.423395855825543
20,0.05,559,0.9647,2.7561830326953474
20,0.05,560,0.95818,2.670612851711983
20,0.05,561,0.97323,2.8860615283661653
20,0.05,562,0.9573,2.659864805629646
20,0.05,563,0.87205,2.0430392824822636
20,0.05,564,0.87655,2.0671497604311924
20,0.05,565,0.9692,2.8186351505497247
20,0.05,566,0.91413,2.2913340425505613
20,0.05,567,0.99412,3.5232546561579756
20,0.05,568,0.9329,2.4267328972210613
20,0.05,569,0.99354,3.490510035572072
20,0.05,570,0.91221,2.2792148376512325
20,0.05,571,0.9713,2.8556012578193393
20,0.05,572,0.92378,2.3578587417735544
20,0.05,573,0.83373,1.870038085684686
20,0.05,574,0.94888,2.5651586005766753
20,0.05,575,0.99152,3.3781354790703326
20,0.05,576,0.94505,2.529153303205133
20,0.05,577,0.99315,3.46477113300256
20,0.05,578,0.90098,2.2055278953577453
20,0.05,579,0.9099,2.2622712936628795
20,0.05,580,0.89627,2.176041911998446
20,0.05,581,0.88365,2.1044295133844075
20,0.05,582,0.99284,3.444659282278114
20,0.05,583,0.87277,2.046483703164366
20,0.05,584,0.90971,2.2608986544311516
20,0.05,585,0.94131,2.4961028477980753
20,0.05,586,0.91587,2.302737191958458
20,0.05,587,0.97455,2.9079755756031838
20,0.05,588,0.9853,3.1613280175072953
20,0.05,589,0.98301,3.098609231833198
20,0.05,590,0.84846,1.9326484739071061
20,0.05,591,0.95949,2.6877717770854543
20,0.05,592,0.97239,2.8718969989487553
20,0.05,593,0.97863,2.9898417317067647
20,0.05,594,0.76111,1.604007948346208
20,0.05,595,0.96503,2.7604496305126807
20,0.05,596,0.92056,2.335275770076719
20,0.05,597,0.98128,3.0479553636432457
20,0.05,598,0.97115,2.852710222799513
20,0.05,599,0.99535,3.610411847151415
20,0.05,600,0.98399,3.1258671759156016
20,0.05,601,0.98139,3.050003646322521
20,0.05,602,0.95301,2.612581976853419
20,0.05,603,0.91134,2.2730804092550376
20,0.05,604,0.96846,2.805692004350321
20,0.05,605,0.98887,3.266524241807332
20,0.05,606,0.90236,2.213796419885112
20,0.05,607,0.96085,2.70303527464428
20,0.05,608,0.97395,2.8972324401552854
20,0.05,609,0.96517,2.7619408435672725
20,0.05,610,0.9026,2.2158847873413063
20,0.05,611,0.95774,2.666327546796481
20,0.05,612,0.9892,3.2834902856263977
20,0.05,613,0.98219,3.074631624389691
20,0.05,614,0.97347,2.890510211744812
20,0.05,615,0.99613,3.6715293813501875
20,0.05,616,0.96496,2.759258231141978
20,0.05,617,0.9682,2.8018934159566604
20,0.05,618,0.87652,2.0668645321182844
20,0.05,619,0.99425,3.5279038397967732
20,0.05,620,0.99673,3.7247826019605625
20,0.05,621,0.71931,1.4767769228314336
20,0.05,622,0.93733,2.4620864118838197
20,0.05,623,0.98813,3.2498155847667953
20,0.05,624,0.87026,2.033433746863701
20,0.05,625,0.96391,2.7448986026707036
20,0.05,626,0.95528,2.640563996620723
20,0.05,627,0.90568,2.234995802895119
20,0.05,628,0.92727,2.3850672573653617
20,0.05,629,0.97025,2.8371536555743138
20,0.05,630,0.97578,2.932868275031495
20,0.05,631,0.95774,2.6661267597870966
20,0.05,632,0.95832,2.672167338230631
20,0.05,633,0.97084,2.84829748726581
20,0.05,634,0.99428,3.531877792741965
20,0.05,635,0.94461,2.5253574063204844
20,0.05,636,0.96843,2.805313780811499
20,0.05,637,0.9853,3.1612575355987875
20,0.05,638,0.99056,3.3351798103301435
20,0.05,639,0.9576,2.6637425959987535
20,0.05,640,0.96541,2.7650872589005138
20,0.05,641,0.98003,3.020371833274698
20,0.05,642,0.95419,2.6263163456532244
20,0.05,643,0.98922,3.2852756237604677
20,0.05,644,0.98179,3.0613872837059657
20,0.05,645,0.94208,2.50356860821337
20,0.05,646,0.95854,2.6761595735451604
20,0.05,647,0.97455,2.907996065849486
20,0.05,648,0.9032,2.2199623186949005
20,0.05,649,0.96302,2.7318503626681245
20,0.05,650,0.92634,2.3786987712422367
20,0.05,651,0.9281,2.390781905741707
20,0.05,652,0.97089,2.849388038333038
20,0.05,653,0.98279,3.093242241835474
20,0.05,654,0.99754,3.828125449458038
20,0.05,655,0.85841,1.9794073732931776
20,0.05,656,0.99406,3.5194178559057576
20,0.05,657,0.93012,2.4050177323973574
20,0.05,658,0.99315,3.464276976063
20,0.05,659,0.9535,2.6179461559660853
20,0.05,660,0.9811,3.0424530224811184
20,0.05,661,0.99423,3.527196725342905
20,0.05,662,0.9837,3.1180479423458314
20,0.05,663,0.99805,3.9049831823465215
20,0.05,664,0.86417,2.0052004557322656
20,0.05,665,0.98242,3.0805461077306293
20,0.05,666,0.98413,3.1310307857715873
20,0.05,667,0.90392,2.2241958573177723
20,0.05,668,0.99974,4.500664475732357
20,0.05,669,0.9647,2.7562948362410222
20,0.05,670,0.94677,2.5462704756811743
20,0.05,671,0.96737,2.7914701412517644
20,0.05,672,0.95367,2.619878472319218
20,0.05,673,0.97102,2.8509791037664307
20,0.05,674,0.96431,2.7501621694704954
20,0.05,675,0.90073,2.204327383474257
20,0.05,676,0.97194,2.8656563542599782
20,0.05,677,0.98815,3.2506031171298764
20,0.05,678,0.88851,2.1315148511715414
20,0.05,679,0.97754,2.9690359205032797
20,0.05,680,0.96202,2.71938651131501
20,0.05,681,0.93859,2.4727154710112993
20,0.05,682,0.95766,2.6651372347432916
20,0.05,683,0.99824,3.949315852887587
20,0.05,684,0.92789,2.389666050301476
20,0.05,685,0.9136,2.288211616660311
20,0.05,686,0.99777,3.8625094665140924
20,0.05,687,0.9988,4.0715239529904705
20,0.05,688,0.94952,2.572959379508674
20,0.05,689,0.98853,3.258792150840697
20,0.05,690,0.94988,2.5783635311903192
20,0.05,691,0.96444,2.752159109587698
20,0.05,692,0.9465,2.543161584243796
20,0.05,693,0.9789,2.9961872282792705
20,0.05,694,0.94369,2.516845336557621
20,0.05,695,0.97922,3.0045479216512074
20,0.05,696,0.99472,3.565414219004721
20,0.05,697,0.96003,2.6930499974821793
20,0.05,698,0.96744,2.7924534862896078
20,0.05,699,0.79338,1.7149213298039772
20,0.05,700,0.9522,2.603042666048027
20,0.05,701,0.91923,2.324012947419697
20,0.05,702,0.87324,2.049549792933702
20,0.05,703,0.93672,2.456998643168663
20,0.05,704,0.99477,3.5684682193219563
20,0.05,705,0.9354,2.4470854549269156
20,0.05,706,0.9894,3.292297320085621
20,0.05,707,0.87155,2.040424846178787
20,0.05,708,0.96616,2.7748476646081155
20,0.05,709,0.98166,3.05823942365339
20,0.05,710,0.97163,2.8606185959928467
20,0.05,711,0.90001,2.200305394065725
20,0.05,712,0.98756,3.2302196713762674
20,0.05,713,0.98413,3.1308652605761607
20,0.05,714,0.92357,2.3562316449511043
20,0.05,715,0.98628,3.191956856941067
20,0.05,716,0.95957,2.688385188086963
20,0.05,717,0.94479,2.527311022122351
20,0.05,718,0.9998,4.587692340594689
20,0.05,719,0.96436,2.7510614191624025
20,0.05,720,0.99457,3.550433268601389
20,0.05,721,0.98912,3.279976131312197
20,0.05,722,0.95069,2.5879200162718172
20,0.05,723,0.95929,2.6843826912742506
20,0.05,724,0.98002,3.019337750967426
20,0.05,725,0.97383,2.8947266784449495
20,0.05,726,0.99926,4.191442821423746
20,0.05,727,0.90318,2.2197953605494942
20,0.05,728,0.96521,2.7625072590138795
20,0.05,729,0.98898,3.2715912949589643
20,0.05,730,0.99517,3.591212794674579
20,0.05,731,0.98527,3.1606100510029815
20,0.05,732,0.97167,2.861286991410452
20,0.05,733,0.95628,2.6498670668337656
20,0.05,734,0.95305,2.613079332330412
20,0.05,735,0.9946,3.553866606986464
20,0.05,736,0.94479,2.527331840752019
20,0.05,737,0.95298,2.6124333854298656
20,0.05,738,0.88497,2.1116290869489336
20,0.05,739,0.95195,2.6005084909298573
20,0.05,740,0.9666,2.7815575603564415
20,0.05,741,0.96118,2.7071949245884794
20,0.05,742,0.97363,2.891916168456026
20,0.05,743,0.98456,3.1416246338566856
20,0.05,744,0.99405,3.518574471628835
20,0.05,745,0.85998,1.9862058585990485
20,0.05,746,0.78981,1.702924425425377
20,0.05,747,0.97291,2.8800143600845827
20,0.05,748,0.95225,2.6039219275391843
20,0.05,749,0.89855,2.190712900462406
20,0.05,750,0.98432,3.1354714931567154
20,0.05,751,0.98002,3.0194403271914716
20,0.05,752,0.91965,2.3267258070695367
20,0.05,753,0.94003,2.4855081410258477
20,0.05,754,0.97639,2.9439128145497575
20,0.05,755,0.99923,4.180878556117031
20,0.05,756,0.98894,3.269625953208054
20,0.05,757,0.92953,2.401232619028451
20,0.05,758,0.98936,3.2907953110849855
20,0.05,759,0.99428,3.5314219610976822
20,0.05,760,0.97944,3.009473960123073
20,0.05,761,0.97604,2.937161120365303
20,0.05,762,0.97471,2.911706033204508
20,0.05,763,0.9648,2.7570117481431895
20,0.05,764,0.91837,2.318529119157204
20,0.05,765,0.97152,2.8588173938494528
20,0.05,766,0.96108,2.7060411436958542
20,0.05,767,0.97916,3.0023165821701756
20,0.05,768,0.89161,2.1491343945499954
20,0.05,769,0.92418,2.3602909281548183
20,0.05,770,0.99662,3.7136069446206603
20,0.05,771,0.98309,3.1011767230431224
20,0.05,772,0.86836,2.0246175142540386
20,0.05,773,0.97346,2.889873154681493
20,0.05,774,0.86348,2.0020220758698133
20,0.05,775,0.99732,3.798509646843135
20,0.05,776,0.96033,2.6959229328634886
20,0.05,777,0.91053,2.266740075108786
20,0.05,778,0.92777,2.3889141977805908
20,0.05,779,0.91802,2.3163972858483346
20,0.05,780,0.9618,2.7158520581828514
20,0.05,781,0.93849,2.471919123466746
20,0.05,782,0.95469,2.63243684145853
20,0.05,783,0.89474,2.16694404029705
20,0.05,784,0.9356,2.4479003110166877
20,0.05,785,0.9081,2.250088285728618
20,0.05,786,0.97684,2.9543744008407566
20,0.05,787,0.97215,2.8689771611722445
20,0.05,788,0.85362,1.9572497467940555
20,0.05,789,0.8226,1.8243964404002977
20,0.05,790,0.96732,2.7909232953106287
20,0.05,791,0.79556,1.722623764493616
20,0.05,792,0.94201,2.503117001554182
20,0.05,793,0.9869,3.2124118683898666
20,0.05,794,0.9647,2.7563359910801446
20,0.05,795,0.97836,2.985381318867341
20,0.05,796,0.93652,2.4552350653317454
20,0.05,797,0.98108,3.0411709656952213
20,0.05,798,0.98196,3.066876882116622
20,0.05,799,0.88361,2.1041112002984326
20,0.05,800,0.9526,2.6078849062808334
20,0.05,801,0.94791,2.555751377816126
20,0.05,802,0.90318,2.2198039798381513
20,0.05,803,0.9865,3.1986424917875462
20,0.05,804,0.99179,3.39561030016898
20,0.05,805,0.98939,3.2920690339891685
20,0.05,806,0.95475,2.6335617912298237
20,0.05,807,0.98462,3.1432300534762687
20,0.05,808,0.99808,3.9083843703679797
20,0.05,809,0.96279,2.729366601160035
20,0.05,810,0.97986,3.0160518971259
20,0.05,811,0.98923,3.2861651981913242
20,0.05,812,0.83878,1.8911693589582006
20,0.05,813,0.96525,2.7629244297679803
20,0.05,814,0.95774,2.66636856745385
20,0.05,815,0.91212,2.2785695897833866
20,0.05,816,0.98218,3.0736998997920852
20,0.05,817,0.97168,2.861513635898068
20,0.05,818,0.98955,3.2988484362345862
20,0.05,819,0.9842,3.1325151112759877
20,0.05,820,0.99785,3.8764126887490145
20,0.05,821,0.98375,3.11895688527325
20,0.05,822,0.97585,2.9343789177113844
20,0.05,823,0.85205,1.9497488761616615
20,0.05,824,0.91836,2.3183805279389484
20,0.05,825,0.99426,3.529749022858554
20,0.05,826,0.94139,2.4968834543707046
20,0.05,827,0.82818,1.8463122441734834
20,0.05,828,0.81678,1.8023946408907339
20,0.05,829,0.94929,2.569973442466225
20,0.05,830,0.95462,2.6316508366766254
20,0.05,831,0.99011,3.320477549885802
20,0.05,832,0.98843,3.257116320375952
20,0.05,833,0.97433,2.90388230823313
20,0.05,834,0.81147,1.7813253521434813
20,0.05,835,0.99517,3.5909840449339208
20,0.05,836,0.98092,3.037948089756786
20,0.05,837,0.99148,3.3760628300923576
20,0.05,838,0.96364,2.740635581526509
20,0.05,839,0.9707,2.845534819373216
20,0.05,840,0.92527,2.3689095842584815
20,0.05,841,0.95066,2.587557693995131
20,0.05,842,0.99962,4.3605996808765255
20,0.05,843,0.97113,2.8526108555424576
20,0.05,844,0.85771,1.9766307637863765
20,0.05,845,0.96621,2.7757839707118053
20,0.05,846,0.96803,2.800095130583325
20,0.05,847,0.99428,3.5328468668587787
20,0.05,848,0.96854,2.806799321339594
20,0.05,849,0.95569,2.6437539437620385
20,0.05,850,0.9984,3.9918656727854085
20,0.05,851,0.98182,3.063016020967189
20,0.05,852,0.98921,3.2848544682498546
20,0.05,853,0.98302,3.0989412229791524
20,0.05,854,0.96176,2.7153186323749123
20,0.05,855,0.86675,2.017477422616517
20,0.05,856,0.9065,2.239914833631154
20,0.05,857,0.99956,4.329548784255604
20,0.05,858,0.98223,3.074926047668095
20,0.05,859,0.97788,2.974957606680432
20,0.05,860,0.99529,3.6026545127344702
20,0.05,861,0.97143,2.8564727364764275
20,0.05,862,0.94689,2.547364884328573
20,0.05,863,0.99173,3.3903771759255075
20,0.05,864,0.98917,3.2828462575037385
20,0.05,865,0.9611,2.7063458025929137
20,0.05,866,0.86863,2.0260084016145963
20,0.05,867,0.94893,2.565322565240978
20,0.05,868,0.98099,3.039228629256249
20,0.05,869,0.97849,2.987448436290535
20,0.05,870,0.90541,2.232625966407784
20,0.05,871,0.9557,2.6443553232216135
20,0.05,872,0.99425,3.5279077053671077
20,0.05,873,0.90371,2.223134418577902
20,0.05,874,0.75056,1.569737460395106
20,0.05,875,0.98844,3.257652980587899
20,0.05,876,0.97677,2.9526892705120735
20,0.05,877,0.93737,2.4623494570577558
20,0.05,878,0.82828,1.846657299541963
20,0.05,879,0.97635,2.943240880864389
20,0.05,880,0.97118,2.853227227707876
20,0.05,881,0.95532,2.641362767204246
20,0.05,882,0.97953,3.0110127332474472
20,0.05,883,0.97357,2.891469368541295
20,0.05,884,0.99297,3.449983592177167
20,0.05,885,0.75633,1.5879951067761384
20,0.05,886,0.97186,2.8641414294663217
20,0.05,887,0.99154,3.381026293499799
20,0.05,888,0.91114,2.2718592724331814
20,0.05,889,0.95775,2.6665537723119854
20,0.05,890,0.98268,3.089323514694344
20,0.05,891,0.99497,3.5819275274375864
20,0.05,892,0.91339,2.287068441203023
20,0.05,893,0.84391,1.9124804044108257
20,0.05,894,0.93702,2.4599750247293186
20,0.05,895,0.97698,2.957815769504149
20,0.05,896,0.99831,3.9629215059976306
20,0.05,897,0.93428,2.4378500304927604
20,0.05,898,0.98207,3.0714978362045233
20,0.05,899,0.93529,2.446016154848091
20,0.05,900,0.8487,1.9336538834893902
20,0.05,901,0.91831,2.3181224140877514
20,0.05,902,0.98918,3.2830010332569284
20,0.05,903,0.98912,3.2804965191039894
20,0.05,904,0.9528,2.6099709657144134
20,0.05,905,0.94466,2.5258550313347583
20,0.05,906,0.96231,2.7229405374546123
20,0.05,907,0.96766,2.7948494939639246
20,0.05,908,0.92874,2.395402924777784
20,0.05,909,0.97624,2.941032696532227
20,0.05,910,0.88888,2.133271001120748
20,0.05,911,0.98465,3.143862359118601
20,0.05,912,0.99819,3.936738060912447
20,0.05,913,0.98003,3.020127771962075
20,0.05,914,0.99219,3.413317489209963
20,0.05,915,0.85313,1.9548402033467909
20,0.05,916,0.93897,2.4762559027578974
20,0.05,917,0.99444,3.541457203087053
20,0.05,918,0.79006,1.7037938108958026
20,0.05,919,0.98666,3.2032852943172805
20,0.05,920,0.93472,2.4415730721860354
20,0.05,921,0.96004,2.693110802028964
20,0.05,922,0.92758,2.386859494996447
20,0.05,923,0.98992,3.3102981502625353
20,0.05,924,0.99839,3.987328520589785
20,0.05,925,0.90377,2.223390338023992
20,0.05,926,0.95765,2.6648895746216175
20,0.05,927,0.99681,3.7326562061225856
20,0.05,928,0.9688,2.8117568321096162
20,0.05,929,0.99962,4.365296755550364
20,0.05,930,0.99358,3.4930767124641724
20,0.05,931,0.78889,1.6989547618593053
20,0.05,932,0.97455,2.9086005092239593
20,0.05,933,0.97964,3.0123302100037965
20,0.05,934,0.99543,3.6158090345138945
20,0.05,935,0.95297,2.6122540777226515
20,0.05,936,0.98226,3.0755023421298793
20,0.05,937,0.99153,3.3799329283440245
20,0.05,938,0.96167,2.7143765888784173
20,0.05,939,0.8721,2.043418852345164
20,0.05,940,0.9949,3.5768259737865926
20,0.05,941,0.87752,2.071761043071101
20,0.05,942,1.0,5.69549617457278
20,0.05,943,0.9647,2.756191711412503
20,0.05,944,0.86692,2.01847499460559
20,0.05,945,0.97019,2.836251116778327
20,0.05,946,0.95022,2.5824700411855965
20,0.05,947,0.99253,3.4297442851657935
20,0.05,948,0.87883,2.078677030354391
20,0.05,949,0.99354,3.489304106038487
20,0.05,950,0.98879,3.2649294730843783
20,0.05,951,0.96078,2.7022302030386616
20,0.05,952,0.9258,2.3747624692505918
20,0.05,953,0.95453,2.6300004030600626
20,0.05,954,0.97775,2.972936005034468
20,0.05,955,0.96616,2.774974752896427
20,0.05,956,0.92886,2.3964475190691887
20,0.05,957,0.97146,2.8578321857021685
20,0.05,958,0.99916,4.1589672474850135
20,0.05,959,0.9474,2.551628402085287
20,0.05,960,0.99777,3.861131121898243
20,0.05,961,0.97654,2.9475597967246374
20,0.05,962,0.9377,2.465023594437857
20,0.05,963,0.97406,2.898600627857822
20,0.05,964,0.93479,2.442294527879972
20,0.05,965,0.98163,3.056792456865645
20,0.05,966,0.98933,3.289180187827349
20,0.05,967,0.99579,3.6454597062028506
20,0.05,968,0.9859,3.1788574902583733
20,0.05,969,0.99173,3.3918149833416877
20,0.05,970,0.99602,3.6668050141924384
20,0.05,971,0.8939,2.1624767975119235
20,0.05,972,0.96804,2.8003064509587845
20,0.05,973,0.98593,3.181174132629028
20,0.05,974,0.98831,3.2543891601818626
20,0.05,975,0.97876,2.992922797985664
20,0.05,976,0.90103,2.2061058726141383
20,0.05,977,0.99993,4.7891146820193535
20,0.05,978,0.97942,3.0088522602255177
20,0.05,979,0.89711,2.181165497017496
20,0.05,980,0.95702,2.6569895452841727
20,0.05,981,0.90219,2.2127031980464964
20,0.05,982,0.88553,2.114566436149287
20,0.05,983,0.98604,3.1838326521740488
20,0.05,984,0.98775,3.2348235344497827
20,0.05,985,0.9827,3.0903489246267664
20,0.05,986,0.93459,2.440675624697408
20,0.05,987,0.98998,3.312842549566567
20,0.05,988,0.97454,2.907550671174089
20,0.05,989,0.98179,3.0612744707338813
20,0.05,990,0.98995,3.3114813827227536
20,0.05,991,0.98894,3.269480729694202
20,0.05,992,0.96178,2.7156173613598886
20,0.05,993,0.99673,3.7235524639454463
20,0.05,994,0.98633,3.1940760029543216
20,0.05,995,0.97838,2.9857434085027457
20,0.05,996,0.9356,2.4479199290857903
20,0.05,997,0.91785,2.315351933664172
20,0.05,998,0.93088,2.410774578249478
20,0.05,999,0.97381,2.8946116756376403
20,0.1,0,0.93669,2.4565914346488356
20,0.1,1,0.82832,1.8468042364115194
20,0.1,2,0.93963,2.481856490720613
20,0.1,3,0.80627,1.7618979748048849
20,0.1,4,0.98628,3.1921839858218126
20,0.1,5,0.90153,2.2088531996527156
20,0.1,6,0.92703,2.3831719486963863
20,0.1,7,0.94172,2.499810094068627
20,0.1,8,0.95838,2.6740145456280677
20,0.1,9,0.95691,2.6560261402288514
20,0.1,10,0.92534,2.369922655349808
20,0.1,11,0.89239,2.153699233009098
20,0.1,12,0.70788,1.4428118903630713
20,0.1,13,0.98862,3.260300033361328
20,0.1,14,0.84396,1.9126665459456471
20,0.1,15,0.97455,2.907733690222516
20,0.1,16,0.7907,1.7059093403579273
20,0.1,17,0.89408,2.1634192706975894
20,0.1,18,0.93841,2.47127909454961
20,0.1,19,0.81869,1.8088156232362627
20,0.1,20,0.87726,2.0705770978249802
20,0.1,21,0.88932,2.13638687961613
20,0.1,22,0.92181,2.3429925551803743
20,0.1,23,0.82045,1.8157564425389274
20,0.1,24,0.98727,3.2218388754228884
20,0.1,25,0.90921,2.2573461258390273
20,0.1,26,0.97079,2.8476674642172455
20,0.1,27,0.99542,3.614026070546604
20,0.1,28,0.83034,1.8542528434343388
20,0.1,29,0.88845,2.1311386985278444
20,0.1,30,0.91873,2.320592796464199
20,0.1,31,0.80653,1.7629459617386614
20,0.1,32,0.9481,2.5573382624461742
20,0.1,33,0.86871,2.0266163671461417
20,0.1,34,0.84649,1.9243109316675016
20,0.1,35,0.78612,1.6889098323313623
20,0.1,36,0.98151,3.053940058304974
20,0.1,37,0.92188,2.3435430308890197
20,0.1,38,0.91716,2.311747080097832
20,0.1,39,0.95439,2.628454195712374
20,0.1,40,0.84265,1.907464605900287
20,0.1,41,0.80454,1.7553877149050647
20,0.1,42,0.89892,2.1934296682038936
20,0.1,43,0.82749,1.8433729627367932
20,0.1,44,0.91381,2.2895735833339677
20,0.1,45,0.77007,1.6335853645686025
20,0.1,46,0.91777,2.3151473097293414
20,0.1,47,0.8939,2.162409844032324
20,0.1,48,0.90908,2.2563848964812108
20,0.1,49,0.81701,1.803172899850026
20,0.1,50,0.86875,2.027280040539451
20,0.1,51,0.90067,2.203984100072787
20,0.1,52,0.92295,2.3513445383457166
20,0.1,53,0.70419,1.4315940901852318
20,0.1,54,0.98079,3.035651208433743
20,0.1,55,0.90685,2.241504537082834
20,0.1,56,0.87536,2.0611818996602276
20,0.1,57,0.94926,2.5696547039408975
20,0.1,58,0.9006,2.2036299339546352
20,0.1,59,0.92752,2.386619273058722
20,0.1,60,0.8203,1.81535109996237
20,0.1,61,0.96272,2.728319338433773
20,0.1,62,0.91195,2.2772627473878435
20,0.1,63,0.89364,2.16109779060319
20,0.1,64,0.9432,2.512644209315025
20,0.1,65,0.86669,2.0170218700116576
20,0.1,66,0.86891,2.0281632137854784
20,0.1,67,0.89363,2.1609896995949924
20,0.1,68,0.96913,2.8173002441494317
20,0.1,69,0.96446,2.752876278122369
20,0.1,70,0.92227,2.346369336924306
20,0.1,71,0.92568,2.37342730769402
20,0.1,72,0.75764,1.5923082580902714
20,0.1,73,0.80362,1.7518149152760298
20,0.1,74,0.84072,1.8980551021399923
20,0.1,75,0.96427,2.7497651129280065
20,0.1,76,0.94274,2.508673629982755
20,0.1,77,0.82599,1.8371377520850178
20,0.1,78,0.94988,2.5783786273599594
20,0.1,79,0.96741,2.7921424107783133
20,0.1,80,0.93587,2.450260639151856
20,0.1,81,0.878,2.0744655063456436
20,0.1,82,0.92513,2.368248857685016
20,0.1,83,0.94788,2.555491893951114
20,0.1,84,0.89028,2.1419723641829878
20,0.1,85,0.81988,1.8133252158163735
20,0.1,86,0.84683,1.9258699506890924
20,0.1,87,0.91567,2.301715367761724
20,0.1,88,0.84793,1.930463587397449
20,0.1,89,0.8422,1.9050195056354378
20,0.1,90,0.72029,1.4799914567393806
20,0.1,91,0.78289,1.6785705941029656
20,0.1,92,0.89202,2.1515578214520956
20,0.1,93,0.90058,2.203350658749667
20,0.1,94,0.89526,2.1706220287736677
20,0.1,95,0.91227,2.279731054744661
20,0.1,96,0.92581,2.3749318071439713
20,0.1,97,0.80236,1.7470479878063478
20,0.1,98,0.95256,2.607617051317857
20,0.1,99,0.9222,2.345664314045647
20,0.1,100,0.94011,2.4861585137916333
20,0.1,101,0.92497,2.3663713235215216
20,0.1,102,0.96922,2.8189690370553526
20,0.1,103,0.90207,2.211975540674076
20,0.1,104,0.88018,2.0859345469603907
20,0.1,105,0.97726,2.9643624431195845
20,0.1,106,0.98059,3.030061750825367
20,0.1,107,0.89179,2.15015063903988
20,0.1,108,0.93867,2.4736106583915705
20,0.1,109,0.99581,3.651265311788724
20,0.1,110,0.92356,2.3559287979731915
20,0.1,111,0.87939,2.0814415460650277
20,0.1,112,0.85082,1.9444687037797237
20,0.1,113,0.92811,2.3908646697423093
20,0.1,114,0.7691,1.6300629122105128
20,0.1,115,0.82716,1.8416096348418756
20,0.1,116,0.96761,2.7941396114020804
20,0.1,117,0.99355,3.4907255274773132
20,0.1,118,0.95903,2.6816404770536857
20,0.1,119,0.92493,2.3660439658271657
20,0.1,120,0.731,1.5124456181322918
20,0.1,121,0.95425,2.627080206936111
20,0.1,122,0.92422,2.360591089087653
20,0.1,123,0.98571,3.174212915702234
20,0.1,124,0.94945,2.572108834052849
20,0.1,125,0.82982,1.8523675027164241
20,0.1,126,0.90322,2.2201175301540683
20,0.1,127,0.93604,2.451849215002986
20,0.1,128,0.97389,2.8961387008997646
20,0.1,129,0.8583,1.9790099784389237
20,0.1,130,0.93799,2.4676537642561787
20,0.1,131,0.79777,1.730147848143921
20,0.1,132,0.94578,2.536450944627167
20,0.1,133,0.984,3.126403172625692
20,0.1,134,0.97906,3.000556678568336
20,0.1,135,0.85065,1.9435493281117253
20,0.1,136,0.89399,2.162987240456909
20,0.1,137,0.95018,2.582131206811111
20,0.1,138,0.82284,1.8253182311536316
20,0.1,139,0.84224,1.9051816035194307
20,0.1,140,0.91153,2.274129843406689
20,0.1,141,0.87291,2.047296656213281
20,0.1,142,0.96988,2.8304428376000406
20,0.1,143,0.95066,2.5875507456911255
20,0.1,144,0.93682,2.458254233113374
20,0.1,145,0.80202,1.745721960588392
20,0.1,146,0.86976,2.031403961252816
20,0.1,147,0.97806,2.9781255542935643
20,0.1,148,0.94199,2.5028530272108296
20,0.1,149,0.89118,2.1469492418355363
20,0.1,150,0.92236,2.347371513518714
20,0.1,151,0.94445,2.5234341297280745
20,0.1,152,0.91477,2.296291692652051
20,0.1,153,0.94814,2.5578533193640807
20,0.1,154,0.93607,2.452330081009199
20,0.1,155,0.91857,2.3196129324880714
20,0.1,156,0.84932,1.9372545522973406
20,0.1,157,0.89086,2.1452904163509454
20,0.1,158,0.82179,1.8215048174562427
20,0.1,159,0.95869,2.6778583359108934
20,0.1,160,0.90273,2.2172790307609533
20,0.1,161,0.8588,1.9816733558113648
20,0.1,162,0.8384,1.8896573491449957
20,0.1,163,0.81987,1.8133012698127895
20,0.1,164,0.88042,2.087430220906276
20,0.1,165,0.93616,2.4530474882922464
20,0.1,166,0.86418,2.005267034901288
20,0.1,167,0.91214,2.2786821976073943
20,0.1,168,0.88408,2.1067185906102472
20,0.1,169,0.98849,3.2580169540835975
20,0.1,170,0.93056,2.4085011387407906
20,0.1,171,0.82321,1.8266101599335283
20,0.1,172,0.99234,3.420231061873251
20,0.1,173,0.77371,1.6458688628984783
20,0.1,174,0.96828,2.8034977427018806
20,0.1,175,0.9097,2.2607807133657167
20,0.1,176,0.86183,1.9944023111083249
20,0.1,177,0.9275,2.3864679249300145
20,0.1,178,0.97522,2.923201025790601
20,0.1,179,0.97518,2.9217712841194277
20,0.1,180,0.84841,1.93212966670635
20,0.1,181,0.81039,1.7766513096074132
20,0.1,182,0.89109,2.146423464460149
20,0.1,183,0.93279,2.4261145319123245
20,0.1,184,0.93974,2.482703430589114
20,0.1,185,0.77671,1.65775690909117
20,0.1,186,0.93427,2.4376181107443893
20,0.1,187,0.9432,2.512577411568019
20,0.1,188,0.90358,2.2223085183425493
20,0.1,189,0.92777,2.388818128724704
20,0.1,190,0.92557,2.3723527935893265
20,0.1,191,0.94474,2.526490409703009
20,0.1,192,0.87042,2.034196151649464
20,0.1,193,0.8771,2.069806962572473
20,0.1,194,0.9085,2.2533097489234044
20,0.1,195,0.91467,2.295424164020568
20,0.1,196,0.86339,2.00170077645874
20,0.1,197,0.82508,1.833784379357063
20,0.1,198,0.88733,2.1245115888216723
20,0.1,199,0.93615,2.452793992663425
20,0.1,200,0.82874,1.8484785078795607
20,0.1,201,0.93771,2.465131553225092
20,0.1,202,0.926,2.3763668671318094
20,0.1,203,0.93179,2.4170355219020205
20,0.1,204,0.9432,2.512573186982152
20,0.1,205,0.88507,2.112386680905099
20,0.1,206,0.84978,1.9399378216878396
20,0.1,207,0.90798,2.2491822888572774
20,0.1,208,0.8875,2.1256447546791373
20,0.1,209,0.85259,1.9520163817322485
20,0.1,210,0.98023,3.02358738082631
20,0.1,211,0.85734,1.974742518238794
20,0.1,212,0.94657,2.5438245620398496
20,0.1,213,0.95712,2.6578448500303047
20,0.1,214,0.92685,2.3818920589755894
20,0.1,215,0.95872,2.678292938535879
20,0.1,216,0.93608,2.4524966164971422
20,0.1,217,0.90192,2.2109062919879983
20,0.1,218,0.9814,3.050648582512295
20,0.1,219,0.86105,1.9909892011346302
20,0.1,220,0.96968,2.8270232793149264
20,0.1,221,0.90456,2.227716473525134
20,0.1,222,0.92662,2.38025988406463
20,0.1,223,0.89684,2.17921024485256
20,0.1,224,0.90396,2.2244933568041954
20,0.1,225,0.95715,2.658139179325045
20,0.1,226,0.96358,2.739512493266256
20,0.1,227,0.91635,2.3054268016804444
20,0.1,228,0.90807,2.2498435083472574
20,0.1,229,0.78003,1.668207771145935
20,0.1,230,0.93209,2.41990078391736
20,0.1,231,0.80241,1.7471565652734649
20,0.1,232,0.89768,2.1853597525527215
20,0.1,233,0.89612,2.174824719009988
20,0.1,234,0.79827,1.732171382927946
20,0.1,235,0.83992,1.8952439865293416
20,0.1,236,0.87346,2.050636899674215
20,0.1,237,0.81165,1.7819022689641784
20,0.1,238,0.97693,2.9569243642168273
20,0.1,239,0.89452,2.1660232953130802
20,0.1,240,0.86458,2.0072330009640256
20,0.1,241,0.99111,3.35805148170319
20,0.1,242,0.89452,2.1661330920463415
20,0.1,243,0.96209,2.720153319588883
20,0.1,244,0.92685,2.381897431216415
20,0.1,245,0.91445,2.29357031228725
20,0.1,246,0.88569,2.1154298864353027
20,0.1,247,0.83893,1.8916744147866789
20,0.1,248,0.98159,3.055966912038775
20,0.1,249,0.97586,2.9345138637700083
20,0.1,250,0.87467,2.0568512051996035
20,0.1,251,0.97163,2.8606820251833613
20,0.1,252,0.99486,3.5746002438458198
20,0.1,253,0.92321,2.353594344304244
20,0.1,254,0.92708,2.383774717682386
20,0.1,255,0.90018,2.2013240705437758
20,0.1,256,0.91877,2.320674258124689
20,0.1,257,0.91903,2.3226397926665365
20,0.1,258,0.95931,2.6844542251128143
20,0.1,259,0.90284,2.2178594396161637
20,0.1,260,0.88072,2.089263584621061
20,0.1,261,0.94391,2.518617985875221
20,0.1,262,0.9548,2.6343437532308376
20,0.1,263,0.82865,1.8482599664670052
20,0.1,264,0.91105,2.271069657435093
20,0.1,265,0.95245,2.606502074673442
20,0.1,266,0.98279,3.093101391325675
20,0.1,267,0.88347,2.103331107781825
20,0.1,268,0.87506,2.0596447501978887
20,0.1,269,0.90425,2.226283121279582
20,0.1,270,0.89344,2.159633018257161
20,0.1,271,0.94944,2.571956936824281
20,0.1,272,0.98807,3.2476308217773138
20,0.1,273,0.91712,2.3113670877492005
20,0.1,274,0.93537,2.4467520627722297
20,0.1,275,0.96469,2.755920631385181
20,0.1,276,0.84725,1.9275037543210871
20,0.1,277,0.90062,2.203704206337938
20,0.1,278,0.69441,1.4041755191633025
20,0.1,279,0.90387,2.2239088605408077
20,0.1,280,0.94172,2.4996766846877483
20,0.1,281,0.95905,2.68212013227223
20,0.1,282,0.94426,2.521724937677452
20,0.1,283,0.88641,2.1197703001534673
20,0.1,284,0.95323,2.6145150471137035
20,0.1,285,0.92578,2.374620904342714
20,0.1,286,0.89749,2.1838964097993068
20,0.1,287,0.95818,2.670652944671925
20,0.1,288,0.82362,1.8279722629770354
20,0.1,289,0.73682,1.5300485019325394
20,0.1,290,0.92059,2.3354776787693052
20,0.1,291,0.93934,2.4787831497829433
20,0.1,292,0.75846,1.5950905175552679
20,0.1,293,0.78887,1.698884529228804
20,0.1,294,0.87828,2.075810346263324
20,0.1,295,0.87143,2.0398581016553896
20,0.1,296,0.98409,3.129499034819438
20,0.1,297,0.86628,2.0147150619584044
20,0.1,298,0.8771,2.069880367900595
20,0.1,299,0.94942,2.5717392087753197
20,0.1,300,0.97179,2.862738650370966
20,0.1,301,0.88185,2.0952679074324663
20,0.1,302,0.84417,1.9138565983424143
20,0.1,303,0.89873,2.1918193691270877
20,0.1,304,0.96055,2.6990113020249247
20,0.1,305,0.93708,2.460344345935922
20,0.1,306,0.90699,2.2421307052626456
20,0.1,307,0.96206,2.7200479768248016
20,0.1,308,0.98427,3.1343623447283635
20,0.1,309,0.95407,2.624456897747876
20,0.1,310,0.92726,2.384785150562382
20,0.1,311,0.8385,1.8899727487623956
20,0.1,312,0.91615,2.304273403015994
20,0.1,313,0.94887,2.565016687983544
20,0.1,314,0.90157,2.209044242011072
20,0.1,315,0.96782,2.797432505704264
20,0.1,316,0.96503,2.760687957126312
20,0.1,317,0.84476,1.9167941437772615
20,0.1,318,0.90527,2.231550635447067
20,0.1,319,0.93096,2.4113223207480337
20,0.1,320,0.8175,1.804761770153087
20,0.1,321,0.93839,2.4708449080234436
20,0.1,322,0.91043,2.2657232748115836
20,0.1,323,0.89626,2.1760011583778955
20,0.1,324,0.79923,1.7352750382218889
20,0.1,325,0.89248,2.1543871055302013
20,0.1,326,0.87657,2.0672138329381493
20,0.1,327,0.94403,2.519781604334333
20,0.1,328,0.90765,2.247319325330536
20,0.1,329,0.95274,2.609416940094096
20,0.1,330,0.92444,2.3626224381527914
20,0.1,331,0.97444,2.9059720913736076
20,0.1,332,0.8555,1.9656554013942165
20,0.1,333,0.95591,2.6456910072536752
20,0.1,334,0.87293,2.0474226905720507
20,0.1,335,0.94674,2.5460405864746725
20,0.1,336,0.8935,2.1600824814171755
20,0.1,337,0.96727,2.7904322246039346
20,0.1,338,0.7764,1.6565543573129826
20,0.1,339,0.82789,1.8449007597167721
20,0.1,340,0.90824,2.25121365375986
20,0.1,341,0.90548,2.233076448205848
20,0.1,342,0.8989,2.1930695674026817
20,0.1,343,0.84828,1.9317574339210193
20,0.1,344,0.80319,1.7503462841068913
20,0.1,345,0.86581,2.0129895966761886
20,0.1,346,0.92106,2.338086350633433
20,0.1,347,0.87089,2.037187057830687
20,0.1,348,0.95963,2.689418794973924
20,0.1,349,0.98339,3.107576000038951
20,0.1,350,0.88492,2.1113969864374917
20,0.1,351,0.94967,2.5754691272402828
20,0.1,352,0.98418,3.1319947004516915
20,0.1,353,0.883,2.1010078862730106
20,0.1,354,0.90168,2.209719008792935
20,0.1,355,0.97119,2.853409305782249
20,0.1,356,0.95348,2.6174878718245864
20,0.1,357,0.95691,2.6559795329878955
20,0.1,358,0.89518,2.1698924737248446
20,0.1,359,0.90818,2.250752125246684
20,0.1,360,0.74495,1.5536885468011237
20,0.1,361,0.8602,1.9874083668333018
20,0.1,362,0.67229,1.342928142985609
20,0.1,363,0.9246,2.3637221209980663
20,0.1,364,0.71317,1.4582742846536276
20,0.1,365,0.93792,2.466641396573686
20,0.1,366,0.90057,2.2032640936492287
20,0.1,367,0.79045,1.7052150707428213
20,0.1,368,0.71468,1.4627656243082696
20,0.1,369,0.87791,2.0742003678132943
20,0.1,370,0.88499,2.111804662910668
20,0.1,371,0.97806,2.9781372115087827
20,0.1,372,0.95408,2.6247323244572796
20,0.1,373,0.93218,2.4207220899962696
20,0.1,374,0.93881,2.4747494959800136
20,0.1,375,0.78196,1.6753416086784747
20,0.1,376,0.92422,2.360513595154085
20,0.1,377,0.90521,2.231088162068776
20,0.1,378,0.82552,1.8353369191070876
20,0.1,379,0.87082,2.036419091795177
20,0.1,380,0.83598,1.8796233718419557
20,0.1,381,0.98641,3.1963445254423157
20,0.1,382,0.97173,2.862491183451712
20,0.1,383,0.84451,1.9154635409867833
20,0.1,384,0.85294,1.954033096554078
20,0.1,385,0.93881,2.4748084293096095
20,0.1,386,0.94647,2.542857214774801
20,0.1,387,0.99794,3.887907432762165
20,0.1,388,0.86638,2.01538786242986
20,0.1,389,0.9304,2.40715223051376
20,0.1,390,0.82625,1.8382749236316887
20,0.1,391,0.94455,2.5247316771743726
20,0.1,392,0.97626,2.9414963705834944
20,0.1,393,0.91936,2.3251099875628256
20,0.1,394,0.86983,2.031912683333281
20,0.1,395,0.82675,1.8399041905143627
20,0.1,396,0.93019,2.406059442033737
20,0.1,397,0.94556,2.5335313867338822
20,0.1,398,0.82788,1.8448253717890417
20,0.1,399,0.98171,3.0596512405651417
20,0.1,400,0.94479,2.5273109431314897
20,0.1,401,0.93243,2.422356333093314
20,0.1,402,0.8951,2.1691518699742462
20,0.1,403,0.94512,2.5298004579343525
20,0.1,404,0.93995,2.4848352754749268
20,0.1,405,0.8756,2.062372856040416
20,0.1,406,0.82698,1.841062237774507
20,0.1,407,0.94482,2.527704472427321
20,0.1,408,0.86663,2.016433169267431
20,0.1,409,0.95225,2.6039041428634526
20,0.1,410,0.97063,2.843884167230058
20,0.1,411,0.90092,2.2053701017023775
20,0.1,412,0.96182,2.7166410129464875
20,0.1,413,0.91703,2.310607443441926
20,0.1,414,0.90248,2.2147564000786852
20,0.1,415,0.85881,1.9816925577360345
20,0.1,416,0.88582,2.1163193666450444
20,0.1,417,0.80581,1.7599080521412431
20,0.1,418,0.95845,2.67447916961152
20,0.1,419,0.76258,1.6081420956533385
20,0.1,420,0.89906,2.194738949784858
20,0.1,421,0.93651,2.455187571777288
20,0.1,422,0.92288,2.3509893123681667
20,0.1,423,0.97481,2.913165248934561
20,0.1,424,0.93853,2.4722941136266323
20,0.1,425,0.83061,1.8556026590829062
20,0.1,426,0.90641,2.23896320652473
20,0.1,427,0.94497,2.528442587175637
20,0.1,428,0.8333,1.8678722100557028
20,0.1,429,0.98721,3.219156383992794
20,0.1,430,0.90965,2.2604700457697646
20,0.1,431,0.95054,2.5864827665323515
20,0.1,432,0.79823,1.7319221830831601
20,0.1,433,0.78986,1.7030802124010571
20,0.1,434,0.90171,2.2099225431973037
20,0.1,435,0.92571,2.3737593789821405
20,0.1,436,0.92301,2.351804711296234
20,0.1,437,0.88447,2.1087439216087565
20,0.1,438,0.89892,2.1933093443222402
20,0.1,439,0.97271,2.8769939746568256
20,0.1,440,0.9081,2.2501785141049258
20,0.1,441,0.9443,2.5221368341957358
20,0.1,442,0.84586,1.9217427553845514
20,0.1,443,0.97119,2.853357711820121
20,0.1,444,0.83803,1.8878020316130817
20,0.1,445,0.92941,2.4005992748390685
20,0.1,446,0.95802,2.6693259151493995
20,0.1,447,0.95363,2.61939584194488
20,0.1,448,0.96075,2.7016167796375528
20,0.1,449,0.94902,2.566921663293604
20,0.1,450,0.84946,1.9382678519012795
20,0.1,451,0.90939,2.258428904416757
20,0.1,452,0.96272,2.7286299463625774
20,0.1,453,0.94461,2.525346882520922
20,0.1,454,0.96013,2.6936208958991417
20,0.1,455,0.97806,2.9781547127724863
20,0.1,456,0.96178,2.715728992938634
20,0.1,457,0.94563,2.5343597346120466
20,0.1,458,0.96316,2.733718138905826
20,0.1,459,0.89179,2.150090148661852
20,0.1,460,0.74965,1.5672259887498088
20,0.1,461,0.92741,2.3858081901404984
20,0.1,462,0.86075,1.9898733884421127
20,0.1,463,0.92009,2.3312527641135974
20,0.1,464,0.83934,1.8931190073191668
20,0.1,465,0.96503,2.760311591689109
20,0.1,466,0.88483,2.110913226648419
20,0.1,467,0.88525,2.1133072985062165
20,0.1,468,0.83525,1.876619162437728
20,0.1,469,0.85296,1.9542067944592891
20,0.1,470,0.93906,2.47667686155129
20,0.1,471,0.93258,2.4238597619512343
20,0.1,472,0.98473,3.1467059647502533
20,0.1,473,0.94794,2.556083079700387
20,0.1,474,0.90171,2.2098759320430905
20,0.1,475,0.9111,2.271633777565409
20,0.1,476,0.89282,2.1561632969513194
20,0.1,477,0.87078,2.0362360493530387
20,0.1,478,0.97817,2.9804825310167318
20,0.1,479,0.92144,2.3400613731554873
20,0.1,480,0.91023,2.264611817252318
20,0.1,481,0.93518,2.4449615705306638
20,0.1,482,0.86434,2.0060196652329316
20,0.1,483,0.89817,2.1882701905328217
20,0.1,484,0.86629,2.0147751215502305
20,0.1,485,0.9179,2.315658638823976
20,0.1,486,0.91268,2.2826984021340437
20,0.1,487,0.85679,1.9718182903573043
20,0.1,488,0.92927,2.399626616807494
20,0.1,489,0.79998,1.7381177635231988
20,0.1,490,0.97885,2.9945680262311587
20,0.1,491,0.74811,1.5628904155808945
20,0.1,492,0.94145,2.4973971549166607
20,0.1,493,0.91522,2.299021383215557
20,0.1,494,0.90143,2.208344149009847
20,0.1,495,0.87994,2.0843345717227897
20,0.1,496,0.84239,1.9057094916622646
20,0.1,497,0.86595,2.013602854821479
20,0.1,498,0.70272,1.427499988287156
20,0.1,499,0.96452,2.7538211149441647
20,0.1,500,0.96174,2.7150342373679424
20,0.1,501,0.81368,1.7903832199651166
20,0.1,502,0.91514,2.298236612083974
20,0.1,503,0.8119,1.7830441977254052
20,0.1,504,0.90924,2.257496023389124
20,0.1,505,0.78995,1.7033081214588637
20,0.1,506,0.96797,2.7995733336326394
20,0.1,507,0.977,2.9591225856983203
20,0.1,508,0.69595,1.4085638783643175
20,0.1,509,0.81106,1.7798252283409668
20,0.1,510,0.78837,1.6966851699644123
20,0.1,511,0.87264,2.0460049118895873
20,0.1,512,0.97305,2.8828067657363223
20,0.1,513,0.92571,2.373717986301929
20,0.1,514,0.90932,2.258026711703299
20,0.1,515,0.84756,1.9291647878963318
20,0.1,516,0.94055,2.489820372752325
20,0.1,517,0.97095,2.8499660585512343
20,0.1,518,0.9912,3.3630320245269854
20,0.1,519,0.85543,1.965370694355423
20,0.1,520,0.86301,2.000044106199396
20,0.1,521,0.89452,2.166087040611388
20,0.1,522,0.98279,3.092701390864761
20,0.1,523,0.90816,2.2506118875951127
20,0.1,524,0.92507,2.3672322409551647
20,0.1,525,0.87993,2.084209908604601
20,0.1,526,0.88271,2.0995200601304624
20,0.1,527,0.88251,2.098310010253206
20,0.1,528,0.9132,2.285668039581977
20,0.1,529,0.91137,2.2732752644301444
20,0.1,530,0.9545,2.6294424157046423
20,0.1,531,0.96075,2.70146735949331
20,0.1,532,0.8802,2.0861013229318157
20,0.1,533,0.94017,2.487187258297512
20,0.1,534,0.97835,2.984999866177154
20,0.1,535,0.90832,2.2521061530443616
20,0.1,536,0.89161,2.149170177601669
20,0.1,537,0.81281,1.7866230799517533
20,0.1,538,0.88329,2.1023621322795343
20,0.1,539,0.86285,1.9991503730624798
20,0.1,540,0.82958,1.8516764170350617
20,0.1,541,0.81947,1.8116385949710558
20,0.1,542,0.93103,2.4117578787327356
20,0.1,543,0.95812,2.6699442158579543
20,0.1,544,0.81695,1.8029986665426792
20,0.1,545,0.8639,2.0037692339213846
20,0.1,546,0.94635,2.5417843778160187
20,0.1,547,0.95963,2.689425840940782
20,0.1,548,0.82301,1.8258493189895648
20,0.1,549,0.9788,2.9934182260264293
20,0.1,550,0.83408,1.871407275091812
20,0.1,551,0.90955,2.2599754179253138
20,0.1,552,0.96972,2.8280513855555505
20,0.1,553,0.93533,2.4462640235536
20,0.1,554,0.91049,2.266372426841441
20,0.1,555,0.85079,1.9443224433998347
20,0.1,556,0.95094,2.590270668047514
20,0.1,557,0.87156,2.0405033123161673
20,0.1,558,0.97525,2.9237335880389503
20,0.1,559,0.90538,2.232335655243049
20,0.1,560,0.87155,2.04036234623528
20,0.1,561,0.90965,2.260441871374316
20,0.1,562,0.91888,2.3212113985184764
20,0.1,563,0.97522,2.9233484452254244
20,0.1,564,0.87092,2.0373484636017327
20,0.1,565,0.94585,2.5372885658602087
20,0.1,566,0.90224,2.2128896668220843
20,0.1,567,0.84416,1.9137204866526418
20,0.1,568,0.95939,2.6862765265713215
20,0.1,569,0.76717,1.6234043616409162
20,0.1,570,0.7925,1.7120321669388483
20,0.1,571,0.92327,2.3539254096280224
20,0.1,572,0.97019,2.835717718144229
20,0.1,573,0.85954,1.98492042397576
20,0.1,574,0.91608,2.303779932635547
20,0.1,575,0.90312,2.2195229131391376
20,0.1,576,0.85281,1.953108861195694
20,0.1,577,0.84319,1.90937644988708
20,0.1,578,0.9818,3.0618432951254344
20,0.1,579,0.90041,2.2025035054573854
20,0.1,580,0.91576,2.302303242790568
20,0.1,581,0.8324,1.8633692417101875
20,0.1,582,0.9326,2.424489671116251
20,0.1,583,0.969,2.8146388480625673
20,0.1,584,0.89622,2.175643232663225
20,0.1,585,0.84788,1.9302861095762904
20,0.1,586,0.939,2.4763396398486366
20,0.1,587,0.97603,2.9361455652711044
20,0.1,588,0.74455,1.552492303956516
20,0.1,589,0.89925,2.1960456760792777
20,0.1,590,0.91713,2.311403702401328
20,0.1,591,0.81638,1.8010902537975269
20,0.1,592,0.94172,2.4997997845577107
20,0.1,593,0.92674,2.38096548706068
20,0.1,594,0.94143,2.497298104125269
20,0.1,595,0.93457,2.440624138234233
20,0.1,596,0.9056,2.234315868890344
20,0.1,597,0.94844,2.5607941100207303
20,0.1,598,0.96645,2.779849444395121
20,0.1,599,0.87207,2.04327193937954
20,0.1,600,0.92689,2.3823905849911053
20,0.1,601,0.77707,1.6585996676087413
20,0.1,602,0.96949,2.823944105078554
20,0.1,603,0.98004,3.0205064182585364
20,0.1,604,0.97033,2.8387331351923897
20,0.1,605,0.93239,2.421848655136478
20,0.1,606,0.91416,2.2915422494448423
20,0.1,607,0.9225,2.3481086582065767
20,0.1,608,0.94583,2.5369698891238057
20,0.1,609,0.88991,2.1397197776123256
20,0.1,610,0.80611,1.76108198099217
20,0.1,611,0.88128,2.0925167294631044
20,0.1,612,0.97001,2.8333343456062368
20,0.1,613,0.89154,2.1486798245754954
20,0.1,614,0.98347,3.1106652610253054
20,0.1,615,0.93151,2.4148071978085057
20,0.1,616,0.96147,2.711608355455496
20,0.1,617,0.91746,2.31357442528049
20,0.1,618,0.94734,2.5510583721129048
20,0.1,619,0.98687,3.211128486460995
20,0.1,620,0.96132,2.7090060179880764
20,0.1,621,0.97292,2.880363000583646
20,0.1,622,0.98403,3.1274515840844623
20,0.1,623,0.77164,1.6384212579795103
20,0.1,624,0.91227,2.279687345461605
20,0.1,625,0.94815,2.5579179749222223
20,0.1,626,0.895,2.1687441046738494
20,0.1,627,0.64575,1.2735597930042917
20,0.1,628,0.93187,2.4177376461713247
20,0.1,629,0.86667,2.0167091761050537
20,0.1,630,0.89114,2.146784035749402
20,0.1,631,0.79609,1.7243832517319246
20,0.1,632,0.96854,2.806605365536118
20,0.1,633,0.9643,2.7500906718712343
20,0.1,634,0.84878,1.9341656521557085
20,0.1,635,0.8224,1.8236654009769224
20,0.1,636,0.93252,2.4233234089607416
20,0.1,637,0.8627,1.998281183108726
20,0.1,638,0.81869,1.8088531137419233
20,0.1,639,0.95511,2.638901882739132
20,0.1,640,0.98078,3.0353520402018077
20,0.1,641,0.93215,2.420324120962033
20,0.1,642,0.94352,2.515826376716302
20,0.1,643,0.84103,1.89936892618723
20,0.1,644,0.965,2.759807531703192
20,0.1,645,0.88643,2.1199394904445703
20,0.1,646,0.87908,2.0800809044552446
20,0.1,647,0.95236,2.605001942475253
20,0.1,648,0.8745,2.056228748223099
20,0.1,649,0.99695,3.75344253237738
20,0.1,650,0.82843,1.8472184665960631
20,0.1,651,0.9739,2.896322612014448
20,0.1,652,0.92474,2.3647088517940427
20,0.1,653,0.9485,2.5619373571994277
20,0.1,654,0.91425,2.292332022820458
20,0.1,655,0.78201,1.6754618844422247
20,0.1,656,0.99186,3.398542579549797
20,0.1,657,0.84299,1.908580983872295
20,0.1,658,0.76395,1.612474742819988
20,0.1,659,0.98357,3.1148258758063703
20,0.1,660,0.9941,3.5209687799694485
20,0.1,661,0.95582,2.6448413218522524
20,0.1,662,0.96928,2.819552115125673
20,0.1,663,0.94412,2.5207270984761214
20,0.1,664,0.96591,2.77210033765779
20,0.1,665,0.7483,1.563246554969792
20,0.1,666,0.95623,2.6490715470934654
20,0.1,667,0.96901,2.814832503040206
20,0.1,668,0.97634,2.943141647624265
20,0.1,669,0.89487,2.1680216567959034
20,0.1,670,0.95761,2.6639163359528397
20,0.1,671,0.97418,2.901391478990546
20,0.1,672,0.89926,2.1960985540810576
20,0.1,673,0.89118,2.1469682295935737
20,0.1,674,0.99029,3.322996634851323
20,0.1,675,0.76465,1.6150600038595617
20,0.1,676,0.93946,2.4801585084069613
20,0.1,677,0.92832,2.39257225060446
20,0.1,678,0.98778,3.235994101770933
20,0.1,679,0.98351,3.1121960601989507
20,0.1,680,0.96093,2.704354223549701
20,0.1,681,0.94423,2.5215509562622644
20,0.1,682,0.93613,2.4527257334875747
20,0.1,683,0.93386,2.4336195026150778
20,0.1,684,0.83826,1.8889138246826236
20,0.1,685,0.91623,2.304886154158912
20,0.1,686,0.88768,2.126467047781138
20,0.1,687,0.98587,3.1774913342668
20,0.1,688,0.98429,3.134742552649119
20,0.1,689,0.81624,1.8005806634051194
20,0.1,690,0.89583,2.1734219769308982
20,0.1,691,0.85307,1.9545972795259499
20,0.1,692,0.95716,2.6582158766020236
20,0.1,693,0.93921,2.4775945779135036
20,0.1,694,0.84741,1.9283015768788467
20,0.1,695,0.74102,1.5422210521226183
20,0.1,696,0.98262,3.0876373902986884
20,0.1,697,0.8623,1.9967484472849657
20,0.1,698,0.90323,2.2203611280429576
20,0.1,699,0.84721,1.92745559594458
20,0.1,700,0.83998,1.8955014920628412
20,0.1,701,0.94769,2.553449346374822
20,0.1,702,0.97624,2.941033569993608
20,0.1,703,0.85865,1.9808026269458003
20,0.1,704,0.94563,2.5346004859924833
20,0.1,705,0.83677,1.8829572357314122
20,0.1,706,0.86087,1.9903025561103629
20,0.1,707,0.86184,1.9944539893403115
20,0.1,708,0.87891,2.0792299077354137
20,0.1,709,0.89452,2.1660232322237034
20,0.1,710,0.95351,2.617993408318292
20,0.1,711,0.85602,1.9684724938008011
20,0.1,712,0.97133,2.8557990156922815
20,0.1,713,0.89221,2.1527890504595777
20,0.1,714,0.92966,2.402046746418215
20,0.1,715,0.83926,1.892794809724987
20,0.1,716,0.94203,2.5032830936357398
20,0.1,717,0.90196,2.2111320292433834
20,0.1,718,0.91092,2.270484989378947
20,0.1,719,0.94133,2.496273864920076
20,0.1,720,0.8261,1.8376478825138394
20,0.1,721,0.90884,2.2549067563367924
20,0.1,722,0.92179,2.3428318335134204
20,0.1,723,0.8827,2.0995054332178755
20,0.1,724,0.91139,2.273459585684763
20,0.1,725,0.94668,2.545605674951853
20,0.1,726,0.84843,1.9323327448707213
20,0.1,727,0.87002,2.032636427705963
20,0.1,728,0.88736,2.124729508104907
20,0.1,729,0.93604,2.4517956546481217
20,0.1,730,0.9576,2.6637373366139356
20,0.1,731,0.83602,1.8797041455264571
20,0.1,732,0.84172,1.902617696761516
20,0.1,733,0.93016,2.405671488810122
20,0.1,734,0.92769,2.38778952436856
20,0.1,735,0.91688,2.3091782634480493
20,0.1,736,0.84378,1.9117561844285071
20,0.1,737,0.92321,2.3536588566270256
20,0.1,738,0.88771,2.126598395412884
20,0.1,739,0.82295,1.8256394350867193
20,0.1,740,0.91653,2.306624723637315
20,0.1,741,0.97779,2.9736625330971136
20,0.1,742,0.97327,2.8870941484149464
20,0.1,743,0.97183,2.8630595557438436
20,0.1,744,0.9878,3.237439603500028
20,0.1,745,0.97948,3.009942793642657
20,0.1,746,0.92225,2.3460372090772053
20,0.1,747,0.78168,1.674260513657342
20,0.1,748,0.91448,2.2937126270143717
20,0.1,749,0.9057,2.2353646085614773
20,0.1,750,0.87397,2.0536392957584706
20,0.1,751,0.90664,2.240655388538016
20,0.1,752,0.87962,2.0825326184997928
20,0.1,753,0.79208,1.7102266622250548
20,0.1,754,0.88326,2.1021738252196203
20,0.1,755,0.92568,2.3735041406488415
20,0.1,756,0.75556,1.5853456636873593
20,0.1,757,0.78653,1.6904584897094734
20,0.1,758,0.91344,2.287314927055041
20,0.1,759,0.94823,2.558512938964129
20,0.1,760,0.95775,2.6664613490050137
20,0.1,761,0.93249,2.4230590784282042
20,0.1,762,0.9859,3.1788237282654563
20,0.1,763,0.92018,2.3318843100934523
20,0.1,764,0.89677,2.17861376156878
20,0.1,765,0.9754,2.9259815882000773
20,0.1,766,0.76634,1.6208490968986449
20,0.1,767,0.95453,2.629874051542542
20,0.1,768,0.89286,2.156329955057519
20,0.1,769,0.82554,1.8354599896319075
20,0.1,770,0.92179,2.342800604358007
20,0.1,771,0.94965,2.5748854988922325
20,0.1,772,0.70646,1.4392928226967374
20,0.1,773,0.8195,1.811826144402298
20,0.1,774,0.97089,2.849360137106536
20,0.1,775,0.90253,2.215183658529388
20,0.1,776,0.92029,2.332950924229496
20,0.1,777,0.85747,1.97537699140701
20,0.1,778,0.88162,2.0939530448414936
20,0.1,779,0.82731,1.8422498899571917
20,0.1,780,0.97066,2.844493025376816
20,0.1,781,0.9729,2.879677026366319
20,0.1,782,0.96973,2.828324628596712
20,0.1,783,0.9713,2.8554177505073306
20,0.1,784,0.90997,2.2628897585443184
20,0.1,785,0.91996,2.3299140964336367
20,0.1,786,0.94193,2.502146590967401
20,0.1,787,0.97578,2.9328735847943266
20,0.1,788,0.91866,2.3202151949138545
20,0.1,789,0.95996,2.6924201349725077
20,0.1,790,0.88292,2.100515406180906
20,0.1,791,0.85958,1.9850777151506973
20,0.1,792,0.90737,2.244927901993415
20,0.1,793,0.9363,2.4541523451851432
20,0.1,794,0.85877,1.9813855061323873
20,0.1,795,0.9122,2.279072788471577
20,0.1,796,0.97824,2.982707935112815
20,0.1,797,0.86043,1.9884088570572112
20,0.1,798,0.96134,2.7091238634104258
20,0.1,799,0.78482,1.6846832013399522
20,0.1,800,0.95749,2.662241207945861
20,0.1,801,0.91422,2.2919705113286457
20,0.1,802,0.85912,1.9827909322592874
20,0.1,803,0.87897,2.079482781907319
20,0.1,804,0.94085,2.4931108921429264
20,0.1,805,0.9519,2.5996248584499453
20,0.1,806,0.93887,2.475459908038548
20,0.1,807,0.81143,1.7812137285028127
20,0.1,808,0.77562,1.6534319155018573
20,0.1,809,0.98185,3.0642303454584296
20,0.1,810,0.71769,1.472101999589097
20,0.1,811,0.80322,1.7505568712408515
20,0.1,812,0.92022,2.3322967561773695
20,0.1,813,0.8738,2.0524763793613605
20,0.1,814,0.97899,2.998849823766486
20,0.1,815,0.79764,1.7296603250860683
20,0.1,816,0.98268,3.0889541852775975
20,0.1,817,0.97419,2.9019349391183984
20,0.1,818,0.91691,2.3096680101392253
20,0.1,819,0.84449,1.9153893271632687
20,0.1,820,0.96135,2.7092966295401912
20,0.1,821,0.98028,3.0246458506503444
20,0.1,822,0.77224,1.6409750785924873
20,0.1,823,0.94551,2.533247568045982
20,0.1,824,0.87966,2.0829734101783295
20,0.1,825,0.90348,2.2217498390274
20,0.1,826,0.9438,2.5174310107095232
20,0.1,827,0.88402,2.106437260909332
20,0.1,828,0.94884,2.5649561300126753
20,0.1,829,0.86771,2.0220477426971275
20,0.1,830,0.9019,2.2108455703372942
20,0.1,831,0.86548,2.0109708139384135
20,0.1,832,0.99085,3.345035800852114
20,0.1,833,0.95835,2.6730691554988955
20,0.1,834,0.88952,2.137819726275869
20,0.1,835,0.9926,3.4344159774104903
20,0.1,836,0.9514,2.5942754671647785
20,0.1,837,0.88459,2.1095097254329196
20,0.1,838,0.87309,2.0485271415284556
20,0.1,839,0.96236,2.723477767125116
20,0.1,840,0.87467,2.056903843658412
20,0.1,841,0.88575,2.1158263559317674
20,0.1,842,0.84465,1.9163954549206017
20,0.1,843,0.91329,2.2861786721627357
20,0.1,844,0.79878,1.7338919530257804
20,0.1,845,0.98181,3.0627198231919768
20,0.1,846,0.89695,2.1799828251844264
20,0.1,847,0.86428,2.005804341831275
20,0.1,848,0.94879,2.5641285684763933
20,0.1,849,0.97522,2.9234232413314176
20,0.1,850,0.873,2.0481236103917535
20,0.1,851,0.93617,2.453183069048973
20,0.1,852,0.92167,2.341827030762783
20,0.1,853,0.92899,2.3973644196302826
20,0.1,854,0.96655,2.7808280084531694
20,0.1,855,0.90934,2.25817252266168
20,0.1,856,0.98596,3.182004474914294
20,0.1,857,0.88446,2.1086873957232646
20,0.1,858,0.93504,2.4440391017743828
20,0.1,859,0.94369,2.516834766612599
20,0.1,860,0.86669,2.016836449497231
20,0.1,861,0.86871,2.0265377282568955
20,0.1,862,0.73552,1.5262765993434662
20,0.1,863,0.92835,2.392763094241424
20,0.1,864,0.79328,1.714628989723653
20,0.1,865,0.97109,2.8521480925974583
20,0.1,866,0.83499,1.8754248030831
20,0.1,867,0.93163,2.415919004665785
20,0.1,868,0.93381,2.433223843746127
20,0.1,869,0.92022,2.3324853881397347
20,0.1,870,0.82297,1.8257300000569376
20,0.1,871,0.8059,1.7604578766460315
20,0.1,872,0.91143,2.2736630230456285
20,0.1,873,0.94519,2.5302389212535727
20,0.1,874,0.81246,1.7853311276424275
20,0.1,875,0.94897,2.565734925328491
20,0.1,876,0.98244,3.081481971576141
20,0.1,877,0.88456,2.109316367436362
20,0.1,878,0.77086,1.6357832700421588
20,0.1,879,0.91654,2.306692769270966
20,0.1,880,0.97883,2.994126959898523
20,0.1,881,0.76254,1.607936098348798
20,0.1,882,0.95524,2.640163069314504
20,0.1,883,0.9485,2.5618627211680858
20,0.1,884,0.94923,2.569285347892755
20,0.1,885,0.94988,2.578381325432991
20,0.1,886,0.86771,2.0220508845981677
20,0.1,887,0.92374,2.357305110098828
20,0.1,888,0.84782,1.9300197713678264
20,0.1,889,0.92193,2.343716201661465
20,0.1,890,0.77728,1.6593013675663184
20,0.1,891,0.91837,2.318466783473759
20,0.1,892,0.88089,2.0901404767255016
20,0.1,893,0.93859,2.472719431583057
20,0.1,894,0.85543,1.965385445500348
20,0.1,895,0.92004,2.3307137241999105
20,0.1,896,0.8951,2.169147595827739
20,0.1,897,0.92224,2.3458315541049886
20,0.1,898,0.84709,1.9268100025885868
20,0.1,899,0.81343,1.7890650474661052
20,0.1,900,0.86135,1.9922833693173527
20,0.1,901,0.97421,2.9024228779034744
20,0.1,902,0.90947,2.2589170283313798
20,0.1,903,0.75927,1.5978972245236212
20,0.1,904,0.96887,2.8127258521969716
20,0.1,905,0.78696,1.6920075505722627
20,0.1,906,0.88259,2.098703506060548
20,0.1,907,0.92568,2.373472019310779
20,0.1,908,0.94824,2.558568452064507
20,0.1,909,0.93863,2.4729572228599226
20,0.1,910,0.95933,2.684827955340457
20,0.1,911,0.90429,2.2263744852092304
20,0.1,912,0.93792,2.4667478531652955
20,0.1,913,0.88069,2.0891551173358907
20,0.1,914,0.8816,2.0938156612255554
20,0.1,915,0.93171,2.416364018293507
20,0.1,916,0.9366,2.4560289936058934
20,0.1,917,0.82144,1.8199270085911492
20,0.1,918,0.8877,2.1265632117042186
20,0.1,919,0.91691,2.309639294230529
20,0.1,920,0.96455,2.754043689880145
20,0.1,921,0.97576,2.931999785044563
20,0.1,922,0.93108,2.4120411243097997
20,0.1,923,0.92505,2.366897168846501
20,0.1,924,0.95399,2.6239178242282444
20,0.1,925,0.94392,2.518697905166878
20,0.1,926,0.90357,2.2222416577515713
20,0.1,927,0.98283,3.093921162443533
20,0.1,928,0.94276,2.509069943316862
20,0.1,929,0.96182,2.7163483079431385
20,0.1,930,0.92161,2.341045687660829
20,0.1,931,0.88854,2.1315300730717452
20,0.1,932,0.8934,2.1594004935941427
20,0.1,933,0.96645,2.779293051604947
20,0.1,934,0.89008,2.140759622120578
20,0.1,935,0.7722,1.6407103326932677
20,0.1,936,0.88519,2.1129911017069953
20,0.1,937,0.76635,1.620871548401165
20,0.1,938,0.78769,1.6945175636272476
20,0.1,939,0.90835,2.2523132855109007
20,0.1,940,0.88284,2.100008561517054
20,0.1,941,0.90015,2.2009339826790404
20,0.1,942,0.9552,2.6399257307229553
20,0.1,943,0.96533,2.76406918807703
20,0.1,944,0.96854,2.8066646750051834
20,0.1,945,0.97791,2.9756102042737353
20,0.1,946,0.90032,2.2019661144418183
20,0.1,947,0.90813,2.250364418134777
20,0.1,948,0.90146,2.2084339175133416
20,0.1,949,0.97512,2.920590516301117
20,0.1,950,0.93505,2.4442124747389835
20,0.1,951,0.97467,2.9111842572837223
20,0.1,952,0.84364,1.9113522404198868
20,0.1,953,0.96241,2.7238892215328656
20,0.1,954,0.86871,2.026613520868508
20,0.1,955,0.8891,2.134946217583613
20,0.1,956,0.85903,1.9825108198396948
20,0.1,957,0.9662,2.7754182812930757
20,0.1,958,0.88898,2.1341047269941393
20,0.1,959,0.99142,3.370852973232755
20,0.1,960,0.90601,2.2369596082130188
20,0.1,961,0.82842,1.8472132656505884
20,0.1,962,0.89885,2.192672620156083
20,0.1,963,0.89254,2.1548219992087034
20,0.1,964,0.95042,2.5848765620720155
20,0.1,965,0.77007,1.6335349370367116
20,0.1,966,0.93204,2.4192466586381784
20,0.1,967,0.97578,2.9327033486229914
20,0.1,968,0.90346,2.221585699567558
20,0.1,969,0.79806,1.73130103236129
20,0.1,970,0.92447,2.3628358379315197
20,0.1,971,0.72746,1.5022891407996375
20,0.1,972,0.94918,2.5688991323058996
20,0.1,973,0.97534,2.925132168516717
20,0.1,974,0.95275,2.6096071517979356
20,0.1,975,0.92031,2.333021780484022
20,0.1,976,0.91055,2.266897793248528
20,0.1,977,0.94778,2.5546884388499946
20,0.1,978,0.93393,2.434368709316273
20,0.1,979,0.92809,2.3906976624508456
20,0.1,980,0.92305,2.3521593404508505
20,0.1,981,0.80028,1.739315939163322
20,0.1,982,0.96837,2.804392715065286
20,0.1,983,0.98487,3.1493173354967046
20,0.1,984,0.98251,3.082767469583718
20,0.1,985,0.84373,1.9116272610744234
20,0.1,986,0.87996,2.0844248844052227
20,0.1,987,0.88839,2.1306061997709054
20,0.1,988,0.89934,2.196474522333286
20,0.1,989,0.93269,2.4250494250739307
20,0.1,990,0.93995,2.4848015279792364
20,0.1,991,0.90368,2.222969500922286
20,0.1,992,0.86212,1.9961006592779635
20,0.1,993,0.95596,2.6467318918991474
20,0.1,994,0.91453,2.2943352592373145
20,0.1,995,0.95267,2.6087224668808773
20,0.1,996,0.89928,2.1963507218256453
20,0.1,997,0.94058,2.4901602016816184
20,0.1,998,0.95027,2.583090751681463
20,0.1,999,0.89612,2.1749986454409287
20,0.2,0,0.87031,2.0337684224111783
20,0.2,1,0.91682,2.308890447788878
20,0.2,2,0.83194,1.8615553657293602
20,0.2,3,0.94091,2.493390772985934
20,0.2,4,0.87332,2.049891808116302
20,0.2,5,0.81026,1.7761473146538282
20,0.2,6,0.87089,2.0370076000620454
20,0.2,7,0.84413,1.9136138405698955
20,0.2,8,0.82599,1.8371852495799412
20,0.2,9,0.67845,1.3602132993775473
20,0.2,10,0.74398,1.5506030108718716
20,0.2,11,0.86249,1.997503158393457
20,0.2,12,0.75601,1.5869047112071293
20,0.2,13,0.87027,2.0334700600746194
20,0.2,14,0.71695,1.4696593872717085
20,0.2,15,0.79419,1.7179313688029039
20,0.2,16,0.61736,1.2034702456835968
20,0.2,17,0.6842,1.376048130384269
20,0.2,18,0.7797,1.6671173478468917
20,0.2,19,0.90055,2.2032376883999754
20,0.2,20,0.90814,2.250413191892574
20,0.2,21,0.92144,2.3400712080888995
20,0.2,22,0.77704,1.6584820373064755
20,0.2,23,0.68484,1.377772443741065
20,0.2,24,0.83739,1.8853511165918546
20,0.2,25,0.7803,1.6689911057470415
20,0.2,26,0.76738,1.6239799775412793
20,0.2,27,0.74632,1.5574540108000634
20,0.2,28,0.89118,2.146980923653839
20,0.2,29,0.82494,1.8332366005150522
20,0.2,30,0.76673,1.6222261728650642
20,0.2,31,0.7379,1.5330487849046155
20,0.2,32,0.79524,1.7214032527736236
20,0.2,33,0.88503,2.1120559385000797
20,0.2,34,0.84092,1.8988330206524973
20,0.2,35,0.69137,1.394998355388815
20,0.2,36,0.87467,2.0569566286841345
20,0.2,37,0.8679,2.0230114337696365
20,0.2,38,0.84811,1.9312610894626605
20,0.2,39,0.8202,1.815074396473969
20,0.2,40,0.91391,2.2901707862616667
20,0.2,41,0.90044,2.2027075005190717
20,0.2,42,0.96126,2.708436903103676
20,0.2,43,0.84463,1.9161158757175807
20,0.2,44,0.85844,1.9797138835668986
20,0.2,45,0.83154,1.8597199562898123
20,0.2,46,0.91721,2.312365682057351
20,0.2,47,0.67463,1.3493052539787782
20,0.2,48,0.80647,1.762764493498602
20,0.2,49,0.81061,1.777795558342571
20,0.2,50,0.8049,1.756939320100068
20,0.2,51,0.80564,1.7594259489489685
20,0.2,52,0.77051,1.6347951388880078
20,0.2,53,0.83424,1.8720094685554864
20,0.2,54,0.81012,1.7757001721888983
20,0.2,55,0.69639,1.4098458533230458
20,0.2,56,0.71219,1.4556443892314366
20,0.2,57,0.78535,1.68650235614966
20,0.2,58,0.96203,2.7196032248379174
20,0.2,59,0.82909,1.8497958196935036
20,0.2,60,0.80383,1.7525285079454211
20,0.2,61,0.83635,1.8811827640094485
20,0.2,62,0.89217,2.152497997031862
20,0.2,63,0.82778,1.8444605196641723
20,0.2,64,0.86707,2.0191793469041235
20,0.2,65,0.76199,1.6063725722647977
20,0.2,66,0.6639,1.3203486024558115
20,0.2,67,0.75757,1.592160440744649
20,0.2,68,0.64592,1.2738414927698019
20,0.2,69,0.9145,2.2938789073948054
20,0.2,70,0.94403,2.5198744644779216
20,0.2,71,0.88724,2.123921550566433
20,0.2,72,0.90412,2.225740556037235
20,0.2,73,0.84585,1.9217149595470921
20,0.2,74,0.69976,1.4195650144930727
20,0.2,75,0.75733,1.5913922297461274
20,0.2,76,0.80504,1.7574022859511464
20,0.2,77,0.82976,1.8521990295300013
20,0.2,78,0.70982,1.4486818405693889
20,0.2,79,0.77894,1.6644038891704702
20,0.2,80,0.73934,1.5371684991094492
20,0.2,81,0.79314,1.714152385223034
20,0.2,82,0.86272,1.9983429200160625
20,0.2,83,0.91727,2.312643404994985
20,0.2,84,0.78604,1.6886754184577264
20,0.2,85,0.85339,1.955900520315251
20,0.2,86,0.86462,2.0073964188186997
20,0.2,87,0.79932,1.7356111878264697
20,0.2,88,0.96404,2.7460002286837666
20,0.2,89,0.84138,1.9012063201722076
20,0.2,90,0.80618,1.7615500222159435
20,0.2,91,0.67552,1.3514870710210891
20,0.2,92,0.86487,2.0084160387016046
20,0.2,93,0.67765,1.3580890602784503
20,0.2,94,0.60955,1.1833765592040206
20,0.2,95,0.76546,1.6177818075105297
20,0.2,96,0.64851,1.2799422504086206
20,0.2,97,0.89452,2.1661594552467345
20,0.2,98,0.81128,1.7806419638323878
20,0.2,99,0.86717,2.0196009421859316
20,0.2,100,0.89285,2.1562347727228905
20,0.2,101,0.81111,1.7800645539000814
20,0.2,102,0.72932,1.5076222828201633
20,0.2,103,0.70983,1.4488056845974335
20,0.2,104,0.77396,1.646933113143664
20,0.2,105,0.76111,1.604053522970276
20,0.2,106,0.69387,1.4023902846089116
20,0.2,107,0.79298,1.7135770637559025
20,0.2,108,0.78027,1.6689324406549606
20,0.2,109,0.77616,1.6555879708975376
20,0.2,110,0.86433,2.006002424720348
20,0.2,111,0.87906,2.0798939364792473
20,0.2,112,0.8415,1.9016351615507188
20,0.2,113,0.8159,1.7992662887173645
20,0.2,114,0.63031,1.2353992500423716
20,0.2,115,0.89452,2.1661151545935757
20,0.2,116,0.63548,1.248599165841941
20,0.2,117,0.78073,1.6707047168267881
20,0.2,118,0.74564,1.5557022248072305
20,0.2,119,0.87844,2.0765984055693947
20,0.2,120,0.6746,1.3492108270999958
20,0.2,121,0.80266,1.7481291778222903
20,0.2,122,0.80638,1.7625247053410316
20,0.2,123,0.81459,1.7940498900216788
20,0.2,124,0.81459,1.7940055278006066
20,0.2,125,0.88068,2.0889220275143074
20,0.2,126,0.77786,1.6609789096438283
20,0.2,127,0.8696,2.030724370757152
20,0.2,128,0.7571,1.5906224969122602
20,0.2,129,0.90021,2.2015500596653217
20,0.2,130,0.8629,1.9994941374279982
20,0.2,131,0.7513,1.5720013436704459
20,0.2,132,0.85998,1.986220115164099
20,0.2,133,0.69455,1.4046166288213275
20,0.2,134,0.9126,2.281920861175327
20,0.2,135,0.72911,1.5070122127943963
20,0.2,136,0.79006,1.7037745603966745
20,0.2,137,0.80607,1.7608225070959063
20,0.2,138,0.65836,1.3059460328328176
20,0.2,139,0.87352,2.050934584916482
20,0.2,140,0.79759,1.7295204598984577
20,0.2,141,0.93242,2.422160536279487
20,0.2,142,0.73383,1.5212554562607112
20,0.2,143,0.86288,1.9994056889913878
20,0.2,144,0.7757,1.653825827871652
20,0.2,145,0.83448,1.873195610268737
20,0.2,146,0.88741,2.1249663436057835
20,0.2,147,0.6399,1.2598172607883442
20,0.2,148,0.89004,2.1403391061054906
20,0.2,149,0.60959,1.18355722680347
20,0.2,150,0.79859,1.7331109907624724
20,0.2,151,0.93053,2.4083104190232274
20,0.2,152,0.83617,1.8800488441628973
20,0.2,153,0.83634,1.881167610032213
20,0.2,154,0.77878,1.6640023811334246
20,0.2,155,0.73801,1.5333132462749697
20,0.2,156,0.7422,1.545701586584229
20,0.2,157,0.88405,2.106509907165365
20,0.2,158,0.76518,1.616872127857215
20,0.2,159,0.88248,2.098157581669934
20,0.2,160,0.90928,2.257833029760386
20,0.2,161,0.84399,1.912765052612755
20,0.2,162,0.878,2.0744598429552012
20,0.2,163,0.82687,1.8404494838408574
20,0.2,164,0.77213,1.6404725094858774
20,0.2,165,0.89184,2.150583977211528
20,0.2,166,0.62274,1.216677926128116
20,0.2,167,0.7633,1.6104099336973958
20,0.2,168,0.82709,1.8414550178577125
20,0.2,169,0.80309,1.7498491160038254
20,0.2,170,0.75971,1.599082228974392
20,0.2,171,0.73656,1.5293409433294205
20,0.2,172,0.82236,1.82348674191727
20,0.2,173,0.75199,1.57416194707503
20,0.2,174,0.77707,1.6585993248411404
20,0.2,175,0.74461,1.5525838643941847
20,0.2,176,0.77606,1.6552090182767434
20,0.2,177,0.70586,1.437202916261433
20,0.2,178,0.85624,1.9694267313504008
20,0.2,179,0.83483,1.8747493861249236
20,0.2,180,0.80886,1.7715757909531349
20,0.2,181,0.65625,1.3003320635931201
20,0.2,182,0.85624,1.9693702939947282
20,0.2,183,0.83651,1.8817195860317706
20,0.2,184,0.86017,1.9873017590796191
20,0.2,185,0.85629,1.9697014022168056
20,0.2,186,0.85919,1.9830344380736702
20,0.2,187,0.78123,1.6727427444524823
20,0.2,188,0.85382,1.9579702072292708
20,0.2,189,0.75616,1.5875012956758088
20,0.2,190,0.84955,1.9386631581956582
20,0.2,191,0.61105,1.1874539843811414
20,0.2,192,0.89799,2.1874001587152136
20,0.2,193,0.81043,1.7768020066444614
20,0.2,194,0.81232,1.784646087331975
20,0.2,195,0.8034,1.7511529109430934
20,0.2,196,0.64049,1.26118226932745
20,0.2,197,0.8281,1.845940796045509
20,0.2,198,0.9383,2.4703507472518544
20,0.2,199,0.88075,2.089369464576894
20,0.2,200,0.83627,1.8808328464951725
20,0.2,201,0.80802,1.7689141421964347
20,0.2,202,0.88371,2.1047571909425713
20,0.2,203,0.81062,1.7778478602044332
20,0.2,204,0.6889,1.3883649705661307
20,0.2,205,0.7327,1.517789932792924
20,0.2,206,0.8412,1.9003048512392526
20,0.2,207,0.83344,1.8689744957352492
20,0.2,208,0.82797,1.8454588387470126
20,0.2,209,0.94472,2.526289403674016
20,0.2,210,0.73539,1.5258763658891001
20,0.2,211,0.76141,1.6047394573823839
20,0.2,212,0.72963,1.508725739270476
20,0.2,213,0.85941,1.9841775412227656
20,0.2,214,0.80727,1.7656601178233893
20,0.2,215,0.90036,2.2021480115570182
20,0.2,216,0.89069,2.144469528610721
20,0.2,217,0.83329,1.8678141273023567
20,0.2,218,0.70943,1.4475103946014642
20,0.2,219,0.80913,1.7721174154071602
20,0.2,220,0.85942,1.9842416956224465
20,0.2,221,0.81477,1.794834677162365
20,0.2,222,0.76404,1.6128008548332153
20,0.2,223,0.96054,2.698569940372731
20,0.2,224,0.88879,2.132861761922044
20,0.2,225,0.73774,1.5324290151320519
20,0.2,226,0.88219,2.0969701365646998
20,0.2,227,0.74171,1.544161704528101
20,0.2,228,0.74849,1.5639608610515852
20,0.2,229,0.93124,2.4128534901752365
20,0.2,230,0.9232,2.3534253951887556
20,0.2,231,0.69465,1.4049053744113909
20,0.2,232,0.85362,1.957257718092813
20,0.2,233,0.85381,1.9578596494214788
20,0.2,234,0.85441,1.961201983528603
20,0.2,235,0.62611,1.2248333967648641
20,0.2,236,0.52485,0.9885613509238311
20,0.2,237,0.86759,2.021426869043195
20,0.2,238,0.77857,1.6633209594521592
20,0.2,239,0.80214,1.7460546886076056
20,0.2,240,0.95767,2.6652025532532195
20,0.2,241,0.92582,2.37512777119612
20,0.2,242,0.93855,2.4724170297683523
20,0.2,243,0.63467,1.2465795479032875
20,0.2,244,0.86685,2.0180197639579
20,0.2,245,0.75415,1.5808706679885973
20,0.2,246,0.80733,1.7659577976581138
20,0.2,247,0.89981,2.199095247555307
20,0.2,248,0.67418,1.3480845495510532
20,0.2,249,0.89659,2.1773329373313794
20,0.2,250,0.91655,2.306784724448935
20,0.2,251,0.93721,2.461042211876293
20,0.2,252,0.72263,1.4873825918912962
20,0.2,253,0.80732,1.7658564064842606
20,0.2,254,0.95245,2.606457080463019
20,0.2,255,0.84053,1.897518232488126
20,0.2,256,0.8719,2.0421716285409115
20,0.2,257,0.88834,2.130219727624624
20,0.2,258,0.80311,1.7498940141406747
20,0.2,259,0.91077,2.269463613806372
20,0.2,260,0.87206,2.043085531850343
20,0.2,261,0.76331,1.6104623584092708
20,0.2,262,0.70056,1.4219910916628598
20,0.2,263,0.78181,1.6748709412368061
20,0.2,264,0.80927,1.7726619714293217
20,0.2,265,0.61533,1.1988610679298066
20,0.2,266,0.85685,1.9720182428134834
20,0.2,267,0.82711,1.8415032725038796
20,0.2,268,0.94455,2.5245863035604037
20,0.2,269,0.86332,2.0012341246449044
20,0.2,270,0.81978,1.8131267201945234
20,0.2,271,0.81869,1.8088966949856577
20,0.2,272,0.82826,1.846581633014464
20,0.2,273,0.67206,1.342265444538849
20,0.2,274,0.7703,1.6341758044603916
20,0.2,275,0.79715,1.7277552490275814
20,0.2,276,0.82679,1.8401848712341216
20,0.2,277,0.91258,2.2818031103717136
20,0.2,278,0.85328,1.9553382705946272
20,0.2,279,0.75138,1.572260537067024
20,0.2,280,0.77176,1.6390660813098903
20,0.2,281,0.64777,1.278155899923099
20,0.2,282,0.87711,2.0699242469063472
20,0.2,283,0.94505,2.5289985809233984
20,0.2,284,0.70498,1.4345124230299975
20,0.2,285,0.62463,1.2216742154685232
20,0.2,286,0.69877,1.416826191598962
20,0.2,287,0.87923,2.080658491324247
20,0.2,288,0.82674,1.8398686489428497
20,0.2,289,0.75928,1.5979268474715047
20,0.2,290,0.85584,1.9676942023406123
20,0.2,291,0.84548,1.9196959153978066
20,0.2,292,0.93682,2.4581902685579964
20,0.2,293,0.78373,1.6810556790758353
20,0.2,294,0.95187,2.5989420987556544
20,0.2,295,0.92675,2.38101894295263
20,0.2,296,0.8902,2.1414898072643282
20,0.2,297,0.77057,1.6349830751863195
20,0.2,298,0.92089,2.3368542693461682
20,0.2,299,0.72216,1.485465168987932
20,0.2,300,0.88479,2.1106839157043353
20,0.2,301,0.79268,1.7124919189109433
20,0.2,302,0.91402,2.290792519576692
20,0.2,303,0.76537,1.6174189678165283
20,0.2,304,0.818,1.806470073897165
20,0.2,305,0.68084,1.3666341833700288
20,0.2,306,0.78837,1.6966350396874657
20,0.2,307,0.7928,1.7130977499182518
20,0.2,308,0.85035,1.9425581521932922
20,0.2,309,0.83545,1.877504180869162
20,0.2,310,0.79124,1.7078142005822685
20,0.2,311,0.8244,1.8309554269346675
20,0.2,312,0.86323,2.0009561872768793
20,0.2,313,0.94095,2.4936164767866336
20,0.2,314,0.92169,2.3419347317486934
20,0.2,315,0.91222,2.2793284815378856
20,0.2,316,0.74008,1.5394951951127371
20,0.2,317,0.76036,1.6011499645067528
20,0.2,318,0.7857,1.6876727579730249
20,0.2,319,0.79003,1.7036455135270905
20,0.2,320,0.74992,1.5681089006101598
20,0.2,321,0.85293,1.9539174028699833
20,0.2,322,0.66463,1.3222328778513464
20,0.2,323,0.75281,1.5765346658626356
20,0.2,324,0.82153,1.8203919328197824
20,0.2,325,0.86567,2.0120735712324462
20,0.2,326,0.85976,1.9857114867562933
20,0.2,327,0.85214,1.9499771045201606
20,0.2,328,0.72872,1.506068070363439
20,0.2,329,0.78536,1.6865948493218565
20,0.2,330,0.7248,1.4939185308611176
20,0.2,331,0.80288,1.7488933105386146
20,0.2,332,0.65721,1.3026796940418583
20,0.2,333,0.83706,1.8839534504998656
20,0.2,334,0.706,1.4380578299303073
20,0.2,335,0.68496,1.3781309119928968
20,0.2,336,0.89086,2.145429790278175
20,0.2,337,0.78424,1.6826373508462207
20,0.2,338,0.90598,2.236892027696917
20,0.2,339,0.74833,1.563349591596938
20,0.2,340,0.69398,1.4027103666485914
20,0.2,341,0.8041,1.7537574291878633
20,0.2,342,0.81827,1.807422724357712
20,0.2,343,0.87907,2.0799860415408165
20,0.2,344,0.87652,2.0669132713945926
20,0.2,345,0.78551,1.6870687062468988
20,0.2,346,0.92434,2.3619696342639496
20,0.2,347,0.87865,2.077702086965439
20,0.2,348,0.79592,1.723696879261459
20,0.2,349,0.68263,1.3709098437588407
20,0.2,350,0.72767,1.5028729950117283
20,0.2,351,0.80672,1.7637527457292808
20,0.2,352,0.88469,2.1096912980519136
20,0.2,353,0.76715,1.6233431336810236
20,0.2,354,0.83718,1.8844903917592135
20,0.2,355,0.73548,1.5261841129119975
20,0.2,356,0.79808,1.731468612463554
20,0.2,357,0.77921,1.6656365724140691
20,0.2,358,0.59682,1.153356355707504
20,0.2,359,0.64686,1.2764404479340579
20,0.2,360,0.73347,1.5204174279894194
20,0.2,361,0.61801,1.2051243589180416
20,0.2,362,0.80179,1.7448981645674346
20,0.2,363,0.89855,2.190761971814156
20,0.2,364,0.93509,2.444503511081732
20,0.2,365,0.86383,2.003378920237176
20,0.2,366,0.93734,2.462215212727033
20,0.2,367,0.58553,1.1258722863507864
20,0.2,368,0.87206,2.0432187296672017
20,0.2,369,0.76227,1.6071024160995118
20,0.2,370,0.80863,1.770875228889993
20,0.2,371,0.92263,2.3491225753844147
20,0.2,372,0.84305,1.9087455549871941
20,0.2,373,0.71632,1.4681822164647247
20,0.2,374,0.77348,1.6451235991555258
20,0.2,375,0.83383,1.8703399522190538
20,0.2,376,0.7876,1.6940434786420258
20,0.2,377,0.75411,1.580725313947633
20,0.2,378,0.7649,1.61590791892784
20,0.2,379,0.80773,1.7677190520198178
20,0.2,380,0.73278,1.5180760063903602
20,0.2,381,0.84826,1.9317324045606723
20,0.2,382,0.82913,1.8500007856156815
20,0.2,383,0.78088,1.6712459150707653
20,0.2,384,0.87799,2.0743941453828745
20,0.2,385,0.73054,1.511391062009937
20,0.2,386,0.87061,2.035199040228055
20,0.2,387,0.8167,1.802126590454281
20,0.2,388,0.62022,1.2105309092109677
20,0.2,389,0.7977,1.7298271020550202
20,0.2,390,0.72279,1.487775458626211
20,0.2,391,0.83596,1.87946750702225
20,0.2,392,0.86105,1.9910797422292772
20,0.2,393,0.69497,1.4057001764802086
20,0.2,394,0.79433,1.7182827800769793
20,0.2,395,0.83369,1.869881150545869
20,0.2,396,0.72087,1.4817707523323713
20,0.2,397,0.85491,1.9635293882665712
20,0.2,398,0.89747,2.1837990316489257
20,0.2,399,0.86773,2.0221221193519927
20,0.2,400,0.87438,2.0557044294413753
20,0.2,401,0.84227,1.9052892926110927
20,0.2,402,0.90039,2.202258783942256
20,0.2,403,0.61194,1.1895301327153773
20,0.2,404,0.83554,1.877872816734714
20,0.2,405,0.80597,1.7606250505957726
20,0.2,406,0.78439,1.6831463701232234
20,0.2,407,0.80568,1.759505455202964
20,0.2,408,0.8576,1.9760475760407608
20,0.2,409,0.85104,1.9451992611286384
20,0.2,410,0.74537,1.5547823065608832
20,0.2,411,0.70493,1.4342686186945457
20,0.2,412,0.79423,1.717979843604784
20,0.2,413,0.81871,1.8090500543604664
20,0.2,414,0.88587,2.1166257456925885
20,0.2,415,0.74968,1.5674333754300576
20,0.2,416,0.84422,1.9141788670555273
20,0.2,417,0.89987,2.1995229158551757
20,0.2,418,0.86,1.9864781101595084
20,0.2,419,0.81197,1.7832976529525975
20,0.2,420,0.89011,2.1409410959935826
20,0.2,421,0.86312,2.000560023903855
20,0.2,422,0.80516,1.7578259181106564
20,0.2,423,0.7485,1.56399499513889
20,0.2,424,0.86389,2.0037132189225906
20,0.2,425,0.79932,1.7356083613120317
20,0.2,426,0.86558,2.0114636210505226
20,0.2,427,0.86539,2.010327267339184
20,0.2,428,0.91391,2.2900789441485276
20,0.2,429,0.74029,1.5401408534838064
20,0.2,430,0.94439,2.5227824151539098
20,0.2,431,0.83884,1.89129322409647
20,0.2,432,0.76794,1.6260712340500656
20,0.2,433,0.79175,1.7090722208417573
20,0.2,434,0.72473,1.4936833941451868
20,0.2,435,0.75552,1.5852148603564158
20,0.2,436,0.81746,1.804638610911848
20,0.2,437,0.89053,2.143451684807039
20,0.2,438,0.77449,1.649272657734771
20,0.2,439,0.81997,1.813709881984202
20,0.2,440,0.89534,2.170943545751277
20,0.2,441,0.89626,2.1759623865878086
20,0.2,442,0.94136,2.496697336417501
20,0.2,443,0.81891,1.8098667496739158
20,0.2,444,0.64475,1.2711149579020957
20,0.2,445,0.93102,2.4116157400925418
20,0.2,446,0.78954,1.7020627053868687
20,0.2,447,0.7736,1.6456741448462915
20,0.2,448,0.87694,2.068742492723132
20,0.2,449,0.76765,1.624702693285894
20,0.2,450,0.87226,2.0443045799453285
20,0.2,451,0.80759,1.7671473938384958
20,0.2,452,0.88458,2.1093847087641837
20,0.2,453,0.8635,2.0021010304725673
20,0.2,454,0.80895,1.7717506394780091
20,0.2,455,0.69136,1.3949868775374117
20,0.2,456,0.72567,1.4962323998196725
20,0.2,457,0.7113,1.4532107306034256
20,0.2,458,0.82215,1.82297039723702
20,0.2,459,0.7404,1.5405842483665273
20,0.2,460,0.91433,2.2929186732503353
20,0.2,461,0.80281,1.7487121942680695
20,0.2,462,0.77257,1.6421081383774108
20,0.2,463,0.78523,1.6859938840491118
20,0.2,464,0.85819,1.9788030708217224
20,0.2,465,0.85296,1.954156103791471
20,0.2,466,0.82794,1.8452213028537754
20,0.2,467,0.8241,1.829887473120103
20,0.2,468,0.67891,1.361293000319503
20,0.2,469,0.82653,1.8392642834492472
20,0.2,470,0.83885,1.8913060281270022
20,0.2,471,0.74741,1.5604555329333283
20,0.2,472,0.80331,1.750898548797232
20,0.2,473,0.65341,1.2928158574219326
20,0.2,474,0.73301,1.5186137077142137
20,0.2,475,0.79518,1.721143450598038
20,0.2,476,0.82162,1.8209503333977017
20,0.2,477,0.71363,1.4594318334925165
20,0.2,478,0.90353,2.2220176358850576
20,0.2,479,0.78646,1.6902152956176284
20,0.2,480,0.72559,1.4960395495372525
20,0.2,481,0.82599,1.837130723806709
20,0.2,482,0.9093,2.257939256517358
20,0.2,483,0.72749,1.5023680611287196
20,0.2,484,0.95666,2.6532236437188805
20,0.2,485,0.64835,1.2795575349599522
20,0.2,486,0.83666,1.8822808641639606
20,0.2,487,0.78512,1.685672575097609
20,0.2,488,0.85451,1.9616136854223294
20,0.2,489,0.88285,2.1001283510724313
20,0.2,490,0.77604,1.6550708704353823
20,0.2,491,0.72866,1.505882584270287
20,0.2,492,0.89087,2.1454761172585934
20,0.2,493,0.67765,1.3580594071019219
20,0.2,494,0.83559,1.878200843890676
20,0.2,495,0.91809,2.3167532162719553
20,0.2,496,0.84254,1.9067656465058074
20,0.2,497,0.967,2.7867161762414248
20,0.2,498,0.87879,2.0784112517727573
20,0.2,499,0.78623,1.6892697694368919
20,0.2,500,0.94576,2.535770867420057
20,0.2,501,0.95702,2.657049827923949
20,0.2,502,0.74034,1.5403100238032532
20,0.2,503,0.75003,1.5683872830227084
20,0.2,504,0.81476,1.7947104640015843
20,0.2,505,0.83529,1.8768390547057439
20,0.2,506,0.75031,1.5691776561146957
20,0.2,507,0.87965,2.0828614688655733
20,0.2,508,0.90363,2.222701847665527
20,0.2,509,0.89923,2.1959492747292977
20,0.2,510,0.76916,1.6304416674646447
20,0.2,511,0.94977,2.5767502268045352
20,0.2,512,0.87731,2.0708861644178715
20,0.2,513,0.85815,1.9786448000728067
20,0.2,514,0.95197,2.600620386804735
20,0.2,515,0.81376,1.7908107741486745
20,0.2,516,0.85435,1.9608690837244238
20,0.2,517,0.87938,2.0813774681794213
20,0.2,518,0.79394,1.717082980165791
20,0.2,519,0.85998,1.9863475748346302
20,0.2,520,0.85333,1.9555826549733455
20,0.2,521,0.83284,1.8654194507900725
20,0.2,522,0.71368,1.4596136187627153
20,0.2,523,0.84936,1.9376615833985358
20,0.2,524,0.91891,2.321562077009249
20,0.2,525,0.8687,2.0264378673684464
20,0.2,526,0.85441,1.961304415741285
20,0.2,527,0.94074,2.4919809864209084
20,0.2,528,0.93892,2.4757631232843904
20,0.2,529,0.8173,1.8040785380558495
20,0.2,530,0.83358,1.8694669911299764
20,0.2,531,0.71385,1.4602691053064083
20,0.2,532,0.85281,1.9531292876229494
20,0.2,533,0.84123,1.9006110835863472
20,0.2,534,0.7727,1.6426364685128534
20,0.2,535,0.88842,2.13083572463408
20,0.2,536,0.76015,1.6004905520772088
20,0.2,537,0.72655,1.4990719305924645
20,0.2,538,0.80315,1.7500269869548002
20,0.2,539,0.80629,1.7619225288159228
20,0.2,540,0.80586,1.7602279007273824
20,0.2,541,0.93416,2.436651820943468
20,0.2,542,0.62589,1.2243920398146417
20,0.2,543,0.82657,1.8393935747258119
20,0.2,544,0.5647,1.0783765008407802
20,0.2,545,0.74003,1.5393013239268676
20,0.2,546,0.94083,2.493029953070563
20,0.2,547,0.90197,2.211271783077553
20,0.2,548,0.74471,1.5530115042479555
20,0.2,549,0.89088,2.1454954210223587
20,0.2,550,0.86093,1.9905855181434144
20,0.2,551,0.76355,1.6111548816172152
20,0.2,552,0.71651,1.468618217495342
20,0.2,553,0.84127,1.9007260597692999
20,0.2,554,0.82389,1.8290493757359254
20,0.2,555,0.85248,1.9515689761907216
20,0.2,556,0.90699,2.242173110174658
20,0.2,557,0.79316,1.7142583696605378
20,0.2,558,0.60683,1.1767634879660602
20,0.2,559,0.73075,1.5119919043118202
20,0.2,560,0.87437,2.055557716897649
20,0.2,561,0.89675,2.1784498408287414
20,0.2,562,0.74793,1.5621393628972093
20,0.2,563,0.83648,1.8816199800658406
20,0.2,564,0.72878,1.5063676498832752
20,0.2,565,0.77107,1.6365513017186384
20,0.2,566,0.76301,1.6094291972417347
20,0.2,567,0.8729,2.0471895963306004
20,0.2,568,0.92913,2.398127319746207
20,0.2,569,0.72309,1.4886215577449144
20,0.2,570,0.76943,1.6316925886714393
20,0.2,571,0.81972,1.8128424028445362
20,0.2,572,0.58158,1.116166656708682
20,0.2,573,0.83734,1.8851368671191708
20,0.2,574,0.61602,1.2006295522262977
20,0.2,575,0.84394,1.912576096577069
20,0.2,576,0.85765,1.9763035933843325
20,0.2,577,0.79451,1.718657670557935
20,0.2,578,0.89075,2.144681673402629
20,0.2,579,0.88016,2.08587224067739
20,0.2,580,0.74402,1.5507526097671867
20,0.2,581,0.88724,2.123914832742833
20,0.2,582,0.69978,1.4197172934035527
20,0.2,583,0.76083,1.6029244603617494
20,0.2,584,0.81378,1.7910116047152513
20,0.2,585,0.7865,1.6903920683853375
20,0.2,586,0.66457,1.3220896698223052
20,0.2,587,0.88209,2.096476929525242
20,0.2,588,0.89237,2.1535435270110255
20,0.2,589,0.86349,2.002058252836914
20,0.2,590,0.84305,1.9087493216986011
20,0.2,591,0.81043,1.7768438469217147
20,0.2,592,0.68264,1.3709416619509422
20,0.2,593,0.85591,1.968030477838177
20,0.2,594,0.87289,2.0471188247614145
20,0.2,595,0.90699,2.242043862623905
20,0.2,596,0.90376,2.2233552094667233
20,0.2,597,0.89053,2.1433594917852483
20,0.2,598,0.80287,1.7488369059245468
20,0.2,599,0.89336,2.159200747039891
20,0.2,600,0.83661,1.882197836810191
20,0.2,601,0.69919,1.4179993655716137
20,0.2,602,0.84387,1.9122460431175439
20,0.2,603,0.84091,1.8988128645210494
20,0.2,604,0.84581,1.9214321871092477
20,0.2,605,0.88371,2.104729812819616
20,0.2,606,0.73925,1.5369486006296658
20,0.2,607,0.78596,1.6884770952478991
20,0.2,608,0.85908,1.982658406142101
20,0.2,609,0.84451,1.9154764605277679
20,0.2,610,0.94491,2.5281585759439347
20,0.2,611,0.70715,1.440756693403992
20,0.2,612,0.83625,1.8806499467615825
20,0.2,613,0.92842,2.393300536181531
20,0.2,614,0.84942,1.9380223484284067
20,0.2,615,0.83309,1.8667770572785014
20,0.2,616,0.73148,1.513926193900879
20,0.2,617,0.82566,1.8357625628326788
20,0.2,618,0.65278,1.2913376345069554
20,0.2,619,0.84335,1.9103222241873503
20,0.2,620,0.90552,2.233510399140835
20,0.2,621,0.85598,1.968341729076252
20,0.2,622,0.7865,1.6903392562797173
20,0.2,623,0.89084,2.1452291854889207
20,0.2,624,0.7703,1.6341967094756102
20,0.2,625,0.68,1.3644046773434226
20,0.2,626,0.78147,1.6736623729889302
20,0.2,627,0.66475,1.322587153051608
20,0.2,628,0.72911,1.5071389836477977
20,0.2,629,0.65363,1.2935173473054455
20,0.2,630,0.66971,1.336020165159519
20,0.2,631,0.75653,1.5885482615657787
20,0.2,632,0.81519,1.7965678049430474
20,0.2,633,0.70505,1.4346295082917198
20,0.2,634,0.65538,1.298107419357586
20,0.2,635,0.59673,1.1531244198660788
20,0.2,636,0.5643,1.0772868607268324
20,0.2,637,0.87629,2.065617303174727
20,0.2,638,0.85307,1.9546285372926966
20,0.2,639,0.82927,1.850533929134043
20,0.2,640,0.84638,1.9239416508701337
20,0.2,641,0.74805,1.5626594512899439
20,0.2,642,0.88083,2.0896921245982054
20,0.2,643,0.86291,1.9995664235381416
20,0.2,644,0.72762,1.502777074092967
20,0.2,645,0.82264,1.8245346462805954
20,0.2,646,0.74676,1.5587667738777435
20,0.2,647,0.78475,1.684408956862318
20,0.2,648,0.78127,1.6729634108183722
20,0.2,649,0.96719,2.7888053336370593
20,0.2,650,0.66908,1.3343403813112698
20,0.2,651,0.66462,1.322205408452816
20,0.2,652,0.74057,1.5408552415971277
20,0.2,653,0.74672,1.5585654600644494
20,0.2,654,0.8139,1.7914750199173084
20,0.2,655,0.83447,1.8731725435118887
20,0.2,656,0.7196,1.4778050275111942
20,0.2,657,0.93933,2.4785462364607214
20,0.2,658,0.7775,1.6599612001216468
20,0.2,659,0.60168,1.164589009869025
20,0.2,660,0.75233,1.5751774485610819
20,0.2,661,0.80425,1.7542510201315094
20,0.2,662,0.88277,2.099650392748238
20,0.2,663,0.89537,2.1711861972790905
20,0.2,664,0.95012,2.58146829687985
20,0.2,665,0.84362,1.9112994159083734
20,0.2,666,0.91728,2.31275763890754
20,0.2,667,0.88798,2.1280998237317923
20,0.2,668,0.84844,1.9325350736917757
20,0.2,669,0.74433,1.5516211671372202
20,0.2,670,0.67059,1.3382540681907567
20,0.2,671,0.79051,1.7053812547921654
20,0.2,672,0.7905,1.7053080965995975
20,0.2,673,0.78145,1.673609832130211
20,0.2,674,0.93409,2.4360185014145777
20,0.2,675,0.70867,1.445009285451822
20,0.2,676,0.82424,1.830464291625995
20,0.2,677,0.75515,1.583626003985371
20,0.2,678,0.72567,1.4962243775017978
20,0.2,679,0.94899,2.5663156270525973
20,0.2,680,0.70166,1.4249855119635466
20,0.2,681,0.80693,1.764572583392392
20,0.2,682,0.84258,1.9070662353724388
20,0.2,683,0.88287,2.10021811953483
20,0.2,684,0.8047,1.7559987257623533
20,0.2,685,0.90599,2.236930103895752
20,0.2,686,0.72942,1.5080087753394942
20,0.2,687,0.6969,1.4113023977883121
20,0.2,688,0.70452,1.4324914432428875
20,0.2,689,0.88342,2.1032270898764263
20,0.2,690,0.8273,1.8422225583630762
20,0.2,691,0.76139,1.604680069295656
20,0.2,692,0.7895,1.7017560088411214
20,0.2,693,0.74352,1.5494247302776132
20,0.2,694,0.66524,1.3240393238749357
20,0.2,695,0.74484,1.5533379000256309
20,0.2,696,0.76225,1.6070224915107287
20,0.2,697,0.84715,1.9271858115818299
20,0.2,698,0.77236,1.6414117296388167
20,0.2,699,0.93426,2.437506115326622
20,0.2,700,0.86583,2.013132153043183
20,0.2,701,0.72954,1.5083757295746931
20,0.2,702,0.80663,1.7634088633483174
20,0.2,703,0.8863,2.118927287323738
20,0.2,704,0.68213,1.3695761362192034
20,0.2,705,0.85394,1.9586382233236201
20,0.2,706,0.77632,1.6562003027182284
20,0.2,707,0.72685,1.500229888246677
20,0.2,708,0.88105,2.090982893027409
20,0.2,709,0.76343,1.6107740363377259
20,0.2,710,0.70812,1.4432630923328946
20,0.2,711,0.81632,1.8008211713446647
20,0.2,712,0.8748,2.0579382175670604
20,0.2,713,0.79592,1.7237070007183422
20,0.2,714,0.81994,1.8135739028302447
20,0.2,715,0.88799,2.128180487077939
20,0.2,716,0.78962,1.7024320248531917
20,0.2,717,0.88681,2.1220052462043957
20,0.2,718,0.75199,1.574220623612349
20,0.2,719,0.83564,1.8783959689833067
20,0.2,720,0.81957,1.8122329036389413
20,0.2,721,0.80331,1.7509136186970604
20,0.2,722,0.74731,1.5600752692689879
20,0.2,723,0.69313,1.4000354618590427
20,0.2,724,0.6935,1.4011794583048531
20,0.2,725,0.71772,1.4721406215417425
20,0.2,726,0.84376,1.9117206109996259
20,0.2,727,0.90137,2.2076498678782093
20,0.2,728,0.73917,1.536702731595998
20,0.2,729,0.79557,1.7226609540643203
20,0.2,730,0.8676,2.0214798942947434
20,0.2,731,0.82252,1.8241353036003123
20,0.2,732,0.86996,2.0323281464594896
20,0.2,733,0.88297,2.1008355380606027
20,0.2,734,0.76777,1.6252872844241306
20,0.2,735,0.78205,1.6756113932571548
20,0.2,736,0.86561,2.011761286509499
20,0.2,737,0.8935,2.1600931532027268
20,0.2,738,0.82328,1.8268035635726902
20,0.2,739,0.7219,1.4849540252560907
20,0.2,740,0.86873,2.027148553323017
20,0.2,741,0.84335,1.9102948917070317
20,0.2,742,0.94682,2.5467577663568464
20,0.2,743,0.94906,2.567165206410892
20,0.2,744,0.78483,1.6847800937341049
20,0.2,745,0.62878,1.231433087329898
20,0.2,746,0.87334,2.0499699821757975
20,0.2,747,0.82764,1.8438115655336587
20,0.2,748,0.83145,1.8593769096932682
20,0.2,749,0.87694,2.068762912523748
20,0.2,750,0.83712,1.8842807398458281
20,0.2,751,0.72505,1.494598062123386
20,0.2,752,0.85788,1.9774853081666848
20,0.2,753,0.91662,2.307534019764846
20,0.2,754,0.80338,1.7510831810917722
20,0.2,755,0.8539,1.958485590559225
20,0.2,756,0.93382,2.4332436061336633
20,0.2,757,0.82274,1.8248782042469522
20,0.2,758,0.70935,1.4473030746286402
20,0.2,759,0.73479,1.524400299615424
20,0.2,760,0.85019,1.9415500225410838
20,0.2,761,0.87762,2.072370251926946
20,0.2,762,0.68668,1.3824316294734722
20,0.2,763,0.80134,1.7431723005671576
20,0.2,764,0.8767,2.0678539434097694
20,0.2,765,0.79811,1.7315394539093123
20,0.2,766,0.7606,1.6020538232525294
20,0.2,767,0.75859,1.5956158920517103
20,0.2,768,0.86955,2.030582317517859
20,0.2,769,0.86251,1.997643278683991
20,0.2,770,0.79094,1.7068216250737511
20,0.2,771,0.90032,2.2019881095352636
20,0.2,772,0.90145,2.208387524488228
20,0.2,773,0.715,1.4640093595510015
20,0.2,774,0.76291,1.6091592191630015
20,0.2,775,0.82939,1.8509297065682082
20,0.2,776,0.83522,1.8764073673300383
20,0.2,777,0.8224,1.8236741998011536
20,0.2,778,0.9336,2.4311215430143798
20,0.2,779,0.82187,1.821728994699976
20,0.2,780,0.81294,1.7871582969017008
20,0.2,781,0.87459,2.0565560877753297
20,0.2,782,0.80725,1.7655362138251276
20,0.2,783,0.85158,1.9477207479333636
20,0.2,784,0.81592,1.799301643514144
20,0.2,785,0.84942,1.9378945928471345
20,0.2,786,0.77008,1.6336419696928655
20,0.2,787,0.91356,2.2878890235633653
20,0.2,788,0.73947,1.537519486428592
20,0.2,789,0.59398,1.146049598247744
20,0.2,790,0.85763,1.9762405550506732
20,0.2,791,0.89408,2.1634000676392917
20,0.2,792,0.91205,2.2778080004554444
20,0.2,793,0.72751,1.5024338488107318
20,0.2,794,0.742,1.5449328847218715
20,0.2,795,0.76764,1.624611578176801
20,0.2,796,0.79043,1.705153150625031
20,0.2,797,0.73277,1.518053154273201
20,0.2,798,0.85071,1.9437344609948148
20,0.2,799,0.75874,1.5961498632099147
20,0.2,800,0.95242,2.6061231234599225
20,0.2,801,0.92708,2.383762127646149
20,0.2,802,0.72947,1.50822654351211
20,0.2,803,0.74124,1.5427259427821562
20,0.2,804,0.79942,1.7359609373410831
20,0.2,805,0.90932,2.2580153154680915
20,0.2,806,0.82472,1.832061127908482
20,0.2,807,0.74564,1.5556924795249167
20,0.2,808,0.90345,2.221489713693597
20,0.2,809,0.93677,2.4575085670948686
20,0.2,810,0.61685,1.2022260800407265
20,0.2,811,0.74607,1.5569573246352724
20,0.2,812,0.77123,1.63711883790004
20,0.2,813,0.77224,1.6409782950514848
20,0.2,814,0.66987,1.336500175409205
20,0.2,815,0.9725,2.8736573155551115
20,0.2,816,0.90835,2.2523387839465228
20,0.2,817,0.89452,2.1660600244405885
20,0.2,818,0.78213,1.6757776701220453
20,0.2,819,0.67553,1.3515346923011025
20,0.2,820,0.7816,1.6740209709239455
20,0.2,821,0.86144,1.9929671809157612
20,0.2,822,0.64345,1.2676035515567214
20,0.2,823,0.6863,1.381458732676728
20,0.2,824,0.79867,1.733499679440983
20,0.2,825,0.66644,1.3274545340592891
20,0.2,826,0.61676,1.2020340023587006
20,0.2,827,0.8439,1.9124390916009775
20,0.2,828,0.7853,1.6862147577879623
20,0.2,829,0.82362,1.8279764255973445
20,0.2,830,0.79245,1.7116852738266783
20,0.2,831,0.83311,1.8668590733115542
20,0.2,832,0.82624,1.8382397293797967
20,0.2,833,0.80736,1.766194525149037
20,0.2,834,0.79188,1.7093768234735671
20,0.2,835,0.89337,2.1592944000151935
20,0.2,836,0.89654,2.1771027617869767
20,0.2,837,0.82279,1.8251490893297606
20,0.2,838,0.66193,1.3151891547011882
20,0.2,839,0.71538,1.4652557485639883
20,0.2,840,0.75833,1.5945213456653133
20,0.2,841,0.77209,1.6402798420085403
20,0.2,842,0.85902,1.9824357611001313
20,0.2,843,0.82092,1.8179395723607665
20,0.2,844,0.82546,1.8351451377814092
20,0.2,845,0.73425,1.522670648873377
20,0.2,846,0.91344,2.287177346026126
20,0.2,847,0.74243,1.5465018452934443
20,0.2,848,0.84977,1.9398488137516376
20,0.2,849,0.86635,2.0151750547095015
20,0.2,850,0.86859,2.0257638105168096
20,0.2,851,0.80639,1.7625629484576524
20,0.2,852,0.87744,2.0714196622031498
20,0.2,853,0.80409,1.7536641904800059
20,0.2,854,0.68638,1.381676305891387
20,0.2,855,0.90282,2.2176527541355044
20,0.2,856,0.70616,1.4384524191300168
20,0.2,857,0.77975,1.6673004665786308
20,0.2,858,0.90519,2.2309367819769363
20,0.2,859,0.73967,1.537928697724361
20,0.2,860,0.83983,1.8948451610271708
20,0.2,861,0.86136,1.99233776000231
20,0.2,862,0.67972,1.3634442430995948
20,0.2,863,0.88258,2.098563150818764
20,0.2,864,0.86914,2.0290877223905723
20,0.2,865,0.83925,1.8927496196880496
20,0.2,866,0.79024,1.7044769501541175
20,0.2,867,0.76086,1.6030549787387036
20,0.2,868,0.75408,1.580614442612581
20,0.2,869,0.87962,2.0825140514899187
20,0.2,870,0.8507,1.9436580228979112
20,0.2,871,0.87675,2.0679805204686206
20,0.2,872,0.80172,1.7445829086888662
20,0.2,873,0.77506,1.6511271059493486
20,0.2,874,0.86309,2.000475005302555
20,0.2,875,0.8002,1.739086007815593
20,0.2,876,0.90851,2.2533704815900246
20,0.2,877,0.74008,1.5394345671926348
20,0.2,878,0.91682,2.3088844278365075
20,0.2,879,0.84895,1.934936613590068
20,0.2,880,0.84882,1.9344372176357831
20,0.2,881,0.59705,1.1538490513694613
20,0.2,882,0.69371,1.4019805407924968
20,0.2,883,0.65966,1.308857295451983
20,0.2,884,0.66078,1.311698065406565
20,0.2,885,0.91842,2.318779741373629
20,0.2,886,0.87291,2.047309338965042
20,0.2,887,0.83891,1.891553317623056
20,0.2,888,0.79228,1.710689646406324
20,0.2,889,0.79197,1.7098075525667773
20,0.2,890,0.73385,1.5213070036849592
20,0.2,891,0.81781,1.8057613346003318
20,0.2,892,0.95765,2.6649746811540274
20,0.2,893,0.88743,2.1251740617881856
20,0.2,894,0.93202,2.419015316702604
20,0.2,895,0.60482,1.1720163011000946
20,0.2,896,0.74376,1.5499496564355077
20,0.2,897,0.90288,2.2179538666717624
20,0.2,898,0.77658,1.6571913197494788
20,0.2,899,0.81739,1.8043985060536496
20,0.2,900,0.7592,1.5975488932658122
20,0.2,901,0.86848,2.0253648101036434
20,0.2,902,0.89328,2.158600009339213
20,0.2,903,0.80116,1.7426301649952416
20,0.2,904,0.84595,1.9221300948350246
20,0.2,905,0.89817,2.1882199644065636
20,0.2,906,0.80609,1.7610276436822494
20,0.2,907,0.75515,1.5836992882061363
20,0.2,908,0.73582,1.5272847256759021
20,0.2,909,0.78739,1.6933926428101553
20,0.2,910,0.71128,1.4531538614210575
20,0.2,911,0.88796,2.127994799982599
20,0.2,912,0.81434,1.7930855259291598
20,0.2,913,0.8559,1.96792528774835
20,0.2,914,0.73123,1.5131628185808177
20,0.2,915,0.75615,1.5874669544013391
20,0.2,916,0.77599,1.6549301783650985
20,0.2,917,0.71368,1.4596010613836445
20,0.2,918,0.84932,1.9371995752347368
20,0.2,919,0.73611,1.5279553908754981
20,0.2,920,0.72446,1.4928595860068659
20,0.2,921,0.83803,1.887795691381191
20,0.2,922,0.83273,1.8651361329476113
20,0.2,923,0.73781,1.5326989370823294
20,0.2,924,0.97218,2.869488279781117
20,0.2,925,0.84929,1.9368679216230704
20,0.2,926,0.95439,2.628423636773541
20,0.2,927,0.81303,1.7875916915489038
20,0.2,928,0.76575,1.6186527091126157
20,0.2,929,0.66725,1.3295306857951665
20,0.2,930,0.76724,1.6235260144008463
20,0.2,931,0.94846,2.561111033742792
20,0.2,932,0.79827,1.732169139110872
20,0.2,933,0.94764,2.5528764215386044
20,0.2,934,0.80582,1.7600273770956312
20,0.2,935,0.72327,1.4892866822371533
20,0.2,936,0.80153,1.74398008825285
20,0.2,937,0.85658,1.9709574074967786
20,0.2,938,0.68587,1.3805255814495416
20,0.2,939,0.81184,1.7826725385484994
20,0.2,940,0.86519,2.0097001290712075
20,0.2,941,0.80995,1.7748877791382685
20,0.2,942,0.87174,2.041549113904005
20,0.2,943,0.82111,1.818740838563345
20,0.2,944,0.87237,2.0448609191395484
20,0.2,945,0.6894,1.3899750603674375
20,0.2,946,0.64611,1.2744503957466662
20,0.2,947,0.87873,2.0781933972787257
20,0.2,948,0.88259,2.098658322745977
20,0.2,949,0.77114,1.636797514099012
20,0.2,950,0.87953,2.082096314962332
20,0.2,951,0.75125,1.5718801632003734
20,0.2,952,0.7145,1.4622420433334227
20,0.2,953,0.90356,2.222237833071487
20,0.2,954,0.80545,1.758712880727066
20,0.2,955,0.86149,1.993270858608633
20,0.2,956,0.87655,2.0671742271763356
20,0.2,957,0.82696,1.8408773476217963
20,0.2,958,0.82334,1.827039589877673
20,0.2,959,0.82095,1.8180199155132808
20,0.2,960,0.832,1.8618109129036362
20,0.2,961,0.81156,1.7816823835552442
20,0.2,962,0.81783,1.8057872710025944
20,0.2,963,0.88044,2.0876359588072093
20,0.2,964,0.84198,1.9038442184590294
20,0.2,965,0.91658,2.307015814751013
20,0.2,966,0.79388,1.71686168387803
20,0.2,967,0.85395,1.9586809654623119
20,0.2,968,0.91991,2.328541278565628
20,0.2,969,0.90044,2.2027809628228363
20,0.2,970,0.80452,1.7552289095926819
20,0.2,971,0.83383,1.8704318894286853
20,0.2,972,0.88993,2.1398803519794054
20,0.2,973,0.85871,1.9810396436411932
20,0.2,974,0.66306,1.3178475850980143
20,0.2,975,0.86335,2.0012969323293106
20,0.2,976,0.87084,2.0366107935197597
20,0.2,977,0.80252,1.7474819366605019
20,0.2,978,0.66246,1.3165113406194429
20,0.2,979,0.64378,1.2684579306969987
20,0.2,980,0.85323,1.9551430961887704
20,0.2,981,0.75195,1.5740672862100111
20,0.2,982,0.84463,1.9161950646542034
20,0.2,983,0.7739,1.6464998875355776
20,0.2,984,0.89942,2.196804615137217
20,0.2,985,0.94542,2.5323900170173057
20,0.2,986,0.97821,2.982120378789922
20,0.2,987,0.90745,2.2457129741849613
20,0.2,988,0.75891,1.5966106767673873
20,0.2,989,0.89128,2.14734461532323
20,0.2,990,0.86238,1.9971707015853817
20,0.2,991,0.78009,1.668338328181873
20,0.2,992,0.60277,1.167318010428866
20,0.2,993,0.86955,2.030587273575993
20,0.2,994,0.78267,1.6775719098083635
20,0.2,995,0.77699,1.6583609645318358
20,0.2,996,0.75938,1.5982337121614867
20,0.2,997,0.79454,1.7188559424860579
20,0.2,998,0.74433,1.5517027871830136
20,0.2,999,0.65567,1.2987910937639957
50,0.05,0,0.98921,3.284273000108908
50,0.05,1,0.97065,2.844237373412901
50,0.05,2,0.95297,2.6122697385371856
50,0.05,3,0.98963,3.3027253856700565
50,0.05,4,0.91748,2.3137441000307284
50,0.05,5,0.98066,3.031901489131144
50,0.05,6,0.94664,2.5449245783586196
50,0.05,7,0.91672,2.3082810710159403
50,0.05,8,0.98773,3.234586171369792
50,0.05,9,0.97467,2.9111313276487416
50,0.05,10,0.98333,3.106509002446486
50,0.05,11,0.96838,2.804714184398218
50,0.05,12,0.92609,2.377258238188831
50,0.05,13,0.94173,2.500341517753162
50,0.05,14,0.96988,2.830370529242667
50,0.05,15,0.9667,2.782871362153073
50,0.05,16,0.99178,3.395107944557225
50,0.05,17,0.96049,2.6979200369222425
50,0.05,18,0.93452,2.4398373034146648
50,0.05,19,0.92568,2.373533038894129
50,0.05,20,0.9705,2.8417898438657216
50,0.05,21,0.96861,2.8078376203845257
50,0.05,22,0.94358,2.5161296691313972
50,0.05,23,0.96908,2.816078043188754
50,0.05,24,0.99413,3.5244761322924663
50,0.05,25,0.93203,2.4190821983924096
50,0.05,26,0.86874,2.0272472886172146
50,0.05,27,0.95206,2.60137373765842
50,0.05,28,0.96502,2.76029132098027
50,0.05,29,0.96718,2.7887245122588036
50,0.05,30,0.98501,3.1525411603987727
50,0.05,31,0.98593,3.1800942226232722
50,0.05,32,0.94441,2.5229936288927886
50,0.05,33,0.98069,3.0327950546559954
50,0.05,34,0.97489,2.9157432011687643
50,0.05,35,0.972,2.866637037897867
50,0.05,36,0.95271,2.6093060048450942
50,0.05,37,0.96091,2.7041023259093664
50,0.05,38,0.98627,3.1914606800161893
50,0.05,39,0.98349,3.11202378599579
50,0.05,40,0.99202,3.4027943539343943
50,0.05,41,0.96622,2.7759101462370537
50,0.05,42,0.9728,2.878320925495424
50,0.05,43,0.8881,2.1288197758274787
50,0.05,44,0.9529,2.6115326856161114
50,0.05,45,0.91449,2.293849367441002
50,0.05,46,0.94986,2.578064520813265
50,0.05,47,0.93942,2.4798235422864066
50,0.05,48,0.98135,3.0494156301569495
50,0.05,49,0.96778,2.79688818656125
50,0.05,50,0.90192,2.2109251335389137
50,0.05,51,0.98059,3.0300857193778894
50,0.05,52,0.96748,2.7928651976463112
50,0.05,53,0.97472,2.9120407077775763
50,0.05,54,0.95935,2.685601488210561
50,0.05,55,0.98588,3.17786009611683
50,0.05,56,0.95853,2.6757924460073923
50,0.05,57,0.97949,3.0102100934294898
50,0.05,58,0.95823,2.671167371312259
50,0.05,59,0.94907,2.567365540330165
50,0.05,60,0.97346,2.890153682975544
50,0.05,61,0.99107,3.354743207282038
50,0.05,62,0.92359,2.3563662394166354
50,0.05,63,0.97615,2.939300105426386
50,0.05,64,0.9938,3.5048148008890974
50,0.05,65,0.99263,3.435124423237165
50,0.05,66,0.96048,2.6976850219052277
50,0.05,67,0.96314,2.733490488295085
50,0.05,68,0.96612,2.7743122014173336
50,0.05,69,0.97698,2.9576507681497683
50,0.05,70,0.98955,3.2990398307003743
50,0.05,71,0.95188,2.5990560105721885
50,0.05,72,0.99137,3.3700169541595177
50,0.05,73,0.97892,2.9969847444939175
50,0.05,74,0.95234,2.6047019338169983
50,0.05,75,0.93959,2.4813208128708366
50,0.05,76,0.97528,2.9239295347870984
50,0.05,77,0.95175,2.5974253389393325
50,0.05,78,0.94179,2.5010889643809264
50,0.05,79,0.95007,2.5811518886859064
50,0.05,80,0.94969,2.5757401445323365
50,0.05,81,0.96197,2.718825081676815
50,0.05,82,0.96777,2.7966045813774323
50,0.05,83,0.98036,3.026124250489176
50,0.05,84,0.94059,2.4902793074640908
50,0.05,85,0.96147,2.7116906693622687
50,0.05,86,0.9201,2.331396373708338
50,0.05,87,0.98196,3.0671593642928268
50,0.05,88,0.94276,2.5089764826423226
50,0.05,89,0.94247,2.5063105023830534
50,0.05,90,0.97319,2.885295945903362
50,0.05,91,0.97821,2.9818353858401014
50,0.05,92,0.96446,2.75302453482146
50,0.05,93,0.98641,3.196507702021103
50,0.05,94,0.92954,2.4014535805831967
50,0.05,95,0.9418,2.5011361990914613
50,0.05,96,0.98939,3.291759859516386
50,0.05,97,0.97862,2.9894655529817884
50,0.05,98,0.94519,2.5301962841874293
50,0.05,99,0.94731,2.5507762358796287
50,0.05,100,0.99116,3.359904027302699
50,0.05,101,0.9748,2.912944101754075
50,0.05,102,0.92332,2.3541662615902434
50,0.05,103,0.95097,2.5905682965197423
50,0.05,104,0.98658,3.1998006539725883
50,0.05,105,0.94001,2.4852206455295227
50,0.05,106,0.95365,2.619634502730512
50,0.05,107,0.98128,3.0478968631534538
50,0.05,108,0.90794,2.248710815218877
50,0.05,109,0.98799,3.2436246105771747
50,0.05,110,0.92018,2.332010304989882
50,0.05,111,0.9876,3.230603891398715
50,0.05,112,0.96614,2.774637209020098
50,0.05,113,0.98406,3.1287864106025647
50,0.05,114,0.92691,2.382439550906694
50,0.05,115,0.97008,2.834474660659315
50,0.05,116,0.94826,2.5587804383595745
50,0.05,117,0.96513,2.7615595868537737
50,0.05,118,0.96868,2.808752857887881
50,0.05,119,0.95222,2.603490417740785
50,0.05,120,0.88839,2.1306284163260947
50,0.05,121,0.9811,3.0422789565878547
50,0.05,122,0.97022,2.8366270806492824
50,0.05,123,0.93963,2.481853976969636
50,0.05,124,0.98625,3.190787244782926
50,0.05,125,0.95292,2.6116099845733496
50,0.05,126,0.96653,2.7807733121007607
50,0.05,127,0.94619,2.5400198199249946
50,0.05,128,0.95085,2.589499866213368
50,0.05,129,0.95529,2.6407766708222833
50,0.05,130,0.97917,3.002432112383342
50,0.05,131,0.98776,3.235484126926951
50,0.05,132,0.98487,3.1494754024135103
50,0.05,133,0.93211,2.420120252430152
50,0.05,134,0.93529,2.4460654700011197
50,0.05,135,0.94646,2.5427498618260493
50,0.05,136,0.95309,2.613324085570511
50,0.05,137,0.92989,2.4035263854948012
50,0.05,138,0.94965,2.5749007748660415
50,0.05,139,0.95404,2.6242006782792124
50,0.05,140,0.96471,2.756398872204005
50,0.05,141,0.95183,2.5984573047240223
50,0.05,142,0.97658,2.947962110331064
50,0.05,143,0.99626,3.6794278247653214
50,0.05,144,0.99144,3.3733351451845315
50,0.05,145,0.97898,2.9983557290737433
50,0.05,146,0.94839,2.5602787787970915
50,0.05,147,0.9966,3.7123332908102675
50,0.05,148,0.98571,3.1737902601322387
50,0.05,149,0.97079,2.8466510346438074
50,0.05,150,0.97785,2.974133833581151
50,0.05,151,0.98302,3.0993431448510074
50,0.05,152,0.98357,3.115642010649599
50,0.05,153,0.98663,3.202392322609154
50,0.05,154,0.981,3.0396061521768667
50,0.05,155,0.98785,3.2391572538732483
50,0.05,156,0.97829,2.9837539696704862
50,0.05,157,0.94791,2.5557807251027853
50,0.05,158,0.98251,3.08271411450944
50,0.05,159,0.97193,2.865525290712376
50,0.05,160,0.98294,3.096573723224143
50,0.05,161,0.92396,2.3590794612754356
50,0.05,162,0.94199,2.502826922378748
50,0.05,163,0.9639,2.744850061258107
50,0.05,164,0.98097,3.0388691349500445
50,0.05,165,0.96097,2.7046974244782795
50,0.05,166,0.97098,2.850327398045429
50,0.05,167,0.99161,3.3837638630901803
50,0.05,168,0.98383,3.1213566929000507
50,0.05,169,0.96782,2.797986457200345
50,0.05,170,0.96822,2.8025301636022553
50,0.05,171,0.99007,3.317595088148802
50,0.05,172,0.93038,2.4069552300550656
50,0.05,173,0.98286,3.0943438139082127
50,0.05,174,0.97279,2.8780755866974888
50,0.05,175,0.99195,3.400566317193802
50,0.05,176,0.82605,1.837341604730399
50,0.05,177,0.92356,2.3560332618575295
50,0.05,178,0.96548,2.766116581893951
50,0.05,179,0.95747,2.662031296069638
50,0.05,180,0.97275,2.877776367493962
50,0.05,181,0.9752,2.9228470201883
50,0.05,182,0.97724,2.9638378310938664
50,0.05,183,0.97975,3.0144781731488326
50,0.05,184,0.92554,2.3721217222110025
50,0.05,185,0.9938,3.5036852160671166
50,0.05,186,0.98577,3.1759175524595156
50,0.05,187,0.94982,2.5774904707217026
50,0.05,188,0.9946,3.555897648373489
50,0.05,189,0.97247,2.873243879841299
50,0.05,190,0.96035,2.6966256024298847
50,0.05,191,0.96719,2.7887505662013155
50,0.05,192,0.94731,2.550734562256411
50,0.05,193,0.98452,3.140262496353401
50,0.05,194,0.97554,2.927945666846428
50,0.05,195,0.98894,3.2699003747627247
50,0.05,196,0.95475,2.63354464524933
50,0.05,197,0.98963,3.3027883374371108
50,0.05,198,0.90728,2.24441524149172
50,0.05,199,0.97412,2.8991850557525694
50,0.05,200,0.97769,2.971868051365402
50,0.05,201,0.94563,2.5344417215466275
50,0.05,202,0.93097,2.4113769158357377
50,0.05,203,0.96812,2.8010295879098464
50,0.05,204,0.95477,2.6338450818188406
50,0.05,205,0.96709,2.787697900566705
50,0.05,206,0.93013,2.4051179162875704
50,0.05,207,0.94835,2.5597011582006797
50,0.05,208,0.99311,3.4620659054844047
50,0.05,209,0.97031,2.838634409914199
50,0.05,210,0.97357,2.8913576170496986
50,0.05,211,0.9955,3.61754978831377
50,0.05,212,0.94724,2.55031779119535
50,0.05,213,0.98775,3.2350642403913072
50,0.05,214,0.96928,2.8196403890633635
50,0.05,215,0.97112,2.8524691124842834
50,0.05,216,0.92376,2.357464623667009
50,0.05,217,0.96759,2.793935174352751
50,0.05,218,0.95086,2.5897186482249612
50,0.05,219,0.98811,3.249145464614835
50,0.05,220,0.95742,2.6614302171455027
50,0.05,221,0.95763,2.6644321710076335
50,0.05,222,0.98307,3.1001983832031845
50,0.05,223,0.97273,2.877477647590277
50,0.05,224,0.95098,2.5906732150607534
50,0.05,225,0.94948,2.572584882440851
50,0.05,226,0.98469,3.145892784873078
50,0.05,227,0.89088,2.145504374470291
50,0.05,228,0.94679,2.5463788712666457
50,0.05,229,0.98522,3.1594052273678175
50,0.05,230,0.91214,2.278728361371113
50,0.05,231,0.96988,2.830386747798639
50,0.05,232,0.89969,2.198613230839962
50,0.05,233,0.91077,2.2694773983944785
50,0.05,234,0.96631,2.776979505369931
50,0.05,235,0.98228,3.0757309268307753
50,0.05,236,0.877,2.069140335428747
50,0.05,237,0.9321,2.4200956850854314
50,0.05,238,0.9859,3.178646667814561
50,0.05,239,0.87337,2.0501071318269597
50,0.05,240,0.91702,2.310580622245978
50,0.05,241,0.96573,2.7693002313708712
50,0.05,242,0.95212,2.601915059929576
50,0.05,243,0.93888,2.475550077774522
50,0.05,244,0.96163,2.7138914877036435
50,0.05,245,0.97811,2.979268788764028
50,0.05,246,0.98154,3.05458162911328
50,0.05,247,0.99587,3.656177268131122
50,0.05,248,0.97775,2.9728955455571526
50,0.05,249,0.78637,1.6898779926580498
50,0.05,250,0.95766,2.665153967059254
50,0.05,251,0.92823,2.3917183732457206
50,0.05,252,0.97125,2.854387849407053
50,0.05,253,0.95251,2.607228334746083
50,0.05,254,0.99011,3.3201789507922816
50,0.05,255,0.97718,2.9629347186502564
50,0.05,256,0.95014,2.581927263903599
50,0.05,257,0.94778,2.554710562316796
50,0.05,258,0.9787,2.991292309399554
50,0.05,259,0.89137,2.1477511305637864
50,0.05,260,0.94248,2.5063986015767363
50,0.05,261,0.98383,3.121704706960608
50,0.05,262,0.92546,2.3714713812849983
50,0.05,263,0.9244,2.3624243468543082
50,0.05,264,0.95905,2.6818456241868525
50,0.05,265,0.99295,3.4485664419937114
50,0.05,266,0.98635,3.1944418534647134
50,0.05,267,0.94362,2.516430745476957
50,0.05,268,0.938,2.467769001839525
50,0.05,269,0.96374,2.7421260018305187
50,0.05,270,0.96642,2.77867217199638
50,0.05,271,0.98034,3.025706155906025
50,0.05,272,0.96861,2.807978764712477
50,0.05,273,0.97643,2.9448635077092473
50,0.05,274,0.96059,2.699228538004333
50,0.05,275,0.93464,2.441010712256912
50,0.05,276,0.97568,2.9300625117559
50,0.05,277,0.9412,2.4950475547120146
50,0.05,278,0.94196,2.5025420955113815
50,0.05,279,0.99234,3.4204392251369944
50,0.05,280,0.95484,2.6351678067404247
50,0.05,281,0.91501,2.2975869541842253
50,0.05,282,0.97483,2.9140149519716423
50,0.05,283,0.98677,3.2083990806707092
50,0.05,284,0.99347,3.485309742610542
50,0.05,285,0.99483,3.573702947243775
50,0.05,286,0.97655,2.947713774549328
50,0.05,287,0.92916,2.3984281351743393
50,0.05,288,0.99232,3.41857931535952
50,0.05,289,0.95344,2.617282949437953
50,0.05,290,0.99334,3.477973945235565
50,0.05,291,0.85629,1.9697184653416375
50,0.05,292,0.98359,3.1160486078506833
50,0.05,293,0.97698,2.9576994424989365
50,0.05,294,0.9547,2.632777724090712
50,0.05,295,0.89923,2.195776445582287
50,0.05,296,0.91463,2.295008457187844
50,0.05,297,0.98892,3.268201459363341
50,0.05,298,0.95326,2.6152493571436666
50,0.05,299,0.9622,2.7217162725061166
50,0.05,300,0.97833,2.984646043940404
50,0.05,301,0.97549,2.927145239030404
50,0.05,302,0.88356,2.10383349154001
50,0.05,303,0.96669,2.782816415726113
50,0.05,304,0.96183,2.7169387153699285
50,0.05,305,0.96045,2.6975224235055135
50,0.05,306,0.93604,2.451958780704406
50,0.05,307,0.94505,2.529273617932291
50,0.05,308,0.97685,2.9550686291517967
50,0.05,309,0.99308,3.460195104844102
50,0.05,310,0.96186,2.7173492600161504
50,0.05,311,0.95734,2.6603435677075664
50,0.05,312,0.99328,3.4719563475304556
50,0.05,313,0.99732,3.797658856218252
50,0.05,314,0.97152,2.858693748991138
50,0.05,315,0.97717,2.9625369754045705
50,0.05,316,0.98594,3.181481596807205
50,0.05,317,0.98658,3.200339544780873
50,0.05,318,0.9562,2.6489253567662585
50,0.05,319,0.94274,2.5087032085132845
50,0.05,320,0.98002,3.0191913226932723
50,0.05,321,0.96452,2.7538115330165804
50,0.05,322,0.9812,3.0465252637811657
50,0.05,323,0.96607,2.7735765940665553
50,0.05,324,0.96968,2.826914777716898
50,0.05,325,0.90268,2.216583109063316
50,0.05,326,0.96233,2.7231340708863874
50,0.05,327,0.96022,2.694235206843213
50,0.05,328,0.9168,2.308651738529456
50,0.05,329,0.99556,3.6247645906551145
50,0.05,330,0.92493,2.3660623537562313
50,0.05,331,0.96254,2.725732631543183
50,0.05,332,0.95749,2.662317797548659
50,0.05,333,0.92959,2.401778232813618
50,0.05,334,0.97653,2.946878494609753
50,0.05,335,0.98534,3.1628098306266326
50,0.05,336,0.96776,2.796235086206398
50,0.05,337,0.99234,3.4203858337591226
50,0.05,338,0.98762,3.2318473475522875
50,0.05,339,0.9866,3.20070747515023
50,0.05,340,0.95904,2.6817681071177697
50,0.05,341,0.97758,2.971085142286746
50,0.05,342,0.92844,2.3935545763382016
50,0.05,343,0.97318,2.884636099034945
50,0.05,344,0.94403,2.51991230550636
50,0.05,345,0.99395,3.5158088783750383
50,0.05,346,0.97522,2.923340304270668
50,0.05,347,0.99631,3.687770855191693
50,0.05,348,0.95834,2.672766306614695
50,0.05,349,0.92022,2.3322845449170995
50,0.05,350,0.98004,3.020484265818499
50,0.05,351,0.96026,2.694544511544961
50,0.05,352,0.99173,3.3904051330099376
50,0.05,353,0.96279,2.729437275603102
50,0.05,354,0.97375,2.893868729397532
50,0.05,355,0.89675,2.1784313846574452
50,0.05,356,0.97682,2.9541404740041948
50,0.05,357,0.97283,2.878803927530959
50,0.05,358,0.97454,2.9075515610317857
50,0.05,359,0.95465,2.632142200446353
50,0.05,360,0.98625,3.1908205611375777
50,0.05,361,0.95878,2.6789809460183367
50,0.05,362,0.94067,2.4913325192830844
50,0.05,363,0.98935,3.289919639177901
50,0.05,364,0.95501,2.63761047503909
50,0.05,365,0.97578,2.932861929226539
50,0.05,366,0.89133,2.1475456790575302
50,0.05,367,0.93696,2.4592629631057017
50,0.05,368,0.9666,2.781528089570981
50,0.05,369,0.89873,2.191770945247163
50,0.05,370,0.8852,2.1131675068486544
50,0.05,371,0.94296,2.510597100535599
50,0.05,372,0.98345,3.1089410610724206
50,0.05,373,0.93872,2.474076018219153
50,0.05,374,0.97443,2.905569382410275
50,0.05,375,0.96013,2.6936721017907033
50,0.05,376,0.95947,2.68726809682747
50,0.05,377,0.94211,2.503816986968996
50,0.05,378,0.96336,2.7369777922521235
50,0.05,379,0.93408,2.435772188813635
50,0.05,380,0.97067,2.845139988558087
50,0.05,381,0.94357,2.5160653808452236
50,0.05,382,0.96847,2.805852401953623
50,0.05,383,0.94982,2.577233692971037
50,0.05,384,0.94101,2.4940504763940012
50,0.05,385,0.98029,3.024773319695036
50,0.05,386,0.9524,2.6056269187612977
50,0.05,387,0.95077,2.588748368055274
50,0.05,388,0.97304,2.882416356292218
50,0.05,389,0.99255,3.430292137112922
50,0.05,390,0.98307,3.100435389011316
50,0.05,391,0.96488,2.7583361092193517
50,0.05,392,0.91552,2.3005328579526507
50,0.05,393,0.97586,2.934485065531441
50,0.05,394,0.98322,3.1040502594192323
50,0.05,395,0.97455,2.9077069101589985
50,0.05,396,0.93551,2.4474464042047623
50,0.05,397,0.97191,2.865133183533456
50,0.05,398,0.95718,2.6588021448004304
50,0.05,399,0.96893,2.813462325791817
50,0.05,400,0.9686,2.807266160128229
50,0.05,401,0.93684,2.4585773049907584
50,0.05,402,0.99638,3.6933408904273652
50,0.05,403,0.94912,2.56818702551563
50,0.05,404,0.88026,2.0864104980774942
50,0.05,405,0.96252,2.7255835643440496
50,0.05,406,0.96436,2.751118095137048
50,0.05,407,0.98069,3.0328095816258482
50,0.05,408,0.91405,2.2909649740762106
50,0.05,409,0.95727,2.6595917986738655
50,0.05,410,0.96874,2.8102833022967846
50,0.05,411,0.89695,2.1800315743433707
50,0.05,412,0.95424,2.6269294143668525
50,0.05,413,0.95425,2.6270556235466964
50,0.05,414,0.97603,2.9366226572314815
50,0.05,415,0.91505,2.2979500156972086
50,0.05,416,0.96272,2.728389905591893
50,0.05,417,0.88892,2.133783663420845
50,0.05,418,0.96108,2.7059784470733774
50,0.05,419,0.94324,2.5135851328926475
50,0.05,420,0.9911,3.357266538317565
50,0.05,421,0.9687,2.809328187065301
50,0.05,422,0.98349,3.1117896282697064
50,0.05,423,0.95104,2.591392190636043
50,0.05,424,0.95424,2.626884705870064
50,0.05,425,0.97683,2.9542463644935495
50,0.05,426,0.98182,3.063526457910081
50,0.05,427,0.98625,3.1907624579434604
50,0.05,428,0.96881,2.8119922797668986
50,0.05,429,0.98688,3.2117319683734333
50,0.05,430,0.95869,2.677727496850777
50,0.05,431,0.94226,2.504913912128349
50,0.05,432,0.95529,2.6407767930762756
50,0.05,433,0.95254,2.6074792172968575
50,0.05,434,0.94024,2.4877056554377277
50,0.05,435,0.96049,2.6979033432965838
50,0.05,436,0.81222,1.7842036354368815
50,0.05,437,0.92225,2.346067572797375
50,0.05,438,0.92196,2.344324308016996
50,0.05,439,0.97571,2.930523195420053
50,0.05,440,0.97788,2.9746535939900243
50,0.05,441,0.9816,3.056337806803235
50,0.05,442,0.90693,2.2418182482834927
50,0.05,443,0.99542,3.6145587977205347
50,0.05,444,0.98755,3.2297912979568206
50,0.05,445,0.94563,2.5347393526602673
50,0.05,446,0.96917,2.8181768689327393
50,0.05,447,0.92425,2.361027984012847
50,0.05,448,0.93178,2.416945259497714
50,0.05,449,0.93185,2.4172621471322415
50,0.05,450,0.96801,2.799892162507733
50,0.05,451,0.92711,2.3840737266493166
50,0.05,452,0.97306,2.8828885465539646
50,0.05,453,0.99578,3.6449221564197845
50,0.05,454,0.93506,2.444366690276308
50,0.05,455,0.98428,3.1345248083196435
50,0.05,456,0.97997,3.0179068959832898
50,0.05,457,0.95748,2.662069225752189
50,0.05,458,0.97995,3.0171971574292114
50,0.05,459,0.95765,2.6648433224371493
50,0.05,460,0.94586,2.537564278360773
50,0.05,461,0.96087,2.7034991666234376
50,0.05,462,0.94017,2.4871064960790736
50,0.05,463,0.99451,3.5479065291133374
50,0.05,464,0.96458,2.754509495191885
50,0.05,465,0.98001,3.0188946918398654
50,0.05,466,0.86888,2.0280802306279213
50,0.05,467,0.96964,2.8263029943148874
50,0.05,468,0.97578,2.9329440734612264
50,0.05,469,0.98584,3.1768829174195563
50,0.05,470,0.89925,2.1960618240995835
50,0.05,471,0.95723,2.659112957318481
50,0.05,472,0.88954,2.13796820064863
50,0.05,473,0.86928,2.029668131896234
50,0.05,474,0.98493,3.151010106627737
50,0.05,475,0.97319,2.8850214530118676
50,0.05,476,0.96212,2.7205284923034427
50,0.05,477,0.92377,2.35757841603651
50,0.05,478,0.97102,2.8510772344186472
50,0.05,479,0.99825,3.952879495326846
50,0.05,480,0.96297,2.731417824430365
50,0.05,481,0.9171,2.3113080293894837
50,0.05,482,0.94451,2.5243838582217557
50,0.05,483,0.98641,3.196228808214407
50,0.05,484,0.9794,3.00811748641742
50,0.05,485,0.97246,2.873000638833383
50,0.05,486,0.96991,2.8307327493211947
50,0.05,487,0.936,2.451196064245002
50,0.05,488,0.98175,3.060922696783262
50,0.05,489,0.96828,2.8032657070248908
50,0.05,490,0.98292,3.0963950156222158
50,0.05,491,0.95773,2.6659994879265465
50,0.05,492,0.93872,2.4741199076214384
50,0.05,493,0.98866,3.2618500311355714
50,0.05,494,0.94069,2.491505162449005
50,0.05,495,0.96241,2.724067026162252
50,0.05,496,0.92427,2.3611804204963343
50,0.05,497,0.92783,2.389360136544196
50,0.05,498,0.9763,2.942442883594737
50,0.05,499,0.98456,3.1418945638586218
50,0.05,500,0.9833,3.1056280313068596
50,0.05,501,0.97969,3.0134219582951096
50,0.05,502,0.94207,2.503495740804876
50,0.05,503,0.94477,2.5266839962816228
50,0.05,504,0.97343,2.889401451059925
50,0.05,505,0.99503,3.583898321151217
50,0.05,506,0.98906,3.2754148181974974
50,0.05,507,0.98879,3.2647479297822075
50,0.05,508,0.98719,3.218348915627752
50,0.05,509,0.97247,2.8731948019426214
50,0.05,510,0.98062,3.030781633741778
50,0.05,511,0.96785,2.798219629586117
50,0.05,512,0.95757,2.663471257694363
50,0.05,513,0.96443,2.752071197689746
50,0.05,514,0.99683,3.733916287094614
50,0.05,515,0.98064,3.031573122752416
50,0.05,516,0.9794,3.008118216775907
50,0.05,517,0.97575,2.9317422337086074
50,0.05,518,0.96731,2.7907733431777237
50,0.05,519,0.95726,2.6594605453026965
50,0.05,520,0.97449,2.9066787863655885
50,0.05,521,0.95454,2.630456202323008
50,0.05,522,0.9283,2.3922169635898296
50,0.05,523,0.93639,2.454623601345384
50,0.05,524,0.92214,2.345262838682412
50,0.05,525,0.98894,3.269820998833819
50,0.05,526,0.9851,3.155275840811625
50,0.05,527,0.96832,2.803945172414332
50,0.05,528,0.94806,2.5568688040003615
50,0.05,529,0.95054,2.5864855522496035
50,0.05,530,0.926,2.3763792335500105
50,0.05,531,0.96371,2.741272593285169
50,0.05,532,0.99162,3.3844269478881888
50,0.05,533,0.95724,2.659266580452625
50,0.05,534,0.98721,3.2193496744068866
50,0.05,535,0.96875,2.8111867769125407
50,0.05,536,0.98347,3.1109150026051786
50,0.05,537,0.96492,2.758810532465497
50,0.05,538,0.97535,2.9252511679770277
50,0.05,539,0.96397,2.745853723653722
50,0.05,540,0.99393,3.5155650863794246
50,0.05,541,0.9828,3.0934098604254228
50,0.05,542,0.99798,3.8931106435532525
50,0.05,543,0.98444,3.138494264247107
50,0.05,544,0.96444,2.752255562636704
50,0.05,545,0.94289,2.5100829571558987
50,0.05,546,0.97562,2.9291277216496834
50,0.05,547,0.96454,2.7540090844191933
50,0.05,548,0.98103,3.0400711505304896
50,0.05,549,0.98199,3.0675986749761175
50,0.05,550,0.97706,2.9605823351224756
50,0.05,551,0.97346,2.8900667574282397
50,0.05,552,0.97129,2.855013062207463
50,0.05,553,0.95018,2.5822335728166848
50,0.05,554,0.93791,2.4666046329602977
50,0.05,555,0.96519,2.7622236921247536
50,0.05,556,0.98503,3.153402378309661
50,0.05,557,0.98829,3.253458949230393
50,0.05,558,0.95737,2.66080290511651
50,0.05,559,0.99515,3.588464172766765
50,0.05,560,0.98312,3.1020160066984963
50,0.05,561,0.99001,3.314192977345739
50,0.05,562,0.9686,2.807281048351326
50,0.05,563,0.94554,2.5334618956844954
50,0.05,564,0.99334,3.4772752774361253
50,0.05,565,0.89816,2.1880591952099318
50,0.05,566,0.97912,3.0015410104332467
50,0.05,567,0.92921,2.3990508259529917
50,0.05,568,0.98415,3.1316051256661153
50,0.05,569,0.98859,3.2595774634638173
50,0.05,570,0.94172,2.499960793556432
50,0.05,571,0.96272,2.7284619274063977
50,0.05,572,0.97022,2.836572984246412
50,0.05,573,0.96033,2.6961874665812178
50,0.05,574,0.98534,3.1627198760134902
50,0.05,575,0.97512,2.919930865659046
50,0.05,576,0.96664,2.7821590256335895
50,0.05,577,0.99783,3.8734145955219703
50,0.05,578,0.93926,2.477887952667654
50,0.05,579,0.97853,2.9878780192134786
50,0.05,580,0.93669,2.456600517333017
50,0.05,581,0.98154,3.0543840078263003
50,0.05,582,0.97388,2.8960531888623606
50,0.05,583,0.99352,3.4872127059045575
50,0.05,584,0.96694,2.7862240224897947
50,0.05,585,0.96248,2.7248422263878744
50,0.05,586,0.96512,2.761302437675502
50,0.05,587,0.9755,2.9273627966461637
50,0.05,588,0.92286,2.350897988012481
50,0.05,589,0.97743,2.9680986205458404
50,0.05,590,0.91536,2.299693061106759
50,0.05,591,0.98188,3.0656565027317493
50,0.05,592,0.99111,3.357559304875745
50,0.05,593,0.94133,2.4963596680014195
50,0.05,594,0.97099,2.8505609280826745
50,0.05,595,0.91224,2.27955627974382
50,0.05,596,0.96848,2.805946372627467
50,0.05,597,0.97184,2.8631985914733598
50,0.05,598,0.94029,2.4882642012785214
50,0.05,599,0.92117,2.3389403396715305
50,0.05,600,0.90727,2.2442904012807388
50,0.05,601,0.90129,2.207427326235451
50,0.05,602,0.9851,3.15507427523796
50,0.05,603,0.91349,2.2876494103416047
50,0.05,604,0.99303,3.456630889550426
50,0.05,605,0.92449,2.362995598567128
50,0.05,606,0.92147,2.340500077663762
50,0.05,607,0.97328,2.8876288866562256
50,0.05,608,0.92984,2.403226846185472
50,0.05,609,0.98283,3.0939086472923205
50,0.05,610,0.97838,2.985608747028752
50,0.05,611,0.96555,2.7673610312018773
50,0.05,612,0.97385,2.895304993442211
50,0.05,613,0.94365,2.516539933715411
50,0.05,614,0.97399,2.897735266919468
50,0.05,615,0.9658,2.770336448341854
50,0.05,616,0.93185,2.4172789133836208
50,0.05,617,0.95826,2.6713684661500556
50,0.05,618,0.93127,2.4131994515862365
50,0.05,619,0.94448,2.523891516918608
50,0.05,620,0.96567,2.7689727292277713
50,0.05,621,0.97344,2.8894273625716718
50,0.05,622,0.97704,2.9600028646912593
50,0.05,623,0.97487,2.9149644088129483
50,0.05,624,0.97388,2.8958354171849425
50,0.05,625,0.927,2.383058136166536
50,0.05,626,0.9766,2.949194162879174
50,0.05,627,0.96059,2.6996210281936546
50,0.05,628,0.97444,2.9058067978000817
50,0.05,629,0.98534,3.1626868963591073
50,0.05,630,0.98909,3.2762267801706004
50,0.05,631,0.95068,2.5878146436349434
50,0.05,632,0.97478,2.9127977968897394
50,0.05,633,0.95957,2.688462149508756
50,0.05,634,0.96146,2.711057450745093
50,0.05,635,0.9094,2.2584635167865175
50,0.05,636,0.95582,2.6448780517970354
50,0.05,637,0.97365,2.8925637177199564
50,0.05,638,0.98537,3.1631495618285235
50,0.05,639,0.9811,3.0422105531842134
50,0.05,640,0.98783,3.2383780457955047
50,0.05,641,0.96113,2.706533890506219
50,0.05,642,0.99249,3.4274551665456454
50,0.05,643,0.99144,3.3731354235290656
50,0.05,644,0.85938,1.9839909098529822
50,0.05,645,0.94622,2.540396219989711
50,0.05,646,0.96138,2.710326331512171
50,0.05,647,0.9904,3.327986002287228
50,0.05,648,0.82911,1.8498743581552486
50,0.05,649,0.95405,2.6243803015164504
50,0.05,650,0.97186,2.8638920011800213
50,0.05,651,0.9432,2.51268150850096
50,0.05,652,0.91813,2.316913563781829
50,0.05,653,0.99297,3.450178074926054
50,0.05,654,0.94224,2.5046188111187178
50,0.05,655,0.94781,2.5551241119332797
50,0.05,656,0.98194,3.0665118723267324
50,0.05,657,0.99332,3.475564202197407
50,0.05,658,0.95107,2.591652304331731
50,0.05,659,0.97892,2.997056959272124
50,0.05,660,0.97402,2.898352557616598
50,0.05,661,0.89225,2.1529272117521456
50,0.05,662,0.98676,3.2078309157144296
50,0.05,663,0.92687,2.3820805599889048
50,0.05,664,0.96534,2.764661352368856
50,0.05,665,0.98624,3.18930878970652
50,0.05,666,0.99072,3.3407339446673237
50,0.05,667,0.96489,2.7583889754215214
50,0.05,668,0.98109,3.041887397672788
50,0.05,669,0.97548,2.9270920293467446
50,0.05,670,0.95745,2.661801640652209
50,0.05,671,0.98313,3.1023332858256607
50,0.05,672,0.99042,3.3293048525685904
50,0.05,673,0.98963,3.302445162259647
50,0.05,674,0.98189,3.0657471696370453
50,0.05,675,0.99463,3.5598168156483525
50,0.05,676,0.96371,2.7415434649944435
50,0.05,677,0.99066,3.3387146163473047
50,0.05,678,0.9855,3.165837282597969
50,0.05,679,0.97451,2.9069110832352294
50,0.05,680,0.94324,2.5134631856011507
50,0.05,681,0.95765,2.6648443364284753
50,0.05,682,0.98747,3.226314523530257
50,0.05,683,0.94342,2.5148574375677204
50,0.05,684,0.98443,3.138141044418039
50,0.05,685,0.99206,3.4049981885865495
50,0.05,686,0.98025,3.02430122175299
50,0.05,687,0.95824,2.6712263383995136
50,0.05,688,0.98818,3.2520995870011955
50,0.05,689,0.95957,2.68857341367989
50,0.05,690,0.96285,2.729899466558949
50,0.05,691,0.9662,2.7754449171004865
50,0.05,692,0.99267,3.4366798413178983
50,0.05,693,0.90785,2.248160778520007
50,0.05,694,0.96503,2.7605973610956624
50,0.05,695,0.9912,3.362906149663913
50,0.05,696,0.97616,2.9395251804781912
50,0.05,697,0.96163,2.714032473479213
50,0.05,698,0.94649,2.5429696933422594
50,0.05,699,0.96601,2.7729064972173014
50,0.05,700,0.98115,3.044312784100832
50,0.05,701,0.98111,3.043001664765578
50,0.05,702,0.9551,2.6388098937920534
50,0.05,703,0.95064,2.5872993002723823
50,0.05,704,0.97643,2.9447302778989233
50,0.05,705,0.95761,2.6638360182288108
50,0.05,706,0.93568,2.4488232521882245
50,0.05,707,0.94562,2.5340156396584863
50,0.05,708,0.96003,2.6929494798291596
50,0.05,709,0.98108,3.041248379450359
50,0.05,710,0.96223,2.722150662021655
50,0.05,711,0.97995,3.01706048560379
50,0.05,712,0.96778,2.7968713436654022
50,0.05,713,0.98357,3.1157706345705214
50,0.05,714,0.96395,2.74560063485003
50,0.05,715,0.88589,2.1169241310032323
50,0.05,716,0.98436,3.1362800071218304
50,0.05,717,0.96732,2.790818511403457
50,0.05,718,0.92606,2.377005888564112
50,0.05,719,0.98201,3.068203924495683
50,0.05,720,0.98344,3.1088470188671646
50,0.05,721,0.96455,2.7541284508849198
50,0.05,722,0.94866,2.5630886805364255
50,0.05,723,0.98278,3.092234383200888
50,0.05,724,0.96737,2.7914905751366335
50,0.05,725,0.99727,3.7913682775249775
50,0.05,726,0.98576,3.175433014128664
50,0.05,727,0.9556,2.6430920471157027
50,0.05,728,0.93524,2.445647081848276
50,0.05,729,0.92721,2.384556500856973
50,0.05,730,0.98157,3.055038209806421
50,0.05,731,0.96488,2.7581033467948175
50,0.05,732,0.97576,2.9321005843278694
50,0.05,733,0.91299,2.2845401292299723
50,0.05,734,0.96692,2.786028581573869
50,0.05,735,0.99465,3.561643952750422
50,0.05,736,0.96725,2.7901507561714562
50,0.05,737,0.97674,2.95196185321943
50,0.05,738,0.96776,2.7962407883926526
50,0.05,739,0.96201,2.719257527232724
50,0.05,740,0.99268,3.4388441220487267
50,0.05,741,0.95453,2.629804054015014
50,0.05,742,0.97025,2.837178392219862
50,0.05,743,0.93455,2.4405239084299093
50,0.05,744,0.96241,2.7239994086539756
50,0.05,745,0.97512,2.920660351818762
50,0.05,746,0.90098,2.205574439423008
50,0.05,747,0.96945,2.8231884998796657
50,0.05,748,0.92484,2.3650656350271326
50,0.05,749,0.90827,2.251701467227096
50,0.05,750,0.98354,3.1127630150553713
50,0.05,751,0.94984,2.5777073471973777
50,0.05,752,0.97821,2.981819177013293
50,0.05,753,0.98748,3.2269578279627753
50,0.05,754,0.9768,2.953713234566062
50,0.05,755,0.96503,2.760567391625537
50,0.05,756,0.98242,3.0810528516672875
50,0.05,757,0.96336,2.7369763998462844
50,0.05,758,0.99019,3.3219647366483858
50,0.05,759,0.98844,3.2572437767985454
50,0.05,760,0.97399,2.8976068196080282
50,0.05,761,0.95949,2.6877658497728314
50,0.05,762,0.98405,3.1281202281675786
50,0.05,763,0.87266,2.046127582603636
50,0.05,764,0.96412,2.7466053877115337
50,0.05,765,0.90268,2.216560822113877
50,0.05,766,0.96334,2.736562300467284
50,0.05,767,0.96962,2.8257315943226273
50,0.05,768,0.99364,3.4962057730210514
50,0.05,769,0.96922,2.8189722489977362
50,0.05,770,0.98328,3.1052228766978187
50,0.05,771,0.96123,2.7078348901412
50,0.05,772,0.96421,2.7484755684860858
50,0.05,773,0.96566,2.7688208051276333
50,0.05,774,0.93484,2.442507455309874
50,0.05,775,0.92086,2.3365929470033384
50,0.05,776,0.92986,2.403315820755612
50,0.05,777,0.90837,2.2525277828884853
50,0.05,778,0.95795,2.6687005734268565
50,0.05,779,0.95045,2.585273039519913
50,0.05,780,0.97446,2.9064055422139874
50,0.05,781,0.99522,3.5964733154337387
50,0.05,782,0.96226,2.722366688202481
50,0.05,783,0.97862,2.989592598720474
50,0.05,784,0.95669,2.6540224402276693
50,0.05,785,0.98075,3.0344257953701943
50,0.05,786,0.94387,2.518184158890693
50,0.05,787,0.9797,3.013817741536838
50,0.05,788,0.99085,3.345068990344582
50,0.05,789,0.93601,2.451611182347951
50,0.05,790,0.98066,3.031873155010801
50,0.05,791,0.96085,2.703008420509983
50,0.05,792,0.8974,2.1832407086191044
50,0.05,793,0.96439,2.751592661483107
50,0.05,794,0.98762,3.231976118019742
50,0.05,795,0.98318,3.1034559568114766
50,0.05,796,0.9869,3.2125347636095567
50,0.05,797,0.96074,2.701199691748945
50,0.05,798,0.96961,2.8254486314681047
50,0.05,799,0.99208,3.4058108307597688
50,0.05,800,0.98936,3.2906213044060015
50,0.05,801,0.96197,2.71884088663602
50,0.05,802,0.99683,3.7360745843613
50,0.05,803,0.99183,3.3975314979312423
50,0.05,804,0.88121,2.0922207890780427
50,0.05,805,0.99818,3.933527388633692
50,0.05,806,0.93652,2.4552525916789087
50,0.05,807,0.95763,2.664689258346576
50,0.05,808,0.98357,3.1156612225730074
50,0.05,809,0.99531,3.6066147233553947
50,0.05,810,0.95461,2.6313581750041184
50,0.05,811,0.93545,2.4472231664166517
50,0.05,812,0.95576,2.644652157283826
50,0.05,813,0.97096,2.850153491087207
50,0.05,814,0.98552,3.167615845845612
50,0.05,815,0.97967,3.012841920274999
50,0.05,816,0.98236,3.079153752514668
50,0.05,817,0.9787,2.990454147525245
50,0.05,818,0.94918,2.568942635621463
50,0.05,819,0.95394,2.623468280072955
50,0.05,820,0.98269,3.0896884691829567
50,0.05,821,0.97016,2.835309687144353
50,0.05,822,0.98739,3.2242532718327688
50,0.05,823,0.95242,2.606162005084322
50,0.05,824,0.95095,2.5904569558658266
50,0.05,825,0.98211,3.0726350282862454
50,0.05,826,0.96994,2.8320900205496655
50,0.05,827,0.98785,3.2393623110190166
50,0.05,828,0.96032,2.6957083989003063
50,0.05,829,0.97688,2.955855254821756
50,0.05,830,0.98956,3.2993607818425246
50,0.05,831,0.96954,2.8245780547384425
50,0.05,832,0.9517,2.5971682206162443
50,0.05,833,0.99344,3.483464946952676
50,0.05,834,0.96603,2.7731072712296836
50,0.05,835,0.96828,2.8034335216601938
50,0.05,836,0.95493,2.6360243980388245
50,0.05,837,0.9564,2.651082964533755
50,0.05,838,0.9766,2.94942520732472
50,0.05,839,0.93481,2.4423959873536263
50,0.05,840,0.92954,2.4014955485938976
50,0.05,841,0.9686,2.807482863661754
50,0.05,842,0.95591,2.64587164958587
50,0.05,843,0.91392,2.290193108233206
50,0.05,844,0.94557,2.533715873626771
50,0.05,845,0.99263,3.4354204255755034
50,0.05,846,0.96242,2.7241505098515812
50,0.05,847,0.99314,3.464246696901471
50,0.05,848,0.91084,2.2699854118955574
50,0.05,849,0.97101,2.850794181982132
50,0.05,850,0.97168,2.8615504943046757
50,0.05,851,0.9728,2.8784586885466874
50,0.05,852,0.96785,2.7982158170055507
50,0.05,853,0.98637,3.1952902935881404
50,0.05,854,0.94733,2.5510110468841636
50,0.05,855,0.96512,2.7613315222911927
50,0.05,856,0.98586,3.17721360922148
50,0.05,857,0.89265,2.1554774971398465
50,0.05,858,0.98267,3.088761918250698
50,0.05,859,0.95035,2.5838504679695835
50,0.05,860,0.98033,3.02535951644537
50,0.05,861,0.91006,2.263661578661867
50,0.05,862,0.97549,2.9271422470450714
50,0.05,863,0.96376,2.7422711426202757
50,0.05,864,0.97591,2.934726845873166
50,0.05,865,0.98238,3.0798330133749925
50,0.05,866,0.98573,3.17454302477764
50,0.05,867,0.96184,2.717007878154421
50,0.05,868,0.92954,2.4014624016876738
50,0.05,869,0.95013,2.581628203688541
50,0.05,870,0.93081,2.4103753593129458
50,0.05,871,0.96188,2.7175754137827237
50,0.05,872,0.98607,3.184940298880437
50,0.05,873,0.95858,2.6767370872703053
50,0.05,874,0.98246,3.081958336869673
50,0.05,875,0.9877,3.233902849069407
50,0.05,876,0.98508,3.1543121530552733
50,0.05,877,0.9443,2.522200160530497
50,0.05,878,0.95251,2.6071623042991283
50,0.05,879,0.9645,2.7536272896684295
50,0.05,880,0.94172,2.5002251354164526
50,0.05,881,0.99234,3.4206429223715804
50,0.05,882,0.98321,3.1038424489318794
50,0.05,883,0.97644,2.9450187552573612
50,0.05,884,0.95193,2.600163753833838
50,0.05,885,0.97274,2.877560152507118
50,0.05,886,0.93617,2.4532967936370325
50,0.05,887,0.98951,3.2967843464664757
50,0.05,888,0.98718,3.217626888962756
50,0.05,889,0.99285,3.444989231847357
50,0.05,890,0.92674,2.380973384268705
50,0.05,891,0.97862,2.9892004081371537
50,0.05,892,0.9252,2.3685003068678285
50,0.05,893,0.97186,2.864285226378359
50,0.05,894,0.99363,3.496199783670338
50,0.05,895,0.98645,3.197125062352204
50,0.05,896,0.98097,3.0387487106898066
50,0.05,897,0.98142,3.05095481725969
50,0.05,898,0.98218,3.0742060724021147
50,0.05,899,0.99307,3.4598533435762318
50,0.05,900,0.94936,2.5709411115126657
50,0.05,901,0.99483,3.5737382729941536
50,0.05,902,0.96708,2.7875048922563277
50,0.05,903,0.97375,2.894083568941999
50,0.05,904,0.95743,2.661458850350085
50,0.05,905,0.96295,2.7311299518156282
50,0.05,906,0.95188,2.599124630358795
50,0.05,907,0.93427,2.437696197833249
50,0.05,908,0.92574,2.374146817796216
50,0.05,909,0.98739,3.2242215152213145
50,0.05,910,0.92993,2.403919690768581
50,0.05,911,0.9454,2.531953658860074
50,0.05,912,0.99714,3.7724355909336924
50,0.05,913,0.9713,2.8554426100941246
50,0.05,914,0.89652,2.1770100037610236
50,0.05,915,0.9792,3.0040287483005805
50,0.05,916,0.97461,2.909808648757008
50,0.05,917,0.98487,3.1495456565323487
50,0.05,918,0.91918,2.323672412252507
50,0.05,919,0.95723,2.6591543424272084
50,0.05,920,0.98718,3.2178443001276293
50,0.05,921,0.94153,2.497875507258052
50,0.05,922,0.94142,2.497140234488864
50,0.05,923,0.96331,2.7356778480562487
50,0.05,924,0.98073,3.033469726963039
50,0.05,925,0.93569,2.448957321351119
50,0.05,926,0.97743,2.968093050082339
50,0.05,927,0.97572,2.9309883470409925
50,0.05,928,0.97083,2.847853204483128
50,0.05,929,0.92769,2.38788682945647
50,0.05,930,0.98467,3.145370591385177
50,0.05,931,0.95755,2.662942691872802
50,0.05,932,0.98529,3.160983790765658
50,0.05,933,0.98257,3.0860233711278036
50,0.05,934,0.91882,2.321051838980326
50,0.05,935,0.97068,2.8452547144634557
50,0.05,936,0.96732,2.7909068958192855
50,0.05,937,0.94477,2.5266622552672047
50,0.05,938,0.85679,1.9718265519410356
50,0.05,939,0.97627,2.942064085458638
50,0.05,940,0.9097,2.26081131471469
50,0.05,941,0.98289,3.0960285869186315
50,0.05,942,0.95749,2.662152964471414
50,0.05,943,0.95018,2.582228026023022
50,0.05,944,0.99801,3.8970632779396683
50,0.05,945,0.90556,2.2338996889712606
50,0.05,946,0.96276,2.7289986776322395
50,0.05,947,0.93822,2.46987151514717
50,0.05,948,0.9821,3.0723507477783416
50,0.05,949,0.9921,3.4064642398370535
50,0.05,950,0.97183,2.8630860969907714
50,0.05,951,0.98545,3.1654728780176202
50,0.05,952,0.93208,2.4197454430889644
50,0.05,953,0.95867,2.6774268335861207
50,0.05,954,0.96211,2.72031546748474
50,0.05,955,0.96488,2.7581667067738227
50,0.05,956,0.97966,3.012508131112101
50,0.05,957,0.9507,2.58812474321248
50,0.05,958,0.96718,2.788699035320035
50,0.05,959,0.95281,2.6101172362575533
50,0.05,960,0.96197,2.7184838587349134
50,0.05,961,0.95215,2.6024541311168474
50,0.05,962,0.93273,2.4255962660683217
50,0.05,963,0.98229,3.076114016010794
50,0.05,964,0.94224,2.504553154375418
50,0.05,965,0.97019,2.8356425812998265
50,0.05,966,0.95392,2.623080500628469
50,0.05,967,0.98658,3.200519569288264
50,0.05,968,0.97079,2.8470427639400806
50,0.05,969,0.96635,2.7772953384306915
50,0.05,970,0.93434,2.438174528647789
50,0.05,971,0.9772,2.9631080760400494
50,0.05,972,0.92332,2.354130225641967
50,0.05,973,0.89175,2.14987878970417
50,0.05,974,0.98083,3.0361136038977605
50,0.05,975,0.96417,2.7478465269947145
50,0.05,976,0.9514,2.5941608929210425
50,0.05,977,0.98108,3.041273517412364
50,0.05,978,0.9394,2.4792000480628644
50,0.05,979,0.9547,2.6325364315305184
50,0.05,980,0.96339,2.737244624014945
50,0.05,981,0.96573,2.7692461471845684
50,0.05,982,0.97665,2.9499915141400916
50,0.05,983,0.96435,2.75067035886117
50,0.05,984,0.96872,2.809898447700393
50,0.05,985,0.9545,2.629385628721397
50,0.05,986,0.96887,2.8127604582247723
50,0.05,987,0.94813,2.557690883491785
50,0.05,988,0.97066,2.845075395768075
50,0.05,989,0.97718,2.962893856379304
50,0.05,990,0.94363,2.5164604135842086
50,0.05,991,0.9198,2.3278927361810244
50,0.05,992,0.97506,2.9192077944423755
50,0.05,993,0.94845,2.560879435786058
50,0.05,994,0.92043,2.3341827855525734
50,0.05,995,0.94954,2.573250685045803
50,0.05,996,0.9855,3.16579381402626
50,0.05,997,0.92491,2.3656987859034735
50,0.05,998,0.8881,2.128822723417845
50,0.05,999,0.98068,3.0326334714953056
50,0.1,0,0.868,2.0233562106795744
50,0.1,1,0.76227,1.6071047726034529
50,0.1,2,0.94073,2.4919318602917264
50,0.1,3,0.95479,2.6342705161326547
50,0.1,4,0.8759,2.063710086488547
50,0.1,5,0.9192,2.323818116972329
50,0.1,6,0.91564,2.3014355174751975
50,0.1,7,0.88313,2.101699549932579
50,0.1,8,0.88467,2.1096333243139007
50,0.1,9,0.82951,1.851401800153361
50,0.1,10,0.80721,1.7654656066972572
50,0.1,11,0.84386,1.9121663428061466
50,0.1,12,0.93247,2.42287905542246
50,0.1,13,0.94263,2.5077982282957354
50,0.1,14,0.9426,2.507577123723208
50,0.1,15,0.91655,2.3067767665359185
50,0.1,16,0.85362,1.957207282838505
50,0.1,17,0.95777,2.6669828547249383
50,0.1,18,0.91345,2.2873934971753678
50,0.1,19,0.93449,2.439644125026054
50,0.1,20,0.90939,2.258406345474348
50,0.1,21,0.88996,2.1399368279166655
50,0.1,22,0.8652,2.0097503753072288
50,0.1,23,0.89038,2.142719172091274
50,0.1,24,0.91209,2.278240604121558
50,0.1,25,0.90138,2.2077483658090564
50,0.1,26,0.91693,2.309852247272465
50,0.1,27,0.92373,2.3571563479466366
50,0.1,28,0.82799,1.845592808785408
50,0.1,29,0.95241,2.6057343097994754
50,0.1,30,0.83691,1.8834724543067254
50,0.1,31,0.86057,1.989112268300771
50,0.1,32,0.96054,2.698420531190315
50,0.1,33,0.96884,2.81228333716391
50,0.1,34,0.92052,2.334977336930004
50,0.1,35,0.96392,2.745159994248949
50,0.1,36,0.87437,2.0556654231688656
50,0.1,37,0.90631,2.238677544554281
50,0.1,38,0.9104,2.265627477827465
50,0.1,39,0.91844,2.318825493099677
50,0.1,40,0.95431,2.6276613869928824
50,0.1,41,0.88107,2.09108190351526
50,0.1,42,0.88515,2.112730533241823
50,0.1,43,0.93204,2.419296156564816
50,0.1,44,0.92464,2.3641187164532353
50,0.1,45,0.91416,2.2915885083199186
50,0.1,46,0.94791,2.5558330119853565
50,0.1,47,0.91519,2.2985393027713727
50,0.1,48,0.89073,2.1445351578683107
50,0.1,49,0.90955,2.2598276628349767
50,0.1,50,0.85156,1.947484058145194
50,0.1,51,0.80206,1.7458043400089376
50,0.1,52,0.88061,2.0884566227866053
50,0.1,53,0.95878,2.678982791849543
50,0.1,54,0.92019,2.332083490600784
50,0.1,55,0.94724,2.550257384322098
50,0.1,56,0.93848,2.471782575841085
50,0.1,57,0.90563,2.234722460746199
50,0.1,58,0.88263,2.0988651174276445
50,0.1,59,0.91755,2.3140752154248174
50,0.1,60,0.91064,2.267830607122165
50,0.1,61,0.83542,1.8773419951419168
50,0.1,62,0.90985,2.261674499136341
50,0.1,63,0.85354,1.9567750051164963
50,0.1,64,0.97179,2.862799624761396
50,0.1,65,0.88505,2.1121630720226277
50,0.1,66,0.8177,1.8054676258237583
50,0.1,67,0.90237,2.2139397524124678
50,0.1,68,0.91045,2.266072383917546
50,0.1,69,0.93927,2.4780191685072985
50,0.1,70,0.93386,2.433583406184014
50,0.1,71,0.93205,2.419478772695591
50,0.1,72,0.93373,2.4322046765504317
50,0.1,73,0.91665,2.3079213695371656
50,0.1,74,0.96548,2.7660643569243195
50,0.1,75,0.78948,1.7016597749218303
50,0.1,76,0.89591,2.1737043167315844
50,0.1,77,0.92832,2.3925723217138515
50,0.1,78,0.94543,2.532484839119258
50,0.1,79,0.90594,2.236749476848149
50,0.1,80,0.85259,1.9520305510128517
50,0.1,81,0.90845,2.2529706771579256
50,0.1,82,0.92019,2.332076424388239
50,0.1,83,0.96951,2.824275245249743
50,0.1,84,0.89182,2.1503219052050766
50,0.1,85,0.83354,1.8693808736357542
50,0.1,86,0.91108,2.2713548479306462
50,0.1,87,0.97392,2.8967543226557213
50,0.1,88,0.951,2.590896639118159
50,0.1,89,0.89724,2.182014007741129
50,0.1,90,0.86466,2.007563379223144
50,0.1,91,0.94873,2.563621730424255
50,0.1,92,0.84768,1.9295329507282943
50,0.1,93,0.93704,2.4601806973227105
50,0.1,94,0.9082,2.2508276425961125
50,0.1,95,0.87355,2.0510374624640124
50,0.1,96,0.87754,2.07183243154564
50,0.1,97,0.949,2.5664773816859117
50,0.1,98,0.92026,2.332784818366289
50,0.1,99,0.95241,2.605730085881432
50,0.1,100,0.91439,2.29332911389318
50,0.1,101,0.84521,1.919000442575773
50,0.1,102,0.94563,2.534586344534415
50,0.1,103,0.94065,2.491262925145369
50,0.1,104,0.94102,2.4941648116142283
50,0.1,105,0.94957,2.573467829601483
50,0.1,106,0.94075,2.492505513026054
50,0.1,107,0.86872,2.0269884472844844
50,0.1,108,0.91822,2.317573104570572
50,0.1,109,0.87249,2.045295293430644
50,0.1,110,0.88923,2.135918444693974
50,0.1,111,0.94618,2.5397520007906498
50,0.1,112,0.76772,1.6251191931403963
50,0.1,113,0.88202,2.0959849425861936
50,0.1,114,0.78962,1.7024251049816526
50,0.1,115,0.88663,2.121043434265008
50,0.1,116,0.95319,2.6141838459201168
50,0.1,117,0.88839,2.130515522084126
50,0.1,118,0.95293,2.611975404858163
50,0.1,119,0.88287,2.100231140815845
50,0.1,120,0.94449,2.5241328822895657
50,0.1,121,0.93902,2.4764875923599616
50,0.1,122,0.91046,2.2661461414685915
50,0.1,123,0.88757,2.1259302039424517
50,0.1,124,0.90911,2.2564578292839474
50,0.1,125,0.94558,2.5338854247669103
50,0.1,126,0.87409,2.054377316869039
50,0.1,127,0.9011,2.206271962371046
50,0.1,128,0.94472,2.5264177553921665
50,0.1,129,0.92348,2.3552712009711185
50,0.1,130,0.92097,2.3373125360072717
50,0.1,131,0.83041,1.8544238707384566
50,0.1,132,0.91238,2.2805636211410274
50,0.1,133,0.95836,2.673324133426493
50,0.1,134,0.88032,2.086694107463186
50,0.1,135,0.89923,2.1958495660335315
50,0.1,136,0.88476,2.1104502903886604
50,0.1,137,0.93119,2.4125877570026444
50,0.1,138,0.91304,2.2847091304261227
50,0.1,139,0.92892,2.3967400786422153
50,0.1,140,0.893,2.157222319383288
50,0.1,141,0.91206,2.2778914646050152
50,0.1,142,0.87985,2.0837712694848536
50,0.1,143,0.89967,2.198472796091337
50,0.1,144,0.89902,2.1943682987010638
50,0.1,145,0.92543,2.370865766545222
50,0.1,146,0.8369,1.883458922055534
50,0.1,147,0.86056,1.9890212846442585
50,0.1,148,0.9172,2.3123079087549194
50,0.1,149,0.90112,2.2063960841979426
50,0.1,150,0.8978,2.186158815340678
50,0.1,151,0.96188,2.717587081082876
50,0.1,152,0.92497,2.366342709224115
50,0.1,153,0.89408,2.163423841565404
50,0.1,154,0.92327,2.3539332538949647
50,0.1,155,0.85638,1.9701715219942244
50,0.1,156,0.94591,2.5380392867447585
50,0.1,157,0.92236,2.347450075447392
50,0.1,158,0.91657,2.3069809787585314
50,0.1,159,0.91176,2.2756581907564097
50,0.1,160,0.86523,2.0098343496023063
50,0.1,161,0.90516,2.230642246338004
50,0.1,162,0.88573,2.115737013492813
50,0.1,163,0.92807,2.3904553687720296
50,0.1,164,0.85095,1.9448933615344213
50,0.1,165,0.94571,2.5356014067944983
50,0.1,166,0.90582,2.236057150587155
50,0.1,167,0.9342,2.436877551081634
50,0.1,168,0.88443,2.1081941309193017
50,0.1,169,0.88378,2.105390006596841
50,0.1,170,0.91333,2.2865253310584963
50,0.1,171,0.96434,2.750480478499064
50,0.1,172,0.88474,2.1102729784976715
50,0.1,173,0.89357,2.1606755869257546
50,0.1,174,0.86219,1.9963629154582043
50,0.1,175,0.90726,2.2440483503366844
50,0.1,176,0.89206,2.1518088434816507
50,0.1,177,0.83794,1.8873595788050426
50,0.1,178,0.84757,1.9292225319477143
50,0.1,179,0.8585,1.9798919600441176
50,0.1,180,0.8824,2.09786229400596
50,0.1,181,0.94918,2.568886438081326
50,0.1,182,0.92509,2.368057740881091
50,0.1,183,0.88448,2.1088452599125014
50,0.1,184,0.87727,2.0707011093493497
50,0.1,185,0.96792,2.799084457543733
50,0.1,186,0.95316,2.613765537808412
50,0.1,187,0.96591,2.772184322143505
50,0.1,188,0.92389,2.3585585916116933
50,0.1,189,0.83621,1.8803548918396555
50,0.1,190,0.8557,1.9669530790687046
50,0.1,191,0.94349,2.5154736251163854
50,0.1,192,0.9241,2.359920573821192
50,0.1,193,0.88752,2.1256835066448074
50,0.1,194,0.90955,2.2599300023043174
50,0.1,195,0.87182,2.041777345233719
50,0.1,196,0.96135,2.709405471585036
50,0.1,197,0.94372,2.517047654671128
50,0.1,198,0.96566,2.768688169086793
50,0.1,199,0.90651,2.2400818883943434
50,0.1,200,0.92902,2.397568966692302
50,0.1,201,0.90827,2.251781832658037
50,0.1,202,0.88778,2.1272364138449813
50,0.1,203,0.94455,2.524619108702722
50,0.1,204,0.92705,2.383439711186921
50,0.1,205,0.85479,1.9629692653900057
50,0.1,206,0.91526,2.2991597048826553
50,0.1,207,0.88567,2.1153396902427968
50,0.1,208,0.86781,2.022605195463629
50,0.1,209,0.86108,1.991204976886184
50,0.1,210,0.9184,2.3186526466068873
50,0.1,211,0.91133,2.2730273816788493
50,0.1,212,0.95919,2.683293334634993
50,0.1,213,0.86057,1.9892032768449557
50,0.1,214,0.94257,2.507421916174743
50,0.1,215,0.94274,2.5087173186530176
50,0.1,216,0.94064,2.4910029495388386
50,0.1,217,0.96339,2.737177130122332
50,0.1,218,0.89832,2.189188291758975
50,0.1,219,0.93469,2.4414433295322975
50,0.1,220,0.86792,2.023109825022319
50,0.1,221,0.859,1.9823686895833972
50,0.1,222,0.90957,2.260216447475766
50,0.1,223,0.94586,2.5375779386469506
50,0.1,224,0.87375,2.0521350116684625
50,0.1,225,0.95838,2.673875507661637
50,0.1,226,0.89175,2.1498374198483075
50,0.1,227,0.88306,2.1012447830695393
50,0.1,228,0.94319,2.5122878354874376
50,0.1,229,0.88483,2.110949691721185
50,0.1,230,0.89912,2.1950872551178513
50,0.1,231,0.90237,2.213951203053595
50,0.1,232,0.94846,2.5612192397380036
50,0.1,233,0.9026,2.215885185919884
50,0.1,234,0.9131,2.285024295250675
50,0.1,235,0.89511,2.1691650448972384
50,0.1,236,0.91946,2.325836865933835
50,0.1,237,0.942,2.5030228154884067
50,0.1,238,0.84342,1.9104947442157345
50,0.1,239,0.80303,1.7493304883278247
50,0.1,240,0.96666,2.7823403597515175
50,0.1,241,0.93801,2.467842412674738
50,0.1,242,0.89484,2.1678786196425217
50,0.1,243,0.83963,1.8940886433734714
50,0.1,244,0.87782,2.0734566889309187
50,0.1,245,0.87662,2.067606182969157
50,0.1,246,0.96965,2.8265075807340274
50,0.1,247,0.8849,2.11131502655203
50,0.1,248,0.89363,2.16097812235245
50,0.1,249,0.90833,2.2522794031948514
50,0.1,250,0.91644,2.3058724111853914
50,0.1,251,0.8779,2.0741017853534793
50,0.1,252,0.89556,2.172045060036076
50,0.1,253,0.93978,2.4831601355371626
50,0.1,254,0.95131,2.5932395592115487
50,0.1,255,0.90373,2.223157665590797
50,0.1,256,0.9387,2.4739818536308062
50,0.1,257,0.874,2.053971658085297
50,0.1,258,0.85556,1.9660013769829747
50,0.1,259,0.91189,2.2768875209110973
50,0.1,260,0.95777,2.6670536381483174
50,0.1,261,0.88437,2.107980739077332
50,0.1,262,0.95976,2.6902735579897032
50,0.1,263,0.97221,2.869692358576952
50,0.1,264,0.8169,1.8028575792446069
50,0.1,265,0.89365,2.1611441621515235
50,0.1,266,0.89193,2.15111683851844
50,0.1,267,0.93997,2.4848963985871455
50,0.1,268,0.93424,2.4372668005761695
50,0.1,269,0.94548,2.5329952448091744
50,0.1,270,0.83659,1.8821027237506858
50,0.1,271,0.8694,2.0301657476342703
50,0.1,272,0.88396,2.106182488910081
50,0.1,273,0.91608,2.303688047431579
50,0.1,274,0.87063,2.035334230066222
50,0.1,275,0.97191,2.8651447902474376
50,0.1,276,0.89844,2.190152386389916
50,0.1,277,0.94563,2.534612896447894
50,0.1,278,0.9068,2.2413411257503695
50,0.1,279,0.90936,2.258276359624004
50,0.1,280,0.88571,2.115623394096194
50,0.1,281,0.88475,2.1103189465113394
50,0.1,282,0.89873,2.1917979102032756
50,0.1,283,0.90902,2.2559353386631193
50,0.1,284,0.90032,2.2019420808948666
50,0.1,285,0.8857,2.11546808101095
50,0.1,286,0.84348,1.9108210967139199
50,0.1,287,0.80897,1.771787813395118
50,0.1,288,0.85509,1.9640401041820497
50,0.1,289,0.8863,2.1190530023988465
50,0.1,290,0.98814,3.250412715241155
50,0.1,291,0.89942,2.196742657679568
50,0.1,292,0.93779,2.4657336542458794
50,0.1,293,0.92993,2.4039944005591147
50,0.1,294,0.95053,2.5864001981897387
50,0.1,295,0.90098,2.2057445887408607
50,0.1,296,0.88588,2.1167374105184504
50,0.1,297,0.88796,2.1279861944580056
50,0.1,298,0.91064,2.268119164832606
50,0.1,299,0.97503,2.917977886963289
50,0.1,300,0.88008,2.085440054971283
50,0.1,301,0.84147,1.9014765469512378
50,0.1,302,0.94129,2.495899266604049
50,0.1,303,0.84893,1.9348521401799814
50,0.1,304,0.8978,2.1861854093403874
50,0.1,305,0.919,2.3223824199062983
50,0.1,306,0.95564,2.6432376510485183
50,0.1,307,0.86554,2.011138354961421
50,0.1,308,0.9403,2.488272299365345
50,0.1,309,0.86402,2.0045275305741654
50,0.1,310,0.95154,2.595729673806055
50,0.1,311,0.9491,2.567826046398897
50,0.1,312,0.9234,2.3547541506903955
50,0.1,313,0.91501,2.2976080930719833
50,0.1,314,0.89249,2.154471129296673
50,0.1,315,0.83139,1.8591250317919044
50,0.1,316,0.92985,2.403295678606658
50,0.1,317,0.93379,2.4329401724791366
50,0.1,318,0.94088,2.4932989542451116
50,0.1,319,0.87362,2.051661444993823
50,0.1,320,0.89675,2.1784507374044324
50,0.1,321,0.87104,2.037716984288343
50,0.1,322,0.92785,2.3894604480483386
50,0.1,323,0.82009,1.8144687249585538
50,0.1,324,0.91285,2.2837800422632464
50,0.1,325,0.93016,2.405706310775398
50,0.1,326,0.90209,2.2121037228095624
50,0.1,327,0.94562,2.534041683301714
50,0.1,328,0.96205,2.7199623099418586
50,0.1,329,0.8273,1.8421984183268363
50,0.1,330,0.96433,2.75023223345691
50,0.1,331,0.86217,1.996189906515505
50,0.1,332,0.96174,2.7148128485268237
50,0.1,333,0.95086,2.5898427381304616
50,0.1,334,0.90809,2.2499696103782405
50,0.1,335,0.85938,1.9840257494750837
50,0.1,336,0.8927,2.155716771393685
50,0.1,337,0.91869,2.3204491183036
50,0.1,338,0.8758,2.0631982385763585
50,0.1,339,0.92769,2.3877821778043766
50,0.1,340,0.8934,2.1594048656977702
50,0.1,341,0.82527,1.8344265177274681
50,0.1,342,0.90556,2.233870907043542
50,0.1,343,0.90608,2.237350531687434
50,0.1,344,0.94156,2.4981679770309233
50,0.1,345,0.84815,1.9313402007441103
50,0.1,346,0.92637,2.37890138887345
50,0.1,347,0.85115,1.9455870717579633
50,0.1,348,0.96622,2.7758898953223516
50,0.1,349,0.91727,2.3126010451780683
50,0.1,350,0.89012,2.1410212761256093
50,0.1,351,0.92884,2.3961703163734986
50,0.1,352,0.91685,2.30903042019119
50,0.1,353,0.99329,3.472481553762199
50,0.1,354,0.91751,2.313918869318821
50,0.1,355,0.90032,2.2018960954997193
50,0.1,356,0.927,2.3830468220945544
50,0.1,357,0.88246,2.098103072885866
50,0.1,358,0.89324,2.1583752626214148
50,0.1,359,0.84195,1.9037303604855733
50,0.1,360,0.96081,2.7025307947073878
50,0.1,361,0.88926,2.1360898575976432
50,0.1,362,0.96212,2.720593020333677
50,0.1,363,0.95103,2.591377497540679
50,0.1,364,0.92321,2.353782186657555
50,0.1,365,0.85998,1.9864212874545335
50,0.1,366,0.91373,2.2888938412588486
50,0.1,367,0.85879,1.9815469425201637
50,0.1,368,0.96878,2.811642767487601
50,0.1,369,0.91997,2.3300558924128523
50,0.1,370,0.9213,2.3395730953464247
50,0.1,371,0.86558,2.011516568559379
50,0.1,372,0.94248,2.5064111309853407
50,0.1,373,0.83204,1.862055647407382
50,0.1,374,0.87343,2.050362572964852
50,0.1,375,0.94622,2.540690235385036
50,0.1,376,0.87794,2.0742871126737716
50,0.1,377,0.88856,2.1317357544898607
50,0.1,378,0.95013,2.5815632832641167
50,0.1,379,0.93941,2.4795141962934135
50,0.1,380,0.93205,2.419450386922765
50,0.1,381,0.9375,2.463614855582456
50,0.1,382,0.9562,2.6487012325084267
50,0.1,383,0.91433,2.2928894705107528
50,0.1,384,0.93581,2.4500109390148914
50,0.1,385,0.83961,1.8940429645566388
50,0.1,386,0.87001,2.03252527705118
50,0.1,387,0.94187,2.501601006362961
50,0.1,388,0.8966,2.177395437995712
50,0.1,389,0.95911,2.6828000364404163
50,0.1,390,0.92377,2.3577826365059975
50,0.1,391,0.89129,2.1473503494010924
50,0.1,392,0.83608,1.8798128086291597
50,0.1,393,0.83944,1.8935537680735457
50,0.1,394,0.87802,2.0745663393372724
50,0.1,395,0.92106,2.337953045194978
50,0.1,396,0.88116,2.0918944171067952
50,0.1,397,0.86412,2.004868236252587
50,0.1,398,0.97638,2.943799429126787
50,0.1,399,0.8919,2.151053073547866
50,0.1,400,0.90055,2.2032108078329733
50,0.1,401,0.88378,2.10533601606613
50,0.1,402,0.95232,2.6043661711918653
50,0.1,403,0.8657,2.012253220733425
50,0.1,404,0.88012,2.0856767403602885
50,0.1,405,0.95545,2.641880536043675
50,0.1,406,0.92875,2.395453448820654
50,0.1,407,0.96023,2.694495535640379
50,0.1,408,0.86453,2.0071096353569255
50,0.1,409,0.91813,2.3169113194336
50,0.1,410,0.90737,2.244837781205565
50,0.1,411,0.91053,2.266736747545739
50,0.1,412,0.89726,2.182103735834662
50,0.1,413,0.90158,2.209136718292207
50,0.1,414,0.78515,1.6857631571543763
50,0.1,415,0.80317,1.7501819702761092
50,0.1,416,0.92708,2.3838653178213534
50,0.1,417,0.91986,2.3282504162429487
50,0.1,418,0.89992,2.1997054010987984
50,0.1,419,0.84663,1.9248284845217891
50,0.1,420,0.85664,1.9711140208093156
50,0.1,421,0.91423,2.292014808324608
50,0.1,422,0.87148,2.0400613660510505
50,0.1,423,0.92513,2.36822866133724
50,0.1,424,0.89885,2.1926862318055216
50,0.1,425,0.8498,1.9399724798544145
50,0.1,426,0.95323,2.614699076557602
50,0.1,427,0.93314,2.4283816964790956
50,0.1,428,0.89949,2.197462559876628
50,0.1,429,0.91662,2.3075884490013454
50,0.1,430,0.90895,2.2554778727404554
50,0.1,431,0.94918,2.5685862611599144
50,0.1,432,0.90809,2.2500032080315915
50,0.1,433,0.89526,2.1705379247883516
50,0.1,434,0.88553,2.1146967888451282
50,0.1,435,0.9535,2.617866658175339
50,0.1,436,0.77344,1.6449763537295432
50,0.1,437,0.91452,2.294194979109432
50,0.1,438,0.89296,2.1567037437452963
50,0.1,439,0.95315,2.6137318407479615
50,0.1,440,0.81108,1.7798905585445264
50,0.1,441,0.8886,2.1319516495389985
50,0.1,442,0.89577,2.1729034884823015
50,0.1,443,0.85691,1.9723541008057197
50,0.1,444,0.91529,2.2993305969701487
50,0.1,445,0.91845,2.318877911768552
50,0.1,446,0.854,1.9588707822333808
50,0.1,447,0.90785,2.2481806690078656
50,0.1,448,0.85144,1.9467700409395188
50,0.1,449,0.88153,2.093364053427127
50,0.1,450,0.91683,2.3089511405561756
50,0.1,451,0.96876,2.8113454898393693
50,0.1,452,0.89721,2.1817258777700403
50,0.1,453,0.81379,1.791021102906225
50,0.1,454,0.89794,2.187126457859567
50,0.1,455,0.8912,2.1470538551858427
50,0.1,456,0.92666,2.3803382258361108
50,0.1,457,0.93219,2.4207665395404523
50,0.1,458,0.95434,2.6280780206084398
50,0.1,459,0.97561,2.928762065056614
50,0.1,460,0.80481,1.7564678315825684
50,0.1,461,0.90936,2.2583310911241
50,0.1,462,0.8677,2.021856775024281
50,0.1,463,0.94413,2.5207893610023664
50,0.1,464,0.87001,2.032610367303862
50,0.1,465,0.89922,2.195703819247041
50,0.1,466,0.93209,2.4200064263754033
50,0.1,467,0.86938,2.029962860994009
50,0.1,468,0.91367,2.2885943312079635
50,0.1,469,0.9288,2.395894365750744
50,0.1,470,0.95415,2.6257019414514793
50,0.1,471,0.92634,2.3786029842677356
50,0.1,472,0.89537,2.171110979740337
50,0.1,473,0.867,2.018876226784028
50,0.1,474,0.85515,1.9644902031949287
50,0.1,475,0.79315,1.714213702819631
50,0.1,476,0.84885,1.9346076091410374
50,0.1,477,0.89649,2.176902225952725
50,0.1,478,0.94578,2.5365632579764887
50,0.1,479,0.95589,2.645573500218434
50,0.1,480,0.9204,2.3333889717253546
50,0.1,481,0.94279,2.5094894043076934
50,0.1,482,0.93195,2.418557163963401
50,0.1,483,0.96059,2.699303739286628
50,0.1,484,0.89114,2.146778843879061
50,0.1,485,0.96758,2.7937520687745208
50,0.1,486,0.83977,1.8946361596414933
50,0.1,487,0.91895,2.3218003324495906
50,0.1,488,0.84048,1.8972939344195314
50,0.1,489,0.95889,2.6802024324474836
50,0.1,490,0.93136,2.4138798213366193
50,0.1,491,0.89262,2.1552419829674783
50,0.1,492,0.90914,2.256664717465271
50,0.1,493,0.86272,1.998348623235274
50,0.1,494,0.92493,2.366083533671345
50,0.1,495,0.86684,2.017943812253087
50,0.1,496,0.93516,2.444742885833617
50,0.1,497,0.70395,1.4309393195437177
50,0.1,498,0.84576,1.9211020781562829
50,0.1,499,0.85748,1.9753886824635833
50,0.1,500,0.88402,2.1064386744571455
50,0.1,501,0.83262,1.864533659806904
50,0.1,502,0.84706,1.9266754025326107
50,0.1,503,0.91937,2.3252450547841734
50,0.1,504,0.92263,2.3491360822529606
50,0.1,505,0.88843,2.1308966605400608
50,0.1,506,0.94931,2.5702132676824756
50,0.1,507,0.88705,2.1231697437530053
50,0.1,508,0.95081,2.58897249127892
50,0.1,509,0.87745,2.0714525675803857
50,0.1,510,0.94565,2.5348102495809357
50,0.1,511,0.91889,2.3214198681609233
50,0.1,512,0.89237,2.153495815334435
50,0.1,513,0.96822,2.8023270875915594
50,0.1,514,0.90183,2.210566459025654
50,0.1,515,0.96645,2.7797855875099744
50,0.1,516,0.96582,2.7704922207893583
50,0.1,517,0.92051,2.334943558336877
50,0.1,518,0.92775,2.388426634551119
50,0.1,519,0.92543,2.3709811754991725
50,0.1,520,0.87794,2.074276028568843
50,0.1,521,0.94482,2.5277127188061854
50,0.1,522,0.93279,2.42613848205616
50,0.1,523,0.85033,1.942458365222055
50,0.1,524,0.91058,2.267020438176253
50,0.1,525,0.81598,1.7995997836386923
50,0.1,526,0.92982,2.403076908016171
50,0.1,527,0.83228,1.8628197028857842
50,0.1,528,0.90225,2.2130789017084482
50,0.1,529,0.93863,2.4731841765362166
50,0.1,530,0.92274,2.3499734159887273
50,0.1,531,0.93171,2.4162935029183186
50,0.1,532,0.93994,2.484641402501349
50,0.1,533,0.81167,1.7820642804252795
50,0.1,534,0.93536,2.446508556927085
50,0.1,535,0.87716,2.0700359869761655
50,0.1,536,0.94709,2.5488310855088283
50,0.1,537,0.92374,2.3573346052645
50,0.1,538,0.9169,2.3094532510815737
50,0.1,539,0.93016,2.405737146523106
50,0.1,540,0.89577,2.1730633909198698
50,0.1,541,0.95554,2.6427220076859883
50,0.1,542,0.83969,1.8942383621557375
50,0.1,543,0.88955,2.138077318616463
50,0.1,544,0.94126,2.4957259545568977
50,0.1,545,0.92227,2.346360178971603
50,0.1,546,0.9425,2.506619603833607
50,0.1,547,0.92933,2.4001568645511604
50,0.1,548,0.80709,1.7650779227569506
50,0.1,549,0.90861,2.253550040466261
50,0.1,550,0.9132,2.285721004290469
50,0.1,551,0.8942,2.164258999435612
50,0.1,552,0.9081,2.250154909674203
50,0.1,553,0.883,2.100969038619117
50,0.1,554,0.95166,2.596578621207351
50,0.1,555,0.94216,2.5041564620095356
50,0.1,556,0.88603,2.117876485400499
50,0.1,557,0.84799,1.9308273076982923
50,0.1,558,0.91477,2.296169544817018
50,0.1,559,0.88037,2.0869867476568515
50,0.1,560,0.90643,2.239015996967688
50,0.1,561,0.86391,2.004029316421753
50,0.1,562,0.89128,2.147336646864889
50,0.1,563,0.8841,2.1067608515177225
50,0.1,564,0.93519,2.4450393275843023
50,0.1,565,0.88812,2.129044509412328
50,0.1,566,0.83076,1.856341404247613
50,0.1,567,0.91347,2.2875302188898896
50,0.1,568,0.92401,2.3595523545029904
50,0.1,569,0.9223,2.346493798920387
50,0.1,570,0.90347,2.2216620132092326
50,0.1,571,0.90647,2.239415130645457
50,0.1,572,0.8359,1.8793056717776082
50,0.1,573,0.91158,2.274445841561729
50,0.1,574,0.96881,2.8119678709750064
50,0.1,575,0.92696,2.382919122835575
50,0.1,576,0.90546,2.232996338426851
50,0.1,577,0.86781,2.0226001006232206
50,0.1,578,0.88503,2.1120566113824997
50,0.1,579,0.87779,2.073276014477697
50,0.1,580,0.86087,1.9902882947076843
50,0.1,581,0.95651,2.6523489864578815
50,0.1,582,0.83666,1.8822747676135563
50,0.1,583,0.92185,2.343345380939287
50,0.1,584,0.86813,2.0237319764330457
50,0.1,585,0.94628,2.541339598719865
50,0.1,586,0.94788,2.555557396836159
50,0.1,587,0.89391,2.1625051202326118
50,0.1,588,0.91818,2.317330358489068
50,0.1,589,0.87547,2.0617904683857127
50,0.1,590,0.86728,2.0199621307979916
50,0.1,591,0.86034,1.9880935912281918
50,0.1,592,0.75778,1.592544122487004
50,0.1,593,0.79562,1.7227932966533706
50,0.1,594,0.81017,1.7758617293308747
50,0.1,595,0.94254,2.5069909807239004
50,0.1,596,0.8316,1.8601017043051136
50,0.1,597,0.90171,2.2099250701183344
50,0.1,598,0.93696,2.4592641546522502
50,0.1,599,0.91182,2.276143781669631
50,0.1,600,0.92008,2.331104275140959
50,0.1,601,0.91654,2.306658640578075
50,0.1,602,0.87994,2.0842907670716113
50,0.1,603,0.88906,2.1347936261516396
50,0.1,604,0.87188,2.0420752519508354
50,0.1,605,0.89298,2.157031032274018
50,0.1,606,0.8788,2.0784991952883933
50,0.1,607,0.87155,2.040359043583631
50,0.1,608,0.92042,2.3338279027921267
50,0.1,609,0.9076,2.246873798679239
50,0.1,610,0.88906,2.1346528476677333
50,0.1,611,0.9456,2.5339821112158094
50,0.1,612,0.88986,2.139559907796587
50,0.1,613,0.85209,1.9498516397369063
50,0.1,614,0.85594,1.9681630738325993
50,0.1,615,0.863,1.999956484346498
50,0.1,616,0.85009,1.9410055513343476
50,0.1,617,0.87291,2.047235446237033
50,0.1,618,0.87249,2.045306251912754
50,0.1,619,0.90989,2.2620521087114223
50,0.1,620,0.86574,2.0126302947138117
50,0.1,621,0.89176,2.150025446794846
50,0.1,622,0.84721,1.9274488919510409
50,0.1,623,0.85629,1.969720331638288
50,0.1,624,0.95302,2.6127890427590663
50,0.1,625,0.89865,2.1910568549707783
50,0.1,626,0.86369,2.002740588890272
50,0.1,627,0.95478,2.63406439309169
50,0.1,628,0.87258,2.0456747388632603
50,0.1,629,0.83523,1.8764659230438685
50,0.1,630,0.91889,2.321382095445007
50,0.1,631,0.9382,2.4694869188878874
50,0.1,632,0.83332,1.8680087642366354
50,0.1,633,0.91489,2.296963731841839
50,0.1,634,0.75044,1.5693643319725195
50,0.1,635,0.88339,2.102864909337831
50,0.1,636,0.90112,2.2063372147989737
50,0.1,637,0.96146,2.711040399742525
50,0.1,638,0.92915,2.398381964911033
50,0.1,639,0.82894,1.8489063788813584
50,0.1,640,0.83808,1.8879572190915028
50,0.1,641,0.94531,2.5310555553419567
50,0.1,642,0.90407,2.2253815471563585
50,0.1,643,0.91993,2.329483208306825
50,0.1,644,0.89736,2.1828522690706307
50,0.1,645,0.94301,2.5109685312757524
50,0.1,646,0.92844,2.3934984983819225
50,0.1,647,0.89462,2.166595002972808
50,0.1,648,0.90326,2.2204294209454454
50,0.1,649,0.88348,2.103415346387217
50,0.1,650,0.97052,2.8423996924757775
50,0.1,651,0.87074,2.035987322206268
50,0.1,652,0.91714,2.31149775279055
50,0.1,653,0.92943,2.4006701554801095
50,0.1,654,0.93404,2.435131629787843
50,0.1,655,0.95267,2.608474335115707
50,0.1,656,0.974,2.8979311583904495
50,0.1,657,0.89524,2.1704028534836333
50,0.1,658,0.88075,2.089373761449065
50,0.1,659,0.859,1.982315470288769
50,0.1,660,0.94245,2.5062030731629306
50,0.1,661,0.91823,2.317608008050935
50,0.1,662,0.87831,2.0760333526999215
50,0.1,663,0.83744,1.8855626518615343
50,0.1,664,0.85061,1.9433780989582754
50,0.1,665,0.89003,2.1402946775271956
50,0.1,666,0.92922,2.3993609608785995
50,0.1,667,0.92462,2.363790712076268
50,0.1,668,0.95006,2.5806416075080243
50,0.1,669,0.89421,2.1643247706627093
50,0.1,670,0.91182,2.2762172640809983
50,0.1,671,0.95881,2.6792769068612103
50,0.1,672,0.94457,2.52497495148091
50,0.1,673,0.83377,1.870073247784406
50,0.1,674,0.97576,2.932221142765484
50,0.1,675,0.94521,2.53034830306689
50,0.1,676,0.90171,2.2099754791102724
50,0.1,677,0.92535,2.3702401023195585
50,0.1,678,0.90241,2.2141829958242565
50,0.1,679,0.87778,2.073111294246516
50,0.1,680,0.94482,2.5276251510957097
50,0.1,681,0.84731,1.9277546580721419
50,0.1,682,0.88149,2.0932661456401633
50,0.1,683,0.94557,2.5337666302724786
50,0.1,684,0.86891,2.028196904043459
50,0.1,685,0.91276,2.283126149269897
50,0.1,686,0.87709,2.0697322226983546
50,0.1,687,0.86628,2.014744935438212
50,0.1,688,0.92399,2.3593847396153347
50,0.1,689,0.82447,1.8312542663349525
50,0.1,690,0.9284,2.3931406264789215
50,0.1,691,0.8334,1.8685622470151593
50,0.1,692,0.9032,2.2200018828074377
50,0.1,693,0.96325,2.735039890769854
50,0.1,694,0.9051,2.230203618215069
50,0.1,695,0.83242,1.8635094835379307
50,0.1,696,0.92882,2.3960277908792933
50,0.1,697,0.91276,2.283151915159022
50,0.1,698,0.96026,2.6946829467922284
50,0.1,699,0.90447,2.2273579616853176
50,0.1,700,0.93673,2.457077756251927
50,0.1,701,0.96928,2.8196377473573278
50,0.1,702,0.89906,2.194693463371689
50,0.1,703,0.94205,2.503365919082262
50,0.1,704,0.94101,2.4940411737063157
50,0.1,705,0.86902,2.0286546274034705
50,0.1,706,0.92721,2.3845576823923964
50,0.1,707,0.9026,2.2160148890297515
50,0.1,708,0.91389,2.2898170937624327
50,0.1,709,0.86737,2.0204548863953553
50,0.1,710,0.86934,2.0298994909157138
50,0.1,711,0.89985,2.1992398222183778
50,0.1,712,0.80555,1.7591547518037907
50,0.1,713,0.95957,2.6884490279662687
50,0.1,714,0.82941,1.8510095147509351
50,0.1,715,0.94971,2.5763329126353067
50,0.1,716,0.90552,2.233548447236905
50,0.1,717,0.83513,1.8760356698515095
50,0.1,718,0.88675,2.1216400134242086
50,0.1,719,0.97386,2.895598584811442
50,0.1,720,0.92146,2.3403768881704385
50,0.1,721,0.94846,2.5613582029763244
50,0.1,722,0.92174,2.3422929477364853
50,0.1,723,0.90618,2.2379150008228184
50,0.1,724,0.89973,2.19881634717763
50,0.1,725,0.92345,2.3552140979370644
50,0.1,726,0.90385,2.2238576555995344
50,0.1,727,0.93435,2.4381871033379663
50,0.1,728,0.87603,2.0644787906739115
50,0.1,729,0.94031,2.4883303965897094
50,0.1,730,0.94245,2.5062685532802966
50,0.1,731,0.86318,2.0007097261927096
50,0.1,732,0.95297,2.6121685355378648
50,0.1,733,0.90531,2.231908773043844
50,0.1,734,0.94776,2.5545570312777057
50,0.1,735,0.88553,2.1146127579964675
50,0.1,736,0.82333,1.8270327997756357
50,0.1,737,0.89682,2.1790499503756777
50,0.1,738,0.98345,3.1096004343055217
50,0.1,739,0.89201,2.1514908168326325
50,0.1,740,0.87599,2.064358265444629
50,0.1,741,0.91833,2.3181670600472573
50,0.1,742,0.83647,1.881613788349381
50,0.1,743,0.854,1.9588548743711103
50,0.1,744,0.92276,2.35004556390875
50,0.1,745,0.95354,2.618127451705147
50,0.1,746,0.81925,1.8108789305823052
50,0.1,747,0.95053,2.5862689713101683
50,0.1,748,0.89558,2.172136049424535
50,0.1,749,0.93451,2.4396974644486855
50,0.1,750,0.96249,2.7249861980331316
50,0.1,751,0.92838,2.3930330504234303
50,0.1,752,0.90115,2.206662998345714
50,0.1,753,0.88292,2.1006639648674237
50,0.1,754,0.84259,1.907135521127914
50,0.1,755,0.9474,2.5515708496301666
50,0.1,756,0.88348,2.1034010724978156
50,0.1,757,0.92992,2.4038211581125424
50,0.1,758,0.87408,2.0543152928463893
50,0.1,759,0.91104,2.271052466464493
50,0.1,760,0.91108,2.271336089023621
50,0.1,761,0.94141,2.497026308756422
50,0.1,762,0.90815,2.250587636787025
50,0.1,763,0.86091,1.9904360239213499
50,0.1,764,0.89415,2.163883670408282
50,0.1,765,0.90955,2.259878109946371
50,0.1,766,0.91861,2.3198397819298133
50,0.1,767,0.90562,2.2346834496191423
50,0.1,768,0.91202,2.2776251178267692
50,0.1,769,0.95532,2.64132092075426
50,0.1,770,0.88284,2.100039477710811
50,0.1,771,0.94017,2.4871529135736687
50,0.1,772,0.88765,2.126268978636051
50,0.1,773,0.91372,2.28883178953329
50,0.1,774,0.89942,2.196832398041168
50,0.1,775,0.87969,2.083089538932234
50,0.1,776,0.93822,2.469785675628819
50,0.1,777,0.88506,2.1122898537280106
50,0.1,778,0.87632,2.0658421164824285
50,0.1,779,0.84357,1.911041998561667
50,0.1,780,0.88207,2.096261255905519
50,0.1,781,0.90121,2.2070025676232423
50,0.1,782,0.77262,1.6423364697148783
50,0.1,783,0.94172,2.5001422096728447
50,0.1,784,0.94563,2.5342619963588713
50,0.1,785,0.88889,2.1335248905550586
50,0.1,786,0.94055,2.489839885176438
50,0.1,787,0.91175,2.275474183348892
50,0.1,788,0.80776,1.7678272581057353
50,0.1,789,0.95636,2.6507603562955095
50,0.1,790,0.92459,2.3636431316121356
50,0.1,791,0.86418,2.0053506976538116
50,0.1,792,0.89998,2.2002303137502963
50,0.1,793,0.9503,2.5832764759789812
50,0.1,794,0.91635,2.3053317623067935
50,0.1,795,0.9354,2.4470716755903315
50,0.1,796,0.9326,2.423994311455603
50,0.1,797,0.9175,2.3138658932786993
50,0.1,798,0.90032,2.2018935178820547
50,0.1,799,0.90212,2.2122769415634544
50,0.1,800,0.92789,2.3896636396914257
50,0.1,801,0.92668,2.380474857001733
50,0.1,802,0.86464,2.007493230662478
50,0.1,803,0.76069,1.602481568229196
50,0.1,804,0.88278,2.099687857050773
50,0.1,805,0.83458,1.8737007396692906
50,0.1,806,0.91324,2.285890399481651
50,0.1,807,0.89274,2.1559550821315305
50,0.1,808,0.80247,1.7473618152604455
50,0.1,809,0.95026,2.582820118847831
50,0.1,810,0.93564,2.448553892525922
50,0.1,811,0.82597,1.837083641042625
50,0.1,812,0.87963,2.082613222946965
50,0.1,813,0.80362,1.7518218441652076
50,0.1,814,0.8158,1.7988100286654838
50,0.1,815,0.90249,2.2148155101945424
50,0.1,816,0.92833,2.3926571976366215
50,0.1,817,0.94321,2.5128187001100275
50,0.1,818,0.95383,2.622185968364356
50,0.1,819,0.95705,2.6574288337488725
50,0.1,820,0.96204,2.7197526053967764
50,0.1,821,0.89874,2.191829619162651
50,0.1,822,0.93124,2.4129133539787704
50,0.1,823,0.88208,2.0964175434909516
50,0.1,824,0.89086,2.1453492819393354
50,0.1,825,0.91169,2.2750016997240454
50,0.1,826,0.86128,1.9919836569540923
50,0.1,827,0.8975,2.183976553550713
50,0.1,828,0.89025,2.1418159817001543
50,0.1,829,0.88896,2.1339602125017594
50,0.1,830,0.85836,1.9791244496118252
50,0.1,831,0.8857,2.115472222821575
50,0.1,832,0.87127,2.038673175766196
50,0.1,833,0.90711,2.2429234795761017
50,0.1,834,0.93477,2.442161690771938
50,0.1,835,0.93261,2.4245993130845886
50,0.1,836,0.93708,2.4604465815294314
50,0.1,837,0.95254,2.6073156383206677
50,0.1,838,0.87232,2.044614952994852
50,0.1,839,0.92305,2.3521501828833014
50,0.1,840,0.94168,2.4993317343455503
50,0.1,841,0.78499,1.6851811207025664
50,0.1,842,0.92121,2.339117954725642
50,0.1,843,0.93792,2.4666543161253798
50,0.1,844,0.83378,1.87018804994298
50,0.1,845,0.97505,2.9190166294208297
50,0.1,846,0.95191,2.5999219972816983
50,0.1,847,0.91697,2.3100866407380414
50,0.1,848,0.89434,2.1651168312011864
50,0.1,849,0.92599,2.376228799357402
50,0.1,850,0.89125,2.1471855892481435
50,0.1,851,0.92754,2.386650047039171
50,0.1,852,0.97002,2.8335729482363727
50,0.1,853,0.92442,2.362571160506675
50,0.1,854,0.96097,2.7047638921166803
50,0.1,855,0.84125,1.9006791436362285
50,0.1,856,0.92027,2.3329308873472243
50,0.1,857,0.92106,2.3380712663767667
50,0.1,858,0.92832,2.3923636840843128
50,0.1,859,0.97166,2.861225745557817
50,0.1,860,0.8231,1.8262092340233531
50,0.1,861,0.95878,2.6789520619135883
50,0.1,862,0.93244,2.4223660139139374
50,0.1,863,0.86268,1.9981522886646927
50,0.1,864,0.87703,2.069284195256748
50,0.1,865,0.8657,2.012302805345282
50,0.1,866,0.8837,2.104674977120941
50,0.1,867,0.87207,2.0432584314809996
50,0.1,868,0.88742,2.124988782249146
50,0.1,869,0.92271,2.3499385809813114
50,0.1,870,0.89598,2.1741809803951044
50,0.1,871,0.85569,1.966901515858423
50,0.1,872,0.89239,2.1538223266960568
50,0.1,873,0.89943,2.196972487442591
50,0.1,874,0.94058,2.490135503153939
50,0.1,875,0.92045,2.3344550565856457
50,0.1,876,0.89885,2.1928348651121508
50,0.1,877,0.85108,1.9453652358276317
50,0.1,878,0.88066,2.088759178779477
50,0.1,879,0.88377,2.1051533658438903
50,0.1,880,0.89064,2.144003295645882
50,0.1,881,0.89038,2.1426920809760994
50,0.1,882,0.96875,2.81115807669679
50,0.1,883,0.93995,2.4847437829248133
50,0.1,884,0.89789,2.1868201832316525
50,0.1,885,0.88654,2.1205196637759576
50,0.1,886,0.81398,1.7917265583204118
50,0.1,887,0.87768,2.072578285716925
50,0.1,888,0.94547,2.532879969400186
50,0.1,889,0.85964,1.9852490782968253
50,0.1,890,0.94645,2.542488405123224
50,0.1,891,0.90112,2.2064061799533383
50,0.1,892,0.75645,1.588331381552754
50,0.1,893,0.93011,2.4049192532323413
50,0.1,894,0.87628,2.065454208125555
50,0.1,895,0.9082,2.2508938693016405
50,0.1,896,0.92521,2.3686821322270966
50,0.1,897,0.91472,2.2959701535239523
50,0.1,898,0.93371,2.432094125461991
50,0.1,899,0.91432,2.292622719541934
50,0.1,900,0.88706,2.1232405836587347
50,0.1,901,0.90193,2.211007035748367
50,0.1,902,0.89145,2.1481695932957785
50,0.1,903,0.89865,2.1911230774329518
50,0.1,904,0.90514,2.230406944332498
50,0.1,905,0.87776,2.0728896085783557
50,0.1,906,0.89127,2.1472626647162376
50,0.1,907,0.92106,2.338056082954046
50,0.1,908,0.8667,2.0171479195043562
50,0.1,909,0.82668,1.8397305440257956
50,0.1,910,0.90274,2.2173023081722256
50,0.1,911,0.93333,2.4295526744506875
50,0.1,912,0.90539,2.2325439727709524
50,0.1,913,0.91683,2.309006550676199
50,0.1,914,0.82923,1.8503754772842007
50,0.1,915,0.95472,2.632948818356662
50,0.1,916,0.92437,2.3621522610840953
50,0.1,917,0.89736,2.1828723361319615
50,0.1,918,0.93776,2.465544257970574
50,0.1,919,0.95011,2.581445281519355
50,0.1,920,0.91628,2.3051002162898118
50,0.1,921,0.94616,2.5395651746846646
50,0.1,922,0.91791,2.315725760194002
50,0.1,923,0.94408,2.520457214237922
50,0.1,924,0.88167,2.094348287908315
50,0.1,925,0.79193,1.7095741973358307
50,0.1,926,0.96075,2.7016389833163115
50,0.1,927,0.93005,2.4046859361828736
50,0.1,928,0.92694,2.382765238617081
50,0.1,929,0.87407,2.0542342114131347
50,0.1,930,0.90296,2.2183698956743507
50,0.1,931,0.89239,2.153800875378252
50,0.1,932,0.8981,2.187814934332937
50,0.1,933,0.95081,2.5890552666747286
50,0.1,934,0.92949,2.401127244848942
50,0.1,935,0.91877,2.320725396413821
50,0.1,936,0.8677,2.0219702476571855
50,0.1,937,0.90714,2.2432811784785773
50,0.1,938,0.91703,2.310909679699315
50,0.1,939,0.87529,2.060944033866745
50,0.1,940,0.9404,2.4887955557080677
50,0.1,941,0.92002,2.330431280151691
50,0.1,942,0.86692,2.018507690270965
50,0.1,943,0.90197,2.211202543045888
50,0.1,944,0.92708,2.3837956036044656
50,0.1,945,0.92623,2.378036190096325
50,0.1,946,0.90838,2.252667156674031
50,0.1,947,0.92792,2.3897351995283853
50,0.1,948,0.85366,1.9573699110537626
50,0.1,949,0.90115,2.2066366408181617
50,0.1,950,0.88065,2.0886083128911404
50,0.1,951,0.87535,2.0611227521365265
50,0.1,952,0.90764,2.2471974568527844
50,0.1,953,0.87633,2.065953280561114
50,0.1,954,0.92508,2.3676521473443604
50,0.1,955,0.89347,2.1599134786029333
50,0.1,956,0.90135,2.2075999808335087
50,0.1,957,0.9432,2.5123945673618393
50,0.1,958,0.91888,2.3212088922890897
50,0.1,959,0.94131,2.496205328668974
50,0.1,960,0.89544,2.171342789183086
50,0.1,961,0.90746,2.2458142649713615
50,0.1,962,0.91249,2.2811669725995425
50,0.1,963,0.86994,2.03221572780658
50,0.1,964,0.87277,2.0467192185210785
50,0.1,965,0.89547,2.1717092614405074
50,0.1,966,0.88182,2.0951906391622
50,0.1,967,0.94071,2.491703947849607
50,0.1,968,0.91066,2.2681721259144627
50,0.1,969,0.85689,1.9721573503486773
50,0.1,970,0.91779,2.3152010817336053
50,0.1,971,0.87183,2.0418199443072034
50,0.1,972,0.93769,2.4648665448000675
50,0.1,973,0.87966,2.0829815237952425
50,0.1,974,0.95212,2.601947310980984
50,0.1,975,0.91675,2.308404431252094
50,0.1,976,0.94024,2.4876405306805864
50,0.1,977,0.94922,2.56920052469823
50,0.1,978,0.91703,2.3109206567666063
50,0.1,979,0.84301,1.9086467553493223
50,0.1,980,0.8404,1.896915328422733
50,0.1,981,0.87121,2.0383993403186498
50,0.1,982,0.88729,2.1241900336401307
50,0.1,983,0.94414,2.520875080174007
50,0.1,984,0.87475,2.0576932977867806
50,0.1,985,0.93414,2.436433570309112
50,0.1,986,0.87981,2.0836416485274722
50,0.1,987,0.8579,1.977552928190789
50,0.1,988,0.81141,1.7811296196503386
50,0.1,989,0.89148,2.1482968302247207
50,0.1,990,0.80453,1.7552903880100157
50,0.1,991,0.924,2.359474927449943
50,0.1,992,0.82917,1.850125250134441
50,0.1,993,0.97115,2.8527250434915383
50,0.1,994,0.87128,2.03880332203418
50,0.1,995,0.91467,2.295366134361226
50,0.1,996,0.90018,2.2013653333122374
50,0.1,997,0.918,2.3163146989119023
50,0.1,998,0.9093,2.2579214380085957
50,0.1,999,0.89951,2.197567549128046
50,0.2,0,0.90303,2.218943103412603
50,0.2,1,0.82165,1.8210720830710518
50,0.2,2,0.76792,1.625988721679572
50,0.2,3,0.86823,2.024241535058483
50,0.2,4,0.78423,1.6826258450739213
50,0.2,5,0.75316,1.5774445568360305
50,0.2,6,0.75857,1.5955488371506068
50,0.2,7,0.84294,1.908405190741557
50,0.2,8,0.78559,1.6872006714802201
50,0.2,9,0.78956,1.7021753550158878
50,0.2,10,0.75742,1.5916763741789224
50,0.2,11,0.68542,1.3794492024101896
50,0.2,12,0.82517,1.8340729973390602
50,0.2,13,0.81648,1.801423036311879
50,0.2,14,0.85657,1.970883778389362
50,0.2,15,0.82549,1.8352990125691047
50,0.2,16,0.73194,1.5153942204933353
50,0.2,17,0.80696,1.7646143545309436
50,0.2,18,0.86506,2.0090038968396278
50,0.2,19,0.76475,1.6152955772503725
50,0.2,20,0.82782,1.8445761359130293
50,0.2,21,0.81347,1.7893320558667911
50,0.2,22,0.71716,1.4701445210469222
50,0.2,23,0.75392,1.5800048718464552
50,0.2,24,0.92459,2.363619341592485
50,0.2,25,0.8112,1.7803883231431166
50,0.2,26,0.74039,1.5404100174496749
50,0.2,27,0.85664,1.9712115635692913
50,0.2,28,0.78439,1.6832303132877606
50,0.2,29,0.68131,1.3676755148368924
50,0.2,30,0.76985,1.632787266710173
50,0.2,31,0.816,1.7996836518202888
50,0.2,32,0.79454,1.7188233623340894
50,0.2,33,0.77753,1.6600068086964495
50,0.2,34,0.87194,2.042389873804802
50,0.2,35,0.87523,2.0605667124648543
50,0.2,36,0.82898,1.8491415361556567
50,0.2,37,0.8008,1.741149103881802
50,0.2,38,0.82723,1.8418291274574399
50,0.2,39,0.84787,1.930133305794643
50,0.2,40,0.84482,1.9170561347258643
50,0.2,41,0.80341,1.7512308474116094
50,0.2,42,0.91005,2.26362958197941
50,0.2,43,0.74557,1.5554380496733275
50,0.2,44,0.78332,1.6797953628623215
50,0.2,45,0.77552,1.6531828141085319
50,0.2,46,0.84284,1.9080959055986502
50,0.2,47,0.84935,1.9375878607710444
50,0.2,48,0.79433,1.7183293431330355
50,0.2,49,0.88927,2.1361220394399583
50,0.2,50,0.83121,1.8582736105436064
50,0.2,51,0.7713,1.6373034770764758
50,0.2,52,0.84924,1.9365455215207308
50,0.2,53,0.79894,1.7343386804039729
50,0.2,54,0.72723,1.5012068370172824
50,0.2,55,0.84357,1.911173191448403
50,0.2,56,0.82079,1.8175354632918073
50,0.2,57,0.82141,1.8198276041747017
50,0.2,58,0.78414,1.6823607532510745
50,0.2,59,0.82141,1.8198337165690175
50,0.2,60,0.84437,1.9148743067245455
50,0.2,61,0.88965,2.1386052940828373
50,0.2,62,0.88896,2.1338803398843993
50,0.2,63,0.7498,1.567723919762244
50,0.2,64,0.79024,1.7044838392813246
50,0.2,65,0.69154,1.3954567483668594
50,0.2,66,0.8381,1.8880005857124236
50,0.2,67,0.83444,1.8729898111869923
50,0.2,68,0.77207,1.6401775363963098
50,0.2,69,0.8713,2.0389450289482833
50,0.2,70,0.82378,1.828784352264138
50,0.2,71,0.78848,1.6971343743401555
50,0.2,72,0.83812,1.8881569917643075
50,0.2,73,0.82687,1.8404155321444522
50,0.2,74,0.79542,1.7220273266862693
50,0.2,75,0.76492,1.6160081159542248
50,0.2,76,0.86234,1.997054792422158
50,0.2,77,0.70974,1.448396074606452
50,0.2,78,0.76206,1.606624528056613
50,0.2,79,0.83398,1.8709807617424405
50,0.2,80,0.77974,1.6672846655375024
50,0.2,81,0.90671,2.241005789539628
50,0.2,82,0.73474,1.5243284386415723
50,0.2,83,0.77117,1.6369426958210611
50,0.2,84,0.72628,1.498064189824542
50,0.2,85,0.72506,1.4946181893925106
50,0.2,86,0.85657,1.9708907705766974
50,0.2,87,0.7633,1.6104272164694462
50,0.2,88,0.77815,1.662111815191952
50,0.2,89,0.85872,1.9811653851509614
50,0.2,90,0.79539,1.7218395401136404
50,0.2,91,0.80534,1.7584299105346028
50,0.2,92,0.82734,1.8423680528603457
50,0.2,93,0.71027,1.4503315506994898
50,0.2,94,0.71037,1.450733836238228
50,0.2,95,0.81061,1.7778189633144514
50,0.2,96,0.8433,1.9098483956778534
50,0.2,97,0.90556,2.2338969080628814
50,0.2,98,0.8729,2.0472070420098607
50,0.2,99,0.85573,1.9670824449175988
50,0.2,100,0.79942,1.7359995573719014
50,0.2,101,0.79098,1.7070092554617593
50,0.2,102,0.81355,1.7898233601400413
50,0.2,103,0.83391,1.8708086834598092
50,0.2,104,0.80672,1.7637686941373558
50,0.2,105,0.80258,1.7477025565894477
50,0.2,106,0.81929,1.8110403266159592
50,0.2,107,0.77396,1.6468748686513457
50,0.2,108,0.82702,1.8412214816601118
50,0.2,109,0.68897,1.388573942047171
50,0.2,110,0.76367,1.61168673895027
50,0.2,111,0.77309,1.6437590177541033
50,0.2,112,0.82214,1.8229112580660807
50,0.2,113,0.79026,1.7045267506539181
50,0.2,114,0.85196,1.9494069494091502
50,0.2,115,0.70229,1.4265165028301923
50,0.2,116,0.80016,1.7388479775572976
50,0.2,117,0.82327,1.8267717812308053
50,0.2,118,0.8023,1.7467738655306184
50,0.2,119,0.69333,1.400791195341822
50,0.2,120,0.77595,1.6546671993158601
50,0.2,121,0.85385,1.9580994479763905
50,0.2,122,0.83177,1.8608007621857525
50,0.2,123,0.84637,1.9238514082941487
50,0.2,124,0.89136,2.1476867634626426
50,0.2,125,0.7558,1.5862671860742532
50,0.2,126,0.83344,1.8689847091252587
50,0.2,127,0.8422,1.904944885604532
50,0.2,128,0.81242,1.785177557835637
50,0.2,129,0.80047,1.7400159596314726
50,0.2,130,0.7034,1.429374459991815
50,0.2,131,0.84638,1.923926572092883
50,0.2,132,0.91945,2.3257309349451285
50,0.2,133,0.83906,1.8920607451495717
50,0.2,134,0.73899,1.5362450667535796
50,0.2,135,0.75147,1.572418333292653
50,0.2,136,0.84886,1.9346645824536908
50,0.2,137,0.83933,1.8929932992606964
50,0.2,138,0.83704,1.883839545238376
50,0.2,139,0.77595,1.6547315354935912
50,0.2,140,0.68016,1.364653154957229
50,0.2,141,0.83897,1.8917835031437589
50,0.2,142,0.7514,1.5723157981464975
50,0.2,143,0.80761,1.767182966430771
50,0.2,144,0.88679,2.121943247674989
50,0.2,145,0.76708,1.623130249862007
50,0.2,146,0.83284,1.865393957269208
50,0.2,147,0.83408,1.8713652288812286
50,0.2,148,0.8949,2.1682193315395604
50,0.2,149,0.76647,1.6214309904164055
50,0.2,150,0.83413,1.8716629117570767
50,0.2,151,0.88055,2.0879955515903896
50,0.2,152,0.88042,2.08751819278883
50,0.2,153,0.8259,1.8367203520473576
50,0.2,154,0.90225,2.21310163095767
50,0.2,155,0.80214,1.7460719685239798
50,0.2,156,0.82095,1.8180514379716302
50,0.2,157,0.88218,2.0968810746342674
50,0.2,158,0.78733,1.6932103608727935
50,0.2,159,0.81375,1.7907339111477942
50,0.2,160,0.83616,1.8799928537474166
50,0.2,161,0.77528,1.6522136329626844
50,0.2,162,0.72732,1.5017254338491808
50,0.2,163,0.75852,1.5952861302140775
50,0.2,164,0.82279,1.825139364396081
50,0.2,165,0.68472,1.3773210834465526
50,0.2,166,0.80364,1.7518805330979257
50,0.2,167,0.74665,1.5583728572942774
50,0.2,168,0.84042,1.8969849696030867
50,0.2,169,0.78694,1.6919400945809793
50,0.2,170,0.77773,1.6606313142627658
50,0.2,171,0.80992,1.7747231552974747
50,0.2,172,0.80381,1.7524181834797266
50,0.2,173,0.86349,2.0020777045342903
50,0.2,174,0.84137,1.9010658027011513
50,0.2,175,0.84308,1.9088464782025913
50,0.2,176,0.78664,1.6908428619799005
50,0.2,177,0.76367,1.6117579056778735
50,0.2,178,0.90515,2.2304766413518964
50,0.2,179,0.8392,1.8925667714491903
50,0.2,180,0.85116,1.9456909103511177
50,0.2,181,0.85566,1.966495931843756
50,0.2,182,0.79539,1.7218302724273533
50,0.2,183,0.80712,1.765120378967413
50,0.2,184,0.73577,1.5269660365346776
50,0.2,185,0.82778,1.8444989536043814
50,0.2,186,0.83829,1.8890185264993966
50,0.2,187,0.83474,1.8742675075740394
50,0.2,188,0.77268,1.6425050531218162
50,0.2,189,0.73824,1.5341950112168241
50,0.2,190,0.72634,1.498193941162188
50,0.2,191,0.78866,1.6978322537755905
50,0.2,192,0.82585,1.8364506360574957
50,0.2,193,0.82097,1.8181776859256407
50,0.2,194,0.77275,1.6427372464953598
50,0.2,195,0.8611,1.991367733593102
50,0.2,196,0.7632,1.6100539430226137
50,0.2,197,0.73274,1.5179104009867144
50,0.2,198,0.67743,1.3575888993979537
50,0.2,199,0.84509,1.9183775934597629
50,0.2,200,0.80275,1.7484084637483972
50,0.2,201,0.85364,1.9572986464679984
50,0.2,202,0.77363,1.6457837866679914
50,0.2,203,0.79393,1.7170455185439386
50,0.2,204,0.75596,1.586665594277949
50,0.2,205,0.82844,1.8472620338134318
50,0.2,206,0.88378,2.1051594773779194
50,0.2,207,0.82878,1.8485969073938184
50,0.2,208,0.81659,1.8018034118006112
50,0.2,209,0.74025,1.5399793867639078
50,0.2,210,0.81463,1.7942161750296228
50,0.2,211,0.76637,1.620947026978389
50,0.2,212,0.81763,1.8052323680923248
50,0.2,213,0.81659,1.8017590346406551
50,0.2,214,0.89701,2.1804091763234092
50,0.2,215,0.86309,2.0004536783099507
50,0.2,216,0.80232,1.7469390159306535
50,0.2,217,0.81548,1.7976017841006144
50,0.2,218,0.84614,1.9229179813825459
50,0.2,219,0.81356,1.7898353683884305
50,0.2,220,0.7277,1.5029361470294602
50,0.2,221,0.88754,2.125776326329675
50,0.2,222,0.8248,1.8324418250275176
50,0.2,223,0.84843,1.932473531829592
50,0.2,224,0.84433,1.9146358580708327
50,0.2,225,0.74406,1.5509092440064423
50,0.2,226,0.83354,1.8693126576535883
50,0.2,227,0.78369,1.6809219764342211
50,0.2,228,0.79583,1.7233898363208169
50,0.2,229,0.8593,1.9834405412573373
50,0.2,230,0.72834,1.504764790623855
50,0.2,231,0.80947,1.7732147379097583
50,0.2,232,0.79251,1.7121044117989697
50,0.2,233,0.78196,1.6753495471606419
50,0.2,234,0.82736,1.8427249407701554
50,0.2,235,0.82927,1.8505018078103443
50,0.2,236,0.77546,1.652848546954127
50,0.2,237,0.73525,1.525569146267342
50,0.2,238,0.78183,1.6748855927807123
50,0.2,239,0.73444,1.5232789456283677
50,0.2,240,0.87264,2.0460687810130724
50,0.2,241,0.79973,1.7371233814332099
50,0.2,242,0.77335,1.6445651177430436
50,0.2,243,0.75833,1.5945497652029268
50,0.2,244,0.77182,1.6392798342256545
50,0.2,245,0.8534,1.9559744497147649
50,0.2,246,0.76419,1.6133097787825712
50,0.2,247,0.83161,1.860291173850691
50,0.2,248,0.72217,1.4854995075095454
50,0.2,249,0.82608,1.83753357861027
50,0.2,250,0.79087,1.7065424969614804
50,0.2,251,0.74597,1.5566353198805074
50,0.2,252,0.77044,1.6344884795079668
50,0.2,253,0.74373,1.549901892808048
50,0.2,254,0.83473,1.8741836391153734
50,0.2,255,0.83034,1.854250369257766
50,0.2,256,0.82711,1.8415166280832667
50,0.2,257,0.86096,1.9907368526558957
50,0.2,258,0.74415,1.5511497066616882
50,0.2,259,0.81881,1.8094026716557843
50,0.2,260,0.81639,1.8012200676582188
50,0.2,261,0.82848,1.847487211836237
50,0.2,262,0.85074,1.9440161189338903
50,0.2,263,0.7692,1.6306083834536658
50,0.2,264,0.80931,1.77282774270693
50,0.2,265,0.74996,1.568269138771649
50,0.2,266,0.77457,1.6496038336715175
50,0.2,267,0.79679,1.7264520668482666
50,0.2,268,0.83234,1.8630655693060345
50,0.2,269,0.8007,1.7407307483044188
50,0.2,270,0.71876,1.4751130220906585
50,0.2,271,0.78349,1.680341033654539
50,0.2,272,0.7885,1.6971936816192845
50,0.2,273,0.80299,1.7491407870277254
50,0.2,274,0.79229,1.7107861143659573
50,0.2,275,0.85359,1.9570340234016328
50,0.2,276,0.80485,1.75655155601247
50,0.2,277,0.88137,2.0927806318403377
50,0.2,278,0.83658,1.8820701165318579
50,0.2,279,0.84211,1.9043729687211397
50,0.2,280,0.71704,1.469889244719573
50,0.2,281,0.83062,1.8556504684598871
50,0.2,282,0.76634,1.6207863835147966
50,0.2,283,0.79755,1.729346427203403
50,0.2,284,0.87992,2.0840807504236896
50,0.2,285,0.82264,1.8245307311953232
50,0.2,286,0.85751,1.9755871706373385
50,0.2,287,0.81077,1.778769115662656
50,0.2,288,0.73626,1.528494623583457
50,0.2,289,0.79497,1.7205037581502391
50,0.2,290,0.88476,2.110450821951787
50,0.2,291,0.80738,1.7662847150006813
50,0.2,292,0.68332,1.3732216835369646
50,0.2,293,0.83529,1.876755466285089
50,0.2,294,0.78145,1.673595575697271
50,0.2,295,0.87162,2.040958531925985
50,0.2,296,0.82032,1.8154689221188065
50,0.2,297,0.73287,1.518251250833428
50,0.2,298,0.69406,1.4029778466201206
50,0.2,299,0.80957,1.7734051783267584
50,0.2,300,0.8045,1.7551564317942132
50,0.2,301,0.80303,1.7493606524863827
50,0.2,302,0.80064,1.7405077668398965
50,0.2,303,0.89101,2.146020321382536
50,0.2,304,0.79849,1.7327482704567998
50,0.2,305,0.79942,1.7360592019142516
50,0.2,306,0.84638,1.9239461296945617
50,0.2,307,0.78473,1.6842910876488615
50,0.2,308,0.75922,1.5976576098562638
50,0.2,309,0.84314,1.9090517329901064
50,0.2,310,0.7113,1.453250083788543
50,0.2,311,0.83677,1.882897454749839
50,0.2,312,0.80917,1.7723132895365896
50,0.2,313,0.79315,1.7141989368862565
50,0.2,314,0.79234,1.7111569351468883
50,0.2,315,0.81225,1.7844334657397032
50,0.2,316,0.78439,1.6830903200518668
50,0.2,317,0.81309,1.7878910353730375
50,0.2,318,0.83919,1.8925164431144947
50,0.2,319,0.77588,1.6543905440174953
50,0.2,320,0.8523,1.950528436600095
50,0.2,321,0.74804,1.562601610891408
50,0.2,322,0.72842,1.5049576323245344
50,0.2,323,0.82597,1.8370470322175003
50,0.2,324,0.72864,1.505763106869776
50,0.2,325,0.77746,1.6597005341065136
50,0.2,326,0.80322,1.7505726266233461
50,0.2,327,0.82013,1.8146640728067627
50,0.2,328,0.7769,1.6582480400324253
50,0.2,329,0.71673,1.4691275260834606
50,0.2,330,0.81595,1.7993693386874852
50,0.2,331,0.84742,1.9284180556380486
50,0.2,332,0.87153,2.0401671082659685
50,0.2,333,0.83372,1.8700028465061376
50,0.2,334,0.85547,1.9655897194649472
50,0.2,335,0.78262,1.6773153145582511
50,0.2,336,0.76098,1.6035535513086914
50,0.2,337,0.83467,1.8739357442476066
50,0.2,338,0.78837,1.696717146289683
50,0.2,339,0.83042,1.8544636773288263
50,0.2,340,0.80776,1.7678102340713755
50,0.2,341,0.80658,1.7632859181326763
50,0.2,342,0.84319,1.9093462039110563
50,0.2,343,0.73232,1.5164704751987985
50,0.2,344,0.80409,1.7536406217235774
50,0.2,345,0.79307,1.713961504777978
50,0.2,346,0.81837,1.8079952090140559
50,0.2,347,0.76005,1.6001709917060833
50,0.2,348,0.92283,2.350612440364385
50,0.2,349,0.80196,1.7456145407018742
50,0.2,350,0.78837,1.696734460575393
50,0.2,351,0.74589,1.5565117047910988
50,0.2,352,0.82072,1.817222386769597
50,0.2,353,0.80232,1.7469313943143745
50,0.2,354,0.68232,1.3700111097639458
50,0.2,355,0.8147,1.794439831426193
50,0.2,356,0.82832,1.8468773937416882
50,0.2,357,0.78783,1.6949401084681779
50,0.2,358,0.78448,1.6834281900219215
50,0.2,359,0.84104,1.899423147244685
50,0.2,360,0.74262,1.546942295352875
50,0.2,361,0.84881,1.934367722412484
50,0.2,362,0.78953,1.7020480600182881
50,0.2,363,0.73474,1.5243149846876456
50,0.2,364,0.81125,1.7805879745670032
50,0.2,365,0.73247,1.5171259548537908
50,0.2,366,0.7022,1.4263304339713576
50,0.2,367,0.7937,1.7162442856052138
50,0.2,368,0.85335,1.9556901612342006
50,0.2,369,0.86282,1.9989366386337135
50,0.2,370,0.80089,1.7415305887366221
50,0.2,371,0.80745,1.766520107179447
50,0.2,372,0.77224,1.641052632852752
50,0.2,373,0.82722,1.8418075575877348
50,0.2,374,0.86635,2.0151742217129316
50,0.2,375,0.7127,1.4572854585037773
50,0.2,376,0.80138,1.743265122043935
50,0.2,377,0.80796,1.7686053945069466
50,0.2,378,0.8344,1.8729046270183773
50,0.2,379,0.8063,1.761957567428332
50,0.2,380,0.90159,2.2091742121097004
50,0.2,381,0.81842,1.8081337679838212
50,0.2,382,0.81386,1.7912480972586449
50,0.2,383,0.87516,2.0601825549551838
50,0.2,384,0.76898,1.6297494664830983
50,0.2,385,0.72601,1.497261892185881
50,0.2,386,0.82971,1.8519800098642811
50,0.2,387,0.84443,1.9150978814774713
50,0.2,388,0.73465,1.5239849695743568
50,0.2,389,0.90073,2.204330107964873
50,0.2,390,0.88639,2.119598038923204
50,0.2,391,0.78767,1.6944750677669411
50,0.2,392,0.78037,1.669327682194946
50,0.2,393,0.84241,1.9058790905817404
50,0.2,394,0.78945,1.701456395121718
50,0.2,395,0.79754,1.7291970296290575
50,0.2,396,0.6448,1.2712182783796009
50,0.2,397,0.82198,1.8221871455050047
50,0.2,398,0.66417,1.320962611936543
50,0.2,399,0.73766,1.5321109883333501
50,0.2,400,0.72792,1.5036799880065574
50,0.2,401,0.82253,1.8241502715951774
50,0.2,402,0.85387,1.9583237494583878
50,0.2,403,0.83255,1.864440763376497
50,0.2,404,0.8423,1.9054051965273064
50,0.2,405,0.81069,1.7784678989953384
50,0.2,406,0.9141,2.291213366738229
50,0.2,407,0.82395,1.8291418322658464
50,0.2,408,0.80757,1.766970412816383
50,0.2,409,0.85167,1.948028014350622
50,0.2,410,0.82001,1.813956278310245
50,0.2,411,0.69417,1.4034221813608676
50,0.2,412,0.78313,1.679217678379564
50,0.2,413,0.89747,2.183807701666995
50,0.2,414,0.8806,2.0882440436915073
50,0.2,415,0.74454,1.5524214204412774
50,0.2,416,0.75078,1.5704336981684215
50,0.2,417,0.85032,1.9420471898751237
50,0.2,418,0.81727,1.8038925061751216
50,0.2,419,0.79209,1.7102899478881706
50,0.2,420,0.79448,1.7186198516416749
50,0.2,421,0.73071,1.511887640991679
50,0.2,422,0.84744,1.9285581182733362
50,0.2,423,0.78133,1.6730619130302988
50,0.2,424,0.87592,2.0639351121802174
50,0.2,425,0.81282,1.7866812639838843
50,0.2,426,0.81061,1.7777988430270941
50,0.2,427,0.76435,1.6140239943985017
50,0.2,428,0.73781,1.532682234655598
50,0.2,429,0.80618,1.7615535848977326
50,0.2,430,0.7848,1.684574113535118
50,0.2,431,0.90244,2.2145249875605337
50,0.2,432,0.6873,1.3841439668114062
50,0.2,433,0.78932,1.7006565582730686
50,0.2,434,0.8049,1.7569432019568825
50,0.2,435,0.72816,1.5041633201886468
50,0.2,436,0.82429,1.8306219704633762
50,0.2,437,0.77621,1.655866318022349
50,0.2,438,0.75726,1.5911541024114677
50,0.2,439,0.76853,1.628070016235551
50,0.2,440,0.88348,2.1034243644088146
50,0.2,441,0.84227,1.9053393103939893
50,0.2,442,0.86871,2.0266304211528565
50,0.2,443,0.84163,1.9022866932907612
50,0.2,444,0.85372,1.9575045200236265
50,0.2,445,0.68242,1.3703461719112067
50,0.2,446,0.70639,1.4390206691243415
50,0.2,447,0.77172,1.6390082559012544
50,0.2,448,0.83321,1.8672905487930747
50,0.2,449,0.8829,2.1004514765095275
50,0.2,450,0.84529,1.9192135572209188
50,0.2,451,0.76654,1.6215935755919704
50,0.2,452,0.81068,1.7781035144695747
50,0.2,453,0.78917,1.7000677656064462
50,0.2,454,0.83047,1.8546978548773918
50,0.2,455,0.85243,1.9512347887275538
50,0.2,456,0.82861,1.8480450651682467
50,0.2,457,0.82316,1.8264159010040781
50,0.2,458,0.73502,1.5249445811722413
50,0.2,459,0.76784,1.6255015919955453
50,0.2,460,0.80028,1.739305993814352
50,0.2,461,0.7506,1.569852198543715
50,0.2,462,0.81918,1.8107177178105796
50,0.2,463,0.86669,2.0168938312479137
50,0.2,464,0.91788,2.315511134919388
50,0.2,465,0.83424,1.8720784184327819
50,0.2,466,0.78928,1.7004886224553848
50,0.2,467,0.81676,1.802321961163931
50,0.2,468,0.87231,2.0445258544861087
50,0.2,469,0.85367,1.957388659944307
50,0.2,470,0.78645,1.6901748376004253
50,0.2,471,0.76856,1.628457720809425
50,0.2,472,0.78707,1.6924497584300027
50,0.2,473,0.82805,1.8458070278925567
50,0.2,474,0.78893,1.699079425760484
50,0.2,475,0.78356,1.680464957868024
50,0.2,476,0.80324,1.7506026975987727
50,0.2,477,0.81459,1.794042532304951
50,0.2,478,0.78364,1.6807450206659276
50,0.2,479,0.7537,1.5792010631173334
50,0.2,480,0.79557,1.7226357068536997
50,0.2,481,0.88721,2.123810775475597
50,0.2,482,0.80939,1.77302224826899
50,0.2,483,0.81287,1.7869628490893903
50,0.2,484,0.84908,1.9357216977674008
50,0.2,485,0.84463,1.9161663662750597
50,0.2,486,0.79804,1.7312204646503246
50,0.2,487,0.71065,1.4514394822867267
50,0.2,488,0.76002,1.6000113363801032
50,0.2,489,0.8578,1.9770322289032054
50,0.2,490,0.78076,1.6708040368052233
50,0.2,491,0.76732,1.623856762683959
50,0.2,492,0.85487,1.9633128058387566
50,0.2,493,0.90267,2.2165117964459777
50,0.2,494,0.80039,1.7397132685016303
50,0.2,495,0.83076,1.8563084161345675
50,0.2,496,0.8175,1.8048489515968895
50,0.2,497,0.78399,1.6818364666974444
50,0.2,498,0.85,1.940539008923038
50,0.2,499,0.78697,1.6921926595825876
50,0.2,500,0.77579,1.6539975189974407
50,0.2,501,0.86616,2.0142460478627573
50,0.2,502,0.80043,1.7398733035851262
50,0.2,503,0.77341,1.644828905986404
50,0.2,504,0.89203,2.151591677910491
50,0.2,505,0.77064,1.6351326137340823
50,0.2,506,0.80239,1.747105055811572
50,0.2,507,0.85998,1.9862346251871144
50,0.2,508,0.65967,1.308884552007835
50,0.2,509,0.85854,1.980068421706628
50,0.2,510,0.85121,1.9458603700020152
50,0.2,511,0.8364,1.8813271519942627
50,0.2,512,0.83794,1.8874275255750552
50,0.2,513,0.84334,1.9101829456050656
50,0.2,514,0.81535,1.797075855789706
50,0.2,515,0.69848,1.4158897857435473
50,0.2,516,0.84995,1.9403726203489677
50,0.2,517,0.73419,1.522477361135397
50,0.2,518,0.88962,2.13844471767006
50,0.2,519,0.78544,1.6867904251887824
50,0.2,520,0.80381,1.7523605931659074
50,0.2,521,0.72025,1.4797264565965793
50,0.2,522,0.85487,1.9632866983426454
50,0.2,523,0.76932,1.6311813940398074
50,0.2,524,0.72272,1.4875989338178308
50,0.2,525,0.84629,1.9235332343039317
50,0.2,526,0.82109,1.8187146419298819
50,0.2,527,0.74672,1.558559672465574
50,0.2,528,0.82989,1.8527503510884626
50,0.2,529,0.83062,1.8557440981980093
50,0.2,530,0.86054,1.988916887284963
50,0.2,531,0.8277,1.8439202721638255
50,0.2,532,0.82501,1.8335040780107452
50,0.2,533,0.80416,1.7539588686355212
50,0.2,534,0.71759,1.471695491342285
50,0.2,535,0.74993,1.568116227993696
50,0.2,536,0.82468,1.8317704663825705
50,0.2,537,0.81263,1.7858928159301475
50,0.2,538,0.78865,1.6977977723415512
50,0.2,539,0.857,1.972737128284708
50,0.2,540,0.87386,2.0528245887809544
50,0.2,541,0.7218,1.4845231961730978
50,0.2,542,0.63692,1.252337196294898
50,0.2,543,0.81424,1.7926951944968919
50,0.2,544,0.68122,1.367435105020375
50,0.2,545,0.80758,1.7670988789903048
50,0.2,546,0.88043,2.087560703206134
50,0.2,547,0.75869,1.595942536437072
50,0.2,548,0.88878,2.132805647739908
50,0.2,549,0.74241,1.546408417555479
50,0.2,550,0.75645,1.588295579423285
50,0.2,551,0.76584,1.618893647750094
50,0.2,552,0.86074,1.9898504237365051
50,0.2,553,0.7449,1.5535655998166833
50,0.2,554,0.78206,1.6756298922480366
50,0.2,555,0.88364,2.1044149201592743
50,0.2,556,0.75797,1.5933168324076852
50,0.2,557,0.76762,1.6245758247582895
50,0.2,558,0.80361,1.751771436307117
50,0.2,559,0.73377,1.5211374637689143
50,0.2,560,0.79311,1.7140271368492805
50,0.2,561,0.90827,2.2516898144542554
50,0.2,562,0.87788,2.073865459844127
50,0.2,563,0.79097,1.7069112370295128
50,0.2,564,0.77583,1.6540685072748982
50,0.2,565,0.83235,1.8631275483393304
50,0.2,566,0.9291,2.3978575211581887
50,0.2,567,0.83869,1.8909744938108068
50,0.2,568,0.74639,1.5575940737646259
50,0.2,569,0.8173,1.8040755025156807
50,0.2,570,0.84964,1.939179058891105
50,0.2,571,0.84618,1.923109085787647
50,0.2,572,0.78355,1.6804495950904808
50,0.2,573,0.89096,2.1457875491373235
50,0.2,574,0.77413,1.647308709349273
50,0.2,575,0.68804,1.3859390700061194
50,0.2,576,0.86885,2.0278625150729157
50,0.2,577,0.69651,1.4103750086746407
50,0.2,578,0.86727,2.019925179333091
50,0.2,579,0.79894,1.7343829396423667
50,0.2,580,0.74392,1.550513012747087
50,0.2,581,0.76703,1.6229412827362069
50,0.2,582,0.74335,1.548895436343461
50,0.2,583,0.88681,2.1219895550827417
50,0.2,584,0.85424,1.9601631335276013
50,0.2,585,0.76395,1.612441361434279
50,0.2,586,0.76957,1.6321440870340838
50,0.2,587,0.78761,1.6941406546945248
50,0.2,588,0.83008,1.8534442430758644
50,0.2,589,0.86515,2.00949097736743
50,0.2,590,0.76219,1.6068713729050503
50,0.2,591,0.73728,1.5310355210333024
50,0.2,592,0.90517,2.2306971245797125
50,0.2,593,0.74904,1.565610681723963
50,0.2,594,0.8019,1.7453095512813972
50,0.2,595,0.72965,1.5087611095652915
50,0.2,596,0.77163,1.6383884339680737
50,0.2,597,0.75409,1.58068905085265
50,0.2,598,0.85293,1.954001608273193
50,0.2,599,0.83885,1.8913192707417634
50,0.2,600,0.70056,1.4219847330010813
50,0.2,601,0.82784,1.8446361679251475
50,0.2,602,0.84744,1.9285663355433842
50,0.2,603,0.7801,1.6683934865338674
50,0.2,604,0.77208,1.6402246891404955
50,0.2,605,0.85071,1.9437743685154516
50,0.2,606,0.79308,1.7139932024739801
50,0.2,607,0.89008,2.1407935932117774
50,0.2,608,0.8216,1.8207704595432759
50,0.2,609,0.85336,1.955709051076565
50,0.2,610,0.75398,1.580306791171515
50,0.2,611,0.86823,2.0242869261522687
50,0.2,612,0.81815,1.8069551241066653
50,0.2,613,0.88719,2.123630290804406
50,0.2,614,0.79047,1.7052613519257664
50,0.2,615,0.77605,1.6551601930277209
50,0.2,616,0.8051,1.757569044921767
50,0.2,617,0.80033,1.7394158932235626
50,0.2,618,0.75869,1.5959060429584238
50,0.2,619,0.73271,1.5178578666212694
50,0.2,620,0.79532,1.721536030001145
50,0.2,621,0.78907,1.6996642969372977
50,0.2,622,0.79159,1.7087260357838783
50,0.2,623,0.89902,2.194325947538626
50,0.2,624,0.84271,1.9075610613245284
50,0.2,625,0.67717,1.3567259636648101
50,0.2,626,0.74459,1.5525666759945511
50,0.2,627,0.81077,1.7787161804605542
50,0.2,628,0.77823,1.6622279374229918
50,0.2,629,0.68666,1.382389616138882
50,0.2,630,0.80445,1.75488221899247
50,0.2,631,0.83287,1.8655418316477625
50,0.2,632,0.87969,2.0831063008241486
50,0.2,633,0.75125,1.571849511102646
50,0.2,634,0.70757,1.4420355494577701
50,0.2,635,0.82987,1.8524820023406234
50,0.2,636,0.80764,1.7673864411094304
50,0.2,637,0.74626,1.5574006348889275
50,0.2,638,0.86442,2.006722850825758
50,0.2,639,0.85023,1.9416896559416237
50,0.2,640,0.75789,1.5931717112255495
50,0.2,641,0.81475,1.7946860838468066
50,0.2,642,0.73613,1.5280226139363313
50,0.2,643,0.66558,1.3248621973488448
50,0.2,644,0.85993,1.9860591761846988
50,0.2,645,0.83209,1.8622370645357396
50,0.2,646,0.85016,1.9414398837584512
50,0.2,647,0.72068,1.4810592054545648
50,0.2,648,0.8467,1.925111628590194
50,0.2,649,0.80379,1.7523010811590551
50,0.2,650,0.84751,1.9289951604353446
50,0.2,651,0.82633,1.8384859337279238
50,0.2,652,0.76162,1.6050654612581683
50,0.2,653,0.77549,1.6529446583001608
50,0.2,654,0.85659,1.971030792007134
50,0.2,655,0.78626,1.6893146938319334
50,0.2,656,0.88664,2.1210708841408925
50,0.2,657,0.84701,1.9264003723927539
50,0.2,658,0.87334,2.0499716304229576
50,0.2,659,0.76396,1.6125343663040903
50,0.2,660,0.91356,2.287993656714986
50,0.2,661,0.82013,1.8146915510870802
50,0.2,662,0.75813,1.593916172011857
50,0.2,663,0.87676,2.06808623776544
50,0.2,664,0.8388,1.891208911519045
50,0.2,665,0.7997,1.7370277864716845
50,0.2,666,0.83763,1.8864370348971198
50,0.2,667,0.83404,1.8712483205557908
50,0.2,668,0.81238,1.7848632316457995
50,0.2,669,0.70721,1.440916823364218
50,0.2,670,0.81739,1.8043619828616975
50,0.2,671,0.85931,1.9834925665252992
50,0.2,672,0.70866,1.444978645824927
50,0.2,673,0.83446,1.8731102106594992
50,0.2,674,0.7513,1.5720558894960872
50,0.2,675,0.78985,1.7030380212342147
50,0.2,676,0.78276,1.6778862616472834
50,0.2,677,0.78864,1.697742775336914
50,0.2,678,0.84424,1.914263536548952
50,0.2,679,0.80609,1.7608859169735904
50,0.2,680,0.79152,1.7085596051813718
50,0.2,681,0.79662,1.7259489947135662
50,0.2,682,0.80282,1.7487409890144576
50,0.2,683,0.78609,1.6888107246748945
50,0.2,684,0.78413,1.6823027699726367
50,0.2,685,0.8359,1.879355006150912
50,0.2,686,0.78138,1.6733647614437126
50,0.2,687,0.75866,1.5958002521330754
50,0.2,688,0.85763,1.9761992531943413
50,0.2,689,0.79952,1.7364001727826293
50,0.2,690,0.8771,2.069890744749549
50,0.2,691,0.83403,1.871153622415477
50,0.2,692,0.82845,1.8473587891823793
50,0.2,693,0.79302,1.7138184131905547
50,0.2,694,0.80326,1.7507121648305033
50,0.2,695,0.84932,1.9372000517477939
50,0.2,696,0.67544,1.3513029792159164
50,0.2,697,0.86224,1.9966105561059182
50,0.2,698,0.7404,1.5405619305767542
50,0.2,699,0.88577,2.115994815313934
50,0.2,700,0.80964,1.7737312750614906
50,0.2,701,0.8589,1.9820104600898036
50,0.2,702,0.78932,1.7006385460473017
50,0.2,703,0.88767,2.126367797372382
50,0.2,704,0.74956,1.5669579863475436
50,0.2,705,0.74759,1.5611516675742108
50,0.2,706,0.80194,1.7454898468259876
50,0.2,707,0.76177,1.6056342250425855
50,0.2,708,0.78256,1.677091664125935
50,0.2,709,0.78147,1.6736774719809095
50,0.2,710,0.80411,1.7537750182559497
50,0.2,711,0.89518,2.1697013820656497
50,0.2,712,0.81558,1.7978839093385912
50,0.2,713,0.70595,1.4377140054213755
50,0.2,714,0.80464,1.7557138377227015
50,0.2,715,0.9155,2.3004294329887665
50,0.2,716,0.79259,1.712283206152464
50,0.2,717,0.85115,1.945575955317675
50,0.2,718,0.80445,1.754905197314435
50,0.2,719,0.69969,1.4194089776315675
50,0.2,720,0.86547,2.0107938158288907
50,0.2,721,0.83579,1.8789479966008062
50,0.2,722,0.80609,1.7609130003721098
50,0.2,723,0.80638,1.7625349777004586
50,0.2,724,0.81721,1.8037749118828494
50,0.2,725,0.74162,1.5438571799953444
50,0.2,726,0.82736,1.8427534939210528
50,0.2,727,0.82914,1.8500223138338732
50,0.2,728,0.87135,2.039067524103836
50,0.2,729,0.7742,1.6475817537002069
50,0.2,730,0.71659,1.4688284674020884
50,0.2,731,0.76464,1.6150175900735744
50,0.2,732,0.72731,1.5016887949647835
50,0.2,733,0.77405,1.647194500222723
50,0.2,734,0.79571,1.723087589029805
50,0.2,735,0.80545,1.758802389023761
50,0.2,736,0.76916,1.6304465190615132
50,0.2,737,0.80775,1.7677363707486744
50,0.2,738,0.86229,1.9967217721835036
50,0.2,739,0.77274,1.6426773954023073
50,0.2,740,0.81144,1.7812507383960017
50,0.2,741,0.85133,1.9462049841067857
50,0.2,742,0.82192,1.8219147735550116
50,0.2,743,0.86439,2.0063708801838454
50,0.2,744,0.67697,1.3562182407661862
50,0.2,745,0.75783,1.5929791343078923
50,0.2,746,0.76742,1.6241022423289964
50,0.2,747,0.79754,1.7291608116224815
50,0.2,748,0.79115,1.7074716578986042
50,0.2,749,0.78927,1.7002272876294482
50,0.2,750,0.73657,1.5294073933567502
50,0.2,751,0.79482,1.7198960021673293
50,0.2,752,0.68722,1.383924445501231
50,0.2,753,0.75415,1.5809267337816348
50,0.2,754,0.83309,1.8667543300097025
50,0.2,755,0.9059,2.236588547287421
50,0.2,756,0.83971,1.894324965435895
50,0.2,757,0.80839,1.7701409933373056
50,0.2,758,0.74817,1.5630638908424404
50,0.2,759,0.82989,1.8527617049938858
50,0.2,760,0.85856,1.9801279381304755
50,0.2,761,0.75461,1.582334404186828
50,0.2,762,0.79279,1.713080317201392
50,0.2,763,0.82702,1.8411757391122079
50,0.2,764,0.90038,2.2022204733113857
50,0.2,765,0.85028,1.9417915282144316
50,0.2,766,0.87051,2.0346934002623076
50,0.2,767,0.84381,1.911916085118516
50,0.2,768,0.87339,2.050195830336323
50,0.2,769,0.80521,1.757866923372259
50,0.2,770,0.84287,1.9082179325898647
50,0.2,771,0.73985,1.5385378442319908
50,0.2,772,0.84787,1.9301413259799716
50,0.2,773,0.86872,2.02698171368582
50,0.2,774,0.86198,1.9954083583749456
50,0.2,775,0.84788,1.9301657785905726
50,0.2,776,0.69949,1.4189369489556731
50,0.2,777,0.78505,1.6854380714082444
50,0.2,778,0.88313,2.101628510844361
50,0.2,779,0.76357,1.6112912604609249
50,0.2,780,0.71887,1.4753588355462044
50,0.2,781,0.81954,1.8121124062283362
50,0.2,782,0.62576,1.2241372754201205
50,0.2,783,0.82392,1.8290737329343112
50,0.2,784,0.86031,1.9877775268484268
50,0.2,785,0.79316,1.7142491936599282
50,0.2,786,0.67038,1.3378205972902333
50,0.2,787,0.78771,1.6946043731923357
50,0.2,788,0.83114,1.8579176902943082
50,0.2,789,0.87057,2.034926674205459
50,0.2,790,0.80948,1.7732224176822946
50,0.2,791,0.80802,1.7689044541114751
50,0.2,792,0.88678,2.1218078431493854
50,0.2,793,0.6804,1.3653253623708865
50,0.2,794,0.79418,1.71783639076911
50,0.2,795,0.88055,2.088105955509361
50,0.2,796,0.92826,2.3921137807505395
50,0.2,797,0.85357,1.9569727549496736
50,0.2,798,0.81136,1.7809062886217852
50,0.2,799,0.82204,1.8225348253224225
50,0.2,800,0.75592,1.5865875094682846
50,0.2,801,0.74172,1.5442039712549331
50,0.2,802,0.76922,1.6306422812149917
50,0.2,803,0.7558,1.5862733261541901
50,0.2,804,0.72732,1.5017313141953226
50,0.2,805,0.83634,1.8811302862614045
50,0.2,806,0.72884,1.506509957801283
50,0.2,807,0.73489,1.5245872998736556
50,0.2,808,0.72694,1.500369030151738
50,0.2,809,0.85925,1.9832605622187702
50,0.2,810,0.73737,1.5313551725757397
50,0.2,811,0.80289,1.748896477024187
50,0.2,812,0.90905,2.2560973826704966
50,0.2,813,0.9147,2.2958568692230537
50,0.2,814,0.78957,1.7022500527349134
50,0.2,815,0.75859,1.595583653567872
50,0.2,816,0.84138,1.901189839984112
50,0.2,817,0.82587,1.8365699047830732
50,0.2,818,0.80232,1.7469375408553443
50,0.2,819,0.79995,1.7379264004998847
50,0.2,820,0.81217,1.783895515778143
50,0.2,821,0.76349,1.6109813453956656
50,0.2,822,0.81482,1.7951205394482952
50,0.2,823,0.80942,1.7730703853093845
50,0.2,824,0.77212,1.6404039591992565
50,0.2,825,0.76647,1.6214558870200966
50,0.2,826,0.87723,2.070476375842885
50,0.2,827,0.78828,1.696119519072852
50,0.2,828,0.80632,1.7620998839859983
50,0.2,829,0.86871,2.026599924446299
50,0.2,830,0.74826,1.5632073583085968
50,0.2,831,0.73451,1.5235482526934043
50,0.2,832,0.66515,1.323844347816853
50,0.2,833,0.79891,1.7342128396963994
50,0.2,834,0.74382,1.5502031584306257
50,0.2,835,0.84357,1.9110349231400587
50,0.2,836,0.87928,2.0809287983653673
50,0.2,837,0.77168,1.6386924941836787
50,0.2,838,0.75405,1.5805635986646454
50,0.2,839,0.77707,1.6586493981988322
50,0.2,840,0.73846,1.5347844528094403
50,0.2,841,0.81475,1.794615871910306
50,0.2,842,0.83298,1.866293784943526
50,0.2,843,0.90838,2.2526991459208094
50,0.2,844,0.70983,1.448733407303211
50,0.2,845,0.7701,1.6336824624010151
50,0.2,846,0.70178,1.425365717425887
50,0.2,847,0.8248,1.8324373779622531
50,0.2,848,0.75907,1.5971349853588048
50,0.2,849,0.76729,1.6237165194434893
50,0.2,850,0.80763,1.7673554907893476
50,0.2,851,0.82148,1.8201312681408603
50,0.2,852,0.89297,2.1569069324192855
50,0.2,853,0.77525,1.6521014582700577
50,0.2,854,0.83281,1.8653044057988257
50,0.2,855,0.81111,1.7801241520791726
50,0.2,856,0.80983,1.7744350760397478
50,0.2,857,0.7175,1.4712837044158436
50,0.2,858,0.88362,2.1042337381764344
50,0.2,859,0.80053,1.740273513552097
50,0.2,860,0.76445,1.6145478083611642
50,0.2,861,0.87043,2.034340352006308
50,0.2,862,0.7734,1.6448146454441543
50,0.2,863,0.71568,1.4660732758530854
50,0.2,864,0.84216,1.9047635062862924
50,0.2,865,0.8497,1.9396511428308971
50,0.2,866,0.69297,1.3995776513846865
50,0.2,867,0.80914,1.7722613860707581
50,0.2,868,0.86678,2.017581839593473
50,0.2,869,0.68075,1.3664340545014582
50,0.2,870,0.7936,1.7157981187987073
50,0.2,871,0.82272,1.824805721057169
50,0.2,872,0.78003,1.668209502424781
50,0.2,873,0.58771,1.1306998624133948
50,0.2,874,0.87262,2.045817675549004
50,0.2,875,0.69331,1.4007014044095905
50,0.2,876,0.83245,1.8638771942064352
50,0.2,877,0.7715,1.6378820385885184
50,0.2,878,0.81031,1.7763270064050798
50,0.2,879,0.87562,2.06252301557389
50,0.2,880,0.73803,1.53345029635891
50,0.2,881,0.73761,1.5318601754288097
50,0.2,882,0.75398,1.5803147180914987
50,0.2,883,0.81482,1.7951212314806488
50,0.2,884,0.77067,1.6352118161668905
50,0.2,885,0.82845,1.8472911251725266
50,0.2,886,0.65997,1.3097369597287096
50,0.2,887,0.76261,1.6083181698334459
50,0.2,888,0.7993,1.735542855399373
50,0.2,889,0.83872,1.8910617699059835
50,0.2,890,0.73518,1.5254154491520981
50,0.2,891,0.75519,1.583888884076812
50,0.2,892,0.77124,1.6371360386374119
50,0.2,893,0.79398,1.717214260586028
50,0.2,894,0.78016,1.6685637522850845
50,0.2,895,0.82396,1.8291975365125912
50,0.2,896,0.68348,1.3738486988610799
50,0.2,897,0.74981,1.567745495046943
50,0.2,898,0.71193,1.4550146482043003
50,0.2,899,0.83314,1.8670381441924622
50,0.2,900,0.87862,2.0772601401760427
50,0.2,901,0.75565,1.5856967941440314
50,0.2,902,0.80319,1.7502595891328399
50,0.2,903,0.80676,1.7638264378772814
50,0.2,904,0.72875,1.5061772848145956
50,0.2,905,0.84183,1.903160635628894
50,0.2,906,0.83711,1.8842187909882342
50,0.2,907,0.77904,1.6648585508468459
50,0.2,908,0.79056,1.7055130327085706
50,0.2,909,0.8924,2.1538799408020726
50,0.2,910,0.86845,2.025155176228546
50,0.2,911,0.83351,1.8692498516026221
50,0.2,912,0.7883,1.6961954666689534
50,0.2,913,0.83472,1.8740832133267973
50,0.2,914,0.77748,1.6598798938411905
50,0.2,915,0.71711,1.470028000036307
50,0.2,916,0.79868,1.733551847806213
50,0.2,917,0.80322,1.750571024066617
50,0.2,918,0.82952,1.8514396526040307
50,0.2,919,0.90385,2.2238627241115703
50,0.2,920,0.716,1.4669977355638055
50,0.2,921,0.79607,1.7242455755133435
50,0.2,922,0.84306,1.9087753199620947
50,0.2,923,0.89427,2.1646947128936542
50,0.2,924,0.86779,2.0225092825883486
50,0.2,925,0.88285,2.1001014442757073
50,0.2,926,0.86451,2.0069218923273837
50,0.2,927,0.748,1.5624804379824253
50,0.2,928,0.80461,1.7556810751607426
50,0.2,929,0.85908,1.9826262650318076
50,0.2,930,0.69398,1.4027244288725298
50,0.2,931,0.645,1.271767432696306
50,0.2,932,0.80611,1.761118694216234
50,0.2,933,0.75613,1.5872962924602845
50,0.2,934,0.8834,2.103028968602639
50,0.2,935,0.78614,1.689030920450381
50,0.2,936,0.86444,2.006772757610137
50,0.2,937,0.73454,1.5236526232276424
50,0.2,938,0.80618,1.7615331683419322
50,0.2,939,0.84862,1.9331375173492071
50,0.2,940,0.78312,1.6791843879420592
50,0.2,941,0.78133,1.673063696007712
50,0.2,942,0.77714,1.6588214874091047
50,0.2,943,0.80973,1.7740402417736716
50,0.2,944,0.79428,1.7180962354538047
50,0.2,945,0.8756,2.062383699121682
50,0.2,946,0.80877,1.7711783249688855
50,0.2,947,0.84241,1.9060745988259464
50,0.2,948,0.89537,2.171183994716213
50,0.2,949,0.71818,1.4731871800976757
50,0.2,950,0.7727,1.64259785924216
50,0.2,951,0.83115,1.8579448286121172
50,0.2,952,0.7817,1.6742988989066574
50,0.2,953,0.83846,1.8898593478199954
50,0.2,954,0.83715,1.8843818825297367
50,0.2,955,0.75868,1.5958565705515317
50,0.2,956,0.80504,1.7574484242440698
50,0.2,957,0.76853,1.6281084893426283
50,0.2,958,0.78709,1.6925517754268982
50,0.2,959,0.87706,2.0694088993331388
50,0.2,960,0.81,1.775092735186821
50,0.2,961,0.79772,1.7299310401415653
50,0.2,962,0.74239,1.5463230108708528
50,0.2,963,0.79279,1.7130587127989014
50,0.2,964,0.82211,1.8228148511550413
50,0.2,965,0.68829,1.3866905648160572
50,0.2,966,0.83186,1.8611381361747326
50,0.2,967,0.78645,1.6901683021457257
50,0.2,968,0.70157,1.4247413664304085
50,0.2,969,0.67744,1.3576391312688199
50,0.2,970,0.82786,1.8447298378068366
50,0.2,971,0.78451,1.683534391184288
50,0.2,972,0.83584,1.8791164120072905
50,0.2,973,0.81346,1.7891733843778952
50,0.2,974,0.74539,1.5548915084594785
50,0.2,975,0.87816,2.0752066856900875
50,0.2,976,0.92392,2.3587543281064423
50,0.2,977,0.81991,1.813451259736888
50,0.2,978,0.69188,1.3965063037651635
50,0.2,979,0.75649,1.5884201110603455
50,0.2,980,0.83016,1.853737783438064
50,0.2,981,0.84549,1.9198061930479724
50,0.2,982,0.76873,1.629128558001752
50,0.2,983,0.81389,1.7913828159591667
50,0.2,984,0.70643,1.4391330454846554
50,0.2,985,0.83049,1.855040506185368
50,0.2,986,0.84929,1.936949925318109
50,0.2,987,0.88002,2.0847135609365433
50,0.2,988,0.75554,1.5853082739542992
50,0.2,989,0.87106,2.037852391219102
50,0.2,990,0.79478,1.7197799799255429
50,0.2,991,0.79364,1.7160371294265349
50,0.2,992,0.75703,1.59049052185554
50,0.2,993,0.87544,2.0616379915145195
50,0.2,994,0.8323,1.8628927408852753
50,0.2,995,0.89702,2.180505227077627
50,0.2,996,0.76414,1.613111042631648
50,0.2,997,0.77815,1.6621362432542242
50,0.2,998,0.6986,1.4163570922699895
50,0.2,999,0.78027,1.668908745622646
100,0.05,0,0.95721,2.658982100453959
100,0.05,1,0.91285,2.283630782649123
100,0.05,2,0.88328,2.102246448350105
100,0.05,3,0.97579,2.933468763577687
100,0.05,4,0.94642,2.5422949478017927
100,0.05,5,0.96351,2.7387394778185654
100,0.05,6,0.95946,2.6870596411064693
100,0.05,7,0.97385,2.89517596419878
100,0.05,8,0.95021,2.582420899323612
100,0.05,9,0.965,2.7597071932701107
100,0.05,10,0.93097,2.4114095522428243
100,0.05,11,0.96212,2.720717071930934
100,0.05,12,0.95669,2.6539481860604766
100,0.05,13,0.90614,2.2377190133599725
100,0.05,14,0.94675,2.5460934576204304
100,0.05,15,0.96053,2.698359560773375
100,0.05,16,0.96141,2.7105297505527073
100,0.05,17,0.95832,2.6723021998873993
100,0.05,18,0.93933,2.478543671999051
100,0.05,19,0.93271,2.4252853023173744
100,0.05,20,0.94329,2.5140354523589368
100,0.05,21,0.94929,2.56999562541456
100,0.05,22,0.9874,3.224534256898333
100,0.05,23,0.9045,2.2275454728183313
100,0.05,24,0.96769,2.795258506327083
100,0.05,25,0.97039,2.8401910681368436
100,0.05,26,0.93688,2.4587459320592453
100,0.05,27,0.97738,2.9663811872288637
100,0.05,28,0.95415,2.625873684114642
100,0.05,29,0.93069,2.4093806852168904
100,0.05,30,0.95595,2.6465498847493536
100,0.05,31,0.95499,2.637252353104311
100,0.05,32,0.98132,3.049057200687155
100,0.05,33,0.96311,2.7332814288158893
100,0.05,34,0.92817,2.3911332370611094
100,0.05,35,0.95959,2.688774413806837
100,0.05,36,0.94409,2.520484415041378
100,0.05,37,0.93181,2.4171414183781232
100,0.05,38,0.97585,2.9343783253147557
100,0.05,39,0.95682,2.6547382972464297
100,0.05,40,0.9454,2.532004364059746
100,0.05,41,0.9504,2.5847101675552318
100,0.05,42,0.93976,2.4829883381428526
100,0.05,43,0.96896,2.813659185985812
100,0.05,44,0.91439,2.2932590389380105
100,0.05,45,0.9372,2.4609487506095964
100,0.05,46,0.94816,2.5580584749064865
100,0.05,47,0.93615,2.45279330488248
100,0.05,48,0.98002,3.0194577242252407
100,0.05,49,0.96389,2.744511547477643
100,0.05,50,0.98508,3.1542388691430663
100,0.05,51,0.9121,2.278440778972594
100,0.05,52,0.94177,2.500716914944301
100,0.05,53,0.94424,2.5216794196391055
100,0.05,54,0.98552,3.167132496489868
100,0.05,55,0.96373,2.7416979497778966
100,0.05,56,0.9562,2.6488371023308863
100,0.05,57,0.9906,3.336147869381681
100,0.05,58,0.91842,2.3187725825382457
100,0.05,59,0.96242,2.7241453231082833
100,0.05,60,0.9218,2.3428686979938456
100,0.05,61,0.93077,2.4099810695746955
100,0.05,62,0.95852,2.6755838845390425
100,0.05,63,0.97056,2.843033051133087
100,0.05,64,0.93928,2.4782753775567685
100,0.05,65,0.94202,2.503154845326723
100,0.05,66,0.94787,2.5554376427215275
100,0.05,67,0.97452,2.90714496404711
100,0.05,68,0.96933,2.820667868365577
100,0.05,69,0.90749,2.246047383202508
100,0.05,70,0.94996,2.5790672553435536
100,0.05,71,0.97039,2.840212651091877
100,0.05,72,0.91276,2.2831246764926365
100,0.05,73,0.97536,2.9257028506737583
100,0.05,74,0.94997,2.579186066351271
100,0.05,75,0.95384,2.6222466058500333
100,0.05,76,0.89821,2.188570505977892
100,0.05,77,0.94315,2.512003028580812
100,0.05,78,0.95187,2.5987983107962735
100,0.05,79,0.94112,2.4945515065313684
100,0.05,80,0.92801,2.390108275213411
100,0.05,81,0.96137,2.709918917469513
100,0.05,82,0.98621,3.188088200882301
100,0.05,83,0.92536,2.3704128745918203
100,0.05,84,0.96374,2.7421248202391957
100,0.05,85,0.95445,2.628918903020892
100,0.05,86,0.97637,2.943370280172552
100,0.05,87,0.92399,2.3594545038195913
100,0.05,88,0.97063,2.8438873620404834
100,0.05,89,0.89462,2.16663684472492
100,0.05,90,0.97311,2.883717023236758
100,0.05,91,0.94663,2.5446877969767487
100,0.05,92,0.9396,2.4815282972093877
100,0.05,93,0.93573,2.4491842455158084
100,0.05,94,0.95666,2.653281940295689
100,0.05,95,0.9675,2.793034574226414
100,0.05,96,0.955,2.637314352721094
100,0.05,97,0.91833,2.3181429339140056
100,0.05,98,0.87809,2.0750021921422834
100,0.05,99,0.96737,2.791386669224467
100,0.05,100,0.96288,2.7300854336083487
100,0.05,101,0.94436,2.5225221579474564
100,0.05,102,0.97256,2.874742616615788
100,0.05,103,0.95763,2.664599629518593
100,0.05,104,0.94472,2.5262360098791468
100,0.05,105,0.95348,2.6175399739789245
100,0.05,106,0.95862,2.6770183046087337
100,0.05,107,0.94627,2.541209135963311
100,0.05,108,0.9318,2.4170630608063677
100,0.05,109,0.93346,2.4304030652429973
100,0.05,110,0.94955,2.5733889235360756
100,0.05,111,0.94803,2.5566106186370345
100,0.05,112,0.97433,2.9042747990950906
100,0.05,113,0.97477,2.9127440388941883
100,0.05,114,0.95199,2.6008820032347266
100,0.05,115,0.93209,2.419900226087135
100,0.05,116,0.95827,2.6715622753122945
100,0.05,117,0.97916,3.0020245585357292
100,0.05,118,0.93406,2.435506807639574
100,0.05,119,0.97528,2.92409218388979
100,0.05,120,0.96621,2.7756022213869027
100,0.05,121,0.94966,2.5750843777776335
100,0.05,122,0.94962,2.574152338060881
100,0.05,123,0.97873,2.992203981074103
100,0.05,124,0.93455,2.4404751377713403
100,0.05,125,0.95361,2.618846067953202
100,0.05,126,0.93187,2.417696128605231
100,0.05,127,0.92269,2.3495128984033697
100,0.05,128,0.96408,2.7462572688682068
100,0.05,129,0.92543,2.3709257129337358
100,0.05,130,0.96417,2.7476959234818112
100,0.05,131,0.96331,2.735686331362392
100,0.05,132,0.93031,2.4065022388194297
100,0.05,133,0.94454,2.524561367486467
100,0.05,134,0.93348,2.430521810693898
100,0.05,135,0.90404,2.2250992363964497
100,0.05,136,0.96123,2.708099922818622
100,0.05,137,0.96054,2.698478758359709
100,0.05,138,0.92359,2.356327905665795
100,0.05,139,0.96477,2.756858269141433
100,0.05,140,0.89943,2.196953315023531
100,0.05,141,0.9418,2.501152820993139
100,0.05,142,0.96866,2.8086120734100346
100,0.05,143,0.97746,2.968449299479507
100,0.05,144,0.93252,2.4233174370234964
100,0.05,145,0.9557,2.6443596605946103
100,0.05,146,0.92478,2.3647619843771297
100,0.05,147,0.92558,2.372667050348627
100,0.05,148,0.97017,2.835408703470578
100,0.05,149,0.92356,2.355897172356115
100,0.05,150,0.94,2.4850433930151077
100,0.05,151,0.97079,2.846928311391192
100,0.05,152,0.93281,2.426166430833772
100,0.05,153,0.96582,2.7706114579358263
100,0.05,154,0.91661,2.307301324414109
100,0.05,155,0.94075,2.4925247720380357
100,0.05,156,0.94591,2.538056844390829
100,0.05,157,0.96062,2.6997980843836658
100,0.05,158,0.96089,2.7039972621910318
100,0.05,159,0.949,2.5663909139919685
100,0.05,160,0.96567,2.7689934566454415
100,0.05,161,0.96381,2.7430331540784425
100,0.05,162,0.94512,2.5298208935067743
100,0.05,163,0.94816,2.558142956593877
100,0.05,164,0.95085,2.589521488359238
100,0.05,165,0.92839,2.3930959798596367
100,0.05,166,0.94932,2.5702455498123777
100,0.05,167,0.93127,2.4133733608948975
100,0.05,168,0.98043,3.0271406696464913
100,0.05,169,0.96085,2.7031633329100573
100,0.05,170,0.94591,2.5380093461877182
100,0.05,171,0.91058,2.267232656273167
100,0.05,172,0.95668,2.6536260686037902
100,0.05,173,0.94017,2.487124777070089
100,0.05,174,0.96963,2.8258978536884576
100,0.05,175,0.99089,3.3480577183758746
100,0.05,176,0.94622,2.5403964087636286
100,0.05,177,0.96744,2.7924136242698943
100,0.05,178,0.97236,2.871688955501064
100,0.05,179,0.96481,2.7572014647730176
100,0.05,180,0.96677,2.783966946134805
100,0.05,181,0.95424,2.6268341581955235
100,0.05,182,0.94982,2.5772116726604715
100,0.05,183,0.90206,2.2118386454388625
100,0.05,184,0.91925,2.3243121013629358
100,0.05,185,0.98953,3.2976495345627215
100,0.05,186,0.95634,2.6506122434527875
100,0.05,187,0.94527,2.5307031102822317
100,0.05,188,0.9691,2.8163129487063356
100,0.05,189,0.978,2.977351947154176
100,0.05,190,0.95141,2.594644910317322
100,0.05,191,0.89716,2.1813956151886726
100,0.05,192,0.94887,2.5650332802425613
100,0.05,193,0.95462,2.6315325363403113
100,0.05,194,0.96976,2.8288352013359783
100,0.05,195,0.9535,2.6179259945274787
100,0.05,196,0.85807,1.9781213046792971
100,0.05,197,0.96582,2.7704637088249977
100,0.05,198,0.95885,2.6797347933951428
100,0.05,199,0.94326,2.513790902567834
100,0.05,200,0.96416,2.7475202453262586
100,0.05,201,0.94667,2.5454144396483303
100,0.05,202,0.95014,2.5818008816727636
100,0.05,203,0.93303,2.4276923377278927
100,0.05,204,0.9189,2.3214504684170714
100,0.05,205,0.92179,2.3426971584701537
100,0.05,206,0.95188,2.5992627823850114
100,0.05,207,0.98347,3.110849281931081
100,0.05,208,0.92666,2.380401320609958
100,0.05,209,0.99185,3.398329620896048
100,0.05,210,0.90939,2.2584384380792093
100,0.05,211,0.9139,2.2899689250082753
100,0.05,212,0.96033,2.6959099480416633
100,0.05,213,0.9517,2.59694544925286
100,0.05,214,0.96147,2.7116603715840766
100,0.05,215,0.91991,2.328759469482706
100,0.05,216,0.93906,2.476627412086849
100,0.05,217,0.96224,2.7222529167322156
100,0.05,218,0.96063,2.6999575518893852
100,0.05,219,0.96787,2.798326005933403
100,0.05,220,0.8943,2.1648700806885683
100,0.05,221,0.95435,2.6281276660750392
100,0.05,222,0.93018,2.4059484315061463
100,0.05,223,0.97414,2.8998009002071425
100,0.05,224,0.96673,2.7835668771452102
100,0.05,225,0.95176,2.5977843159298297
100,0.05,226,0.91232,2.2799936014548448
100,0.05,227,0.94421,2.5213925190621027
100,0.05,228,0.94961,2.5740550148858423
100,0.05,229,0.9607,2.700771542801031
100,0.05,230,0.96277,2.7292756219010332
100,0.05,231,0.96915,2.817978139098975
100,0.05,232,0.92255,2.348525417279408
100,0.05,233,0.94113,2.4946802036077385
100,0.05,234,0.96977,2.8291651056914793
100,0.05,235,0.96189,2.717880872190767
100,0.05,236,0.96972,2.8280904700089735
100,0.05,237,0.96011,2.693530464759812
100,0.05,238,0.96963,2.82605384826132
100,0.05,239,0.97769,2.9717209077308713
100,0.05,240,0.97652,2.9465718584054152
100,0.05,241,0.94193,2.5022506251267944
100,0.05,242,0.9492,2.569152744763308
100,0.05,243,0.94751,2.5524122958879474
100,0.05,244,0.98631,3.193112544001724
100,0.05,245,0.93568,2.4488537798117944
100,0.05,246,0.93518,2.4449800908846298
100,0.05,247,0.9745,2.90680226379388
100,0.05,248,0.97071,2.8459061234858147
100,0.05,249,0.93595,2.450980967781836
100,0.05,250,0.93049,2.408011916102208
100,0.05,251,0.94741,2.5518007575022903
100,0.05,252,0.93792,2.466711371130206
100,0.05,253,0.9541,2.624911775354996
100,0.05,254,0.95145,2.594978611709009
100,0.05,255,0.96911,2.8166583385007327
100,0.05,256,0.95959,2.688725732622286
100,0.05,257,0.93785,2.4660893729583604
100,0.05,258,0.95911,2.6827453118583877
100,0.05,259,0.97166,2.8611690788169843
100,0.05,260,0.97055,2.8427770161057175
100,0.05,261,0.97689,2.9562267594432896
100,0.05,262,0.93528,2.44590431895411
100,0.05,263,0.97115,2.8529517206855015
100,0.05,264,0.9545,2.6296435131812066
100,0.05,265,0.97471,2.911780943848724
100,0.05,266,0.98387,3.1222046116504725
100,0.05,267,0.9381,2.468431971959935
100,0.05,268,0.95087,2.589870782195148
100,0.05,269,0.95145,2.5950018492855014
100,0.05,270,0.96371,2.7414233868869116
100,0.05,271,0.96091,2.7041376354287996
100,0.05,272,0.96182,2.7167743298345357
100,0.05,273,0.91868,2.3203810544813086
100,0.05,274,0.94961,2.5739487762237654
100,0.05,275,0.9787,2.990467545770688
100,0.05,276,0.95042,2.585014942198919
100,0.05,277,0.94622,2.5404508561923693
100,0.05,278,0.92386,2.3583230502164465
100,0.05,279,0.9461,2.5393940924404155
100,0.05,280,0.94799,2.556461753384604
100,0.05,281,0.97817,2.980170352849678
100,0.05,282,0.91804,2.3165154248147823
100,0.05,283,0.95462,2.6315177683624507
100,0.05,284,0.96207,2.7200770364453506
100,0.05,285,0.89792,2.1870082365810166
100,0.05,286,0.93791,2.466601367514153
100,0.05,287,0.9228,2.350314132594834
100,0.05,288,0.92235,2.3471601532157544
100,0.05,289,0.93464,2.441047376987175
100,0.05,290,0.9229,2.351134602997615
100,0.05,291,0.93703,2.460093332007072
100,0.05,292,0.91905,2.322751095115872
100,0.05,293,0.97642,2.9445238178562545
100,0.05,294,0.95317,2.613978025448608
100,0.05,295,0.95734,2.6604810747375325
100,0.05,296,0.93726,2.461355177825074
100,0.05,297,0.97039,2.8400845334075377
100,0.05,298,0.96757,2.7935617389350447
100,0.05,299,0.97075,2.846129918292689
100,0.05,300,0.94222,2.504463531467179
100,0.05,301,0.9333,2.429273596549953
100,0.05,302,0.98415,3.1316251658521823
100,0.05,303,0.98705,3.2144411373255197
100,0.05,304,0.90253,2.2149432711389654
100,0.05,305,0.93315,2.428413859922653
100,0.05,306,0.94154,2.4979583752548846
100,0.05,307,0.9562,2.6487168846558404
100,0.05,308,0.9422,2.5043670763014
100,0.05,309,0.9406,2.4907092665924107
100,0.05,310,0.85807,1.9781189595803172
100,0.05,311,0.90026,2.2016603435888666
100,0.05,312,0.97758,2.9711943824430787
100,0.05,313,0.97163,2.8603918081829596
100,0.05,314,0.94199,2.5027077904231443
100,0.05,315,0.97825,2.9833313753128157
100,0.05,316,0.95391,2.6227784179556064
100,0.05,317,0.98013,3.0221501175855163
100,0.05,318,0.98316,3.1028426657524504
100,0.05,319,0.94502,2.528685659586064
100,0.05,320,0.93539,2.44692702989282
100,0.05,321,0.92889,2.396528013856545
100,0.05,322,0.96292,2.730609245514876
100,0.05,323,0.94627,2.541145662920065
100,0.05,324,0.92932,2.400061759596663
100,0.05,325,0.94115,2.4948292249269652
100,0.05,326,0.94085,2.493118069196244
100,0.05,327,0.96357,2.7392882097269164
100,0.05,328,0.96732,2.790800896383654
100,0.05,329,0.93574,2.449341717345552
100,0.05,330,0.97711,2.9613523977363827
100,0.05,331,0.96039,2.697206915844148
100,0.05,332,0.94134,2.4963907294097982
100,0.05,333,0.90282,2.2177004557848843
100,0.05,334,0.94599,2.5385702208720193
100,0.05,335,0.96497,2.7593780073510024
100,0.05,336,0.95297,2.6123607326635594
100,0.05,337,0.96371,2.7415682306206954
100,0.05,338,0.95128,2.593018589804036
100,0.05,339,0.95763,2.664345415974264
100,0.05,340,0.98051,3.0284030826439063
100,0.05,341,0.96048,2.697683692769787
100,0.05,342,0.8885,2.1314679438247737
100,0.05,343,0.96816,2.8016199730351903
100,0.05,344,0.94831,2.5592280818331963
100,0.05,345,0.91564,2.3014497214285714
100,0.05,346,0.9768,2.9534666001944325
100,0.05,347,0.91916,2.3235509263145477
100,0.05,348,0.93948,2.480242705737192
100,0.05,349,0.96956,2.824869346330682
100,0.05,350,0.93361,2.4313072082587945
100,0.05,351,0.93955,2.4810937120643675
100,0.05,352,0.93955,2.4810906394168497
100,0.05,353,0.94986,2.5779826211098156
100,0.05,354,0.97988,3.016116904321092
100,0.05,355,0.96668,2.7826872889835768
100,0.05,356,0.95847,2.674602023458016
100,0.05,357,0.92356,2.356067477863165
100,0.05,358,0.9336,2.431179223730111
100,0.05,359,0.9513,2.59310713430958
100,0.05,360,0.9276,2.3871483417414474
100,0.05,361,0.95248,2.6066109932728163
100,0.05,362,0.97702,2.959493237471125
100,0.05,363,0.93382,2.43331784355123
100,0.05,364,0.95286,2.611026964240641
100,0.05,365,0.98869,3.262499083764065
100,0.05,366,0.93705,2.4602741231813448
100,0.05,367,0.96412,2.746542162666859
100,0.05,368,0.95011,2.581426391565853
100,0.05,369,0.95234,2.604758765954145
100,0.05,370,0.98956,3.299610739075672
100,0.05,371,0.9377,2.4650133767495523
100,0.05,372,0.90138,2.207922086191478
100,0.05,373,0.9038,2.223475917265732
100,0.05,374,0.96533,2.7641821454135673
100,0.05,375,0.97386,2.8956584445610027
100,0.05,376,0.94393,2.5188656225917216
100,0.05,377,0.9827,3.0899152653746933
100,0.05,378,0.94882,2.5647038901225674
100,0.05,379,0.95214,2.6022835181429587
100,0.05,380,0.95491,2.6358706518711386
100,0.05,381,0.95795,2.668859827526391
100,0.05,382,0.97328,2.887544657580285
100,0.05,383,0.90983,2.261582016939225
100,0.05,384,0.91285,2.2837439574555214
100,0.05,385,0.95766,2.665169496572602
100,0.05,386,0.96067,2.7005757338378507
100,0.05,387,0.98099,3.0394375015572863
100,0.05,388,0.95705,2.6574517999625367
100,0.05,389,0.97779,2.9736877111826683
100,0.05,390,0.95176,2.597763990069112
100,0.05,391,0.91845,2.318883013060991
100,0.05,392,0.97763,2.971359778257646
100,0.05,393,0.92074,2.3360934826622284
100,0.05,394,0.92501,2.366667585319764
100,0.05,395,0.93953,2.4809148633766944
100,0.05,396,0.92717,2.3842415967250203
100,0.05,397,0.92902,2.397510188254907
100,0.05,398,0.95803,2.669490767831038
100,0.05,399,0.96321,2.734490494804369
100,0.05,400,0.95553,2.6426501545162124
100,0.05,401,0.96901,2.815167346335209
100,0.05,402,0.96991,2.8316511012031276
100,0.05,403,0.9466,2.5443714871619854
100,0.05,404,0.94977,2.576680302909552
100,0.05,405,0.95854,2.6760826757170078
100,0.05,406,0.93414,2.436361588651503
100,0.05,407,0.95905,2.6822997618802673
100,0.05,408,0.95145,2.5950120818861047
100,0.05,409,0.95649,2.652043952856638
100,0.05,410,0.95836,2.6732644635448617
100,0.05,411,0.94346,2.5151152310754803
100,0.05,412,0.99143,3.3723328146033946
100,0.05,413,0.97484,2.914540767616405
100,0.05,414,0.98416,3.131766808366467
100,0.05,415,0.98891,3.2677319422712325
100,0.05,416,0.91956,2.3264552525180613
100,0.05,417,0.94734,2.5511065861162
100,0.05,418,0.96407,2.7460647232002042
100,0.05,419,0.95834,2.6728437704071357
100,0.05,420,0.94751,2.552414768117446
100,0.05,421,0.92921,2.3990174289489565
100,0.05,422,0.94271,2.5084660417512823
100,0.05,423,0.95242,2.60606471114707
100,0.05,424,0.9678,2.7973032643517017
100,0.05,425,0.92015,2.3317254144383432
100,0.05,426,0.93776,2.46553636353479
100,0.05,427,0.97849,2.9875631033160253
100,0.05,428,0.96488,2.7579822658699413
100,0.05,429,0.97598,2.9354575586732854
100,0.05,430,0.95425,2.627065239378289
100,0.05,431,0.98347,3.110570808429749
100,0.05,432,0.95605,2.647600263814287
100,0.05,433,0.95365,2.6196955350600026
100,0.05,434,0.94587,2.537714007825997
100,0.05,435,0.96132,2.7090667936116564
100,0.05,436,0.91261,2.2819506514061088
100,0.05,437,0.96621,2.775779116971814
100,0.05,438,0.96828,2.8034455939950265
100,0.05,439,0.98233,3.077161933276006
100,0.05,440,0.97004,2.8340673626514654
100,0.05,441,0.96156,2.7130944373905406
100,0.05,442,0.96079,2.7023366486413076
100,0.05,443,0.98069,3.0329080488609006
100,0.05,444,0.87676,2.0680500274746083
100,0.05,445,0.95668,2.6537476608716832
100,0.05,446,0.97416,2.900626929049508
100,0.05,447,0.97489,2.9154782099231804
100,0.05,448,0.92356,2.356137669223586
100,0.05,449,0.94065,2.491141762006336
100,0.05,450,0.93269,2.4250797155706816
100,0.05,451,0.97424,2.9029647651547146
100,0.05,452,0.90382,2.2236056922617493
100,0.05,453,0.96284,2.729858524128385
100,0.05,454,0.95528,2.6404385629880367
100,0.05,455,0.92526,2.3688657419329457
100,0.05,456,0.94015,2.486789936640053
100,0.05,457,0.95717,2.6583328429506117
100,0.05,458,0.94807,2.556989603798491
100,0.05,459,0.93868,2.4738623657134826
100,0.05,460,0.94747,2.552222822477633
100,0.05,461,0.95388,2.622456847373141
100,0.05,462,0.92398,2.35929306278054
100,0.05,463,0.96371,2.741389146542135
100,0.05,464,0.95736,2.660673139037454
100,0.05,465,0.9537,2.6201777999143974
100,0.05,466,0.96822,2.8024512342428656
100,0.05,467,0.95484,2.635144121807462
100,0.05,468,0.90799,2.2492660975598566
100,0.05,469,0.94234,2.5055399268544054
100,0.05,470,0.97502,2.9175289430376408
100,0.05,471,0.95052,2.586095207357798
100,0.05,472,0.92639,2.379032305668326
100,0.05,473,0.95569,2.643755691781046
100,0.05,474,0.9469,2.5474995522962796
100,0.05,475,0.95231,2.604280028158055
100,0.05,476,0.96823,2.802967695503878
100,0.05,477,0.94944,2.5718654245750376
100,0.05,478,0.91651,2.306508416028271
100,0.05,479,0.96691,2.785865821953201
100,0.05,480,0.97428,2.9033262630465924
100,0.05,481,0.94074,2.4919836931251313
100,0.05,482,0.95937,2.6859232584809103
100,0.05,483,0.90608,2.2373778054247095
100,0.05,484,0.92588,2.375535267485975
100,0.05,485,0.96259,2.7260264929000546
100,0.05,486,0.92409,2.359855086214232
100,0.05,487,0.92632,2.3785049293884715
100,0.05,488,0.94656,2.5437246714215105
100,0.05,489,0.94377,2.51738125134078
100,0.05,490,0.96912,2.816904643355127
100,0.05,491,0.94479,2.527235673552628
100,0.05,492,0.92509,2.3678190958154204
100,0.05,493,0.98755,3.2299193709624423
100,0.05,494,0.97444,2.905842800616105
100,0.05,495,0.94409,2.520528941468486
100,0.05,496,0.92693,2.382557012786119
100,0.05,497,0.96647,2.7800935741678714
100,0.05,498,0.95714,2.6580750533296387
100,0.05,499,0.97444,2.9059081082668428
100,0.05,500,0.97522,2.923176913456331
100,0.05,501,0.98964,3.3035769514888425
100,0.05,502,0.91172,2.275265103611544
100,0.05,503,0.95208,2.6015697508999196
100,0.05,504,0.96427,2.7496665435199703
100,0.05,505,0.97479,2.9129344344752583
100,0.05,506,0.91276,2.2831267276248783
100,0.05,507,0.91276,2.2832130097786187
100,0.05,508,0.95496,2.636655378687523
100,0.05,509,0.92721,2.384493248705718
100,0.05,510,0.95199,2.6009219205177323
100,0.05,511,0.98527,3.1602853031943097
100,0.05,512,0.96927,2.819292003319578
100,0.05,513,0.96506,2.7607803238640978
100,0.05,514,0.96436,2.7508313736317764
100,0.05,515,0.96803,2.8001165323601316
100,0.05,516,0.95395,2.6236315714810052
100,0.05,517,0.90815,2.2505634580820333
100,0.05,518,0.96269,2.7278408291189757
100,0.05,519,0.9669,2.7857380576357773
100,0.05,520,0.93865,2.4735827449065035
100,0.05,521,0.95763,2.664368373036053
100,0.05,522,0.92219,2.345508472349807
100,0.05,523,0.96462,2.7549639933174004
100,0.05,524,0.92447,2.3629029997133935
100,0.05,525,0.95198,2.600809052247322
100,0.05,526,0.94353,2.5159334571260574
100,0.05,527,0.96168,2.714575937220739
100,0.05,528,0.95192,2.6000240121759965
100,0.05,529,0.96929,2.8200188710103817
100,0.05,530,0.9557,2.6440756640373273
100,0.05,531,0.95898,2.6810475778584983
100,0.05,532,0.9916,3.383292885007603
100,0.05,533,0.94324,2.513226986988173
100,0.05,534,0.95875,2.678558279796992
100,0.05,535,0.96776,2.796165814204051
100,0.05,536,0.93254,2.423583608026239
100,0.05,537,0.91239,2.2806453089464753
100,0.05,538,0.91768,2.3148445256879087
100,0.05,539,0.96288,2.730079359224744
100,0.05,540,0.98244,3.08163335035439
100,0.05,541,0.92392,2.3587099661303474
100,0.05,542,0.96748,2.7927638267360075
100,0.05,543,0.93252,2.4232024781242387
100,0.05,544,0.87381,2.052530237066781
100,0.05,545,0.92572,2.373862676719421
100,0.05,546,0.95908,2.6824744213369303
100,0.05,547,0.96639,2.7780399165715046
100,0.05,548,0.95513,2.6392981331151364
100,0.05,549,0.98537,3.1631285796046513
100,0.05,550,0.96646,2.779982996824271
100,0.05,551,0.91428,2.2925174645314788
100,0.05,552,0.93746,2.463390963448825
100,0.05,553,0.9344,2.4386801681107375
100,0.05,554,0.93155,2.4153170249399767
100,0.05,555,0.95513,2.6393612613101087
100,0.05,556,0.96692,2.786030737751787
100,0.05,557,0.9447,2.5261787002996052
100,0.05,558,0.94856,2.562481741798681
100,0.05,559,0.97665,2.950152130276522
100,0.05,560,0.92402,2.35955650201109
100,0.05,561,0.94268,2.5081573141894844
100,0.05,562,0.85553,1.9657493529364163
100,0.05,563,0.91541,2.30006933146557
100,0.05,564,0.94917,2.5685211991017054
100,0.05,565,0.96782,2.797485892163805
100,0.05,566,0.97222,2.8697468623787215
100,0.05,567,0.96109,2.706119189847937
100,0.05,568,0.98066,3.0319406549269887
100,0.05,569,0.92121,2.33910132005251
100,0.05,570,0.94565,2.534845182097161
100,0.05,571,0.90072,2.204232283688969
100,0.05,572,0.93729,2.461595935875097
100,0.05,573,0.92423,2.3607464646968155
100,0.05,574,0.98905,3.2747599056185317
100,0.05,575,0.94966,2.575205638273815
100,0.05,576,0.92727,2.3851650670578484
100,0.05,577,0.94363,2.5164663124723976
100,0.05,578,0.9399,2.48451870048871
100,0.05,579,0.94172,2.5003214524056396
100,0.05,580,0.92775,2.3884308945562385
100,0.05,581,0.98473,3.1474140099209578
100,0.05,582,0.97185,2.8635852732770335
100,0.05,583,0.96612,2.774388274472651
100,0.05,584,0.97395,2.8972411727515905
100,0.05,585,0.93246,2.4227910388088443
100,0.05,586,0.93764,2.4645262516654443
100,0.05,587,0.95305,2.6130970143258705
100,0.05,588,0.98108,3.041288671756848
100,0.05,589,0.94458,2.525020195292094
100,0.05,590,0.91682,2.308828695973865
100,0.05,591,0.9484,2.56041268322906
100,0.05,592,0.91941,2.325593778841795
100,0.05,593,0.94804,2.5567382008774
100,0.05,594,0.95669,2.6540257538546648
100,0.05,595,0.94553,2.5333487658459397
100,0.05,596,0.92224,2.345891033838306
100,0.05,597,0.96806,2.800565067005363
100,0.05,598,0.96525,2.763064918636632
100,0.05,599,0.96576,2.769655988174939
100,0.05,600,0.95332,2.6161085764681458
100,0.05,601,0.98071,3.033145999239065
100,0.05,602,0.9721,2.8679684947733914
100,0.05,603,0.91544,2.300147374519933
100,0.05,604,0.97455,2.90876638388204
100,0.05,605,0.98218,3.0742127594621786
100,0.05,606,0.96138,2.7102860164879705
100,0.05,607,0.97121,2.853989905413528
100,0.05,608,0.93921,2.4775753730611543
100,0.05,609,0.97939,3.007721885393572
100,0.05,610,0.94347,2.5152088108073567
100,0.05,611,0.95171,2.5971735750906744
100,0.05,612,0.94624,2.5407865375686796
100,0.05,613,0.95927,2.684173905545941
100,0.05,614,0.95593,2.646081056521133
100,0.05,615,0.91676,2.308428594544565
100,0.05,616,0.93361,2.431307966461989
100,0.05,617,0.92896,2.397158520095303
100,0.05,618,0.95659,2.6529299277371945
100,0.05,619,0.95318,2.614036113129026
100,0.05,620,0.96482,2.757640228910512
100,0.05,621,0.97039,2.840310850197026
100,0.05,622,0.95855,2.676252318912012
100,0.05,623,0.95224,2.6037547731815316
100,0.05,624,0.94175,2.5004374658280586
100,0.05,625,0.94385,2.5179612640055757
100,0.05,626,0.9737,2.893368838159922
100,0.05,627,0.95312,2.613572569749134
100,0.05,628,0.96417,2.7476553200071967
100,0.05,629,0.94126,2.495719743118186
100,0.05,630,0.9604,2.6972276480411055
100,0.05,631,0.93895,2.4760412429322787
100,0.05,632,0.95887,2.6800917692291657
100,0.05,633,0.9678,2.7972882008361273
100,0.05,634,0.93953,2.481029273466844
100,0.05,635,0.94146,2.497540291997126
100,0.05,636,0.95013,2.581702557336568
100,0.05,637,0.95383,2.6220188247033773
100,0.05,638,0.96082,2.702794169976703
100,0.05,639,0.94501,2.5286712726736718
100,0.05,640,0.95286,2.610938933253405
100,0.05,641,0.95312,2.6134933778653675
100,0.05,642,0.93936,2.478944019051765
100,0.05,643,0.93468,2.441351583111106
100,0.05,644,0.97023,2.8367414804221904
100,0.05,645,0.95628,2.650059724260884
100,0.05,646,0.93972,2.482600601447068
100,0.05,647,0.94907,2.5672729037909856
100,0.05,648,0.98317,3.1030550335991394
100,0.05,649,0.97779,2.973722991695943
100,0.05,650,0.92833,2.3926756412176373
100,0.05,651,0.93776,2.4654515960340735
100,0.05,652,0.92315,2.352885478780143
100,0.05,653,0.97694,2.9570985158370537
100,0.05,654,0.94301,2.5110212072459777
100,0.05,655,0.89526,2.1705765751420767
100,0.05,656,0.93195,2.418507809460875
100,0.05,657,0.91746,2.313641628139494
100,0.05,658,0.95135,2.5935432804716734
100,0.05,659,0.94015,2.4866837519436915
100,0.05,660,0.9686,2.807358947585235
100,0.05,661,0.96887,2.8125888204432745
100,0.05,662,0.96128,2.7086589777749275
100,0.05,663,0.94385,2.5180907760117197
100,0.05,664,0.96295,2.7309955213722454
100,0.05,665,0.96428,2.749777789709186
100,0.05,666,0.93075,2.4098682984617037
100,0.05,667,0.93733,2.46212202518975
100,0.05,668,0.95095,2.5904283513191775
100,0.05,669,0.94952,2.573040339478993
100,0.05,670,0.94234,2.5055481724230253
100,0.05,671,0.89577,2.172952287252775
100,0.05,672,0.95911,2.6827791593594084
100,0.05,673,0.93393,2.43435507508835
100,0.05,674,0.96001,2.6926699097179165
100,0.05,675,0.97714,2.962248646955615
100,0.05,676,0.91577,2.302394873573368
100,0.05,677,0.94538,2.5317516809325262
100,0.05,678,0.92313,2.3527337273846456
100,0.05,679,0.97698,2.957647779112587
100,0.05,680,0.97716,2.9624231599378827
100,0.05,681,0.94477,2.5266677790122563
100,0.05,682,0.97811,2.9792652399765074
100,0.05,683,0.96748,2.7928616739851027
100,0.05,684,0.92589,2.375595698457304
100,0.05,685,0.9556,2.643065437416668
100,0.05,686,0.93888,2.475556085332715
100,0.05,687,0.91576,2.302344736675134
100,0.05,688,0.93,2.4044467967985734
100,0.05,689,0.96875,2.8109584445649607
100,0.05,690,0.96679,2.7842484664183447
100,0.05,691,0.96767,2.7950359246382352
100,0.05,692,0.9729,2.8797071841382254
100,0.05,693,0.95605,2.6475648059360726
100,0.05,694,0.93789,2.466338182826194
100,0.05,695,0.95534,2.6414667939934215
100,0.05,696,0.94394,2.519001720769993
100,0.05,697,0.95187,2.598860630606587
100,0.05,698,0.93393,2.434338581604011
100,0.05,699,0.95627,2.6496523065736213
100,0.05,700,0.97552,2.9278184140414223
100,0.05,701,0.98403,3.1275212156877132
100,0.05,702,0.94996,2.5791140119078726
100,0.05,703,0.96589,2.7716160494131286
100,0.05,704,0.96972,2.8279391993137204
100,0.05,705,0.94578,2.536415475474968
100,0.05,706,0.96965,2.8265385408305086
100,0.05,707,0.92745,2.3862380151727223
100,0.05,708,0.94161,2.498569894781604
100,0.05,709,0.93967,2.4820858622107878
100,0.05,710,0.97232,2.8707960007946713
100,0.05,711,0.95532,2.6414097111514483
100,0.05,712,0.93901,2.4763536707553246
100,0.05,713,0.97464,2.9100763292445917
100,0.05,714,0.92327,2.353939146066778
100,0.05,715,0.90528,2.2316317382979163
100,0.05,716,0.98251,3.0829115776683365
100,0.05,717,0.97079,2.846781445903401
100,0.05,718,0.94567,2.535076856755787
100,0.05,719,0.93753,2.4637655392120883
100,0.05,720,0.93741,2.46253691003903
100,0.05,721,0.91166,2.274952915958003
100,0.05,722,0.9683,2.80373454087714
100,0.05,723,0.94741,2.551731208079464
100,0.05,724,0.96051,2.6981941103951117
100,0.05,725,0.96412,2.7465792804549274
100,0.05,726,0.92452,2.3632135952847615
100,0.05,727,0.94078,2.492616020932287
100,0.05,728,0.91367,2.288570523919857
100,0.05,729,0.94876,2.563802562295833
100,0.05,730,0.94964,2.5746782153633063
100,0.05,731,0.96792,2.798980149340374
100,0.05,732,0.95247,2.6065638368521817
100,0.05,733,0.94624,2.540959781253974
100,0.05,734,0.95926,2.68400248062819
100,0.05,735,0.94852,2.5620763992633586
100,0.05,736,0.93029,2.406411797038356
100,0.05,737,0.97558,2.9285131651522014
100,0.05,738,0.94615,2.539534246851027
100,0.05,739,0.96444,2.7521337674529027
100,0.05,740,0.95405,2.6243669256673625
100,0.05,741,0.94906,2.5672193015102334
100,0.05,742,0.97311,2.8838868179425985
100,0.05,743,0.96249,2.724986707175734
100,0.05,744,0.98347,3.110826964812667
100,0.05,745,0.97463,2.9100363250179866
100,0.05,746,0.97606,2.9374600406133267
100,0.05,747,0.97185,2.8635189105096766
100,0.05,748,0.93447,2.4394645634390653
100,0.05,749,0.94073,2.4918814555042035
100,0.05,750,0.91779,2.3152203297104084
100,0.05,751,0.95743,2.6614720592044963
100,0.05,752,0.94713,2.5491969606197444
100,0.05,753,0.97995,3.017271233791263
100,0.05,754,0.95598,2.6471732013506806
100,0.05,755,0.96256,2.7259104814439525
100,0.05,756,0.97104,2.8516314522736708
100,0.05,757,0.95763,2.664372784195785
100,0.05,758,0.95763,2.6645974689899745
100,0.05,759,0.94641,2.542097880323275
100,0.05,760,0.95881,2.6792114454178884
100,0.05,761,0.96253,2.725704224310693
100,0.05,762,0.94899,2.5663069720648375
100,0.05,763,0.94897,2.5657435997974023
100,0.05,764,0.95727,2.6595646447987478
100,0.05,765,0.95326,2.6152345071046588
100,0.05,766,0.96963,2.8262183949431274
100,0.05,767,0.94096,2.4936535750556867
100,0.05,768,0.93901,2.4763808640256624
100,0.05,769,0.86916,2.0291271567538143
100,0.05,770,0.97058,2.843280916706658
100,0.05,771,0.91585,2.302605166504718
100,0.05,772,0.95775,2.6665730485173356
100,0.05,773,0.95674,2.654322247968154
100,0.05,774,0.92483,2.3650211623631194
100,0.05,775,0.97901,2.99946842081814
100,0.05,776,0.95942,2.6865025669314226
100,0.05,777,0.9688,2.811806319122746
100,0.05,778,0.95956,2.6881551064942064
100,0.05,779,0.94569,2.5353488165326024
100,0.05,780,0.97414,2.8995539830417574
100,0.05,781,0.96132,2.7088974301391175
100,0.05,782,0.97512,2.9212072672633487
100,0.05,783,0.94457,2.5249580883565788
100,0.05,784,0.94545,2.532671431679611
100,0.05,785,0.96439,2.751550553895128
100,0.05,786,0.95393,2.6232083411628313
100,0.05,787,0.94276,2.508982102942851
100,0.05,788,0.98208,3.0718633543837
100,0.05,789,0.93853,2.472314142391104
100,0.05,790,0.94131,2.496046576027843
100,0.05,791,0.97842,2.986176592741667
100,0.05,792,0.94642,2.542212687194132
100,0.05,793,0.95297,2.612173973014919
100,0.05,794,0.93868,2.4737719589241096
100,0.05,795,0.94299,2.5108693865879013
100,0.05,796,0.97279,2.878039165734412
100,0.05,797,0.94851,2.5620476086311292
100,0.05,798,0.9121,2.278360694229574
100,0.05,799,0.95279,2.609860287593438
100,0.05,800,0.95668,2.653678873141245
100,0.05,801,0.9702,2.8363313241577637
100,0.05,802,0.94074,2.4919999860652697
100,0.05,803,0.93497,2.4433234342242356
100,0.05,804,0.95363,2.6193525502661785
100,0.05,805,0.98253,3.0832841806071225
100,0.05,806,0.93395,2.4344275264960813
100,0.05,807,0.95693,2.6562771164552545
100,0.05,808,0.94951,2.572769917157246
100,0.05,809,0.91806,2.3165414330822394
100,0.05,810,0.96028,2.6951902536194994
100,0.05,811,0.97422,2.9025883073620715
100,0.05,812,0.96371,2.74143037864963
100,0.05,813,0.98996,3.311998718931306
100,0.05,814,0.94199,2.5027034876243235
100,0.05,815,0.95532,2.641202684388306
100,0.05,816,0.94075,2.4921653723785004
100,0.05,817,0.97755,2.9698248055643317
100,0.05,818,0.94408,2.5201871181201914
100,0.05,819,0.89881,2.1923817677993807
100,0.05,820,0.94779,2.554906070322816
100,0.05,821,0.95194,2.6002289829677325
100,0.05,822,0.96912,2.816760416808436
100,0.05,823,0.9598,2.690695987238692
100,0.05,824,0.97419,2.90195043505999
100,0.05,825,0.98263,3.0879677157042913
100,0.05,826,0.94771,2.5536334401550596
100,0.05,827,0.946,2.5386571550978863
100,0.05,828,0.96292,2.730441950435095
100,0.05,829,0.96768,2.795125890407995
100,0.05,830,0.94305,2.511519085016398
100,0.05,831,0.95047,2.585573425292622
100,0.05,832,0.92428,2.3613298858953318
100,0.05,833,0.97346,2.889794879254688
100,0.05,834,0.94651,2.5434196151161177
100,0.05,835,0.96107,2.7059101540647124
100,0.05,836,0.93864,2.4734009409610573
100,0.05,837,0.94417,2.5211278789975315
100,0.05,838,0.92508,2.367551635737086
100,0.05,839,0.96569,2.7690963359314065
100,0.05,840,0.92964,2.402010677115381
100,0.05,841,0.9798,3.0152921604546075
100,0.05,842,0.9752,2.9227653895842676
100,0.05,843,0.90999,2.263121954707134
100,0.05,844,0.96637,2.7777006043411507
100,0.05,845,0.94896,2.5656564365950048
100,0.05,846,0.95498,2.637193540303873
100,0.05,847,0.93371,2.431928241068283
100,0.05,848,0.9572,2.658967647647487
100,0.05,849,0.94081,2.492901290690927
100,0.05,850,0.97193,2.86547772793041
100,0.05,851,0.97543,2.9264010859830965
100,0.05,852,0.93497,2.4433806995535905
100,0.05,853,0.95628,2.650065700788309
100,0.05,854,0.91739,2.3130666251075183
100,0.05,855,0.92479,2.364828208512623
100,0.05,856,0.96527,2.763280092788799
100,0.05,857,0.96951,2.8242938018801516
100,0.05,858,0.96269,2.7273749678433648
100,0.05,859,0.92231,2.346742709006857
100,0.05,860,0.95126,2.592976649637849
100,0.05,861,0.95268,2.608869070061116
100,0.05,862,0.96066,2.700418555195193
100,0.05,863,0.97917,3.003072521131289
100,0.05,864,0.95237,2.6051333084641985
100,0.05,865,0.95942,2.686506450949533
100,0.05,866,0.92641,2.379319935532553
100,0.05,867,0.97123,2.8541628627510227
100,0.05,868,0.98196,3.0671134187570326
100,0.05,869,0.97456,2.9091042705766212
100,0.05,870,0.97127,2.8548026272462685
100,0.05,871,0.97306,2.8829456150694046
100,0.05,872,0.93973,2.4826141585390378
100,0.05,873,0.9521,2.601686538481833
100,0.05,874,0.95565,2.643283362277105
100,0.05,875,0.93382,2.433263085867231
100,0.05,876,0.94739,2.5514745720311494
100,0.05,877,0.91264,2.282283299265401
100,0.05,878,0.92823,2.3918057816173866
100,0.05,879,0.95693,2.656261874960288
100,0.05,880,0.98023,3.023449409060431
100,0.05,881,0.97686,2.955402848864617
100,0.05,882,0.94462,2.5254747969532643
100,0.05,883,0.98593,3.1802383971343127
100,0.05,884,0.94028,2.488250769725481
100,0.05,885,0.97552,2.9276684113497473
100,0.05,886,0.96535,2.7647303906537712
100,0.05,887,0.96627,2.7765592294845827
100,0.05,888,0.94705,2.5483868692238145
100,0.05,889,0.96684,2.7849536956465517
100,0.05,890,0.9725,2.8738716031014633
100,0.05,891,0.92361,2.3564831767633763
100,0.05,892,0.92488,2.365378707220585
100,0.05,893,0.9362,2.453533584452421
100,0.05,894,0.9664,2.7781925833601395
100,0.05,895,0.93988,2.484327971711467
100,0.05,896,0.90657,2.2403488570654453
100,0.05,897,0.91267,2.2824978442793564
100,0.05,898,0.93214,2.42027534627445
100,0.05,899,0.9669,2.785784441402827
100,0.05,900,0.9384,2.471045067107756
100,0.05,901,0.95878,2.678945780832027
100,0.05,902,0.9871,3.2154671683925837
100,0.05,903,0.96838,2.8046966833038676
100,0.05,904,0.95249,2.6067566587333073
100,0.05,905,0.94448,2.524042551520907
100,0.05,906,0.94479,2.5272820327209553
100,0.05,907,0.9691,2.816324694844024
100,0.05,908,0.94929,2.570074286800159
100,0.05,909,0.96085,2.702982033674256
100,0.05,910,0.92989,2.4036411016231076
100,0.05,911,0.94663,2.544665850216813
100,0.05,912,0.93331,2.4293610907056022
100,0.05,913,0.9462,2.540148833725928
100,0.05,914,0.96831,2.8038964144559064
100,0.05,915,0.93873,2.474207386077478
100,0.05,916,0.96468,2.755687583439112
100,0.05,917,0.97457,2.9095083907888846
100,0.05,918,0.96421,2.748366069590767
100,0.05,919,0.95837,2.6736233484501093
100,0.05,920,0.94257,2.5074877352366247
100,0.05,921,0.98624,3.189536560809433
100,0.05,922,0.97482,2.9139849056126788
100,0.05,923,0.96131,2.708867334738888
100,0.05,924,0.97381,2.894642707268802
100,0.05,925,0.96181,2.7160800980043636
100,0.05,926,0.99051,3.333454239969444
100,0.05,927,0.96652,2.780511598971078
100,0.05,928,0.97576,2.9322441656072673
100,0.05,929,0.96253,2.7257110783707175
100,0.05,930,0.87524,2.060689055912726
100,0.05,931,0.93669,2.456563620277195
100,0.05,932,0.92233,2.3469137833761318
100,0.05,933,0.98398,3.1256074221846695
100,0.05,934,0.9397,2.48244725488565
100,0.05,935,0.98031,3.0250092545572143
100,0.05,936,0.94907,2.567375232710707
100,0.05,937,0.95325,2.6149488816655193
100,0.05,938,0.95293,2.6118621568705187
100,0.05,939,0.96226,2.722414237637617
100,0.05,940,0.96458,2.7545790745838987
100,0.05,941,0.93318,2.428661399272602
100,0.05,942,0.95914,2.683023399224326
100,0.05,943,0.97445,2.9061643143544766
100,0.05,944,0.98387,3.1227972283055028
100,0.05,945,0.92905,2.39761549613908
100,0.05,946,0.97007,2.834381994190476
100,0.05,947,0.96066,2.7004239212190644
100,0.05,948,0.9691,2.8163802354255263
100,0.05,949,0.95791,2.6680853412039736
100,0.05,950,0.97509,2.9195160126941797
100,0.05,951,0.91349,2.287588152520949
100,0.05,952,0.95233,2.6046540087116137
100,0.05,953,0.92953,2.401250014720361
100,0.05,954,0.9589,2.680228977677854
100,0.05,955,0.94332,2.514426223115277
100,0.05,956,0.93505,2.4441401460816086
100,0.05,957,0.95871,2.6779658879597283
100,0.05,958,0.96857,2.807011116485405
100,0.05,959,0.94771,2.5536837856622383
100,0.05,960,0.93155,2.4151491298592083
100,0.05,961,0.95898,2.6812553894518443
100,0.05,962,0.91585,2.3026471920174814
100,0.05,963,0.96272,2.728692047931124
100,0.05,964,0.97691,2.9567839526188067
100,0.05,965,0.97578,2.932922341919844
100,0.05,966,0.95348,2.6174883605903014
100,0.05,967,0.95462,2.631647112523366
100,0.05,968,0.91263,2.2822367834943225
100,0.05,969,0.93216,2.420499653756801
100,0.05,970,0.92978,2.4029346685217483
100,0.05,971,0.9621,2.720258930962033
100,0.05,972,0.96591,2.772000565877094
100,0.05,973,0.97145,2.857702954732641
100,0.05,974,0.96316,2.733728728959242
100,0.05,975,0.94879,2.564298438115351
100,0.05,976,0.93978,2.4831713681853116
100,0.05,977,0.95871,2.678073228340206
100,0.05,978,0.91372,2.288822153707817
100,0.05,979,0.96591,2.7720129682208956
100,0.05,980,0.9326,2.424467797935693
100,0.05,981,0.94899,2.5663361631436072
100,0.05,982,0.93873,2.474253426915542
100,0.05,983,0.94566,2.5349877775425256
100,0.05,984,0.95256,2.6077128642704954
100,0.05,985,0.9541,2.6248466833260142
100,0.05,986,0.9411,2.4944531789480373
100,0.05,987,0.95705,2.657288342004141
100,0.05,988,0.96639,2.777991759281029
100,0.05,989,0.95891,2.6803657959754243
100,0.05,990,0.96875,2.8106397083655636
100,0.05,991,0.9186,2.3197956653857306
100,0.05,992,0.95926,2.683931620092617
100,0.05,993,0.98437,3.136699974283939
100,0.05,994,0.98557,3.1688598845276
100,0.05,995,0.95102,2.5912256516956704
100,0.05,996,0.97233,2.871089652468658
100,0.05,997,0.9924,3.42241023849348
100,0.05,998,0.92535,2.3702702643196796
100,0.05,999,0.95305,2.6130601404539027
100,0.1,0,0.92312,2.352511470977978
100,0.1,1,0.94548,2.5330426874374528
100,0.1,2,0.89336,2.159191764556604
100,0.1,3,0.90585,2.23639395215774
100,0.1,4,0.93132,2.413586904119378
100,0.1,5,0.88654,2.120525484231706
100,0.1,6,0.87217,2.0437916250612553
100,0.1,7,0.89733,2.182733099876479
100,0.1,8,0.90985,2.261848481386588
100,0.1,9,0.9307,2.4096259897310732
100,0.1,10,0.92588,2.3754574817909386
100,0.1,11,0.8752,2.0602897386229655
100,0.1,12,0.94393,2.518809231349149
100,0.1,13,0.91662,2.307576662921273
100,0.1,14,0.92165,2.3416065802726385
100,0.1,15,0.91058,2.267182186009152
100,0.1,16,0.90803,2.249608189309132
100,0.1,17,0.92051,2.3349156786980907
100,0.1,18,0.88193,2.095442947481707
100,0.1,19,0.91714,2.311483968636666
100,0.1,20,0.87141,2.0395968967688294
100,0.1,21,0.90309,2.219310009825157
100,0.1,22,0.86533,2.0101952475593743
100,0.1,23,0.92493,2.366022750663
100,0.1,24,0.92452,2.3631309175931507
100,0.1,25,0.91577,2.3023997206709104
100,0.1,26,0.9169,2.309543186434258
100,0.1,27,0.88498,2.1116814564702633
100,0.1,28,0.90234,2.2136393030147046
100,0.1,29,0.91068,2.268504734467668
100,0.1,30,0.87018,2.033206624034848
100,0.1,31,0.90914,2.256663400015624
100,0.1,32,0.89031,2.142257883979805
100,0.1,33,0.90275,2.217338395098313
100,0.1,34,0.93386,2.433633647778721
100,0.1,35,0.93144,2.414276212311709
100,0.1,36,0.91703,2.3108467714190053
100,0.1,37,0.83249,1.8641531646373215
100,0.1,38,0.85327,1.9553284661347647
100,0.1,39,0.88443,2.1082121866882004
100,0.1,40,0.89505,2.1688909262954383
100,0.1,41,0.93602,2.451641284606838
100,0.1,42,0.90911,2.256522430323824
100,0.1,43,0.89166,2.1495552587623323
100,0.1,44,0.88774,2.126840938934088
100,0.1,45,0.92305,2.352112698131142
100,0.1,46,0.86487,2.0084512344153698
100,0.1,47,0.9076,2.2468221974983336
100,0.1,48,0.90947,2.2589509615716916
100,0.1,49,0.89754,2.1841017021936775
100,0.1,50,0.89629,2.1761745023872403
100,0.1,51,0.95388,2.6224642531675046
100,0.1,52,0.95274,2.6093884199633495
100,0.1,53,0.89784,2.1866325154627098
100,0.1,54,0.94056,2.490030625216514
100,0.1,55,0.91983,2.328071981389513
100,0.1,56,0.8976,2.1845455955749977
100,0.1,57,0.90289,2.218071420604993
100,0.1,58,0.86577,2.012723951483334
100,0.1,59,0.83825,1.8889078352016475
100,0.1,60,0.85409,1.959304902214908
100,0.1,61,0.85529,1.9648598985381023
100,0.1,62,0.89006,2.1404452640261367
100,0.1,63,0.86737,2.020383295966929
100,0.1,64,0.93378,2.432605937995937
100,0.1,65,0.88965,2.1386213691333458
100,0.1,66,0.91981,2.3279238326911216
100,0.1,67,0.91379,2.289408714244244
100,0.1,68,0.89038,2.142706083833524
100,0.1,69,0.89732,2.182701593796545
100,0.1,70,0.92388,2.358425797268201
100,0.1,71,0.90616,2.237768111303059
100,0.1,72,0.91995,2.3295285025735994
100,0.1,73,0.88069,2.0890917625176706
100,0.1,74,0.8301,1.8535252971454579
100,0.1,75,0.8978,2.1862005129367366
100,0.1,76,0.91119,2.2719671858043378
100,0.1,77,0.94447,2.5237234073491646
100,0.1,78,0.89229,2.153101499216323
100,0.1,79,0.93103,2.4117329744135927
100,0.1,80,0.86056,1.989066069014342
100,0.1,81,0.89216,2.1524569967197067
100,0.1,82,0.89731,2.1825058983015753
100,0.1,83,0.89494,2.1684224192225265
100,0.1,84,0.95649,2.6520306688356
100,0.1,85,0.89915,2.195298931986766
100,0.1,86,0.86403,2.004582681220363
100,0.1,87,0.94479,2.527063975375283
100,0.1,88,0.92126,2.339266298864291
100,0.1,89,0.90244,2.214580843271063
100,0.1,90,0.93077,2.4101233081397817
100,0.1,91,0.85409,1.959251545940253
100,0.1,92,0.95717,2.6585143362730213
100,0.1,93,0.85156,1.9474701496910019
100,0.1,94,0.88322,2.1020950237798126
100,0.1,95,0.92769,2.3877116372836045
100,0.1,96,0.86884,2.027599539899504
100,0.1,97,0.85473,1.962755813055952
100,0.1,98,0.93927,2.478103212554279
100,0.1,99,0.94165,2.4991627395689795
100,0.1,100,0.92687,2.3820868514134084
100,0.1,101,0.92194,2.344075172627256
100,0.1,102,0.90088,2.2051345805462983
100,0.1,103,0.8324,1.863339215774589
100,0.1,104,0.8911,2.1465697758708298
100,0.1,105,0.89518,2.1696234233344076
100,0.1,106,0.82969,1.8519550485366092
100,0.1,107,0.88898,2.1340593796579777
100,0.1,108,0.93249,2.423034990394018
100,0.1,109,0.8895,2.1377149012005723
100,0.1,110,0.91553,2.3006594010906345
100,0.1,111,0.90509,2.230143889300039
100,0.1,112,0.80009,1.7385556869108434
100,0.1,113,0.88812,2.129080957736504
100,0.1,114,0.91074,2.26917617222671
100,0.1,115,0.86899,2.0283995332416183
100,0.1,116,0.85209,1.9498839331024551
100,0.1,117,0.92263,2.349105964603828
100,0.1,118,0.94771,2.5539930230596175
100,0.1,119,0.89518,2.169656194952727
100,0.1,120,0.9105,2.2663889191797884
100,0.1,121,0.9396,2.4814511641448442
100,0.1,122,0.91928,2.32492028960424
100,0.1,123,0.90171,2.209951485896614
100,0.1,124,0.88626,2.1187538635118264
100,0.1,125,0.93509,2.4445397714717285
100,0.1,126,0.89038,2.1427720456670523
100,0.1,127,0.94334,2.514567238776226
100,0.1,128,0.83321,1.867319332599732
100,0.1,129,0.9113,2.2726430265238924
100,0.1,130,0.79415,1.7177772176492225
100,0.1,131,0.8011,1.7422328897776356
100,0.1,132,0.92167,2.341866970818374
100,0.1,133,0.8935,2.1601121638849263
100,0.1,134,0.92367,2.35680098077229
100,0.1,135,0.87487,2.058326595460648
100,0.1,136,0.91467,2.2956150179508303
100,0.1,137,0.8789,2.0791457770267696
100,0.1,138,0.89981,2.1990572613330084
100,0.1,139,0.84513,1.9186220430639833
100,0.1,140,0.91383,2.2896256559559705
100,0.1,141,0.8667,2.017091807974601
100,0.1,142,0.95218,2.6026304883163474
100,0.1,143,0.88576,2.1159272563391336
100,0.1,144,0.8835,2.103573107690197
100,0.1,145,0.88516,2.11280310722765
100,0.1,146,0.94929,2.5700941736609795
100,0.1,147,0.94898,2.5658107812972206
100,0.1,148,0.88199,2.0958780509364883
100,0.1,149,0.91905,2.3228816942482755
100,0.1,150,0.93399,2.434655332252621
100,0.1,151,0.92107,2.3381616322724064
100,0.1,152,0.93379,2.4329697415803704
100,0.1,153,0.8679,2.023071954429212
100,0.1,154,0.88438,2.107998932370596
100,0.1,155,0.92993,2.4041580567288547
100,0.1,156,0.908,2.2493579298033968
100,0.1,157,0.89722,2.181851837038397
100,0.1,158,0.86195,1.9951782005422862
100,0.1,159,0.88787,2.1275265449099354
100,0.1,160,0.87434,2.0553115020041712
100,0.1,161,0.9315,2.414620096823869
100,0.1,162,0.91276,2.2831623866621897
100,0.1,163,0.92392,2.3587661837466465
100,0.1,164,0.94017,2.4871056481573164
100,0.1,165,0.91965,2.326760931927833
100,0.1,166,0.90719,2.2435825692242517
100,0.1,167,0.91003,2.263453504584282
100,0.1,168,0.88447,2.1087264261433107
100,0.1,169,0.95036,2.5843253244707296
100,0.1,170,0.92009,2.331251544458438
100,0.1,171,0.89893,2.193524211092663
100,0.1,172,0.86897,2.028374137399269
100,0.1,173,0.90699,2.242049061624843
100,0.1,174,0.91864,2.3200303867452803
100,0.1,175,0.87788,2.073850946949323
100,0.1,176,0.85348,1.9565499980740948
100,0.1,177,0.87571,2.0628708762154524
100,0.1,178,0.92009,2.331268659118914
100,0.1,179,0.91727,2.312563915305023
100,0.1,180,0.88115,2.0915659939970777
100,0.1,181,0.90968,2.2606742570749914
100,0.1,182,0.91522,2.2990222541363905
100,0.1,183,0.87313,2.048728972145729
100,0.1,184,0.90018,2.2011987360287755
100,0.1,185,0.90041,2.2025045043028935
100,0.1,186,0.89701,2.180408420439008
100,0.1,187,0.91433,2.2929414260009073
100,0.1,188,0.84348,1.910747100071545
100,0.1,189,0.94895,2.5656167138597
100,0.1,190,0.91623,2.3047662751657576
100,0.1,191,0.91068,2.2687952403680187
100,0.1,192,0.91895,2.3219112636080155
100,0.1,193,0.93082,2.4104468377403023
100,0.1,194,0.89529,2.1707469179560452
100,0.1,195,0.89445,2.165482402850067
100,0.1,196,0.95863,2.6770872622566175
100,0.1,197,0.95255,2.607524077228957
100,0.1,198,0.88003,2.084986042375435
100,0.1,199,0.88376,2.1050529560577487
100,0.1,200,0.9305,2.4081101291092426
100,0.1,201,0.89248,2.1544106333837383
100,0.1,202,0.90992,2.2623865136777948
100,0.1,203,0.88914,2.135270759707316
100,0.1,204,0.90791,2.2485188079006617
100,0.1,205,0.8655,2.0110826388234635
100,0.1,206,0.87571,2.062851412884564
100,0.1,207,0.88832,2.130140682281539
100,0.1,208,0.92775,2.3884139845366414
100,0.1,209,0.95677,2.654508109803181
100,0.1,210,0.88231,2.097395041569099
100,0.1,211,0.90234,2.2137317663163403
100,0.1,212,0.92874,2.3953943224564322
100,0.1,213,0.93311,2.4281256536811977
100,0.1,214,0.81281,1.7866135878952896
100,0.1,215,0.90527,2.231592889103534
100,0.1,216,0.87627,2.065385549840731
100,0.1,217,0.93569,2.4489808697873974
100,0.1,218,0.9081,2.2501044400999666
100,0.1,219,0.90441,2.2270640657137424
100,0.1,220,0.86412,2.004844190078598
100,0.1,221,0.92683,2.381643101959929
100,0.1,222,0.85985,1.9858306981595923
100,0.1,223,0.91549,2.3004176421340845
100,0.1,224,0.93871,2.4740629493214907
100,0.1,225,0.87554,2.0620718855946163
100,0.1,226,0.90815,2.2505948104441673
100,0.1,227,0.93379,2.4329127147128142
100,0.1,228,0.9122,2.2790463251767474
100,0.1,229,0.9202,2.3321780820473927
100,0.1,230,0.93517,2.44484589928014
100,0.1,231,0.8296,1.851756121425135
100,0.1,232,0.91053,2.2667150363930264
100,0.1,233,0.94605,2.539205569732372
100,0.1,234,0.88685,2.122182842284267
100,0.1,235,0.88962,2.1384473040520335
100,0.1,236,0.91521,2.2988964253588273
100,0.1,237,0.91068,2.268797860957841
100,0.1,238,0.91477,2.2963521208403668
100,0.1,239,0.93496,2.4433028839151687
100,0.1,240,0.90199,2.2112989427316734
100,0.1,241,0.87588,2.0636382208191923
100,0.1,242,0.89141,2.1480162267922487
100,0.1,243,0.91692,2.3098144891895918
100,0.1,244,0.84262,1.9072226027784658
100,0.1,245,0.90039,2.202273816753538
100,0.1,246,0.85409,1.9593367375803032
100,0.1,247,0.93013,2.4051235264326634
100,0.1,248,0.86132,1.9921424387623163
100,0.1,249,0.91432,2.29259708858027
100,0.1,250,0.83167,1.8605271739572
100,0.1,251,0.92993,2.40411268631441
100,0.1,252,0.83286,1.865537714269516
100,0.1,253,0.93696,2.4592553203786944
100,0.1,254,0.90111,2.2063147434729666
100,0.1,255,0.92224,2.3458254790699096
100,0.1,256,0.96272,2.72843164267586
100,0.1,257,0.87858,2.077003550798431
100,0.1,258,0.84147,1.9014966890028284
100,0.1,259,0.90044,2.202757562580458
100,0.1,260,0.89357,2.1606399971849757
100,0.1,261,0.89546,2.1716010470094003
100,0.1,262,0.83295,1.8660776244269295
100,0.1,263,0.88169,2.09448188411792
100,0.1,264,0.91081,2.2697699836307805
100,0.1,265,0.87077,2.0361528142254395
100,0.1,266,0.92966,2.4021047965491573
100,0.1,267,0.92253,2.3483081676142454
100,0.1,268,0.89297,2.1568041096140687
100,0.1,269,0.9036,2.2223869628454658
100,0.1,270,0.8682,2.024048113085651
100,0.1,271,0.92396,2.359120723347999
100,0.1,272,0.87086,2.036778420701962
100,0.1,273,0.9227,2.3497774556908433
100,0.1,274,0.87839,2.076416610619335
100,0.1,275,0.88789,2.1275827274329004
100,0.1,276,0.90435,2.2267644401974565
100,0.1,277,0.8694,2.0301067438460034
100,0.1,278,0.90085,2.2049810643073875
100,0.1,279,0.88637,2.119485745092189
100,0.1,280,0.8827,2.0994543159659216
100,0.1,281,0.94457,2.524859096865409
100,0.1,282,0.93009,2.4047705966766113
100,0.1,283,0.87135,2.039112818673795
100,0.1,284,0.87743,2.071321311157176
100,0.1,285,0.89455,2.1662586203320595
100,0.1,286,0.93404,2.435133184224385
100,0.1,287,0.85014,1.9413731607089408
100,0.1,288,0.833,1.866356621470013
100,0.1,289,0.92584,2.3752588543843167
100,0.1,290,0.92355,2.3557542071174247
100,0.1,291,0.85424,1.9602809648732424
100,0.1,292,0.87664,2.067661834721158
100,0.1,293,0.86168,1.9941154374231433
100,0.1,294,0.90032,2.2019795612732063
100,0.1,295,0.93248,2.4229021557876846
100,0.1,296,0.92299,2.3516044637667832
100,0.1,297,0.89994,2.199896126612974
100,0.1,298,0.86128,1.9919655409712989
100,0.1,299,0.93446,2.439280755753895
100,0.1,300,0.93195,2.4184619497903235
100,0.1,301,0.93768,2.464745442560881
100,0.1,302,0.82624,1.8382483822050442
100,0.1,303,0.86144,1.9929386476929873
100,0.1,304,0.88507,2.1123455003250102
100,0.1,305,0.92012,2.331496673667403
100,0.1,306,0.85078,1.9442739778980538
100,0.1,307,0.92312,2.3526777335485183
100,0.1,308,0.88499,2.111823401774842
100,0.1,309,0.89986,2.199281593056944
100,0.1,310,0.89518,2.1696524793844505
100,0.1,311,0.85839,1.9793179019913514
100,0.1,312,0.90737,2.2449200080547684
100,0.1,313,0.91566,2.301559911113692
100,0.1,314,0.88153,2.093351065681412
100,0.1,315,0.9008,2.204757994468093
100,0.1,316,0.95242,2.606087177244374
100,0.1,317,0.89312,2.1577738422934942
100,0.1,318,0.87898,2.079565614392675
100,0.1,319,0.87147,2.0399897064597834
100,0.1,320,0.91881,2.320956565472009
100,0.1,321,0.9252,2.368402861979861
100,0.1,322,0.92494,2.3661647403642836
100,0.1,323,0.92022,2.332322896276749
100,0.1,324,0.91483,2.2966999824485703
100,0.1,325,0.86291,1.9996024294568508
100,0.1,326,0.91818,2.3172392297790867
100,0.1,327,0.91413,2.291334484466116
100,0.1,328,0.90613,2.237588067409128
100,0.1,329,0.91448,2.2937719642936987
100,0.1,330,0.94605,2.5392216319869023
100,0.1,331,0.87504,2.059427200375318
100,0.1,332,0.90728,2.244407671614712
100,0.1,333,0.88309,2.1014178416855165
100,0.1,334,0.9413,2.4959804510559334
100,0.1,335,0.90243,2.2143060075788106
100,0.1,336,0.90576,2.2357335939127343
100,0.1,337,0.85975,1.985643206555891
100,0.1,338,0.89892,2.1933254870730554
100,0.1,339,0.90098,2.2055851859356905
100,0.1,340,0.91261,2.281940029083311
100,0.1,341,0.87935,2.0813257928795372
100,0.1,342,0.92756,2.386801603339033
100,0.1,343,0.90777,2.2477105334121297
100,0.1,344,0.89518,2.1696125801450905
100,0.1,345,0.9141,2.2912114530854284
100,0.1,346,0.88259,2.098604855048532
100,0.1,347,0.89086,2.1452764662343533
100,0.1,348,0.88458,2.1094144643213837
100,0.1,349,0.93679,2.457972798423127
100,0.1,350,0.8988,2.192307025907331
100,0.1,351,0.92801,2.3901373654898572
100,0.1,352,0.93233,2.4213267317927567
100,0.1,353,0.86878,2.027439140492236
100,0.1,354,0.93761,2.464185978383749
100,0.1,355,0.80761,1.7671920051046683
100,0.1,356,0.94771,2.5536280417794543
100,0.1,357,0.92685,2.3819578156183607
100,0.1,358,0.9088,2.254602979317859
100,0.1,359,0.89695,2.1800918130452147
100,0.1,360,0.87852,2.0768146103310183
100,0.1,361,0.87126,2.0386235574707703
100,0.1,362,0.82933,1.8507624821178912
100,0.1,363,0.88713,2.1234929334467836
100,0.1,364,0.87915,2.0804060103890603
100,0.1,365,0.82862,1.8481585783664516
100,0.1,366,0.87543,2.0615808588428792
100,0.1,367,0.88042,2.0873725370868867
100,0.1,368,0.87882,2.0785629734734337
100,0.1,369,0.92532,2.369541240421536
100,0.1,370,0.85971,1.9854789887420639
100,0.1,371,0.85405,1.9591412515067552
100,0.1,372,0.94963,2.5745355587280825
100,0.1,373,0.92149,2.340618852675133
100,0.1,374,0.91669,2.308174064158345
100,0.1,375,0.90237,2.2139443451242293
100,0.1,376,0.90591,2.236612956229915
100,0.1,377,0.88023,2.0862668331396392
100,0.1,378,0.89419,2.1642164787998563
100,0.1,379,0.90059,2.2034781895660216
100,0.1,380,0.93949,2.480346004005406
100,0.1,381,0.8564,1.9702649073782903
100,0.1,382,0.92634,2.378606108512082
100,0.1,383,0.89592,2.1738098473530387
100,0.1,384,0.93518,2.444992293758748
100,0.1,385,0.94317,2.51203934517296
100,0.1,386,0.89792,2.186986586053422
100,0.1,387,0.9088,2.2546411882490434
100,0.1,388,0.90475,2.228252819622651
100,0.1,389,0.90989,2.2620259389921378
100,0.1,390,0.9344,2.438887111286733
100,0.1,391,0.89477,2.1673289408158327
100,0.1,392,0.8884,2.13073345661195
100,0.1,393,0.89682,2.1790718191173326
100,0.1,394,0.89518,2.1694495629371753
100,0.1,395,0.90715,2.2434127919415134
100,0.1,396,0.90171,2.2100023422796924
100,0.1,397,0.90715,2.2433701773835795
100,0.1,398,0.90772,2.247501667691419
100,0.1,399,0.93371,2.4319257199853013
100,0.1,400,0.87746,2.071551602629372
100,0.1,401,0.9227,2.349596104245144
100,0.1,402,0.9168,2.3086000178042387
100,0.1,403,0.90518,2.2308562068209987
100,0.1,404,0.9406,2.49074090795275
100,0.1,405,0.91153,2.2741775276141096
100,0.1,406,0.9297,2.4025470055074827
100,0.1,407,0.8747,2.057146820573324
100,0.1,408,0.89547,2.1717321017399613
100,0.1,409,0.8934,2.1593917256574913
100,0.1,410,0.91664,2.3077995368147586
100,0.1,411,0.89537,2.171202659313447
100,0.1,412,0.8962,2.1753998607198977
100,0.1,413,0.87696,2.0688325821040094
100,0.1,414,0.88942,2.1371028862835204
100,0.1,415,0.91375,2.289137090565693
100,0.1,416,0.8833,2.1024715308570308
100,0.1,417,0.8884,2.13066294245932
100,0.1,418,0.92056,2.3351774369685465
100,0.1,419,0.83919,1.8925137719456298
100,0.1,420,0.92422,2.360482534653098
100,0.1,421,0.88705,2.123084747935456
100,0.1,422,0.91617,2.304346740659355
100,0.1,423,0.93537,2.446833047741582
100,0.1,424,0.922,2.344471081210441
100,0.1,425,0.95878,2.6789937569060385
100,0.1,426,0.93214,2.420283294101028
100,0.1,427,0.89721,2.181714295912965
100,0.1,428,0.89334,2.1590197019727406
100,0.1,429,0.93952,2.4807525294607844
100,0.1,430,0.91816,2.3171243321345103
100,0.1,431,0.91761,2.3143914973684723
100,0.1,432,0.94147,2.497586009929585
100,0.1,433,0.86875,2.027269510085031
100,0.1,434,0.91559,2.3010635687798713
100,0.1,435,0.89489,2.168170620505045
100,0.1,436,0.88752,2.1257106253767475
100,0.1,437,0.91069,2.2689656551483406
100,0.1,438,0.95018,2.582084417054377
100,0.1,439,0.90928,2.2577673889965943
100,0.1,440,0.89477,2.167269477894292
100,0.1,441,0.91428,2.292402604422069
100,0.1,442,0.93387,2.4338208371694763
100,0.1,443,0.90716,2.2434234516930394
100,0.1,444,0.9088,2.254547859176365
100,0.1,445,0.91424,2.292295325135065
100,0.1,446,0.8992,2.1955575981211166
100,0.1,447,0.88444,2.108432367096488
100,0.1,448,0.94996,2.578988461453881
100,0.1,449,0.90606,2.2371648084510958
100,0.1,450,0.92531,2.369471608519655
100,0.1,451,0.88251,2.0983268025175907
100,0.1,452,0.93511,2.4446076286832312
100,0.1,453,0.8629,1.9995205576825494
100,0.1,454,0.92945,2.4008981689064224
100,0.1,455,0.94244,2.506166643148577
100,0.1,456,0.91645,2.3059022517699903
100,0.1,457,0.94075,2.492515882612396
100,0.1,458,0.8459,1.9220279918075653
100,0.1,459,0.93708,2.4604167506715227
100,0.1,460,0.89201,2.151500163648751
100,0.1,461,0.89445,2.165474232535423
100,0.1,462,0.88877,2.1327889656716605
100,0.1,463,0.87394,2.053435844337817
100,0.1,464,0.9099,2.262275949692123
100,0.1,465,0.87379,2.0523951298301535
100,0.1,466,0.91032,2.26522427216738
100,0.1,467,0.93952,2.480766779517054
100,0.1,468,0.8417,1.9025357402252934
100,0.1,469,0.90828,2.2518520175753007
100,0.1,470,0.94139,2.496910943131396
100,0.1,471,0.90979,2.2612635700318657
100,0.1,472,0.91888,2.3213161301374257
100,0.1,473,0.89415,2.163884179378817
100,0.1,474,0.83636,1.8812203674852346
100,0.1,475,0.8969,2.1796778863577293
100,0.1,476,0.80372,1.7521308109191571
100,0.1,477,0.88693,2.1224800091627967
100,0.1,478,0.91454,2.2944491823970257
100,0.1,479,0.94123,2.49551773597741
100,0.1,480,0.94399,2.5194854352639453
100,0.1,481,0.8787,2.07781813567988
100,0.1,482,0.89362,2.1608830060337203
100,0.1,483,0.888,2.1282919734155676
100,0.1,484,0.90618,2.2379924142063357
100,0.1,485,0.88932,2.136317743204541
100,0.1,486,0.94753,2.552597282670321
100,0.1,487,0.91898,2.3220969684469335
100,0.1,488,0.88072,2.0892760768448877
100,0.1,489,0.86477,2.007896076846177
100,0.1,490,0.86206,1.9957314054943418
100,0.1,491,0.91259,2.2818394050090056
100,0.1,492,0.93393,2.4343842952561765
100,0.1,493,0.92235,2.347161189906506
100,0.1,494,0.8889,2.1335628350466758
100,0.1,495,0.91338,2.2870207334067594
100,0.1,496,0.89969,2.1985123174600547
100,0.1,497,0.88477,2.11056970274927
100,0.1,498,0.90365,2.222866111756727
100,0.1,499,0.93669,2.4566455348222194
100,0.1,500,0.88184,2.0952230451120615
100,0.1,501,0.94172,2.500016804350246
100,0.1,502,0.90956,2.260128251560146
100,0.1,503,0.90833,2.2521885834605655
100,0.1,504,0.89446,2.1656119997671577
100,0.1,505,0.91577,2.3023758861130412
100,0.1,506,0.88473,2.1101525626585667
100,0.1,507,0.88583,2.116392843920827
100,0.1,508,0.90968,2.2606801506928
100,0.1,509,0.90307,2.2191979263278943
100,0.1,510,0.93252,2.423205724511914
100,0.1,511,0.85409,1.9592707360485928
100,0.1,512,0.89517,2.169416168331751
100,0.1,513,0.88489,2.111248126298498
100,0.1,514,0.94894,2.5654285883306116
100,0.1,515,0.91882,2.321038147059493
100,0.1,516,0.89489,2.1681068943145876
100,0.1,517,0.87089,2.0370956387398524
100,0.1,518,0.84721,1.9273770586603602
100,0.1,519,0.89577,2.1730313121091607
100,0.1,520,0.90258,2.2154501051528315
100,0.1,521,0.94267,2.508098514194229
100,0.1,522,0.88794,2.127939774294493
100,0.1,523,0.90649,2.2396857499640426
100,0.1,524,0.92234,2.3470821990646713
100,0.1,525,0.91078,2.2695447080583064
100,0.1,526,0.89695,2.180050148839988
100,0.1,527,0.9142,2.2916805956731343
100,0.1,528,0.93313,2.428357826947474
100,0.1,529,0.89489,2.168126019204565
100,0.1,530,0.90645,2.2392607396157147
100,0.1,531,0.8834,2.10302176160636
100,0.1,532,0.85157,1.9476320611196276
100,0.1,533,0.88565,2.115275932510369
100,0.1,534,0.88126,2.092428405767863
100,0.1,535,0.92225,2.346012348551927
100,0.1,536,0.92782,2.389245000674092
100,0.1,537,0.93517,2.4448280601913766
100,0.1,538,0.90502,2.229834584793265
100,0.1,539,0.89826,2.1887935536767973
100,0.1,540,0.90307,2.219249191098627
100,0.1,541,0.88664,2.121070200998122
100,0.1,542,0.91308,2.2849033741810594
100,0.1,543,0.90518,2.2308931283230398
100,0.1,544,0.8436,1.911262844204773
100,0.1,545,0.90727,2.2442049792045955
100,0.1,546,0.92616,2.377675530228494
100,0.1,547,0.9027,2.216838349679699
100,0.1,548,0.87704,2.0693170225133644
100,0.1,549,0.88643,2.1199349638982423
100,0.1,550,0.90828,2.2518824637253223
100,0.1,551,0.92321,2.353713743804407
100,0.1,552,0.90629,2.238523042327382
100,0.1,553,0.92608,2.3771263602380337
100,0.1,554,0.89883,2.1924792165489606
100,0.1,555,0.92693,2.382517935974887
100,0.1,556,0.9399,2.4845387744624428
100,0.1,557,0.88355,2.1038097666692694
100,0.1,558,0.93667,2.4563347115566794
100,0.1,559,0.92515,2.368287464077347
100,0.1,560,0.89256,2.1549955408943573
100,0.1,561,0.91285,2.283790538279356
100,0.1,562,0.90142,2.208268016142391
100,0.1,563,0.88475,2.1102948118707925
100,0.1,564,0.88361,2.1040087834934313
100,0.1,565,0.83077,1.856368675957006
100,0.1,566,0.94984,2.5776707795999867
100,0.1,567,0.88959,2.1383378514897506
100,0.1,568,0.92196,2.3442494295698006
100,0.1,569,0.92008,2.3310980149155376
100,0.1,570,0.86741,2.020708883316376
100,0.1,571,0.93795,2.4672863823385756
100,0.1,572,0.82776,1.8441219591510762
100,0.1,573,0.90502,2.229751854556644
100,0.1,574,0.87494,2.058681296880175
100,0.1,575,0.89195,2.151216431273025
100,0.1,576,0.92641,2.3792847479887023
100,0.1,577,0.86659,2.0162507668786787
100,0.1,578,0.92042,2.333935495055939
100,0.1,579,0.89023,2.1417323850938415
100,0.1,580,0.88917,2.135559796338172
100,0.1,581,0.91985,2.32820684446585
100,0.1,582,0.90443,2.2272661135082013
100,0.1,583,0.93163,2.4157697433221466
100,0.1,584,0.88228,2.0972918994753185
100,0.1,585,0.91467,2.295666925600181
100,0.1,586,0.91068,2.268719640838113
100,0.1,587,0.84325,1.9095715517570873
100,0.1,588,0.8871,2.1233935831704662
100,0.1,589,0.89947,2.197258640650852
100,0.1,590,0.87381,2.052497552719022
100,0.1,591,0.86549,2.011033022032862
100,0.1,592,0.84968,1.9395249738008435
100,0.1,593,0.88116,2.091955636214043
100,0.1,594,0.95052,2.586094985090312
100,0.1,595,0.91199,2.2774469771772687
100,0.1,596,0.91366,2.2884676170289855
100,0.1,597,0.91031,2.265082772930739
100,0.1,598,0.9082,2.250840808367396
100,0.1,599,0.92335,2.3545188924123455
100,0.1,600,0.94776,2.554487041389759
100,0.1,601,0.90533,2.232106747191307
100,0.1,602,0.87676,2.0680471638777975
100,0.1,603,0.92629,2.3783570329019756
100,0.1,604,0.93391,2.4341818749409407
100,0.1,605,0.89138,2.1479332815734686
100,0.1,606,0.8779,2.0741425149390436
100,0.1,607,0.86341,2.001752731163913
100,0.1,608,0.90871,2.254032976257654
100,0.1,609,0.92045,2.334375656483881
100,0.1,610,0.87659,2.067298049909848
100,0.1,611,0.95316,2.613776834309106
100,0.1,612,0.91623,2.304814519831246
100,0.1,613,0.92609,2.3772009008358497
100,0.1,614,0.88907,2.134808202649927
100,0.1,615,0.94382,2.517728328168841
100,0.1,616,0.85488,1.9633173410898266
100,0.1,617,0.89893,2.193475446846085
100,0.1,618,0.84794,1.9305310416725807
100,0.1,619,0.89749,2.183885106671771
100,0.1,620,0.88223,2.097105304807363
100,0.1,621,0.8638,2.0033113520095434
100,0.1,622,0.90734,2.2446379421285694
100,0.1,623,0.93688,2.4587136522990107
100,0.1,624,0.87194,2.0424615317891632
100,0.1,625,0.91214,2.2787500018871576
100,0.1,626,0.84825,1.9316392171687884
100,0.1,627,0.96147,2.711514383781024
100,0.1,628,0.8834,2.102954756251507
100,0.1,629,0.90572,2.2354605482876466
100,0.1,630,0.90884,2.254910653888457
100,0.1,631,0.90152,2.2088126921708007
100,0.1,632,0.88752,2.125699561195706
100,0.1,633,0.91559,2.3012741019084935
100,0.1,634,0.88209,2.096472717790185
100,0.1,635,0.88387,2.1057364170451693
100,0.1,636,0.92097,2.337314321904514
100,0.1,637,0.89302,2.1573188162323236
100,0.1,638,0.81347,1.7892610615064146
100,0.1,639,0.88292,2.100694193182056
100,0.1,640,0.90208,2.211990014627986
100,0.1,641,0.87782,2.0734931773296577
100,0.1,642,0.9039,2.224146706935292
100,0.1,643,0.92964,2.4019324743068338
100,0.1,644,0.91068,2.2688128962512475
100,0.1,645,0.91701,2.31038002847034
100,0.1,646,0.90557,2.233921209540993
100,0.1,647,0.89477,2.1673898454347276
100,0.1,648,0.867,2.0188902908866204
100,0.1,649,0.91428,2.2924538046717924
100,0.1,650,0.8682,2.0241134750819727
100,0.1,651,0.90524,2.231253492062809
100,0.1,652,0.92258,2.348735312937873
100,0.1,653,0.92008,2.3310792956137076
100,0.1,654,0.85752,1.9756315968409959
100,0.1,655,0.89587,2.173520899037969
100,0.1,656,0.89772,2.1856925686540416
100,0.1,657,0.94191,2.5019690811558415
100,0.1,658,0.89518,2.1695919294627135
100,0.1,659,0.88954,2.138004651173506
100,0.1,660,0.85327,1.9553303297810158
100,0.1,661,0.93633,2.4543775368606076
100,0.1,662,0.95181,2.598290326258642
100,0.1,663,0.8626,1.9978849985396159
100,0.1,664,0.90711,2.2429434202904766
100,0.1,665,0.90146,2.208453472124283
100,0.1,666,0.89628,2.1760887819880272
100,0.1,667,0.88713,2.1234933386602806
100,0.1,668,0.93736,2.4622463515927473
100,0.1,669,0.90312,2.219473181676293
100,0.1,670,0.92071,2.3359900065614827
100,0.1,671,0.8578,1.9771429418468167
100,0.1,672,0.90148,2.208500966897286
100,0.1,673,0.95133,2.5933852389247978
100,0.1,674,0.85664,1.971207604161525
100,0.1,675,0.88135,2.09272724728007
100,0.1,676,0.89015,2.141115822619188
100,0.1,677,0.89551,2.1718211919059947
100,0.1,678,0.90353,2.221929177135233
100,0.1,679,0.90925,2.257551295020503
100,0.1,680,0.95584,2.6452071753370316
100,0.1,681,0.8657,2.012354064405347
100,0.1,682,0.88763,2.1261930468174635
100,0.1,683,0.88589,2.116882988754819
100,0.1,684,0.85597,1.9682989826595458
100,0.1,685,0.90284,2.217872495896606
100,0.1,686,0.91329,2.2862555662474215
100,0.1,687,0.91822,2.3174614551527375
100,0.1,688,0.9224,2.34765869714827
100,0.1,689,0.88437,2.1079595286539274
100,0.1,690,0.88911,2.135111685108741
100,0.1,691,0.9291,2.397871880920849
100,0.1,692,0.88234,2.0975389408128207
100,0.1,693,0.88248,2.0981494043652944
100,0.1,694,0.90511,2.230279967049881
100,0.1,695,0.87164,2.041081161103365
100,0.1,696,0.93302,2.4273574164671885
100,0.1,697,0.88836,2.1304331915318553
100,0.1,698,0.92183,2.343061796470133
100,0.1,699,0.88034,2.086808971720116
100,0.1,700,0.84007,1.895903469438037
100,0.1,701,0.92568,2.373602569577901
100,0.1,702,0.86062,1.989431128231987
100,0.1,703,0.87836,2.0761897413632733
100,0.1,704,0.89986,2.1993499369913723
100,0.1,705,0.83335,1.868254572273109
100,0.1,706,0.91818,2.3172369406422755
100,0.1,707,0.9056,2.2343398202291436
100,0.1,708,0.93521,2.4453187582627174
100,0.1,709,0.87784,2.073624508753376
100,0.1,710,0.90112,2.206350589821582
100,0.1,711,0.93077,2.410020779826744
100,0.1,712,0.89851,2.190374229704875
100,0.1,713,0.93137,2.413960032438511
100,0.1,714,0.91379,2.2893851606056455
100,0.1,715,0.91084,2.269879480095294
100,0.1,716,0.85938,1.9840673335887962
100,0.1,717,0.89042,2.142933173460944
100,0.1,718,0.85229,1.9504969693496284
100,0.1,719,0.8992,2.195484116536644
100,0.1,720,0.91767,2.314695651919178
100,0.1,721,0.89521,2.1702346610344065
100,0.1,722,0.86127,1.991949782845265
100,0.1,723,0.93361,2.43128382704098
100,0.1,724,0.97304,2.8824107904177163
100,0.1,725,0.89053,2.1434672301775732
100,0.1,726,0.91903,2.3226909181872926
100,0.1,727,0.91703,2.3108619287563528
100,0.1,728,0.86175,1.9941688072984576
100,0.1,729,0.87421,2.054817956487443
100,0.1,730,0.90842,2.2527959549242143
100,0.1,731,0.88691,2.1224211530630543
100,0.1,732,0.85973,1.985551466666862
100,0.1,733,0.92195,2.344177862014519
100,0.1,734,0.89679,2.178710655346661
100,0.1,735,0.91862,2.319896612304046
100,0.1,736,0.91337,2.286850039778118
100,0.1,737,0.95427,2.6271992204622565
100,0.1,738,0.9484,2.5605005836515016
100,0.1,739,0.9227,2.3495994037035857
100,0.1,740,0.89044,2.143046287391619
100,0.1,741,0.83334,1.8682234510710363
100,0.1,742,0.89518,2.1698202596766456
100,0.1,743,0.93526,2.4457410900385983
100,0.1,744,0.89208,2.1520525726477304
100,0.1,745,0.95095,2.5904514974704056
100,0.1,746,0.9082,2.2510371175743495
100,0.1,747,0.89016,2.1412201962975748
100,0.1,748,0.94073,2.491947876406773
100,0.1,749,0.89131,2.1474268866220654
100,0.1,750,0.9241,2.359972227550027
100,0.1,751,0.86345,2.0019030257595256
100,0.1,752,0.91268,2.2826247176868275
100,0.1,753,0.87383,2.052583686556776
100,0.1,754,0.90419,2.2261570162492177
100,0.1,755,0.88037,2.086845542939627
100,0.1,756,0.93157,2.4153691641289274
100,0.1,757,0.88342,2.1032308471432906
100,0.1,758,0.88637,2.119464475262362
100,0.1,759,0.97172,2.8623337320342506
100,0.1,760,0.89728,2.1822108924535404
100,0.1,761,0.9246,2.363710004840211
100,0.1,762,0.90032,2.2019452309580987
100,0.1,763,0.93066,2.4091664396758645
100,0.1,764,0.91212,2.2786103162343494
100,0.1,765,0.89841,2.189827891976524
100,0.1,766,0.92992,2.403825725248863
100,0.1,767,0.89732,2.1827165029311186
100,0.1,768,0.88002,2.0847438150156856
100,0.1,769,0.9022,2.2127567374795554
100,0.1,770,0.94818,2.5581924058945544
100,0.1,771,0.88944,2.1372663341875904
100,0.1,772,0.90234,2.21360178857981
100,0.1,773,0.88887,2.133269938997204
100,0.1,774,0.9227,2.349785734971439
100,0.1,775,0.88464,2.109583175814041
100,0.1,776,0.91165,2.2748297108941022
100,0.1,777,0.86199,1.995474035472444
100,0.1,778,0.90305,2.2191602657904985
100,0.1,779,0.94305,2.5113273977310677
100,0.1,780,0.94526,2.5306383449376213
100,0.1,781,0.89908,2.1948824160394107
100,0.1,782,0.94291,2.5103036899468267
100,0.1,783,0.89891,2.193136321223987
100,0.1,784,0.90884,2.254901701308852
100,0.1,785,0.89064,2.1440808791363297
100,0.1,786,0.90075,2.204538068053359
100,0.1,787,0.92828,2.392170690811189
100,0.1,788,0.93229,2.4211840487547622
100,0.1,789,0.94329,2.514258640137125
100,0.1,790,0.93389,2.434140377132205
100,0.1,791,0.91414,2.2913890537614896
100,0.1,792,0.90794,2.2486811417042576
100,0.1,793,0.86901,2.028580845879108
100,0.1,794,0.89532,2.1708712067379006
100,0.1,795,0.85973,1.9855460016207669
100,0.1,796,0.91064,2.2679106025941227
100,0.1,797,0.89294,2.1566054986675867
100,0.1,798,0.88589,2.1169225169534873
100,0.1,799,0.90943,2.258745625865138
100,0.1,800,0.92997,2.4043380795694462
100,0.1,801,0.90479,2.2285821809359616
100,0.1,802,0.93617,2.4532762113154423
100,0.1,803,0.8668,2.017644803036806
100,0.1,804,0.9228,2.3504026044222472
100,0.1,805,0.9082,2.250827824311282
100,0.1,806,0.92148,2.3406022354676383
100,0.1,807,0.96251,2.725488816113746
100,0.1,808,0.95013,2.581544628135311
100,0.1,809,0.88361,2.1040405779793723
100,0.1,810,0.92098,2.33740843250897
100,0.1,811,0.85946,1.9845579405327696
100,0.1,812,0.90266,2.216434271050504
100,0.1,813,0.92147,2.340475779335613
100,0.1,814,0.88442,2.10811104594237
100,0.1,815,0.91654,2.306682426591064
100,0.1,816,0.91686,2.3091379726221
100,0.1,817,0.88458,2.109501853970303
100,0.1,818,0.9172,2.312295617864005
100,0.1,819,0.89307,2.1576173378448598
100,0.1,820,0.9029,2.218177158665735
100,0.1,821,0.90011,2.200784785695006
100,0.1,822,0.88939,2.1369817378649922
100,0.1,823,0.8933,2.15875617071007
100,0.1,824,0.84202,1.904080578624898
100,0.1,825,0.90363,2.2226101269892258
100,0.1,826,0.89867,2.1912472836728374
100,0.1,827,0.91324,2.285906847368085
100,0.1,828,0.90018,2.201407696555582
100,0.1,829,0.92345,2.3552362145547074
100,0.1,830,0.91158,2.2743665262247736
100,0.1,831,0.90827,2.25176403585305
100,0.1,832,0.92478,2.364789244822923
100,0.1,833,0.90546,2.2328934509710625
100,0.1,834,0.9352,2.44513372448355
100,0.1,835,0.90523,2.231186072823015
100,0.1,836,0.87499,2.0589011366080197
100,0.1,837,0.88526,2.1133735553930437
100,0.1,838,0.83991,1.895193879957219
100,0.1,839,0.90356,2.2222243550133873
100,0.1,840,0.88656,2.120577828124252
100,0.1,841,0.91992,2.3293703529028353
100,0.1,842,0.92212,2.345088568016811
100,0.1,843,0.89658,2.177257971252689
100,0.1,844,0.93663,2.45611653676178
100,0.1,845,0.94214,2.504090623337129
100,0.1,846,0.92572,2.373931469713888
100,0.1,847,0.88556,2.1148455417962513
100,0.1,848,0.86965,2.031039872113861
100,0.1,849,0.88378,2.1051734438956937
100,0.1,850,0.93641,2.4546966517854507
100,0.1,851,0.90804,2.24969019601794
100,0.1,852,0.93708,2.4603703751179182
100,0.1,853,0.90141,2.2080311896978637
100,0.1,854,0.86105,1.9910473396629347
100,0.1,855,0.9111,2.271707054498154
100,0.1,856,0.93488,2.442861441320036
100,0.1,857,0.93109,2.4120554009678
100,0.1,858,0.89604,2.1744956890209135
100,0.1,859,0.86559,2.0116535134887488
100,0.1,860,0.91414,2.291460354705969
100,0.1,861,0.91417,2.291609873320935
100,0.1,862,0.89873,2.1918282095017823
100,0.1,863,0.91084,2.269978316245406
100,0.1,864,0.89927,2.1962387786667614
100,0.1,865,0.8921,2.1521774299744703
100,0.1,866,0.92725,2.3847569749197293
100,0.1,867,0.85755,1.9757804162411854
100,0.1,868,0.89182,2.1504625931329056
100,0.1,869,0.94271,2.508544891812975
100,0.1,870,0.92722,2.384630339312346
100,0.1,871,0.88314,2.1018505097134255
100,0.1,872,0.9059,2.236593227074613
100,0.1,873,0.92775,2.388527551435681
100,0.1,874,0.94814,2.5578554024414513
100,0.1,875,0.88467,2.1096357958438117
100,0.1,876,0.8657,2.012269702189054
100,0.1,877,0.91187,2.276645488196218
100,0.1,878,0.79787,1.7305691170124606
100,0.1,879,0.89121,2.147115886677441
100,0.1,880,0.88282,2.099930811809608
100,0.1,881,0.82073,1.817231286043875
100,0.1,882,0.80229,1.7465200507569811
100,0.1,883,0.95858,2.676726147652425
100,0.1,884,0.93051,2.40825720753146
100,0.1,885,0.88879,2.1328307740599115
100,0.1,886,0.83597,1.879567772875037
100,0.1,887,0.87694,2.068761462631784
100,0.1,888,0.9146,2.2947581265694317
100,0.1,889,0.9111,2.2715632491288393
100,0.1,890,0.93493,2.4431586810898613
100,0.1,891,0.92104,2.3378241036072276
100,0.1,892,0.90001,2.2003121524521982
100,0.1,893,0.90535,2.2322751668069443
100,0.1,894,0.89864,2.1910057108996392
100,0.1,895,0.85438,1.9609689913526622
100,0.1,896,0.89815,2.187945402297163
100,0.1,897,0.91068,2.26883438373829
100,0.1,898,0.91559,2.3010732943627397
100,0.1,899,0.87928,2.0809265707632716
100,0.1,900,0.90141,2.208136563324663
100,0.1,901,0.9191,2.3232088651095637
100,0.1,902,0.87354,2.050978156447862
100,0.1,903,0.86924,2.0295254822189905
100,0.1,904,0.85439,1.9610147303750713
100,0.1,905,0.89433,2.164980926651772
100,0.1,906,0.8799,2.0840008737901328
100,0.1,907,0.83152,1.8596129283926643
100,0.1,908,0.87547,2.061836226166174
100,0.1,909,0.84897,1.9350104400294854
100,0.1,910,0.88538,2.1140062992028885
100,0.1,911,0.90058,2.2034699254825276
100,0.1,912,0.91536,2.2996122018093463
100,0.1,913,0.86622,2.0143910025427063
100,0.1,914,0.91084,2.2700205854778703
100,0.1,915,0.92304,2.351904508095645
100,0.1,916,0.90237,2.214050370066304
100,0.1,917,0.94731,2.550781493548582
100,0.1,918,0.91448,2.2938338029067644
100,0.1,919,0.87384,2.052751000170603
100,0.1,920,0.93311,2.4281457885633966
100,0.1,921,0.92244,2.347856144791937
100,0.1,922,0.89202,2.1515489393485314
100,0.1,923,0.90479,2.2285938283748314
100,0.1,924,0.90922,2.25740076708818
100,0.1,925,0.95481,2.634703686920135
100,0.1,926,0.93794,2.4670669184057927
100,0.1,927,0.88457,2.1093288875052814
100,0.1,928,0.89724,2.182037293476382
100,0.1,929,0.87119,2.03834398678282
100,0.1,930,0.89707,2.180865719016908
100,0.1,931,0.88541,2.1140901651165454
100,0.1,932,0.83466,1.8738471048459018
100,0.1,933,0.89182,2.1503825046770553
100,0.1,934,0.9146,2.294840053393595
100,0.1,935,0.9076,2.2468715620808863
100,0.1,936,0.95945,2.6869931740591824
100,0.1,937,0.84894,1.934905437255767
100,0.1,938,0.92629,2.3783436617922797
100,0.1,939,0.82087,1.8178245379775873
100,0.1,940,0.89695,2.1801168909973425
100,0.1,941,0.90368,2.223012275123855
100,0.1,942,0.91541,2.300078649188852
100,0.1,943,0.91592,2.3029426949264153
100,0.1,944,0.89265,2.1553462443113904
100,0.1,945,0.94984,2.5778097921418586
100,0.1,946,0.94059,2.4902969390927026
100,0.1,947,0.86759,2.021413473450939
100,0.1,948,0.92508,2.367405471347073
100,0.1,949,0.8875,2.125558569141262
100,0.1,950,0.89239,2.153807740930711
100,0.1,951,0.93253,2.423429781288819
100,0.1,952,0.94146,2.4975499063868387
100,0.1,953,0.80699,1.764847711593425
100,0.1,954,0.87609,2.064659894956108
100,0.1,955,0.91449,2.2938694288500026
100,0.1,956,0.913,2.2845964525000113
100,0.1,957,0.88086,2.089776940317112
100,0.1,958,0.90353,2.2218629414632476
100,0.1,959,0.94324,2.5133196065403474
100,0.1,960,0.90058,2.2034376250766443
100,0.1,961,0.93536,2.446450924893483
100,0.1,962,0.91937,2.3252193369254632
100,0.1,963,0.92708,2.3838975825674735
100,0.1,964,0.94129,2.495855189331127
100,0.1,965,0.88525,2.1133183798050243
100,0.1,966,0.9119,2.27690453680799
100,0.1,967,0.92787,2.3895064178206193
100,0.1,968,0.90234,2.2136457386939687
100,0.1,969,0.88083,2.0897178780634014
100,0.1,970,0.95014,2.5819276389393866
100,0.1,971,0.92008,2.3311260628335533
100,0.1,972,0.91453,2.2942898266897065
100,0.1,973,0.89408,2.1633980992299895
100,0.1,974,0.91585,2.3026016157589817
100,0.1,975,0.93928,2.478242036078611
100,0.1,976,0.91003,2.2634654489983
100,0.1,977,0.83358,1.8695057807640432
100,0.1,978,0.936,2.45136511447187
100,0.1,979,0.87494,2.058677791678808
100,0.1,980,0.92286,2.3507938450586607
100,0.1,981,0.8059,1.760458324393434
100,0.1,982,0.95509,2.638478207008549
100,0.1,983,0.8721,2.0434110161763783
100,0.1,984,0.90924,2.257497442945934
100,0.1,985,0.91702,2.310430225940342
100,0.1,986,0.90193,2.211049180275296
100,0.1,987,0.88587,2.116560740713566
100,0.1,988,0.92844,2.3935622667605365
100,0.1,989,0.83646,1.8815567269789075
100,0.1,990,0.92532,2.369522542247866
100,0.1,991,0.89573,2.1727960631783905
100,0.1,992,0.89143,2.148040123814913
100,0.1,993,0.86335,2.0013367236557578
100,0.1,994,0.93593,2.4505609262959878
100,0.1,995,0.84102,1.899187556765034
100,0.1,996,0.92634,2.378643790924812
100,0.1,997,0.90075,2.2045261777665726
100,0.1,998,0.87126,2.0385727212189995
100,0.1,999,0.94033,2.488417119706232
100,0.2,0,0.92368,2.357011886343142
100,0.2,1,0.75447,1.58190194040388
100,0.2,2,0.84498,1.9178130158209694
100,0.2,3,0.8144,1.7933612259069933
100,0.2,4,0.80386,1.752657974935298
100,0.2,5,0.90132,2.20747756501385
100,0.2,6,0.80001,1.738188158943633
100,0.2,7,0.8049,1.7568545865478888
100,0.2,8,0.86091,1.9904059799795377
100,0.2,9,0.73577,1.5269700450126014
100,0.2,10,0.8404,1.8969398088741247
100,0.2,11,0.82143,1.8198849056151358
100,0.2,12,0.82133,1.819512290309964
100,0.2,13,0.75615,1.5874529892149487
100,0.2,14,0.77151,1.6379700603028153
100,0.2,15,0.78476,1.6844531725515057
100,0.2,16,0.83555,1.8779794451908782
100,0.2,17,0.80304,1.7494897894148185
100,0.2,18,0.77837,1.662677973940805
100,0.2,19,0.80682,1.7640328240539285
100,0.2,20,0.859,1.9823321605674278
100,0.2,21,0.80165,1.7444114431218527
100,0.2,22,0.74433,1.5516859384451094
100,0.2,23,0.75747,1.5918542033427008
100,0.2,24,0.83452,1.8734436265391947
100,0.2,25,0.77921,1.665668886903033
100,0.2,26,0.84233,1.9054568628129358
100,0.2,27,0.81429,1.7929048697402727
100,0.2,28,0.82691,1.8406292423052544
100,0.2,29,0.78213,1.6757805790534501
100,0.2,30,0.81701,1.8031665860860393
100,0.2,31,0.71946,1.4774116650183777
100,0.2,32,0.73273,1.5178856337297981
100,0.2,33,0.78864,1.6977433132461786
100,0.2,34,0.86607,2.0140460089210643
100,0.2,35,0.81148,1.7814370726826543
100,0.2,36,0.78423,1.6826114571914055
100,0.2,37,0.84716,1.9272481284384977
100,0.2,38,0.7804,1.6694152235398603
100,0.2,39,0.76261,1.6083238632197077
100,0.2,40,0.82047,1.8160029858045856
100,0.2,41,0.82469,1.8319562011817303
100,0.2,42,0.83071,1.8561818122058547
100,0.2,43,0.8345,1.8733671716914904
100,0.2,44,0.78114,1.6722116121386201
100,0.2,45,0.86786,2.022841978809604
100,0.2,46,0.78238,1.6765783596829231
100,0.2,47,0.81891,1.809885202831985
100,0.2,48,0.70645,1.4392564313670633
100,0.2,49,0.80541,1.758632051836173
100,0.2,50,0.75991,1.5996934120938566
100,0.2,51,0.82055,1.816384098597947
100,0.2,52,0.83795,1.8875004874441
100,0.2,53,0.80176,1.7447099007926916
100,0.2,54,0.78583,1.6881037638424168
100,0.2,55,0.81669,1.802106666200154
100,0.2,56,0.75388,1.5798086073124225
100,0.2,57,0.85523,1.9646256885390894
100,0.2,58,0.80757,1.7669502511574837
100,0.2,59,0.81308,1.787787342023287
100,0.2,60,0.71954,1.4776152593981386
100,0.2,61,0.73535,1.5258348284751737
100,0.2,62,0.80338,1.7510810280468654
100,0.2,63,0.7839,1.6815505351359037
100,0.2,64,0.75756,1.5921101601776548
100,0.2,65,0.81998,1.8137818363110476
100,0.2,66,0.68749,1.3846463508814364
100,0.2,67,0.72416,1.4920103901681672
100,0.2,68,0.86043,1.9884387318464287
100,0.2,69,0.71531,1.4648958856666927
100,0.2,70,0.68491,1.3779258322224104
100,0.2,71,0.84162,1.902223350856886
100,0.2,72,0.85328,1.9553342991924698
100,0.2,73,0.81446,1.7935228017106075
100,0.2,74,0.78715,1.6926502330552862
100,0.2,75,0.86503,2.0088050037009535
100,0.2,76,0.75859,1.5956343096739167
100,0.2,77,0.80105,1.7419637613935073
100,0.2,78,0.8552,1.964574050093718
100,0.2,79,0.84277,1.9079576079577252
100,0.2,80,0.75769,1.5923648865857123
100,0.2,81,0.81035,1.7764872257092068
100,0.2,82,0.81439,1.7932750341420902
100,0.2,83,0.84928,1.9367542942641591
100,0.2,84,0.82576,1.835959947781768
100,0.2,85,0.82196,1.822093503133965
100,0.2,86,0.79208,1.7102064253701785
100,0.2,87,0.83312,1.8669343975656827
100,0.2,88,0.7774,1.6594918625600714
100,0.2,89,0.7877,1.6945693828486954
100,0.2,90,0.72453,1.493184713429585
100,0.2,91,0.83846,1.8898012754803373
100,0.2,92,0.83023,1.8538896256790711
100,0.2,93,0.77758,1.6601090501832254
100,0.2,94,0.70227,1.426467693260975
100,0.2,95,0.78183,1.674879281287354
100,0.2,96,0.80408,1.753403711437109
100,0.2,97,0.8418,1.9029193573981977
100,0.2,98,0.79071,1.7059502932113186
100,0.2,99,0.78392,1.6816145923358703
100,0.2,100,0.80358,1.7516856682185016
100,0.2,101,0.82162,1.8209543863066568
100,0.2,102,0.79051,1.7053443732007383
100,0.2,103,0.84736,1.9279384793852878
100,0.2,104,0.82691,1.8405582169494685
100,0.2,105,0.82149,1.820146733240878
100,0.2,106,0.85889,1.9819520829341468
100,0.2,107,0.83293,1.8659889228218298
100,0.2,108,0.85946,1.9846062385338568
100,0.2,109,0.79544,1.7221208588665609
100,0.2,110,0.75424,1.5811539464757407
100,0.2,111,0.81099,1.779457394158943
100,0.2,112,0.74052,1.5407965674570068
100,0.2,113,0.79057,1.7055526394303764
100,0.2,114,0.85691,1.972324130423775
100,0.2,115,0.77458,1.6496595021762832
100,0.2,116,0.84319,1.909288818589446
100,0.2,117,0.77614,1.655545322454239
100,0.2,118,0.84893,1.9348694459480045
100,0.2,119,0.75415,1.580891010642788
100,0.2,120,0.8405,1.8974342527740649
100,0.2,121,0.76061,1.602076716382935
100,0.2,122,0.73159,1.5143374759685417
100,0.2,123,0.83676,1.8828049193911243
100,0.2,124,0.78374,1.6811128390841623
100,0.2,125,0.85705,1.9730067518257144
100,0.2,126,0.75184,1.5736221632281975
100,0.2,127,0.81932,1.8111346298939672
100,0.2,128,0.7846,1.683782369584864
100,0.2,129,0.82823,1.8464848360248094
100,0.2,130,0.82788,1.8448289873567
100,0.2,131,0.79929,1.7355224935771092
100,0.2,132,0.76731,1.6238039322967412
100,0.2,133,0.79314,1.7141580776702194
100,0.2,134,0.81133,1.7808078311732367
100,0.2,135,0.83821,1.8886307485090883
100,0.2,136,0.85944,1.9844725648425985
100,0.2,137,0.89086,2.145277769926095
100,0.2,138,0.82384,1.8288994369925828
100,0.2,139,0.74184,1.544554790176576
100,0.2,140,0.76575,1.6186538256344112
100,0.2,141,0.84182,1.9031269021709107
100,0.2,142,0.83819,1.8885294282653908
100,0.2,143,0.84706,1.92666336367201
100,0.2,144,0.78637,1.6898679257016762
100,0.2,145,0.81024,1.7760722476789788
100,0.2,146,0.78127,1.6729609814785715
100,0.2,147,0.85769,1.9764633336174064
100,0.2,148,0.74604,1.5567781105926057
100,0.2,149,0.79658,1.725893559293094
100,0.2,150,0.80664,1.7635141821154479
100,0.2,151,0.81283,1.78679474402889
100,0.2,152,0.72994,1.5095617851581697
100,0.2,153,0.85071,1.943905347178602
100,0.2,154,0.79467,1.7192254664724107
100,0.2,155,0.70414,1.43149015409029
100,0.2,156,0.81245,1.7852888010276509
100,0.2,157,0.8454,1.9195218348533922
100,0.2,158,0.83916,1.892415354433937
100,0.2,159,0.84886,1.9346816643716467
100,0.2,160,0.82586,1.8365389023464693
100,0.2,161,0.79687,1.7267451203659805
100,0.2,162,0.76691,1.6227083057227731
100,0.2,163,0.75474,1.5826455223746265
100,0.2,164,0.82584,1.8363825963297027
100,0.2,165,0.84498,1.9178767184972259
100,0.2,166,0.76419,1.613298036943069
100,0.2,167,0.81845,1.8082412692758285
100,0.2,168,0.8001,1.7385996159307022
100,0.2,169,0.83468,1.873963857962528
100,0.2,170,0.74624,1.5573536295989447
100,0.2,171,0.81377,1.7908812942076688
100,0.2,172,0.78814,1.6957630563323165
100,0.2,173,0.77515,1.6514453072012172
100,0.2,174,0.84822,1.931580823087764
100,0.2,175,0.78926,1.7002052189782524
100,0.2,176,0.85414,1.9595992010132413
100,0.2,177,0.79029,1.7045755821823296
100,0.2,178,0.80888,1.7716090158562476
100,0.2,179,0.75777,1.5925226063345774
100,0.2,180,0.75807,1.5936766907215334
100,0.2,181,0.76026,1.600938405239388
100,0.2,182,0.81383,1.7911795908626704
100,0.2,183,0.87659,2.067331417307718
100,0.2,184,0.77606,1.6552642269020448
100,0.2,185,0.76786,1.625671581219697
100,0.2,186,0.84202,1.9041672802222307
100,0.2,187,0.76828,1.6271959071740154
100,0.2,188,0.76425,1.6134958750828134
100,0.2,189,0.81047,1.7769349208312317
100,0.2,190,0.7868,1.691484427903367
100,0.2,191,0.85641,1.9703356057507428
100,0.2,192,0.76092,1.6032563598017608
100,0.2,193,0.80776,1.7678272123391645
100,0.2,194,0.70243,1.4269965388018946
100,0.2,195,0.81826,1.8073623229372058
100,0.2,196,0.78331,1.6797472613343931
100,0.2,197,0.81666,1.80195391484906
100,0.2,198,0.8226,1.8243111380836965
100,0.2,199,0.81478,1.7948846861303394
100,0.2,200,0.79476,1.719724961057839
100,0.2,201,0.74607,1.5569204979412314
100,0.2,202,0.82986,1.852440503888781
100,0.2,203,0.77919,1.665505593247343
100,0.2,204,0.79959,1.7366614145707144
100,0.2,205,0.8023,1.7465993611538129
100,0.2,206,0.69225,1.3974978466685244
100,0.2,207,0.77864,1.6636350291174908
100,0.2,208,0.84826,1.931728684557552
100,0.2,209,0.7659,1.619291342718037
100,0.2,210,0.77469,1.6500716738032366
100,0.2,211,0.78537,1.6866162024090854
100,0.2,212,0.74541,1.5550049232582104
100,0.2,213,0.81101,1.7796230454261817
100,0.2,214,0.85168,1.9482234339959994
100,0.2,215,0.84534,1.919370778454166
100,0.2,216,0.78055,1.6700904850606897
100,0.2,217,0.79127,1.7078717890859778
100,0.2,218,0.77209,1.6403304480807042
100,0.2,219,0.76831,1.6273516105126242
100,0.2,220,0.80099,1.7418300981943637
100,0.2,221,0.82971,1.851973391057784
100,0.2,222,0.88044,2.0876515973431005
100,0.2,223,0.78396,1.6817802929199221
100,0.2,224,0.81234,1.7847000527049506
100,0.2,225,0.78106,1.6717556206900936
100,0.2,226,0.82016,1.8149148783329392
100,0.2,227,0.78347,1.6801893198655249
100,0.2,228,0.76482,1.6156216853179324
100,0.2,229,0.78675,1.6913290200366835
100,0.2,230,0.79198,1.7098910714127034
100,0.2,231,0.78341,1.6799676505295027
100,0.2,232,0.81863,1.808610878159807
100,0.2,233,0.74538,1.55483321467868
100,0.2,234,0.77047,1.6346205700907497
100,0.2,235,0.85553,1.9657811870426232
100,0.2,236,0.82486,1.832905450238986
100,0.2,237,0.86692,2.018462853138725
100,0.2,238,0.80914,1.7722139506310626
100,0.2,239,0.84614,1.9229106286973479
100,0.2,240,0.82976,1.852153281962237
100,0.2,241,0.7953,1.7215072967368221
100,0.2,242,0.81389,1.791456061920647
100,0.2,243,0.79666,1.7261048607154672
100,0.2,244,0.72834,1.5047879070322712
100,0.2,245,0.78213,1.6757851258334096
100,0.2,246,0.8412,1.9003507533655286
100,0.2,247,0.76912,1.6301593631665825
100,0.2,248,0.79953,1.7364390247593473
100,0.2,249,0.81862,1.8085714712071237
100,0.2,250,0.77283,1.6429123739210725
100,0.2,251,0.7703,1.6341421725435845
100,0.2,252,0.802,1.7456874144294963
100,0.2,253,0.78488,1.684900928791377
100,0.2,254,0.77552,1.6531641665403711
100,0.2,255,0.74368,1.5498555893298538
100,0.2,256,0.78543,1.6867306751694107
100,0.2,257,0.75104,1.5712685442428156
100,0.2,258,0.81143,1.7812038558319512
100,0.2,259,0.7296,1.5086219339087186
100,0.2,260,0.82369,1.8284598420854166
100,0.2,261,0.79272,1.7127162832663818
100,0.2,262,0.87885,2.0787400427891995
100,0.2,263,0.80153,1.743951052485818
100,0.2,264,0.79105,1.707203733000078
100,0.2,265,0.8273,1.8421340677803324
100,0.2,266,0.85421,1.9600054649852316
100,0.2,267,0.82622,1.8380064049203675
100,0.2,268,0.82052,1.8162031307175843
100,0.2,269,0.86771,2.022034015290935
100,0.2,270,0.76843,1.6276506021367234
100,0.2,271,0.84194,1.9035814452680375
100,0.2,272,0.82671,1.8397886153986143
100,0.2,273,0.84251,1.9065800904793933
100,0.2,274,0.75106,1.5713123986878537
100,0.2,275,0.78247,1.6768914222017264
100,0.2,276,0.80266,1.748106021375324
100,0.2,277,0.85678,1.9717813587286273
100,0.2,278,0.82375,1.828691626477399
100,0.2,279,0.77625,1.6560309028412024
100,0.2,280,0.83167,1.8605683870231748
100,0.2,281,0.65093,1.2868656379884769
100,0.2,282,0.78043,1.6695715402454496
100,0.2,283,0.80651,1.7628745726963202
100,0.2,284,0.84217,1.9048592877248784
100,0.2,285,0.81238,1.784884648299855
100,0.2,286,0.83047,1.8547372640851736
100,0.2,287,0.81187,1.782856319704333
100,0.2,288,0.80504,1.7574540520574695
100,0.2,289,0.80712,1.7651811042256347
100,0.2,290,0.7642,1.6133607875027667
100,0.2,291,0.81219,1.784115283547279
100,0.2,292,0.78349,1.6802710274923418
100,0.2,293,0.78364,1.6807572968762332
100,0.2,294,0.82509,1.8338058163117683
100,0.2,295,0.7278,1.5033734718096103
100,0.2,296,0.79319,1.7142978074456152
100,0.2,297,0.74959,1.5670480676137202
100,0.2,298,0.83971,1.8943066835550022
100,0.2,299,0.81596,1.7994424457217293
100,0.2,300,0.80918,1.7724173491554884
100,0.2,301,0.835,1.8754482101132985
100,0.2,302,0.78283,1.6784145334349407
100,0.2,303,0.82082,1.8177358803660053
100,0.2,304,0.82132,1.819428757360492
100,0.2,305,0.8002,1.7391007769566507
100,0.2,306,0.78932,1.7006636360567309
100,0.2,307,0.83312,1.8669381653751953
100,0.2,308,0.77707,1.6585707669349894
100,0.2,309,0.84486,1.9171885641725883
100,0.2,310,0.8053,1.7581795933141584
100,0.2,311,0.82832,1.8467958368567376
100,0.2,312,0.7761,1.6553885586287764
100,0.2,313,0.81607,1.8000521401277
100,0.2,314,0.81753,1.8049203814344692
100,0.2,315,0.84794,1.9305607981314181
100,0.2,316,0.83824,1.8888048861807025
100,0.2,317,0.83182,1.860952853342992
100,0.2,318,0.82304,1.8259531145092256
100,0.2,319,0.83505,1.875550653685289
100,0.2,320,0.79387,1.716808390851781
100,0.2,321,0.80459,1.7556237012970222
100,0.2,322,0.75345,1.5786343204018662
100,0.2,323,0.76324,1.610184675631563
100,0.2,324,0.8302,1.853799694414193
100,0.2,325,0.75902,1.596809471903562
100,0.2,326,0.73119,1.5130680796813287
100,0.2,327,0.73676,1.5298926726331803
100,0.2,328,0.76942,1.631661704047507
100,0.2,329,0.80428,1.754390827918672
100,0.2,330,0.7572,1.590987479621652
100,0.2,331,0.77902,1.6647464971450552
100,0.2,332,0.78331,1.6797545568015875
100,0.2,333,0.79798,1.7310460289075724
100,0.2,334,0.75941,1.598297900909912
100,0.2,335,0.80027,1.7392815077370039
100,0.2,336,0.76797,1.6262356092845407
100,0.2,337,0.80259,1.747765627222392
100,0.2,338,0.82954,1.8515093285399618
100,0.2,339,0.80053,1.740261495280666
100,0.2,340,0.84039,1.896871482132402
100,0.2,341,0.79944,1.7361375022829995
100,0.2,342,0.81525,1.796766463225787
100,0.2,343,0.79583,1.7234219268243791
100,0.2,344,0.80216,1.746270891853273
100,0.2,345,0.87963,2.0826234053220953
100,0.2,346,0.84348,1.9107864380256356
100,0.2,347,0.83049,1.8548770483843904
100,0.2,348,0.84382,1.9120703319860768
100,0.2,349,0.75845,1.595016518818683
100,0.2,350,0.85243,1.9512321100235797
100,0.2,351,0.80165,1.7444044797694453
100,0.2,352,0.84199,1.9039425158890035
100,0.2,353,0.80132,1.743044408639084
100,0.2,354,0.80768,1.7674708411659763
100,0.2,355,0.80478,1.7563356961812784
100,0.2,356,0.75395,1.5801215246695082
100,0.2,357,0.84804,1.9309803969962258
100,0.2,358,0.84057,1.8976150678433994
100,0.2,359,0.74945,1.5667346169557868
100,0.2,360,0.88121,2.092181335099202
100,0.2,361,0.79981,1.7374089023131525
100,0.2,362,0.79684,1.726642062927239
100,0.2,363,0.75906,1.5970240538774405
100,0.2,364,0.81201,1.7835467837029493
100,0.2,365,0.77829,1.6624273807535856
100,0.2,366,0.83821,1.8887233686346736
100,0.2,367,0.7076,1.4421368603041769
100,0.2,368,0.79439,1.7184162028408658
100,0.2,369,0.82778,1.8443506558808376
100,0.2,370,0.73884,1.535937743808101
100,0.2,371,0.74786,1.5619630362410262
100,0.2,372,0.81972,1.812804759025781
100,0.2,373,0.81385,1.7912222687429407
100,0.2,374,0.80165,1.7443616890994813
100,0.2,375,0.75428,1.5813216038907167
100,0.2,376,0.80108,1.7420761316931905
100,0.2,377,0.77643,1.6566780554770357
100,0.2,378,0.79794,1.7308793319311016
100,0.2,379,0.84755,1.9291318285798287
100,0.2,380,0.81225,1.7844064266314246
100,0.2,381,0.84582,1.9215244902933049
100,0.2,382,0.73309,1.519107099882338
100,0.2,383,0.73159,1.514354800953039
100,0.2,384,0.76196,1.6062060476925335
100,0.2,385,0.82585,1.8364401795429801
100,0.2,386,0.79411,1.717586748269508
100,0.2,387,0.79446,1.718607637130268
100,0.2,388,0.81141,1.7811164981856906
100,0.2,389,0.86337,2.001599647808456
100,0.2,390,0.74182,1.5445111322222886
100,0.2,391,0.82141,1.819836495937548
100,0.2,392,0.80942,1.7730949324743865
100,0.2,393,0.75507,1.5834453848371184
100,0.2,394,0.84255,1.9069301459823533
100,0.2,395,0.78319,1.6793338411066598
100,0.2,396,0.81967,1.8126239675255658
100,0.2,397,0.84347,1.9106540815648199
100,0.2,398,0.72663,1.4993634389506931
100,0.2,399,0.77381,1.6462382630461954
100,0.2,400,0.85936,1.9838221588292833
100,0.2,401,0.83899,1.8918322099084217
100,0.2,402,0.72661,1.4992831897627967
100,0.2,403,0.82322,1.8266429618892803
100,0.2,404,0.89816,2.188107411418171
100,0.2,405,0.78927,1.7002636042384704
100,0.2,406,0.86391,2.0040090795729673
100,0.2,407,0.77362,1.6457213666149353
100,0.2,408,0.73013,1.5100684113967873
100,0.2,409,0.84934,1.9375309067783981
100,0.2,410,0.82687,1.8404025290976147
100,0.2,411,0.80559,1.7592785791260275
100,0.2,412,0.84669,1.9249862923730139
100,0.2,413,0.74607,1.5569357136325734
100,0.2,414,0.83489,1.875170273891147
100,0.2,415,0.82497,1.833332385975182
100,0.2,416,0.79079,1.706222635902041
100,0.2,417,0.78543,1.6867635675450394
100,0.2,418,0.84048,1.897303468608813
100,0.2,419,0.66487,1.322858273333385
100,0.2,420,0.76779,1.625359605801066
100,0.2,421,0.85679,1.9718509661171129
100,0.2,422,0.79362,1.7159275978183302
100,0.2,423,0.86431,2.0059583412944177
100,0.2,424,0.85989,1.9859120807590311
100,0.2,425,0.83519,1.87619720910729
100,0.2,426,0.79127,1.7078848856855888
100,0.2,427,0.88797,2.1280636055410116
100,0.2,428,0.76414,1.6130933098437201
100,0.2,429,0.79679,1.7264450085723744
100,0.2,430,0.72849,1.5051741188664285
100,0.2,431,0.78778,1.6947385885784128
100,0.2,432,0.80734,1.7660858645109683
100,0.2,433,0.82999,1.853181335316978
100,0.2,434,0.78702,1.6923024614430122
100,0.2,435,0.77162,1.6382944232344117
100,0.2,436,0.821,1.8183450155992507
100,0.2,437,0.76145,1.604823439136478
100,0.2,438,0.84253,1.9066784522847149
100,0.2,439,0.80794,1.7684182403582742
100,0.2,440,0.74219,1.5456172391942118
100,0.2,441,0.75483,1.5829019408157792
100,0.2,442,0.83042,1.854470432449404
100,0.2,443,0.85858,1.9802077167154952
100,0.2,444,0.7788,1.6641559940804669
100,0.2,445,0.76934,1.631248414717696
100,0.2,446,0.77513,1.6513955094798383
100,0.2,447,0.71645,1.468456201678518
100,0.2,448,0.83859,1.8905534054927258
100,0.2,449,0.76662,1.6217695458624686
100,0.2,450,0.81742,1.80451581357367
100,0.2,451,0.84408,1.9135190826865112
100,0.2,452,0.8531,1.9547630942858758
100,0.2,453,0.77748,1.659860802530889
100,0.2,454,0.84147,1.9015232256586576
100,0.2,455,0.81459,1.7939780414797013
100,0.2,456,0.75071,1.5702012527016485
100,0.2,457,0.74786,1.5620455780696854
100,0.2,458,0.85368,1.9574354152253919
100,0.2,459,0.86562,2.0118298396984766
100,0.2,460,0.78298,1.678782373783417
100,0.2,461,0.78489,1.6849203153775358
100,0.2,462,0.82544,1.8350756589757518
100,0.2,463,0.79267,1.7124279239353666
100,0.2,464,0.71756,1.4715928775006877
100,0.2,465,0.85075,1.9441420716558626
100,0.2,466,0.80993,1.7748553440876869
100,0.2,467,0.80961,1.773537750311488
100,0.2,468,0.76205,1.6065682735117461
100,0.2,469,0.79777,1.730155768360021
100,0.2,470,0.77351,1.6452719009828196
100,0.2,471,0.79251,1.712064858631971
100,0.2,472,0.8018,1.744991183919888
100,0.2,473,0.7901,1.7039952093606685
100,0.2,474,0.74826,1.5631974122199805
100,0.2,475,0.81622,1.8004944537551797
100,0.2,476,0.82899,1.8491573016175606
100,0.2,477,0.78482,1.6846920623618926
100,0.2,478,0.85147,1.9471273760919332
100,0.2,479,0.7754,1.6526531286665302
100,0.2,480,0.77863,1.6635828628248843
100,0.2,481,0.7436,1.5496238980593717
100,0.2,482,0.80361,1.7517806112584706
100,0.2,483,0.79103,1.7071520158879003
100,0.2,484,0.81244,1.7852450502178978
100,0.2,485,0.72216,1.4854629217463913
100,0.2,486,0.77025,1.6339687484499703
100,0.2,487,0.79781,1.730337867137424
100,0.2,488,0.84216,1.9048072049136473
100,0.2,489,0.7722,1.6407243433503247
100,0.2,490,0.81627,1.8006157861094487
100,0.2,491,0.82741,1.8429800249044703
100,0.2,492,0.83273,1.8651136795967078
100,0.2,493,0.77048,1.6346960998938522
100,0.2,494,0.80116,1.7425899426534235
100,0.2,495,0.80633,1.7621673254534103
100,0.2,496,0.78018,1.6686882788260184
100,0.2,497,0.7789,1.6642846091113233
100,0.2,498,0.88945,2.137332364884323
100,0.2,499,0.79912,1.7349377543466302
100,0.2,500,0.75843,1.5948652885968357
100,0.2,501,0.80191,1.745330967300262
100,0.2,502,0.81143,1.7811967288242765
100,0.2,503,0.82731,1.8422508702838536
100,0.2,504,0.82621,1.8379352038720134
100,0.2,505,0.81433,1.7930590826127268
100,0.2,506,0.84357,1.9110054056068253
100,0.2,507,0.81229,1.7845793478531282
100,0.2,508,0.79778,1.7302091017507644
100,0.2,509,0.81462,1.794182342495418
100,0.2,510,0.83821,1.888714721532661
100,0.2,511,0.70486,1.4337964798659981
100,0.2,512,0.80884,1.771522497273869
100,0.2,513,0.78957,1.7022264321833518
100,0.2,514,0.85543,1.9655037266412765
100,0.2,515,0.84606,1.9227103661412068
100,0.2,516,0.74158,1.5436713525004397
100,0.2,517,0.8229,1.8255086403574086
100,0.2,518,0.84095,1.8989048473058556
100,0.2,519,0.81876,1.809228420784976
100,0.2,520,0.7981,1.7315211570958824
100,0.2,521,0.80134,1.7430913556395073
100,0.2,522,0.72661,1.4992756815606167
100,0.2,523,0.85149,1.947245722725798
100,0.2,524,0.84529,1.9192111028574355
100,0.2,525,0.76349,1.6110183984911113
100,0.2,526,0.79749,1.7287103976048326
100,0.2,527,0.81423,1.792683520304688
100,0.2,528,0.81951,1.8118718647125436
100,0.2,529,0.84458,1.9158524856791672
100,0.2,530,0.8193,1.8110842363301174
100,0.2,531,0.7228,1.487807596329605
100,0.2,532,0.78805,1.6953254195379426
100,0.2,533,0.82378,1.8287440480408923
100,0.2,534,0.84934,1.9375577872060483
100,0.2,535,0.76877,1.6291880537461458
100,0.2,536,0.84255,1.9068508459617215
100,0.2,537,0.77543,1.652757742222756
100,0.2,538,0.80112,1.7424007602721154
100,0.2,539,0.7464,1.5576919413848056
100,0.2,540,0.78298,1.6788124435898955
100,0.2,541,0.76587,1.6191877257073881
100,0.2,542,0.81177,1.7824174566215447
100,0.2,543,0.81301,1.787421376318954
100,0.2,544,0.80494,1.7571228485549213
100,0.2,545,0.76159,1.605010003464984
100,0.2,546,0.80969,1.7739240055606251
100,0.2,547,0.83232,1.8629471224947076
100,0.2,548,0.82554,1.8354007355954174
100,0.2,549,0.78051,1.6698393645281304
100,0.2,550,0.84516,1.9187674831620636
100,0.2,551,0.76261,1.6083193339801183
100,0.2,552,0.82919,1.8502174736564316
100,0.2,553,0.82588,1.836630405792153
100,0.2,554,0.80453,1.7552672681394104
100,0.2,555,0.69121,1.3943904355893941
100,0.2,556,0.83377,1.8700860945118962
100,0.2,557,0.79473,1.7195416474749279
100,0.2,558,0.78609,1.6888306467880159
100,0.2,559,0.81867,1.8087440498340452
100,0.2,560,0.84122,1.900476426617466
100,0.2,561,0.76691,1.6227381598710207
100,0.2,562,0.74403,1.5507938365853442
100,0.2,563,0.80328,1.7508034017193612
100,0.2,564,0.81283,1.7867734797649095
100,0.2,565,0.81068,1.778213997589198
100,0.2,566,0.81727,1.8039716195442423
100,0.2,567,0.84347,1.9106684459768817
100,0.2,568,0.82065,1.8166908795700325
100,0.2,569,0.82647,1.8389429276713574
100,0.2,570,0.838,1.8876547138436628
100,0.2,571,0.79067,1.7058122413357268
100,0.2,572,0.79824,1.7319682154278535
100,0.2,573,0.78879,1.698444678081818
100,0.2,574,0.78332,1.6798256830822076
100,0.2,575,0.72567,1.496249164046462
100,0.2,576,0.86075,1.989867524693489
100,0.2,577,0.84019,1.8962706879909401
100,0.2,578,0.83239,1.8632903000259522
100,0.2,579,0.82748,1.8433422750588455
100,0.2,580,0.84438,1.9149586940623875
100,0.2,581,0.81508,1.7962710554104424
100,0.2,582,0.78468,1.684148768181
100,0.2,583,0.77436,1.6486164237079033
100,0.2,584,0.76997,1.633135429700883
100,0.2,585,0.78625,1.6892861309431924
100,0.2,586,0.81794,1.8060730407227763
100,0.2,587,0.84048,1.8973004612031124
100,0.2,588,0.87858,2.0770478364783416
100,0.2,589,0.74982,1.5677784490850082
100,0.2,590,0.81235,1.7847583121654087
100,0.2,591,0.84586,1.9217706100800074
100,0.2,592,0.83316,1.8671342339462642
100,0.2,593,0.86056,1.9890855658546638
100,0.2,594,0.85286,1.953444866581047
100,0.2,595,0.81622,1.800497543790602
100,0.2,596,0.75078,1.5704068422909496
100,0.2,597,0.84334,1.9101395428204384
100,0.2,598,0.79007,1.703872674855596
100,0.2,599,0.73479,1.524405339911406
100,0.2,600,0.84321,1.9094477286448073
100,0.2,601,0.77918,1.6654925219261512
100,0.2,602,0.70645,1.4392548058525836
100,0.2,603,0.8036,1.751737650449905
100,0.2,604,0.82845,1.8473030795087126
100,0.2,605,0.82969,1.851929920323686
100,0.2,606,0.79359,1.7157775976827119
100,0.2,607,0.82197,1.8221378303769722
100,0.2,608,0.83457,1.8736557997990737
100,0.2,609,0.74947,1.5667647659077786
100,0.2,610,0.81343,1.7889904754892738
100,0.2,611,0.80196,1.7456408325989698
100,0.2,612,0.69827,1.4151872302725195
100,0.2,613,0.78837,1.6966665133893875
100,0.2,614,0.70522,1.4352141962173643
100,0.2,615,0.86862,2.02588523490724
100,0.2,616,0.81491,1.7954597809343893
100,0.2,617,0.84009,1.8960357907182692
100,0.2,618,0.78715,1.692647794922623
100,0.2,619,0.79753,1.7290343752784025
100,0.2,620,0.75649,1.5883483946118284
100,0.2,621,0.82838,1.8470525961611624
100,0.2,622,0.85568,1.9667779154041485
100,0.2,623,0.8958,2.1732475244526253
100,0.2,624,0.825,1.8334537744724253
100,0.2,625,0.83646,1.8815802367403127
100,0.2,626,0.79942,1.7359981352589142
100,0.2,627,0.8415,1.9015987020873746
100,0.2,628,0.81962,1.812318500313598
100,0.2,629,0.83258,1.8644698941516877
100,0.2,630,0.7826,1.6772466274015532
100,0.2,631,0.86684,2.017938082828911
100,0.2,632,0.78106,1.6717778612701264
100,0.2,633,0.82815,1.8462468650642418
100,0.2,634,0.76963,1.6323022716289324
100,0.2,635,0.75031,1.569197394419307
100,0.2,636,0.77967,1.6670751651825368
100,0.2,637,0.7831,1.6791410651242598
100,0.2,638,0.74521,1.554321516515707
100,0.2,639,0.77638,1.6564859104214213
100,0.2,640,0.82045,1.8158270999680401
100,0.2,641,0.81629,1.8007513999751097
100,0.2,642,0.77858,1.6633542884903216
100,0.2,643,0.83325,1.8675171425011547
100,0.2,644,0.85631,1.969911249824317
100,0.2,645,0.82162,1.8209170283488212
100,0.2,646,0.76713,1.6232257923986433
100,0.2,647,0.81056,1.7774471839756492
100,0.2,648,0.83154,1.8596877905867562
100,0.2,649,0.80589,1.760350965985265
100,0.2,650,0.71711,1.470006857686517
100,0.2,651,0.71574,1.4661722922927325
100,0.2,652,0.84714,1.9270618023018349
100,0.2,653,0.78412,1.6822600677806552
100,0.2,654,0.78536,1.686606249867137
100,0.2,655,0.78948,1.7016115775513339
100,0.2,656,0.70231,1.426536205295452
100,0.2,657,0.82919,1.8502225087897741
100,0.2,658,0.79894,1.7343571198370902
100,0.2,659,0.75165,1.5730563255396517
100,0.2,660,0.8227,1.8247682287041265
100,0.2,661,0.78269,1.6776276759562805
100,0.2,662,0.84855,1.9328490639266405
100,0.2,663,0.83481,1.8746291799477186
100,0.2,664,0.81509,1.7962814270948413
100,0.2,665,0.84211,1.904401029429295
100,0.2,666,0.74514,1.5541656948686238
100,0.2,667,0.78448,1.6834285544594194
100,0.2,668,0.80443,1.7547880373492974
100,0.2,669,0.80215,1.7461581070057732
100,0.2,670,0.78043,1.66951980635467
100,0.2,671,0.83624,1.8805319426279712
100,0.2,672,0.78931,1.700596203098073
100,0.2,673,0.82723,1.841889503698801
100,0.2,674,0.824,1.8295106098287461
100,0.2,675,0.75723,1.5910249975194954
100,0.2,676,0.80357,1.7516416333595313
100,0.2,677,0.79159,1.7087117587177887
100,0.2,678,0.75589,1.5865223601741325
100,0.2,679,0.85243,1.9512187034255315
100,0.2,680,0.77112,1.6366970329184278
100,0.2,681,0.86007,1.9869130896497662
100,0.2,682,0.77798,1.6615954293657307
100,0.2,683,0.7235,1.4898988103292938
100,0.2,684,0.73055,1.5114348902306491
100,0.2,685,0.82152,1.82034690877313
100,0.2,686,0.80632,1.7620482463849134
100,0.2,687,0.7407,1.5412445434206767
100,0.2,688,0.77508,1.6512480165607841
100,0.2,689,0.81253,1.7856342278541615
100,0.2,690,0.79863,1.7331917781837523
100,0.2,691,0.82295,1.8256201529274196
100,0.2,692,0.71094,1.4522762501849673
100,0.2,693,0.82836,1.847000883977458
100,0.2,694,0.79485,1.7199377960398803
100,0.2,695,0.77546,1.6528496465719438
100,0.2,696,0.88777,2.1271765726190317
100,0.2,697,0.82694,1.8408272866498596
100,0.2,698,0.84326,1.9096911310735853
100,0.2,699,0.83481,1.8746301245851875
100,0.2,700,0.78932,1.7006400574459313
100,0.2,701,0.84711,1.926957672304959
100,0.2,702,0.89238,2.1535608524878116
100,0.2,703,0.77028,1.6340860460638558
100,0.2,704,0.74245,1.5465393171991282
100,0.2,705,0.87745,2.0714594392254773
100,0.2,706,0.83704,1.8838485091180635
100,0.2,707,0.75855,1.595461818505989
100,0.2,708,0.78466,1.6840519042709057
100,0.2,709,0.78283,1.6783212995472658
100,0.2,710,0.80231,1.74686126044827
100,0.2,711,0.77408,1.6472538642216223
100,0.2,712,0.83707,1.8841585243138865
100,0.2,713,0.82544,1.8350031838279475
100,0.2,714,0.74734,1.5602341140619573
100,0.2,715,0.72876,1.5062324454273002
100,0.2,716,0.81301,1.7874343950836238
100,0.2,717,0.80577,1.759842920313691
100,0.2,718,0.7839,1.6815584304589473
100,0.2,719,0.72792,1.5036556900213343
100,0.2,720,0.81388,1.7913777428076416
100,0.2,721,0.80563,1.7593802677731782
100,0.2,722,0.85761,1.9760812938111276
100,0.2,723,0.81336,1.788639482676372
100,0.2,724,0.85464,1.9623117688586507
100,0.2,725,0.81444,1.7934388567192405
100,0.2,726,0.75051,1.569533684699957
100,0.2,727,0.83178,1.8608970925813277
100,0.2,728,0.74188,1.5446014355178417
100,0.2,729,0.70996,1.4492612213120037
100,0.2,730,0.76612,1.620061395500017
100,0.2,731,0.73135,1.5134708166434605
100,0.2,732,0.87277,2.0464799320574785
100,0.2,733,0.81815,1.806924702387437
100,0.2,734,0.84768,1.9295946993668869
100,0.2,735,0.79196,1.7097001784010555
100,0.2,736,0.82835,1.84697473453476
100,0.2,737,0.8104,1.776689130129613
100,0.2,738,0.74753,1.5607964918164208
100,0.2,739,0.79342,1.7150185700950096
100,0.2,740,0.80561,1.7593424638255732
100,0.2,741,0.86288,1.9994406645663225
100,0.2,742,0.80432,1.7545052419126907
100,0.2,743,0.85204,1.9496625979614257
100,0.2,744,0.8366,1.882157300335162
100,0.2,745,0.77432,1.6484241296745152
100,0.2,746,0.81547,1.7975988854845886
100,0.2,747,0.8395,1.8937287741699393
100,0.2,748,0.7631,1.6097100720784292
100,0.2,749,0.74143,1.5432550054710164
100,0.2,750,0.82917,1.8501450731769549
100,0.2,751,0.77016,1.6338599905679692
100,0.2,752,0.75105,1.5713020823410058
100,0.2,753,0.80138,1.7432593532125933
100,0.2,754,0.79693,1.7270893364692699
100,0.2,755,0.83738,1.88532291621353
100,0.2,756,0.80058,1.740411135691398
100,0.2,757,0.77595,1.6546060743314408
100,0.2,758,0.86922,2.029418223022566
100,0.2,759,0.88598,2.117570672772712
100,0.2,760,0.81009,1.7755947449231528
100,0.2,761,0.82394,1.8291064966095671
100,0.2,762,0.8507,1.943657425179148
100,0.2,763,0.78608,1.6887783110965375
100,0.2,764,0.80559,1.759309401848026
100,0.2,765,0.82414,1.830057102320859
100,0.2,766,0.80757,1.7670178469748867
100,0.2,767,0.78794,1.6951773453625512
100,0.2,768,0.76655,1.621627796361462
100,0.2,769,0.77974,1.6672779586515383
100,0.2,770,0.79381,1.7166208840890826
100,0.2,771,0.78589,1.6882905571734086
100,0.2,772,0.80391,1.7528451143249133
100,0.2,773,0.85079,1.9443099847406429
100,0.2,774,0.83383,1.8703192139229916
100,0.2,775,0.76613,1.6201249854709427
100,0.2,776,0.74854,1.5641333159574855
100,0.2,777,0.78948,1.7015061811072432
100,0.2,778,0.79598,1.7240687995885318
100,0.2,779,0.81268,1.786139945183604
100,0.2,780,0.7659,1.6192945454252348
100,0.2,781,0.80361,1.751768479391803
100,0.2,782,0.79462,1.7190844220036712
100,0.2,783,0.81822,1.807164587249179
100,0.2,784,0.83473,1.874146794766887
100,0.2,785,0.81389,1.7914093350379332
100,0.2,786,0.79617,1.7247055426969864
100,0.2,787,0.83957,1.8938784948081233
100,0.2,788,0.74053,1.5408105382810708
100,0.2,789,0.80928,1.7727591341766062
100,0.2,790,0.81336,1.788606656673187
100,0.2,791,0.83858,1.890485518761487
100,0.2,792,0.78951,1.7018439436525514
100,0.2,793,0.809,1.7718878403331897
100,0.2,794,0.84956,1.938822488930478
100,0.2,795,0.79238,1.7112503304178368
100,0.2,796,0.71612,1.4674915463646272
100,0.2,797,0.84932,1.9372168290395266
100,0.2,798,0.76916,1.630507473125732
100,0.2,799,0.83891,1.8915291645936554
100,0.2,800,0.86193,1.9949158302361765
100,0.2,801,0.78075,1.670780692037259
100,0.2,802,0.80942,1.773138657416818
100,0.2,803,0.87338,2.050121639543562
100,0.2,804,0.80947,1.773217174602915
100,0.2,805,0.86123,1.9918164190955903
100,0.2,806,0.79234,1.7111451376297055
100,0.2,807,0.79272,1.7127346912735117
100,0.2,808,0.7917,1.708990072390889
100,0.2,809,0.85696,1.9725955398925012
100,0.2,810,0.84746,1.928777600018336
100,0.2,811,0.80454,1.7553519739159946
100,0.2,812,0.81791,1.805939665519264
100,0.2,813,0.7726,1.6422750286491765
100,0.2,814,0.75613,1.5873162004482468
100,0.2,815,0.85754,1.9757416709482278
100,0.2,816,0.82544,1.8350176468830157
100,0.2,817,0.67096,1.339203264076739
100,0.2,818,0.81302,1.7875361109820918
100,0.2,819,0.82408,1.8297642139879224
100,0.2,820,0.79098,1.706974371946396
100,0.2,821,0.79473,1.7195407190754928
100,0.2,822,0.81777,1.8056410709966886
100,0.2,823,0.83333,1.8681309661424335
100,0.2,824,0.77356,1.645498984209385
100,0.2,825,0.84486,1.9171709608570222
100,0.2,826,0.80757,1.7669938762721302
100,0.2,827,0.7812,1.6725080805822317
100,0.2,828,0.72376,1.4906931386560291
100,0.2,829,0.74392,1.5505279857963
100,0.2,830,0.8032,1.7504003119359792
100,0.2,831,0.81387,1.7913224527025822
100,0.2,832,0.75853,1.5953061364004069
100,0.2,833,0.8283,1.846723726548434
100,0.2,834,0.73233,1.516528771198121
100,0.2,835,0.85754,1.9757564658511515
100,0.2,836,0.81471,1.7944524266775326
100,0.2,837,0.86276,1.9986364621590407
100,0.2,838,0.81974,1.812866294579499
100,0.2,839,0.86281,1.9988157123440047
100,0.2,840,0.78782,1.6948905808064696
100,0.2,841,0.78033,1.6691613323592407
100,0.2,842,0.82378,1.8287434261778763
100,0.2,843,0.81373,1.790671551143869
100,0.2,844,0.81753,1.8049077288503566
100,0.2,845,0.82877,1.848593083894651
100,0.2,846,0.75435,1.5816751923481691
100,0.2,847,0.80266,1.7480555717666406
100,0.2,848,0.78438,1.683031505105274
100,0.2,849,0.78415,1.6824249025152107
100,0.2,850,0.84522,1.9190101938086608
100,0.2,851,0.76957,1.632109122892355
100,0.2,852,0.80772,1.7676454286247845
100,0.2,853,0.79125,1.7078383474711074
100,0.2,854,0.81534,1.7970289467091385
100,0.2,855,0.79496,1.7204657178593261
100,0.2,856,0.88782,2.1273656095583373
100,0.2,857,0.85719,1.9737393501268659
100,0.2,858,0.84884,1.9345562120333821
100,0.2,859,0.83274,1.8651593547971912
100,0.2,860,0.72768,1.50288453044535
100,0.2,861,0.74804,1.5626435650673525
100,0.2,862,0.81786,1.805882966492005
100,0.2,863,0.84932,1.9374424592485537
100,0.2,864,0.75706,1.5905447882274322
100,0.2,865,0.81894,1.8100081069455998
100,0.2,866,0.81306,1.7876884805030029
100,0.2,867,0.84742,1.928380098124616
100,0.2,868,0.87084,2.0365787810712424
100,0.2,869,0.888,2.128351239499168
100,0.2,870,0.78583,1.6880229397037905
100,0.2,871,0.84588,1.921944870880326
100,0.2,872,0.78504,1.6853813037760954
100,0.2,873,0.77513,1.6513568890508754
100,0.2,874,0.80658,1.7632616041262898
100,0.2,875,0.74647,1.5578923142198957
100,0.2,876,0.77877,1.6639832229475442
100,0.2,877,0.74195,1.5447925700288379
100,0.2,878,0.81246,1.7854364017932718
100,0.2,879,0.79566,1.722904481302006
100,0.2,880,0.77598,1.6548385820122753
100,0.2,881,0.84741,1.9282309731149754
100,0.2,882,0.76361,1.6114525571990281
100,0.2,883,0.81259,1.7857858347340292
100,0.2,884,0.80216,1.7462100404088472
100,0.2,885,0.82244,1.8238439216766038
100,0.2,886,0.77312,1.6437951280528749
100,0.2,887,0.7739,1.6465921803297237
100,0.2,888,0.83823,1.8887612151397912
100,0.2,889,0.7936,1.7158246401307324
100,0.2,890,0.82597,1.8370768756036897
100,0.2,891,0.83737,1.8852774257843206
100,0.2,892,0.77216,1.6405774131748
100,0.2,893,0.815,1.7957372197236459
100,0.2,894,0.77506,1.6510589567085887
100,0.2,895,0.70877,1.4452991128822366
100,0.2,896,0.78276,1.6779222184357732
100,0.2,897,0.83812,1.888177866398333
100,0.2,898,0.80319,1.7502430093098678
100,0.2,899,0.74639,1.557609435836252
100,0.2,900,0.83186,1.8611541460905274
100,0.2,901,0.77737,1.6594518568220313
100,0.2,902,0.84011,1.8961366986812485
100,0.2,903,0.7462,1.5572941416888582
100,0.2,904,0.79478,1.719776988730921
100,0.2,905,0.7914,1.7081244079412772
100,0.2,906,0.82225,1.823207967177925
100,0.2,907,0.77714,1.6588887705180329
100,0.2,908,0.8407,1.8980019444403087
100,0.2,909,0.77086,1.6358111911232942
100,0.2,910,0.71005,1.4494901184147488
100,0.2,911,0.81231,1.7846099361386427
100,0.2,912,0.87014,2.033130581807251
100,0.2,913,0.87478,2.057887425825271
100,0.2,914,0.84934,1.9375024865983939
100,0.2,915,0.82506,1.8337288249204897
100,0.2,916,0.77504,1.6508425608354238
100,0.2,917,0.84166,1.9023699141249726
100,0.2,918,0.78938,1.7010084490187616
100,0.2,919,0.79615,1.7246282803694135
100,0.2,920,0.72635,1.4982382270390664
100,0.2,921,0.8316,1.8600636402097765
100,0.2,922,0.83082,1.8565961709140049
100,0.2,923,0.87691,2.0686839273700457
100,0.2,924,0.78605,1.688693507360552
100,0.2,925,0.81443,1.7934179067302256
100,0.2,926,0.77765,1.660415659275496
100,0.2,927,0.80109,1.7421259023201736
100,0.2,928,0.83457,1.873688558135719
100,0.2,929,0.81845,1.808260719031666
100,0.2,930,0.8327,1.864916884635405
100,0.2,931,0.80825,1.7696796833016426
100,0.2,932,0.81379,1.7910340179388045
100,0.2,933,0.83978,1.8946890808430599
100,0.2,934,0.77975,1.6672886293520301
100,0.2,935,0.74155,1.543601408030209
100,0.2,936,0.74413,1.5510741432034156
100,0.2,937,0.84032,1.8966062751158395
100,0.2,938,0.8357,1.8785173879753325
100,0.2,939,0.81994,1.8135799743408243
100,0.2,940,0.85431,1.9605832837538961
100,0.2,941,0.77566,1.6536503819817645
100,0.2,942,0.85148,1.94719549927405
100,0.2,943,0.77139,1.637627617737071
100,0.2,944,0.81925,1.8109131429387673
100,0.2,945,0.82074,1.8173460824954397
100,0.2,946,0.81411,1.7923111502129787
100,0.2,947,0.76291,1.6091868355250956
100,0.2,948,0.69458,1.404714099995237
100,0.2,949,0.83895,1.8917438266397117
100,0.2,950,0.76005,1.6001360137785778
100,0.2,951,0.88503,2.1120771378355734
100,0.2,952,0.82013,1.814725244612342
100,0.2,953,0.82951,1.8513345740645897
100,0.2,954,0.73348,1.5205587782433732
100,0.2,955,0.84059,1.8977383370098764
100,0.2,956,0.80784,1.7681307669925972
100,0.2,957,0.73066,1.511780132766932
100,0.2,958,0.8889,2.1336560101841946
100,0.2,959,0.77068,1.6353483789604342
100,0.2,960,0.79659,1.7259330299523699
100,0.2,961,0.78136,1.6732801997310913
100,0.2,962,0.84317,1.9092164440233643
100,0.2,963,0.77931,1.666055011845457
100,0.2,964,0.85256,1.9519160764034997
100,0.2,965,0.78885,1.698751440621106
100,0.2,966,0.80295,1.7489990516088678
100,0.2,967,0.88445,2.1086029790876957
100,0.2,968,0.82653,1.8392983619400667
100,0.2,969,0.85346,1.956450335479738
100,0.2,970,0.81751,1.8048704355625338
100,0.2,971,0.81719,1.8037111035768085
100,0.2,972,0.82651,1.8391490734577791
100,0.2,973,0.79129,1.7079505417768495
100,0.2,974,0.83677,1.8829294015118512
100,0.2,975,0.86762,2.0216181700913007
100,0.2,976,0.80159,1.7442073157252966
100,0.2,977,0.80693,1.7645457484673355
100,0.2,978,0.84164,1.9023340160454119
100,0.2,979,0.79916,1.7350371317447202
100,0.2,980,0.80872,1.771130758488026
100,0.2,981,0.72544,1.4957050966335277
100,0.2,982,0.75545,1.5850352535945247
100,0.2,983,0.8526,1.9521174218424364
100,0.2,984,0.76939,1.6314634521190268
100,0.2,985,0.80243,1.7473016565287112
100,0.2,986,0.78095,1.671501295328595
100,0.2,987,0.877,2.069097111013005
100,0.2,988,0.80582,1.7600534616082157
100,0.2,989,0.75616,1.5875164028273643
100,0.2,990,0.82066,1.8168799222698575
100,0.2,991,0.7876,1.6939836119088572
100,0.2,992,0.88496,2.111586707550743
100,0.2,993,0.80231,1.74687699545139
100,0.2,994,0.80395,1.752966132478977
100,0.2,995,0.84218,1.9048794629165067
100,0.2,996,0.83023,1.8538577934461853
100,0.2,997,0.76715,1.623309658625832
100,0.2,998,0.89648,2.1767590033533812
100,0.2,999,0.80502,1.757350230463591
500,0.05,0,0.94459,2.525174897512544
500,0.05,1,0.95282,2.610332122437886
500,0.05,2,0.96235,2.7233711074526976
500,0.05,3,0.96231,2.7228217307176514
500,0.05,4,0.94771,2.553921068582817
500,0.05,5,0.95736,2.660726265207132
500,0.05,6,0.9517,2.596996547651318
500,0.05,7,0.9481,2.557259850324715
500,0.05,8,0.96553,2.7669186275670365
500,0.05,9,0.96033,2.695991949288158
500,0.05,10,0.95488,2.6356624566629554
500,0.05,11,0.93615,2.4529421371880775
500,0.05,12,0.94533,2.5313740119178574
500,0.05,13,0.96681,2.7846108160474228
500,0.05,14,0.95286,2.6109285466786827
500,0.05,15,0.9534,2.616996665598257
500,0.05,16,0.94826,2.5588516639608434
500,0.05,17,0.94906,2.5671774295012995
500,0.05,18,0.95862,2.676986783048739
500,0.05,19,0.94831,2.5592452017979674
500,0.05,20,0.95669,2.6539291333160215
500,0.05,21,0.93868,2.473833452193915
500,0.05,22,0.96114,2.706631901574388
500,0.05,23,0.96064,2.70019524649259
500,0.05,24,0.95628,2.64994914213718
500,0.05,25,0.9556,2.6431487767779647
500,0.05,26,0.94858,2.562705460128017
500,0.05,27,0.95477,2.6335826293133033
500,0.05,28,0.94701,2.5479647137465005
500,0.05,29,0.95455,2.6307057996648857
500,0.05,30,0.95532,2.6412776760477694
500,0.05,31,0.94665,2.545225917614845
500,0.05,32,0.93839,2.4708311387804596
500,0.05,33,0.95711,2.6577927759818376
500,0.05,34,0.95173,2.5972500402178635
500,0.05,35,0.95765,2.664917909192832
500,0.05,36,0.93941,2.4792482136229497
500,0.05,37,0.97022,2.8365237552612177
500,0.05,38,0.95689,2.6553436831507677
500,0.05,39,0.96292,2.7304616566570283
500,0.05,40,0.95325,2.6149200658200824
500,0.05,41,0.96063,2.6999192767830222
500,0.05,42,0.9568,2.6546170590938436
500,0.05,43,0.92459,2.363579404367918
500,0.05,44,0.9516,2.596299525499617
500,0.05,45,0.97169,2.8618452008213024
500,0.05,46,0.96296,2.7312167066952027
500,0.05,47,0.96481,2.7574057519231934
500,0.05,48,0.93616,2.4530699263344884
500,0.05,49,0.94733,2.550989911897758
500,0.05,50,0.93648,2.455014167730461
500,0.05,51,0.95372,2.6208269812782645
500,0.05,52,0.94835,2.559800243538554
500,0.05,53,0.96009,2.6934284382313005
500,0.05,54,0.95269,2.60907619268
500,0.05,55,0.95251,2.6071295778178945
500,0.05,56,0.95006,2.5807107314084905
500,0.05,57,0.94279,2.5094689531966665
500,0.05,58,0.94794,2.556156450209582
500,0.05,59,0.95715,2.6581668121074964
500,0.05,60,0.94969,2.5756722573096766
500,0.05,61,0.93847,2.4716886252706427
500,0.05,62,0.94967,2.5754289604958656
500,0.05,63,0.95884,2.6796211712468128
500,0.05,64,0.95335,2.6164060037095513
500,0.05,65,0.94204,2.503294736849251
500,0.05,66,0.94766,2.5529869721272327
500,0.05,67,0.96782,2.79803092167361
500,0.05,68,0.94296,2.5107802364336447
500,0.05,69,0.9514,2.5940580852894595
500,0.05,70,0.96516,2.761862763644232
500,0.05,71,0.95841,2.6742863627903755
500,0.05,72,0.96409,2.746310608503748
500,0.05,73,0.9411,2.494491661825458
500,0.05,74,0.93526,2.445840718482233
500,0.05,75,0.94998,2.579353219589529
500,0.05,76,0.9514,2.594072663792578
500,0.05,77,0.95327,2.615420585614333
500,0.05,78,0.96621,2.775633466496613
500,0.05,79,0.92989,2.4036138971897065
500,0.05,80,0.9425,2.5067703175985008
500,0.05,81,0.9561,2.6483206081068174
500,0.05,82,0.96637,2.77769469549861
500,0.05,83,0.94558,2.5338680895639856
500,0.05,84,0.94279,2.5094538575324465
500,0.05,85,0.95014,2.5817895910759687
500,0.05,86,0.93569,2.449028103711451
500,0.05,87,0.95479,2.634131019058
500,0.05,88,0.95316,2.613793877747882
500,0.05,89,0.94472,2.526406277998417
500,0.05,90,0.93302,2.4275809987046593
500,0.05,91,0.9491,2.567896443710393
500,0.05,92,0.95372,2.6204655604159615
500,0.05,93,0.95407,2.624455616569971
500,0.05,94,0.96112,2.7065130755679943
500,0.05,95,0.9514,2.5941374499463037
500,0.05,96,0.95335,2.616407906856851
500,0.05,97,0.94969,2.575831455122714
500,0.05,98,0.94278,2.5091366450649697
500,0.05,99,0.96631,2.7769994655338954
500,0.05,100,0.95284,2.610656126010693
500,0.05,101,0.96095,2.704580336882792
500,0.05,102,0.95002,2.580287646911613
500,0.05,103,0.94918,2.5688265246781112
500,0.05,104,0.95964,2.6894638753895688
500,0.05,105,0.95464,2.631915367427192
500,0.05,106,0.95394,2.62335278768708
500,0.05,107,0.93132,2.41369142100277
500,0.05,108,0.95747,2.6619763295897516
500,0.05,109,0.95286,2.6109681502914874
500,0.05,110,0.9557,2.6441296391062328
500,0.05,111,0.96741,2.7921667769951917
500,0.05,112,0.95286,2.610851978265372
500,0.05,113,0.938,2.4677466484300514
500,0.05,114,0.9354,2.4470200915044846
500,0.05,115,0.94952,2.573010988736298
500,0.05,116,0.93476,2.442074326223216
500,0.05,117,0.96304,2.7322843934682277
500,0.05,118,0.95753,2.662635479183636
500,0.05,119,0.94304,2.51120655169909
500,0.05,120,0.94593,2.538275228276766
500,0.05,121,0.93553,2.447564248867895
500,0.05,122,0.94381,2.5174898728232873
500,0.05,123,0.9569,2.6556174849132352
500,0.05,124,0.93746,2.463196510639616
500,0.05,125,0.97147,2.8580925187993484
500,0.05,126,0.95175,2.5975885250928257
500,0.05,127,0.94741,2.551686708886528
500,0.05,128,0.95817,2.6704456474888003
500,0.05,129,0.93561,2.4480918674956635
500,0.05,130,0.95075,2.588382867834855
500,0.05,131,0.94224,2.504591906781518
500,0.05,132,0.94571,2.535557203865726
500,0.05,133,0.93803,2.468103121251373
500,0.05,134,0.95858,2.676655171528245
500,0.05,135,0.95582,2.644988111280586
500,0.05,136,0.92689,2.382369777169515
500,0.05,137,0.95302,2.612668392616282
500,0.05,138,0.9527,2.6092795063841256
500,0.05,139,0.96591,2.772041325272047
500,0.05,140,0.94382,2.517588677023789
500,0.05,141,0.9541,2.625163355581621
500,0.05,142,0.95745,2.6618507392114847
500,0.05,143,0.9608,2.702389304621855
500,0.05,144,0.94627,2.5412106981246754
500,0.05,145,0.96503,2.7604051015953734
500,0.05,146,0.94578,2.536481855872942
500,0.05,147,0.95224,2.6037318895320976
500,0.05,148,0.95405,2.6243801893866805
500,0.05,149,0.92452,2.3632157578807025
500,0.05,150,0.9576,2.663771728053909
500,0.05,151,0.95649,2.652051527485523
500,0.05,152,0.92673,2.3807670311631774
500,0.05,153,0.94977,2.5767315649912685
500,0.05,154,0.95269,2.6090216685926313
500,0.05,155,0.94385,2.51811986224462
500,0.05,156,0.94075,2.4923887239721925
500,0.05,157,0.96421,2.7482386242521044
500,0.05,158,0.94998,2.579303295974535
500,0.05,159,0.94002,2.4853273569083276
500,0.05,160,0.94878,2.5639375428272846
500,0.05,161,0.94556,2.533679948322593
500,0.05,162,0.95618,2.6485815631629164
500,0.05,163,0.96069,2.700758610440645
500,0.05,164,0.95065,2.587420568061442
500,0.05,165,0.9521,2.6018218444573193
500,0.05,166,0.95031,2.5834577926287077
500,0.05,167,0.95653,2.6524023852552
500,0.05,168,0.95173,2.5973377578043264
500,0.05,169,0.93768,2.4645662871833256
500,0.05,170,0.95323,2.6145145937370513
500,0.05,171,0.95695,2.6564352635292003
500,0.05,172,0.93783,2.4658862522072997
500,0.05,173,0.96054,2.698452308021525
500,0.05,174,0.92848,2.3938174133207797
500,0.05,175,0.96029,2.6954422358762216
500,0.05,176,0.95372,2.620810757610684
500,0.05,177,0.94963,2.5743662920454797
500,0.05,178,0.9594,2.686379300165362
500,0.05,179,0.93966,2.4820027015548485
500,0.05,180,0.94472,2.526308343664211
500,0.05,181,0.94863,2.563015622162889
500,0.05,182,0.9265,2.379715890699476
500,0.05,183,0.94291,2.5102708275718415
500,0.05,184,0.91521,2.2989622266852434
500,0.05,185,0.9611,2.7063573484490604
500,0.05,186,0.92392,2.3586626450659116
500,0.05,187,0.9491,2.5677579815880236
500,0.05,188,0.94464,2.525781522114148
500,0.05,189,0.95031,2.583451850089936
500,0.05,190,0.95308,2.6132491253790895
500,0.05,191,0.9537,2.6201355030201716
500,0.05,192,0.94045,2.4892056179275186
500,0.05,193,0.9468,2.5466006024193373
500,0.05,194,0.94984,2.5778131527106503
500,0.05,195,0.97446,2.9064487365835174
500,0.05,196,0.94879,2.564182455603235
500,0.05,197,0.93699,2.459451412852913
500,0.05,198,0.96915,2.818000083255538
500,0.05,199,0.95241,2.6057239455682115
500,0.05,200,0.95905,2.681854410032678
500,0.05,201,0.95219,2.6028936037164123
500,0.05,202,0.95395,2.623544020196693
500,0.05,203,0.96321,2.734479524254146
500,0.05,204,0.92815,2.391023530486614
500,0.05,205,0.9562,2.6487999005329637
500,0.05,206,0.96154,2.712425880640142
500,0.05,207,0.94543,2.5324525369277993
500,0.05,208,0.94899,2.5661041242411544
500,0.05,209,0.95475,2.6334190489593694
500,0.05,210,0.94836,2.560110063063978
500,0.05,211,0.95761,2.664021427113539
500,0.05,212,0.95834,2.6725818581980656
500,0.05,213,0.95471,2.632827054898733
500,0.05,214,0.95484,2.634944025265561
500,0.05,215,0.93382,2.433279044125567
500,0.05,216,0.96246,2.724759863762042
500,0.05,217,0.96148,2.711968274926469
500,0.05,218,0.93741,2.4625460806741084
500,0.05,219,0.94642,2.542290959265173
500,0.05,220,0.95434,2.628069486481621
500,0.05,221,0.93769,2.464868817459925
500,0.05,222,0.94761,2.552819318556973
500,0.05,223,0.94906,2.567124046663475
500,0.05,224,0.94942,2.5716882804826184
500,0.05,225,0.93848,2.4717560950550723
500,0.05,226,0.94028,2.4881321960572214
500,0.05,227,0.95102,2.5911331216823026
500,0.05,228,0.96162,2.713661569995055
500,0.05,229,0.95963,2.6891481025154227
500,0.05,230,0.95335,2.616336449610585
500,0.05,231,0.95428,2.627204002889679
500,0.05,232,0.94815,2.557929723180989
500,0.05,233,0.94557,2.533825423152724
500,0.05,234,0.94657,2.5437982932100063
500,0.05,235,0.96248,2.7248423083869486
500,0.05,236,0.94739,2.5515297490077025
500,0.05,237,0.96189,2.717776877369391
500,0.05,238,0.95842,2.674374217359511
500,0.05,239,0.9541,2.6251341510751063
500,0.05,240,0.92234,2.3470994292651737
500,0.05,241,0.95928,2.6843132924358044
500,0.05,242,0.93092,2.4111630995440017
500,0.05,243,0.94359,2.5161664034398736
500,0.05,244,0.95738,2.661049317606197
500,0.05,245,0.96928,2.819526587953249
500,0.05,246,0.94646,2.5426959953788235
500,0.05,247,0.97494,2.916452706580521
500,0.05,248,0.94654,2.543659440709551
500,0.05,249,0.94785,2.5553037302371306
500,0.05,250,0.94185,2.501363616879041
500,0.05,251,0.94622,2.5406836089846987
500,0.05,252,0.96421,2.7485377181134956
500,0.05,253,0.94984,2.5778056663488393
500,0.05,254,0.95529,2.6407187481676964
500,0.05,255,0.94824,2.558593793686455
500,0.05,256,0.94268,2.508257764244415
500,0.05,257,0.96045,2.697542617729684
500,0.05,258,0.96713,2.7882415362064905
500,0.05,259,0.9585,2.6752129728270164
500,0.05,260,0.94267,2.5081325340965765
500,0.05,261,0.95689,2.655482192317484
500,0.05,262,0.95007,2.581064847781961
500,0.05,263,0.94976,2.5766544299801946
500,0.05,264,0.94576,2.5363080735049923
500,0.05,265,0.9604,2.6972209798386437
500,0.05,266,0.94324,2.5134023617801207
500,0.05,267,0.96095,2.7045581504770566
500,0.05,268,0.95332,2.6161460662647196
500,0.05,269,0.95417,2.6260063027189378
500,0.05,270,0.95477,2.633718772982774
500,0.05,271,0.96075,2.701416029775623
500,0.05,272,0.93658,2.455947323584297
500,0.05,273,0.96769,2.795326917993746
500,0.05,274,0.94378,2.5173977966181567
500,0.05,275,0.94482,2.527586323561697
500,0.05,276,0.93963,2.4819073992595007
500,0.05,277,0.95234,2.6047871547226418
500,0.05,278,0.94497,2.5284737565166813
500,0.05,279,0.95535,2.6415384496139955
500,0.05,280,0.95044,2.58521624675324
500,0.05,281,0.96203,2.719552125935294
500,0.05,282,0.96195,2.7183248853421538
500,0.05,283,0.95076,2.5883986830951926
500,0.05,284,0.94771,2.5541000552128477
500,0.05,285,0.94928,2.569865328363394
500,0.05,286,0.96328,2.735222582416855
500,0.05,287,0.96164,2.714135656983624
500,0.05,288,0.94295,2.5104669524138337
500,0.05,289,0.94635,2.5416853053031097
500,0.05,290,0.96353,2.738803101645959
500,0.05,291,0.9404,2.4887274572909464
500,0.05,292,0.95834,2.6728091928731086
500,0.05,293,0.96591,2.7721711693442392
500,0.05,294,0.92509,2.3677381813828218
500,0.05,295,0.95705,2.6573156512121723
500,0.05,296,0.94776,2.554438390483776
500,0.05,297,0.95858,2.676726830384445
500,0.05,298,0.93601,2.4516054590148406
500,0.05,299,0.95007,2.5812958619813013
500,0.05,300,0.95379,2.6212917031697245
500,0.05,301,0.96329,2.73544176211878
500,0.05,302,0.94296,2.5106717153884475
500,0.05,303,0.95845,2.6745092958098624
500,0.05,304,0.93873,2.47420841411046
500,0.05,305,0.9228,2.3503964631976078
500,0.05,306,0.95817,2.6704436773768143
500,0.05,307,0.95564,2.643239186049782
500,0.05,308,0.94942,2.5711897785907674
500,0.05,309,0.94576,2.536316646228112
500,0.05,310,0.95359,2.618501580280166
500,0.05,311,0.94835,2.560008772789635
500,0.05,312,0.94826,2.5587232757870466
500,0.05,313,0.95887,2.6800656216161753
500,0.05,314,0.95958,2.6886832954362028
500,0.05,315,0.95045,2.5853852152655987
500,0.05,316,0.94622,2.5403316660024466
500,0.05,317,0.96544,2.765445994292652
500,0.05,318,0.94933,2.5706223124092156
500,0.05,319,0.95772,2.665971682489295
500,0.05,320,0.95332,2.615731591608757
500,0.05,321,0.95136,2.593572640856134
500,0.05,322,0.96108,2.7060375250485382
500,0.05,323,0.95968,2.689748142916678
500,0.05,324,0.94175,2.500447688073668
500,0.05,325,0.97002,2.8334904383285684
500,0.05,326,0.96027,2.6948761515181063
500,0.05,327,0.96465,2.7554418153869658
500,0.05,328,0.95062,2.5871906427339546
500,0.05,329,0.94733,2.5508769355449097
500,0.05,330,0.96262,2.7262798654839813
500,0.05,331,0.9347,2.4415176302801354
500,0.05,332,0.94074,2.4920239610273267
500,0.05,333,0.95488,2.6355720041062938
500,0.05,334,0.95413,2.6255584735069464
500,0.05,335,0.96929,2.819884329939809
500,0.05,336,0.95547,2.642077492850572
500,0.05,337,0.94297,2.5108462014268014
500,0.05,338,0.96417,2.7477703631417323
500,0.05,339,0.95518,2.639744069002664
500,0.05,340,0.95219,2.602766179737078
500,0.05,341,0.96076,2.7021344785932855
500,0.05,342,0.96381,2.743107964934617
500,0.05,343,0.92966,2.4020593206178096
500,0.05,344,0.94908,2.567463360776631
500,0.05,345,0.96219,2.7215036372846786
500,0.05,346,0.947,2.5478869302913876
500,0.05,347,0.933,2.427194957390097
500,0.05,348,0.94194,2.5023173556984393
500,0.05,349,0.95431,2.6276305610967716
500,0.05,350,0.96197,2.718621392283098
500,0.05,351,0.95794,2.6681845505273794
500,0.05,352,0.9432,2.512586840054159
500,0.05,353,0.93302,2.4274479282624486
500,0.05,354,0.95979,2.6905895863199203
500,0.05,355,0.96229,2.722688041658076
500,0.05,356,0.96334,2.7364805338751244
500,0.05,357,0.95131,2.5932806351221207
500,0.05,358,0.95935,2.6858472570348986
500,0.05,359,0.94406,2.5201098538455664
500,0.05,360,0.93682,2.458094822851424
500,0.05,361,0.94329,2.5140693544896626
500,0.05,362,0.94075,2.4921421233389953
500,0.05,363,0.95942,2.6866105539172382
500,0.05,364,0.9524,2.6056731855280777
500,0.05,365,0.96115,2.7068032064994334
500,0.05,366,0.95551,2.642528468278425
500,0.05,367,0.94563,2.5342945324995543
500,0.05,368,0.95448,2.62906250211854
500,0.05,369,0.93417,2.4366815718250514
500,0.05,370,0.95383,2.621975185599472
500,0.05,371,0.95493,2.6360528132243433
500,0.05,372,0.94188,2.5018744495752734
500,0.05,373,0.94274,2.508788208703598
500,0.05,374,0.95433,2.627968244897899
500,0.05,375,0.95332,2.615694432301029
500,0.05,376,0.95443,2.6285851620960665
500,0.05,377,0.96933,2.8206331066806993
500,0.05,378,0.96553,2.767024845941553
500,0.05,379,0.93603,2.4517427779911034
500,0.05,380,0.9456,2.5339853965378643
500,0.05,381,0.93438,2.438278591745977
500,0.05,382,0.95666,2.6535681430600735
500,0.05,383,0.95628,2.649852807764429
500,0.05,384,0.95767,2.665221534993777
500,0.05,385,0.94808,2.5570867816834966
500,0.05,386,0.95634,2.650633181011818
500,0.05,387,0.94657,2.543838621184528
500,0.05,388,0.96292,2.7307850585488187
500,0.05,389,0.91335,2.2867219081779018
500,0.05,390,0.94822,2.5584521259545596
500,0.05,391,0.93769,2.464896326402821
500,0.05,392,0.93198,2.418725771963583
500,0.05,393,0.9404,2.4888032804320135
500,0.05,394,0.94324,2.5133061311002884
500,0.05,395,0.94999,2.57971069340342
500,0.05,396,0.94376,2.5173517828968097
500,0.05,397,0.92656,2.3799710351696692
500,0.05,398,0.96182,2.716480877407111
500,0.05,399,0.94002,2.4853445560492355
500,0.05,400,0.94715,2.5493057149610205
500,0.05,401,0.94873,2.56362585269535
500,0.05,402,0.94275,2.508834724910871
500,0.05,403,0.94709,2.5487992765072844
500,0.05,404,0.94145,2.4974361761738404
500,0.05,405,0.95488,2.635599016519646
500,0.05,406,0.96067,2.7005578833833135
500,0.05,407,0.95818,2.6704656433272485
500,0.05,408,0.95469,2.632253324344481
500,0.05,409,0.95837,2.673598388180601
500,0.05,410,0.9561,2.6481283886191087
500,0.05,411,0.9547,2.6326191935967205
500,0.05,412,0.95756,2.663022403373036
500,0.05,413,0.9481,2.557200380852586
500,0.05,414,0.95411,2.625399785208484
500,0.05,415,0.94649,2.543103930983876
500,0.05,416,0.95595,2.6465827004817317
500,0.05,417,0.95945,2.686976967926247
500,0.05,418,0.93848,2.471796555527411
500,0.05,419,0.93764,2.4644572215687828
500,0.05,420,0.93288,2.4265842408748135
500,0.05,421,0.9537,2.620135117661963
500,0.05,422,0.95199,2.6008651911247593
500,0.05,423,0.94689,2.5473407365322815
500,0.05,424,0.96573,2.769222755604443
500,0.05,425,0.95389,2.6226472205184193
500,0.05,426,0.9666,2.78158285059475
500,0.05,427,0.95719,2.6588451850303585
500,0.05,428,0.95894,2.680813915889425
500,0.05,429,0.95419,2.6265284705956993
500,0.05,430,0.96272,2.7283298212711404
500,0.05,431,0.94735,2.5512218004470872
500,0.05,432,0.95809,2.6697643965346676
500,0.05,433,0.9451,2.529552173763607
500,0.05,434,0.95269,2.609070605568478
500,0.05,435,0.95192,2.6000486874434454
500,0.05,436,0.95556,2.6428536948945522
500,0.05,437,0.9333,2.4293265632521357
500,0.05,438,0.95488,2.6355911014825755
500,0.05,439,0.95045,2.5852992415988743
500,0.05,440,0.93702,2.459974520264739
500,0.05,441,0.96078,2.702288320667681
500,0.05,442,0.94901,2.5664998436118847
500,0.05,443,0.95365,2.6196983613722664
500,0.05,444,0.94562,2.5340462459223017
500,0.05,445,0.95389,2.622607841565593
500,0.05,446,0.94007,2.486077884943474
500,0.05,447,0.95332,2.615784225542715
500,0.05,448,0.95597,2.6468673229809503
500,0.05,449,0.94345,2.5150574176610903
500,0.05,450,0.94576,2.535939316405069
500,0.05,451,0.93159,2.415471439626008
500,0.05,452,0.95689,2.655424253253849
500,0.05,453,0.95418,2.6262752000203853
500,0.05,454,0.96249,2.724927438004441
500,0.05,455,0.95444,2.6287276037892178
500,0.05,456,0.95833,2.6724930162739833
500,0.05,457,0.94748,2.552266105259152
500,0.05,458,0.95574,2.644609965055814
500,0.05,459,0.92992,2.40378802118198
500,0.05,460,0.94844,2.5607364009845486
500,0.05,461,0.9521,2.60167672312854
500,0.05,462,0.93789,2.4663412256342676
500,0.05,463,0.95803,2.6694158180595426
500,0.05,464,0.94562,2.5340679420817356
500,0.05,465,0.96616,2.7749760639126784
500,0.05,466,0.96074,2.7012360745330057
500,0.05,467,0.96292,2.7305939155379173
500,0.05,468,0.95084,2.5893318385219035
500,0.05,469,0.95265,2.608282047230388
500,0.05,470,0.94998,2.579283334340175
500,0.05,471,0.92923,2.399365538533356
500,0.05,472,0.9482,2.558277508279949
500,0.05,473,0.95341,2.617047600744072
500,0.05,474,0.95962,2.68908756456086
500,0.05,475,0.95627,2.649565360701947
500,0.05,476,0.95776,2.6668396494678817
500,0.05,477,0.94349,2.5154219573274084
500,0.05,478,0.94813,2.5574893935537113
500,0.05,479,0.94153,2.4979102845149557
500,0.05,480,0.95832,2.6721143504605056
500,0.05,481,0.95245,2.6064519076127235
500,0.05,482,0.94203,2.5032424892065794
500,0.05,483,0.95981,2.6909639898890827
500,0.05,484,0.95781,2.6672187818970805
500,0.05,485,0.9497,2.576056286964407
500,0.05,486,0.95269,2.609059986008282
500,0.05,487,0.9638,2.742948977005174
500,0.05,488,0.9513,2.5931250746773564
500,0.05,489,0.94625,2.5410799911789947
500,0.05,490,0.94882,2.5647556926929127
500,0.05,491,0.93177,2.416845945767256
500,0.05,492,0.92964,2.4019886764010896
500,0.05,493,0.94835,2.559575836687112
500,0.05,494,0.95477,2.6337157740869594
500,0.05,495,0.9505,2.585935121918912
500,0.05,496,0.9357,2.4490474657031704
500,0.05,497,0.94934,2.5707093940958385
500,0.05,498,0.95418,2.626243417627147
500,0.05,499,0.94607,2.5392791915611355
500,0.05,500,0.94442,2.523173268274274
500,0.05,501,0.9592,2.6834221137736747
500,0.05,502,0.94905,2.5670991976872974
500,0.05,503,0.95133,2.593479232740404
500,0.05,504,0.93746,2.463306278151151
500,0.05,505,0.92911,2.3980231142019273
500,0.05,506,0.95659,2.6529150309719975
500,0.05,507,0.97185,2.8633604909085992
500,0.05,508,0.95484,2.6349712599074944
500,0.05,509,0.9541,2.624982111707331
500,0.05,510,0.96238,2.7235865443891036
500,0.05,511,0.95034,2.583832221428259
500,0.05,512,0.93406,2.435452615407481
500,0.05,513,0.92532,2.369599578333447
500,0.05,514,0.96927,2.8193026925260454
500,0.05,515,0.9455,2.5331653002747103
500,0.05,516,0.94899,2.5660921293147307
500,0.05,517,0.96182,2.7166252688472046
500,0.05,518,0.94868,2.5632309568547877
500,0.05,519,0.95495,2.6365298302461375
500,0.05,520,0.94917,2.5685626403022437
500,0.05,521,0.94669,2.5456370997180895
500,0.05,522,0.94161,2.498559683632414
500,0.05,523,0.94187,2.501800488879583
500,0.05,524,0.95236,2.604906550700714
500,0.05,525,0.94761,2.552830829367545
500,0.05,526,0.95702,2.6571903015345226
500,0.05,527,0.95268,2.608883070943183
500,0.05,528,0.93605,2.4521202945781537
500,0.05,529,0.95103,2.5913445212909823
500,0.05,530,0.94396,2.5192190070097866
500,0.05,531,0.94125,2.495625805815766
500,0.05,532,0.93816,2.468834345149202
500,0.05,533,0.95911,2.682798365711427
500,0.05,534,0.95183,2.5985528645833393
500,0.05,535,0.95035,2.5839353882067293
500,0.05,536,0.95539,2.641702265369409
500,0.05,537,0.93648,2.4549919643176272
500,0.05,538,0.95484,2.634865860412393
500,0.05,539,0.95689,2.6554136719113397
500,0.05,540,0.95952,2.6879113621692525
500,0.05,541,0.92832,2.3924406177304984
500,0.05,542,0.94391,2.518628195928482
500,0.05,543,0.95785,2.667548934050039
500,0.05,544,0.96991,2.830941928686556
500,0.05,545,0.94154,2.4980009888730788
500,0.05,546,0.94091,2.4933828714615376
500,0.05,547,0.95187,2.598899402421212
500,0.05,548,0.94604,2.539159282950279
500,0.05,549,0.94399,2.519305670834619
500,0.05,550,0.94393,2.518851774417437
500,0.05,551,0.94686,2.547003713241211
500,0.05,552,0.94121,2.495212055799776
500,0.05,553,0.95884,2.679642367269182
500,0.05,554,0.95359,2.618547507151132
500,0.05,555,0.95183,2.5985562602485484
500,0.05,556,0.95803,2.6694789523562665
500,0.05,557,0.9525,2.6067934352984476
500,0.05,558,0.95898,2.6810897095484156
500,0.05,559,0.94305,2.511433578947671
500,0.05,560,0.94907,2.567345914146926
500,0.05,561,0.94274,2.508736798320236
500,0.05,562,0.93496,2.4432746533916814
500,0.05,563,0.95528,2.6404288559961357
500,0.05,564,0.94771,2.553731742961828
500,0.05,565,0.95372,2.620539082257295
500,0.05,566,0.95773,2.665991716373342
500,0.05,567,0.96764,2.7947435307934327
500,0.05,568,0.96306,2.7324299851858473
500,0.05,569,0.95556,2.6428283094932103
500,0.05,570,0.96451,2.7537114882008105
500,0.05,571,0.94505,2.52930083914661
500,0.05,572,0.94349,2.515522519237112
500,0.05,573,0.95453,2.6299171154181917
500,0.05,574,0.93726,2.4614416240266364
500,0.05,575,0.96533,2.764176316673103
500,0.05,576,0.93498,2.443443123537934
500,0.05,577,0.94438,2.5226679844139346
500,0.05,578,0.94979,2.576946273327726
500,0.05,579,0.95595,2.646396399870392
500,0.05,580,0.96821,2.801950531175596
500,0.05,581,0.93576,2.4495969802310817
500,0.05,582,0.96503,2.760445948515692
500,0.05,583,0.94784,2.5552288748279963
500,0.05,584,0.94628,2.541297711104523
500,0.05,585,0.93933,2.4786937772198305
500,0.05,586,0.95107,2.5916500943068663
500,0.05,587,0.93265,2.4248462290845394
500,0.05,588,0.93281,2.4261789312108157
500,0.05,589,0.94349,2.5155598852479484
500,0.05,590,0.93931,2.4784486017818588
500,0.05,591,0.96334,2.7365623563551473
500,0.05,592,0.95631,2.6502743540274514
500,0.05,593,0.93868,2.4738524957893713
500,0.05,594,0.9517,2.5971454970097057
500,0.05,595,0.93801,2.467869267976746
500,0.05,596,0.965,2.7597395389491632
500,0.05,597,0.95304,2.6129758940850247
500,0.05,598,0.95292,2.611625073844981
500,0.05,599,0.95777,2.667098743668717
500,0.05,600,0.94529,2.530885109522467
500,0.05,601,0.9495,2.5726921052167193
500,0.05,602,0.96914,2.8179265623664222
500,0.05,603,0.94112,2.4945698458888947
500,0.05,604,0.95124,2.592662595136072
500,0.05,605,0.93757,2.464032271195148
500,0.05,606,0.95191,2.5998531481230573
500,0.05,607,0.95738,2.66099933152475
500,0.05,608,0.94829,2.558992475325306
500,0.05,609,0.94597,2.5385126019209485
500,0.05,610,0.93892,2.47578233531795
500,0.05,611,0.95429,2.6272965382849764
500,0.05,612,0.9443,2.5222364301082116
500,0.05,613,0.96424,2.7491260533355284
500,0.05,614,0.94914,2.5684040173273415
500,0.05,615,0.94323,2.513082400182082
500,0.05,616,0.94462,2.5254786979787647
500,0.05,617,0.94011,2.486281371351083
500,0.05,618,0.94892,2.565259743624501
500,0.05,619,0.95498,2.6370729774805466
500,0.05,620,0.92659,2.380049088246909
500,0.05,621,0.95803,2.6694081509400114
500,0.05,622,0.94399,2.519500057018128
500,0.05,623,0.95215,2.602414038885563
500,0.05,624,0.94001,2.4852563160959873
500,0.05,625,0.95668,2.65370648798335
500,0.05,626,0.94858,2.5627817720257875
500,0.05,627,0.93711,2.460571317394246
500,0.05,628,0.95535,2.641517463445056
500,0.05,629,0.96354,2.7390089060824963
500,0.05,630,0.96026,2.6945489698173204
500,0.05,631,0.94437,2.5226088330667196
500,0.05,632,0.94058,2.490163157621544
500,0.05,633,0.96816,2.8016115027051773
500,0.05,634,0.9524,2.605471135070011
500,0.05,635,0.95857,2.676498619299757
500,0.05,636,0.96655,2.780962559596391
500,0.05,637,0.94967,2.575438880836357
500,0.05,638,0.96792,2.799046631936177
500,0.05,639,0.95053,2.586343765309797
500,0.05,640,0.94714,2.5492444332050477
500,0.05,641,0.9244,2.3624096708587032
500,0.05,642,0.93779,2.465657994632424
500,0.05,643,0.96589,2.7713917992865955
500,0.05,644,0.96309,2.733117479712349
500,0.05,645,0.95372,2.6206006048574895
500,0.05,646,0.94473,2.526440198009038
500,0.05,647,0.95239,2.6053885443631635
500,0.05,648,0.94324,2.513505392456742
500,0.05,649,0.95834,2.6727837444720453
500,0.05,650,0.95202,2.60106970072479
500,0.05,651,0.93208,2.4196724727325236
500,0.05,652,0.95049,2.585701193520677
500,0.05,653,0.94086,2.493129733700905
500,0.05,654,0.97307,2.8830201598912346
500,0.05,655,0.94668,2.545585257561121
500,0.05,656,0.94781,2.5551235679207673
500,0.05,657,0.93461,2.440851423505366
500,0.05,658,0.96875,2.810907022706586
500,0.05,659,0.94989,2.578435470724831
500,0.05,660,0.94435,2.5224772949004435
500,0.05,661,0.94426,2.5217390778281743
500,0.05,662,0.95978,2.6904645815429156
500,0.05,663,0.95013,2.5816403138986157
500,0.05,664,0.95637,2.6508176491029367
500,0.05,665,0.95687,2.655022521775292
500,0.05,666,0.9576,2.6637637497288096
500,0.05,667,0.94247,2.506345052913785
500,0.05,668,0.9643,2.750061801780477
500,0.05,669,0.94969,2.575874752339679
500,0.05,670,0.9514,2.59389486950043
500,0.05,671,0.94301,2.510930599814637
500,0.05,672,0.95407,2.62444806388572
500,0.05,673,0.93771,2.465139195846432
500,0.05,674,0.9611,2.7063422310798835
500,0.05,675,0.95477,2.6338284418294506
500,0.05,676,0.94627,2.541196912334439
500,0.05,677,0.9497,2.576278344109472
500,0.05,678,0.95858,2.676767588631232
500,0.05,679,0.94677,2.5462730443004893
500,0.05,680,0.95847,2.6746062066828498
500,0.05,681,0.94296,2.5105259187739923
500,0.05,682,0.96382,2.7434385036240148
500,0.05,683,0.95049,2.5857327709392255
500,0.05,684,0.94893,2.565340977312881
500,0.05,685,0.96125,2.708267081703197
500,0.05,686,0.96212,2.720408860300624
500,0.05,687,0.96227,2.722539715349659
500,0.05,688,0.95531,2.6411551523233703
500,0.05,689,0.94983,2.577511040736512
500,0.05,690,0.96085,2.7030119239793446
500,0.05,691,0.94562,2.5340659922140825
500,0.05,692,0.96148,2.711825359772115
500,0.05,693,0.95837,2.6735880366526548
500,0.05,694,0.95833,2.672389265058834
500,0.05,695,0.9342,2.4368552035549187
500,0.05,696,0.96914,2.817817325799353
500,0.05,697,0.95006,2.5805825258554638
500,0.05,698,0.95502,2.6378986247668506
500,0.05,699,0.95562,2.6432279168837773
500,0.05,700,0.96481,2.7574068876307
500,0.05,701,0.95301,2.6125741621866223
500,0.05,702,0.93453,2.440281690141724
500,0.05,703,0.94852,2.562081434886235
500,0.05,704,0.9481,2.557333800217422
500,0.05,705,0.92615,2.3776261290428495
500,0.05,706,0.9569,2.6555993482427778
500,0.05,707,0.96544,2.765452417280928
500,0.05,708,0.95591,2.6458207204535102
500,0.05,709,0.95718,2.658720312986013
500,0.05,710,0.96237,2.7234953797445436
500,0.05,711,0.95983,2.691188420066762
500,0.05,712,0.95922,2.68381023454877
500,0.05,713,0.94113,2.4947221277727794
500,0.05,714,0.95173,2.597360678635531
500,0.05,715,0.9439,2.518232785535991
500,0.05,716,0.94801,2.556538094477116
500,0.05,717,0.94898,2.565893784586488
500,0.05,718,0.96901,2.815205104881508
500,0.05,719,0.94301,2.510935657789312
500,0.05,720,0.96123,2.7080770234273834
500,0.05,721,0.94225,2.504783971191466
500,0.05,722,0.94791,2.5558928805678605
500,0.05,723,0.9433,2.51432411573556
500,0.05,724,0.95431,2.627612458666043
500,0.05,725,0.96058,2.6991808618668154
500,0.05,726,0.95513,2.639157258846936
500,0.05,727,0.95892,2.6805306135934845
500,0.05,728,0.95763,2.664275142336922
500,0.05,729,0.94705,2.548442080436092
500,0.05,730,0.95013,2.581474273585615
500,0.05,731,0.94237,2.5057060294686226
500,0.05,732,0.96226,2.7224430064236507
500,0.05,733,0.9562,2.6487515318633186
500,0.05,734,0.93088,2.4108697500381746
500,0.05,735,0.94308,2.5116840777745137
500,0.05,736,0.95666,2.6534900079674983
500,0.05,737,0.95249,2.606727959943386
500,0.05,738,0.96071,2.700799482467689
500,0.05,739,0.94668,2.5456013306811864
500,0.05,740,0.94579,2.5366022623979685
500,0.05,741,0.95757,2.6631127894430557
500,0.05,742,0.96038,2.6971411669726777
500,0.05,743,0.94478,2.527045274341119
500,0.05,744,0.95447,2.62898904484483
500,0.05,745,0.96045,2.69752364223811
500,0.05,746,0.95946,2.687051328039655
500,0.05,747,0.95666,2.653424551789041
500,0.05,748,0.96034,2.696498260092935
500,0.05,749,0.97319,2.8853192169395268
500,0.05,750,0.95597,2.6469186567793894
500,0.05,751,0.95048,2.585648738295
500,0.05,752,0.94909,2.567631961451741
500,0.05,753,0.94352,2.5157910313182237
500,0.05,754,0.96752,2.793323174364308
500,0.05,755,0.9606,2.6996408268116916
500,0.05,756,0.95148,2.5951805998206066
500,0.05,757,0.93742,2.462758849055379
500,0.05,758,0.95193,2.600125374847605
500,0.05,759,0.9522,2.6031155238801658
500,0.05,760,0.94587,2.5377879294545593
500,0.05,761,0.96387,2.744183036627355
500,0.05,762,0.94834,2.5595586824449863
500,0.05,763,0.96059,2.6996101898918483
500,0.05,764,0.95449,2.629225928889986
500,0.05,765,0.94776,2.5542392323025336
500,0.05,766,0.94918,2.568573301542685
500,0.05,767,0.94724,2.5503025986470127
500,0.05,768,0.94862,2.5629837781188467
500,0.05,769,0.95283,2.610640098797683
500,0.05,770,0.95593,2.646044378742035
500,0.05,771,0.93563,2.4483072799790753
500,0.05,772,0.95277,2.60971048860632
500,0.05,773,0.94531,2.531244327228074
500,0.05,774,0.96325,2.735033974874741
500,0.05,775,0.95889,2.680200894323216
500,0.05,776,0.94682,2.546762751440926
500,0.05,777,0.95326,2.6150209913975915
500,0.05,778,0.93926,2.477832819201341
500,0.05,779,0.92247,2.348004513831482
500,0.05,780,0.93574,2.4492600836080904
500,0.05,781,0.95418,2.626204737381407
500,0.05,782,0.95265,2.6082649622349723
500,0.05,783,0.94988,2.5783180438096878
500,0.05,784,0.94918,2.5685795141176198
500,0.05,785,0.95338,2.6167694904511904
500,0.05,786,0.95927,2.68421956862684
500,0.05,787,0.94022,2.487562528692561
500,0.05,788,0.9507,2.5880053484955745
500,0.05,789,0.94224,2.504561245648211
500,0.05,790,0.95627,2.649463256105088
500,0.05,791,0.93526,2.4458660598100916
500,0.05,792,0.92943,2.4006642575117763
500,0.05,793,0.95789,2.6679691094853437
500,0.05,794,0.9521,2.6016921129098063
500,0.05,795,0.94649,2.5430135253709922
500,0.05,796,0.94472,2.5263808500030747
500,0.05,797,0.94586,2.537639785226151
500,0.05,798,0.95546,2.6419311949686897
500,0.05,799,0.96032,2.6956803731632215
500,0.05,800,0.94187,2.501589852734224
500,0.05,801,0.95914,2.682982149689294
500,0.05,802,0.95301,2.612584108546585
500,0.05,803,0.94318,2.512115038856633
500,0.05,804,0.95195,2.6004525634768743
500,0.05,805,0.95449,2.6292717057672492
500,0.05,806,0.93973,2.48263610286274
500,0.05,807,0.9449,2.5279376420159343
500,0.05,808,0.94974,2.576465855601833
500,0.05,809,0.94669,2.5456303927317077
500,0.05,810,0.92752,2.386594014683153
500,0.05,811,0.94066,2.491289712755015
500,0.05,812,0.96076,2.701999752043439
500,0.05,813,0.93521,2.44538251041201
500,0.05,814,0.96357,2.7391948050564547
500,0.05,815,0.92597,2.376027871313319
500,0.05,816,0.96417,2.747748847317598
500,0.05,817,0.94845,2.56089344644456
500,0.05,818,0.95137,2.5937954264117695
500,0.05,819,0.94401,2.5195486183673905
500,0.05,820,0.93731,2.4617101000244226
500,0.05,821,0.93909,2.476817806571521
500,0.05,822,0.95646,2.6517190934123462
500,0.05,823,0.95567,2.643389172544702
500,0.05,824,0.96174,2.714974262339252
500,0.05,825,0.9394,2.4791655820714618
500,0.05,826,0.94988,2.5783645244425215
500,0.05,827,0.93642,2.454791217704871
500,0.05,828,0.9455,2.533170870035872
500,0.05,829,0.95018,2.5822212553262545
500,0.05,830,0.94846,2.5612005241513733
500,0.05,831,0.95309,2.6133684007523565
500,0.05,832,0.95494,2.6362137688213547
500,0.05,833,0.9532,2.6142409636566555
500,0.05,834,0.96085,2.7029306023204773
500,0.05,835,0.94725,2.5504348295363943
500,0.05,836,0.95293,2.611857548145976
500,0.05,837,0.95582,2.644845972318961
500,0.05,838,0.94993,2.578730528581224
500,0.05,839,0.95219,2.6029145331893955
500,0.05,840,0.93935,2.478886644099357
500,0.05,841,0.95337,2.616731290581228
500,0.05,842,0.93397,2.4345047848053634
500,0.05,843,0.96188,2.71758450877889
500,0.05,844,0.94519,2.5301665404761033
500,0.05,845,0.95007,2.5813042726313644
500,0.05,846,0.94657,2.543971332267136
500,0.05,847,0.95594,2.6462178151921805
500,0.05,848,0.9569,2.65550119932419
500,0.05,849,0.94015,2.4867186346349692
500,0.05,850,0.94871,2.563329805216595
500,0.05,851,0.94776,2.554254085027851
500,0.05,852,0.93849,2.4718749669893936
500,0.05,853,0.94965,2.574814388840513
500,0.05,854,0.94925,2.5696034056184196
500,0.05,855,0.9598,2.6906355591355333
500,0.05,856,0.95241,2.6058062485391944
500,0.05,857,0.93057,2.4086228396179354
500,0.05,858,0.93209,2.420001302908195
500,0.05,859,0.95136,2.5936813787613793
500,0.05,860,0.93657,2.4557367010263897
500,0.05,861,0.95231,2.6042769296788553
500,0.05,862,0.94822,2.5584460540823004
500,0.05,863,0.9606,2.699659587574328
500,0.05,864,0.94791,2.555724371295057
500,0.05,865,0.9322,2.4208011852413858
500,0.05,866,0.95837,2.6736369487126845
500,0.05,867,0.95674,2.654269368579645
500,0.05,868,0.95173,2.597262525413469
500,0.05,869,0.93725,2.461213185738331
500,0.05,870,0.95286,2.6108700582641764
500,0.05,871,0.95848,2.6749255719674423
500,0.05,872,0.95803,2.6694867304772343
500,0.05,873,0.95341,2.6170134851663804
500,0.05,874,0.94642,2.5423224238836384
500,0.05,875,0.9562,2.6488463082025744
500,0.05,876,0.96265,2.7266912348110797
500,0.05,877,0.95137,2.59377694882076
500,0.05,878,0.94663,2.544744364085841
500,0.05,879,0.95245,2.6064706223396965
500,0.05,880,0.95958,2.6886256517039855
500,0.05,881,0.93732,2.4618762495233346
500,0.05,882,0.95971,2.690075030618664
500,0.05,883,0.94898,2.5658511709822713
500,0.05,884,0.94099,2.493918515634827
500,0.05,885,0.94442,2.523177803923055
500,0.05,886,0.94481,2.527469741559078
500,0.05,887,0.9497,2.576081915269107
500,0.05,888,0.96673,2.7833580596919267
500,0.05,889,0.93981,2.483564592956217
500,0.05,890,0.94289,2.5100543171874694
500,0.05,891,0.94831,2.559249329206007
500,0.05,892,0.9525,2.60688628582888
500,0.05,893,0.96033,2.6963445911297925
500,0.05,894,0.95481,2.6346868478217056
500,0.05,895,0.94826,2.558732746194125
500,0.05,896,0.9278,2.389061716636124
500,0.05,897,0.93521,2.4455095911321436
500,0.05,898,0.96226,2.722322559264562
500,0.05,899,0.96033,2.6959533695731843
500,0.05,900,0.95366,2.6198274585320696
500,0.05,901,0.95323,2.6146069764092204
500,0.05,902,0.94846,2.5615114142971693
500,0.05,903,0.94388,2.5182028757395134
500,0.05,904,0.95036,2.5840731957672016
500,0.05,905,0.96891,2.812872234214219
500,0.05,906,0.95102,2.5910890733902012
500,0.05,907,0.94651,2.5433013666445534
500,0.05,908,0.9433,2.514365311361817
500,0.05,909,0.95183,2.598396771887928
500,0.05,910,0.93771,2.465157812893665
500,0.05,911,0.94329,2.514226069360182
500,0.05,912,0.96892,2.8130340078878837
500,0.05,913,0.95419,2.6263272369967727
500,0.05,914,0.94391,2.5183908320198922
500,0.05,915,0.94988,2.5782780616505634
500,0.05,916,0.95848,2.6747565470195918
500,0.05,917,0.95834,2.672720148306578
500,0.05,918,0.93492,2.443086846915296
500,0.05,919,0.93387,2.4337981897244725
500,0.05,920,0.94895,2.565578096703429
500,0.05,921,0.94657,2.5439519896465153
500,0.05,922,0.93574,2.449338927578069
500,0.05,923,0.95036,2.5840747023507613
500,0.05,924,0.9527,2.60914227120362
500,0.05,925,0.94318,2.5121549935981333
500,0.05,926,0.94776,2.5542950226395322
500,0.05,927,0.95455,2.6308402319793895
500,0.05,928,0.94198,2.50262391988662
500,0.05,929,0.94733,2.5509385482353704
500,0.05,930,0.95869,2.677664375763614
500,0.05,931,0.94324,2.5135434645526074
500,0.05,932,0.94513,2.52996589179992
500,0.05,933,0.967,2.786701204862643
500,0.05,934,0.94195,2.5024490326017754
500,0.05,935,0.95938,2.6859852037228187
500,0.05,936,0.96238,2.723637832760126
500,0.05,937,0.96037,2.69706941896769
500,0.05,938,0.93976,2.482979354819738
500,0.05,939,0.93804,2.468136262867837
500,0.05,940,0.95215,2.6023152682292867
500,0.05,941,0.94771,2.5539787023999816
500,0.05,942,0.94841,2.560604061991844
500,0.05,943,0.96452,2.753881207722564
500,0.05,944,0.95168,2.596657726695976
500,0.05,945,0.95263,2.608143990780383
500,0.05,946,0.94988,2.578205872012043
500,0.05,947,0.9473,2.550702790904273
500,0.05,948,0.9407,2.4915181809039106
500,0.05,949,0.93154,2.4150114274440764
500,0.05,950,0.94705,2.5483699928738943
500,0.05,951,0.94785,2.555281454219864
500,0.05,952,0.92668,2.380654120838516
500,0.05,953,0.93474,2.4417234919236193
500,0.05,954,0.96309,2.733178087112251
500,0.05,955,0.95046,2.5855412579376513
500,0.05,956,0.9591,2.6826189009683294
500,0.05,957,0.95448,2.6291460474893174
500,0.05,958,0.9333,2.429272633695441
500,0.05,959,0.9425,2.5067438765215004
500,0.05,960,0.95863,2.6770618903173093
500,0.05,961,0.94652,2.5434593816857904
500,0.05,962,0.92255,2.3485801344335204
500,0.05,963,0.94619,2.540008233284688
500,0.05,964,0.93423,2.4372431200251476
500,0.05,965,0.94888,2.565160788785949
500,0.05,966,0.94578,2.5365480809708023
500,0.05,967,0.94852,2.562139698482268
500,0.05,968,0.93137,2.413924955954133
500,0.05,969,0.94504,2.5287575695595677
500,0.05,970,0.91631,2.3052379643984877
500,0.05,971,0.96147,2.7116284629800043
500,0.05,972,0.96911,2.816601920886776
500,0.05,973,0.96639,2.777942115910788
500,0.05,974,0.95532,2.641370970981887
500,0.05,975,0.95431,2.6278001579554626
500,0.05,976,0.94175,2.500567046762077
500,0.05,977,0.94017,2.4872271769269085
500,0.05,978,0.9569,2.655545164094778
500,0.05,979,0.94427,2.5217427215194883
500,0.05,980,0.94618,2.5399533418726725
500,0.05,981,0.94351,2.515754003118034
500,0.05,982,0.95188,2.599129989600126
500,0.05,983,0.93813,2.468681034062227
500,0.05,984,0.96269,2.7275198405205305
500,0.05,985,0.95085,2.5896757752171045
500,0.05,986,0.94963,2.5743491551356787
500,0.05,987,0.94075,2.492196404965683
500,0.05,988,0.94123,2.495503774614622
500,0.05,989,0.96786,2.7982920035012393
500,0.05,990,0.94935,2.5708115058862733
500,0.05,991,0.95254,2.607389827378244
500,0.05,992,0.94221,2.5044384160435857
500,0.05,993,0.95392,2.623101046843038
500,0.05,994,0.94918,2.5687193014280565
500,0.05,995,0.9574,2.661231522331528
500,0.05,996,0.95014,2.581864074979467
500,0.05,997,0.95938,2.686050834411147
500,0.05,998,0.9497,2.5762309224275426
500,0.05,999,0.93864,2.473241059295429
500,0.1,0,0.89432,2.1649195432890824
500,0.1,1,0.88175,2.0949057350614093
500,0.1,2,0.92478,2.364815739087294
500,0.1,3,0.90546,2.232960066250436
500,0.1,4,0.89855,2.190761153557555
500,0.1,5,0.91233,2.2803260613352303
500,0.1,6,0.90282,2.2178166652227476
500,0.1,7,0.90809,2.2499129145927323
500,0.1,8,0.908,2.2493718941051988
500,0.1,9,0.88915,2.135286654264635
500,0.1,10,0.91477,2.2963712780505414
500,0.1,11,0.90237,2.213952832034487
500,0.1,12,0.90977,2.261127613163101
500,0.1,13,0.8984,2.1895911108543933
500,0.1,14,0.8863,2.119009455477391
500,0.1,15,0.90809,2.2499511190968264
500,0.1,16,0.91768,2.314744293062989
500,0.1,17,0.87833,2.0761342459968146
500,0.1,18,0.89088,2.1455404257065274
500,0.1,19,0.89506,2.168951344216486
500,0.1,20,0.8984,2.189579317636155
500,0.1,21,0.91208,2.27812576469099
500,0.1,22,0.91445,2.2935543240002945
500,0.1,23,0.90462,2.2279042950134054
500,0.1,24,0.9099,2.2623057963826154
500,0.1,25,0.86563,2.0119047157606764
500,0.1,26,0.89248,2.1544502757288906
500,0.1,27,0.88525,2.113362393818137
500,0.1,28,0.89718,2.181588492925352
500,0.1,29,0.89662,2.1775798087384466
500,0.1,30,0.89986,2.1993840698162543
500,0.1,31,0.88396,2.1061157478751316
500,0.1,32,0.8992,2.1954775542812004
500,0.1,33,0.90644,2.2391418016976274
500,0.1,34,0.90395,2.224421192182122
500,0.1,35,0.89165,2.1495320544471914
500,0.1,36,0.91607,2.3035900455095355
500,0.1,37,0.888,2.128286526727613
500,0.1,38,0.89206,2.1518703452144488
500,0.1,39,0.92335,2.3545697163445247
500,0.1,40,0.90613,2.237585005625326
500,0.1,41,0.89203,2.151678992224174
500,0.1,42,0.91533,2.299512001309332
500,0.1,43,0.91608,2.3037662786086996
500,0.1,44,0.89315,2.1579158003036323
500,0.1,45,0.92531,2.3694689544226555
500,0.1,46,0.90559,2.2342268670825374
500,0.1,47,0.89677,2.178635164041173
500,0.1,48,0.9207,2.335910386483933
500,0.1,49,0.89097,2.14595709911982
500,0.1,50,0.90363,2.222757275393295
500,0.1,51,0.87534,2.061070556700057
500,0.1,52,0.89987,2.1994652115293376
500,0.1,53,0.89462,2.1666323369554585
500,0.1,54,0.90954,2.2594255602098845
500,0.1,55,0.90827,2.251715068873294
500,0.1,56,0.90674,2.241135979901845
500,0.1,57,0.90348,2.2217667998899198
500,0.1,58,0.89347,2.159847228727539
500,0.1,59,0.88945,2.1372774105759174
500,0.1,60,0.91183,2.276348806484537
500,0.1,61,0.91029,2.26492749560631
500,0.1,62,0.90884,2.25499127345533
500,0.1,63,0.90774,2.2475927868150203
500,0.1,64,0.90486,2.2290309134760724
500,0.1,65,0.89782,2.1864693180794044
500,0.1,66,0.90631,2.2386763486021146
500,0.1,67,0.89901,2.1942694822982367
500,0.1,68,0.88066,2.088730477112822
500,0.1,69,0.90923,2.2574490107506278
500,0.1,70,0.8756,2.0623708782878336
500,0.1,71,0.90234,2.2136329965306567
500,0.1,72,0.88486,2.111036911716913
500,0.1,73,0.91068,2.268547750883627
500,0.1,74,0.89529,2.1707692788142063
500,0.1,75,0.91521,2.2989002515436723
500,0.1,76,0.9112,2.272142643877097
500,0.1,77,0.8924,2.153922874345296
500,0.1,78,0.8867,2.1212421163392783
500,0.1,79,0.91233,2.2801886296223106
500,0.1,80,0.90694,2.2418406442019054
500,0.1,81,0.89553,2.171991754749191
500,0.1,82,0.89809,2.1877448441860663
500,0.1,83,0.91529,2.299347426322875
500,0.1,84,0.89194,2.151178814236328
500,0.1,85,0.91908,2.3230658476101382
500,0.1,86,0.89401,2.163115189234163
500,0.1,87,0.89252,2.154693512832563
500,0.1,88,0.89364,2.1610916046774427
500,0.1,89,0.91208,2.2780636700690104
500,0.1,90,0.89002,2.1401896602156576
500,0.1,91,0.89065,2.1442024931465804
500,0.1,92,0.89363,2.161022729405583
500,0.1,93,0.89942,2.1967318808071665
500,0.1,94,0.91591,2.3028777489009498
500,0.1,95,0.90682,2.2414414361014665
500,0.1,96,0.91447,2.2936389305379628
500,0.1,97,0.92924,2.399474276451796
500,0.1,98,0.89251,2.1546109527989428
500,0.1,99,0.90015,2.2009444107639276
500,0.1,100,0.88226,2.0972209158180752
500,0.1,101,0.89403,2.163189836155311
500,0.1,102,0.89056,2.1437010932022917
500,0.1,103,0.91104,2.27100101214816
500,0.1,104,0.88093,2.0902483852519147
500,0.1,105,0.90124,2.2071620721048526
500,0.1,106,0.90039,2.2023754252660463
500,0.1,107,0.91902,2.322529995289866
500,0.1,108,0.90195,2.211113015088596
500,0.1,109,0.8926,2.155099645212087
500,0.1,110,0.92008,2.3311202454100677
500,0.1,111,0.89518,2.1701002369549
500,0.1,112,0.89699,2.180368616800968
500,0.1,113,0.90318,2.2199129679990732
500,0.1,114,0.8967,2.1781128864232295
500,0.1,115,0.88658,2.1207117714877253
500,0.1,116,0.89265,2.155349090432014
500,0.1,117,0.91195,2.277115548480526
500,0.1,118,0.91184,2.2764476497327335
500,0.1,119,0.89488,2.1680792146544343
500,0.1,120,0.90345,2.2214387270772202
500,0.1,121,0.89865,2.1911435873170837
500,0.1,122,0.91046,2.2661335416808743
500,0.1,123,0.88197,2.095778686522107
500,0.1,124,0.91221,2.279171347944566
500,0.1,125,0.8846,2.1095113288136984
500,0.1,126,0.90318,2.2198438638330913
500,0.1,127,0.9076,2.246839131022882
500,0.1,128,0.90253,2.214985736049073
500,0.1,129,0.901,2.205955324707255
500,0.1,130,0.88242,2.0979619314232014
500,0.1,131,0.89496,2.168507157443382
500,0.1,132,0.91068,2.268456096534046
500,0.1,133,0.91199,2.2774287716399924
500,0.1,134,0.89631,2.1762825504947902
500,0.1,135,0.89593,2.173903335865342
500,0.1,136,0.90264,2.216305758754496
500,0.1,137,0.90338,2.221038236170493
500,0.1,138,0.90146,2.208485668034781
500,0.1,139,0.90657,2.240321384556308
500,0.1,140,0.92022,2.3323582871791504
500,0.1,141,0.89257,2.1550024451002923
500,0.1,142,0.89744,2.183661252371103
500,0.1,143,0.86348,2.002005503208128
500,0.1,144,0.91802,2.3164214806528856
500,0.1,145,0.88771,2.1266552748371534
500,0.1,146,0.8701,2.0328770291379548
500,0.1,147,0.85414,1.9595883273049624
500,0.1,148,0.87696,2.068903997909136
500,0.1,149,0.90358,2.2222663003338186
500,0.1,150,0.90092,2.205323202456343
500,0.1,151,0.90519,2.2309281180182103
500,0.1,152,0.92396,2.3591344125685367
500,0.1,153,0.893,2.1572814167346155
500,0.1,154,0.8888,2.1329233949150646
500,0.1,155,0.90129,2.207412065921232
500,0.1,156,0.89896,2.1937966070348627
500,0.1,157,0.8901,2.1408855298614626
500,0.1,158,0.88548,2.114347241310629
500,0.1,159,0.91375,2.2889668062891158
500,0.1,160,0.93791,2.4665828729248127
500,0.1,161,0.91028,2.264877931106229
500,0.1,162,0.90216,2.212604733688089
500,0.1,163,0.874,2.053990296102669
500,0.1,164,0.9057,2.235282830099506
500,0.1,165,0.90786,2.248217153830125
500,0.1,166,0.89773,2.1857238229277156
500,0.1,167,0.89723,2.1819057528673342
500,0.1,168,0.90431,2.2264808144478483
500,0.1,169,0.90793,2.2486444367355247
500,0.1,170,0.8937,2.161393205077738
500,0.1,171,0.91425,2.2923193588052184
500,0.1,172,0.91975,2.327431036963872
500,0.1,173,0.90646,2.2393748219500185
500,0.1,174,0.91451,2.2940930598482225
500,0.1,175,0.90268,2.216589573448394
500,0.1,176,0.9008,2.204709889013976
500,0.1,177,0.90385,2.223857650754414
500,0.1,178,0.88065,2.088595585345617
500,0.1,179,0.89154,2.1486656653374614
500,0.1,180,0.89312,2.15772917289992
500,0.1,181,0.91043,2.265704986369708
500,0.1,182,0.91691,2.309745203048796
500,0.1,183,0.9088,2.2545837933332282
500,0.1,184,0.90178,2.21035321533717
500,0.1,185,0.88195,2.0955876433186877
500,0.1,186,0.90016,2.2011343315098983
500,0.1,187,0.89176,2.150023538904611
500,0.1,188,0.9026,2.2160814162301445
500,0.1,189,0.90021,2.2014994379207478
500,0.1,190,0.89038,2.1427022400622313
500,0.1,191,0.89902,2.194319311443756
500,0.1,192,0.91526,2.2992254011288105
500,0.1,193,0.90092,2.205353855881573
500,0.1,194,0.89903,2.194464900927489
500,0.1,195,0.92538,2.3704979818632044
500,0.1,196,0.91349,2.2876463671663845
500,0.1,197,0.90151,2.2087286184246167
500,0.1,198,0.91995,2.3297388170016626
500,0.1,199,0.91971,2.3272532362887164
500,0.1,200,0.90989,2.262038959687001
500,0.1,201,0.92396,2.3591206931899538
500,0.1,202,0.92396,2.358972075968303
500,0.1,203,0.90221,2.212826447477304
500,0.1,204,0.89943,2.1970193795279975
500,0.1,205,0.91064,2.2678985370774143
500,0.1,206,0.9112,2.2721482925747036
500,0.1,207,0.89151,2.1485576738871974
500,0.1,208,0.89891,2.193114901505807
500,0.1,209,0.90192,2.210956440315381
500,0.1,210,0.88892,2.133754035428671
500,0.1,211,0.90258,2.2155950620100766
500,0.1,212,0.90745,2.2456468660990225
500,0.1,213,0.92027,2.3329214108445777
500,0.1,214,0.90721,2.2436375922185676
500,0.1,215,0.85243,1.951195063189851
500,0.1,216,0.90712,2.243090792336444
500,0.1,217,0.87992,2.084068163393559
500,0.1,218,0.88189,2.095346443927645
500,0.1,219,0.89463,2.1666385271225197
500,0.1,220,0.89605,2.174610272701032
500,0.1,221,0.89011,2.140949703505388
500,0.1,222,0.91017,2.2642135222612136
500,0.1,223,0.89137,2.147870822509593
500,0.1,224,0.92052,2.3349780603904975
500,0.1,225,0.89682,2.179086171037305
500,0.1,226,0.89898,2.1941349368958996
500,0.1,227,0.91325,2.286093281310438
500,0.1,228,0.89098,2.1459814755439743
500,0.1,229,0.88742,2.125051868097845
500,0.1,230,0.88488,2.1111693932530846
500,0.1,231,0.87666,2.0677345183629248
500,0.1,232,0.92018,2.3318706272916514
500,0.1,233,0.85609,1.9686778507787075
500,0.1,234,0.88857,2.1318046856371127
500,0.1,235,0.9048,2.2286415943424083
500,0.1,236,0.90837,2.2523876289762628
500,0.1,237,0.9065,2.2398913747668248
500,0.1,238,0.89814,2.187917102929598
500,0.1,239,0.89389,2.162373814339784
500,0.1,240,0.87546,2.061744423554492
500,0.1,241,0.89444,2.165456964570394
500,0.1,242,0.90557,2.2339286650096857
500,0.1,243,0.92051,2.334823121124943
500,0.1,244,0.89417,2.164020349772812
500,0.1,245,0.91196,2.277320786975107
500,0.1,246,0.90978,2.2611997084140327
500,0.1,247,0.90141,2.208139924579254
500,0.1,248,0.88441,2.108090830540177
500,0.1,249,0.90939,2.2584247103864037
500,0.1,250,0.88854,2.131574080457801
500,0.1,251,0.8827,2.0994303579876425
500,0.1,252,0.87661,2.0675277494503304
500,0.1,253,0.91166,2.274917198730511
500,0.1,254,0.91765,2.3145423222950825
500,0.1,255,0.89577,2.1731165754250235
500,0.1,256,0.91636,2.3056208096365975
500,0.1,257,0.89892,2.1933043964542294
500,0.1,258,0.90749,2.2460266178660855
500,0.1,259,0.88061,2.088453242626816
500,0.1,260,0.89892,2.19336026397983
500,0.1,261,0.90556,2.2338482854235364
500,0.1,262,0.90539,2.2324818963551034
500,0.1,263,0.88167,2.094304970334391
500,0.1,264,0.88458,2.1094561367474394
500,0.1,265,0.90957,2.260171532901278
500,0.1,266,0.91739,2.31305160009487
500,0.1,267,0.89225,2.1529048340771544
500,0.1,268,0.90227,2.2132378901685046
500,0.1,269,0.9026,2.216032882793315
500,0.1,270,0.91657,2.306888570598463
500,0.1,271,0.89261,2.1552196815077025
500,0.1,272,0.88711,2.1234075091821563
500,0.1,273,0.90314,2.21963886876071
500,0.1,274,0.89751,2.184005143863863
500,0.1,275,0.90693,2.2416938768714028
500,0.1,276,0.89756,2.1842341969134913
500,0.1,277,0.89037,2.142530722467625
500,0.1,278,0.89524,2.1704477347881737
500,0.1,279,0.89507,2.1690420726912563
500,0.1,280,0.87993,2.084096070877341
500,0.1,281,0.90018,2.2012605001452243
500,0.1,282,0.89713,2.181318696850058
500,0.1,283,0.88065,2.0886426243544705
500,0.1,284,0.8993,2.196416143117006
500,0.1,285,0.89593,2.173820165261258
500,0.1,286,0.92575,2.3742145714739293
500,0.1,287,0.90253,2.2148974968462354
500,0.1,288,0.89709,2.1809940920592736
500,0.1,289,0.86729,2.0200085255781803
500,0.1,290,0.89182,2.150404424100496
500,0.1,291,0.88667,2.121164449552142
500,0.1,292,0.8924,2.1538917011370238
500,0.1,293,0.89001,2.140123378143848
500,0.1,294,0.90594,2.236796249688291
500,0.1,295,0.8962,2.17551998302381
500,0.1,296,0.88321,2.102021630707217
500,0.1,297,0.92807,2.390505201161125
500,0.1,298,0.90688,2.2416322408155316
500,0.1,299,0.90325,2.2203738013139542
500,0.1,300,0.9111,2.271586665108817
500,0.1,301,0.89171,2.1496596381218067
500,0.1,302,0.90994,2.2624790476030965
500,0.1,303,0.87993,2.0841365805021392
500,0.1,304,0.90266,2.2163493274491377
500,0.1,305,0.91072,2.2690645011837116
500,0.1,306,0.89546,2.171601772954051
500,0.1,307,0.91058,2.267059042757709
500,0.1,308,0.89865,2.191211282870155
500,0.1,309,0.87324,2.049549140213351
500,0.1,310,0.88675,2.121644029882565
500,0.1,311,0.90797,2.2490609567009368
500,0.1,312,0.92491,2.365758046946246
500,0.1,313,0.90215,2.21254930799158
500,0.1,314,0.89693,2.1798860200211867
500,0.1,315,0.8962,2.1753575048058718
500,0.1,316,0.91974,2.3273998102097253
500,0.1,317,0.90561,2.2345191671530777
500,0.1,318,0.85696,1.9726226905599247
500,0.1,319,0.89835,2.1893089091620523
500,0.1,320,0.86665,2.016621995644896
500,0.1,321,0.91296,2.2843854046527134
500,0.1,322,0.8825,2.098277344198996
500,0.1,323,0.88587,2.1166110935481073
500,0.1,324,0.90803,2.249634060933865
500,0.1,325,0.92858,2.3943415794874667
500,0.1,326,0.91233,2.280328511941516
500,0.1,327,0.89741,2.1834471389684222
500,0.1,328,0.90202,2.211643593587593
500,0.1,329,0.89033,2.142388977191679
500,0.1,330,0.88405,2.106592923056412
500,0.1,331,0.92172,2.3421467621218346
500,0.1,332,0.90556,2.2336447460439195
500,0.1,333,0.88652,2.1203759209007544
500,0.1,334,0.90509,2.2301103423140702
500,0.1,335,0.85938,1.9840482245924984
500,0.1,336,0.91703,2.3108204023824452
500,0.1,337,0.87097,2.037488292149619
500,0.1,338,0.89955,2.1978155622054447
500,0.1,339,0.89146,2.1482339544051605
500,0.1,340,0.91065,2.26816240545212
500,0.1,341,0.90662,2.240559798834509
500,0.1,342,0.914,2.290744285973076
500,0.1,343,0.92194,2.3438850795198523
500,0.1,344,0.8786,2.077107890112099
500,0.1,345,0.91136,2.2731438465283618
500,0.1,346,0.86893,2.0282554118559153
500,0.1,347,0.88396,2.1061755059525016
500,0.1,348,0.8847,2.1099166387406982
500,0.1,349,0.91067,2.268269083002335
500,0.1,350,0.87798,2.0743812550610707
500,0.1,351,0.88391,2.1059911993361746
500,0.1,352,0.90915,2.2567794511527355
500,0.1,353,0.91139,2.273505477325859
500,0.1,354,0.92035,2.333123861008133
500,0.1,355,0.91051,2.266421809392814
500,0.1,356,0.91553,2.3006259976023413
500,0.1,357,0.91395,2.2903636222263284
500,0.1,358,0.87654,2.0670872135786427
500,0.1,359,0.89379,2.161868780116667
500,0.1,360,0.91991,2.328760376797119
500,0.1,361,0.89154,2.148652032632175
500,0.1,362,0.89229,2.153046167951392
500,0.1,363,0.90573,2.2356070956612513
500,0.1,364,0.89793,2.1870221651623347
500,0.1,365,0.91655,2.306755193710617
500,0.1,366,0.90999,2.2630652040745516
500,0.1,367,0.88082,2.089580169217699
500,0.1,368,0.90098,2.2054699995705604
500,0.1,369,0.88723,2.123908007559247
500,0.1,370,0.90279,2.2175712641209415
500,0.1,371,0.92071,2.335938114248901
500,0.1,372,0.88733,2.124519837272323
500,0.1,373,0.90138,2.2077560377335823
500,0.1,374,0.90394,2.224248517824329
500,0.1,375,0.874,2.0538275917524724
500,0.1,376,0.92314,2.352829502055688
500,0.1,377,0.90269,2.2167814127644734
500,0.1,378,0.90521,2.231055499582053
500,0.1,379,0.89305,2.157422388770601
500,0.1,380,0.88573,2.1157637890254093
500,0.1,381,0.88936,2.136681475593998
500,0.1,382,0.90892,2.255436498447099
500,0.1,383,0.87478,2.0578270092632542
500,0.1,384,0.88003,2.0847595501229796
500,0.1,385,0.877,2.0691216554027014
500,0.1,386,0.91206,2.2779841575840565
500,0.1,387,0.89873,2.19180212990466
500,0.1,388,0.90644,2.2390495741620815
500,0.1,389,0.89963,2.198144849052902
500,0.1,390,0.90217,2.2126507891151963
500,0.1,391,0.91092,2.270521880257384
500,0.1,392,0.89949,2.197470059073402
500,0.1,393,0.90274,2.217299786210316
500,0.1,394,0.88383,2.1056287522861292
500,0.1,395,0.91607,2.3035188107467315
500,0.1,396,0.8988,2.1922829852143675
500,0.1,397,0.89822,2.188606296797955
500,0.1,398,0.88551,2.114487662647174
500,0.1,399,0.87096,2.037435966302766
500,0.1,400,0.90304,2.219062871801298
500,0.1,401,0.91623,2.304877015510435
500,0.1,402,0.91356,2.28792018854484
500,0.1,403,0.90073,2.204439798570302
500,0.1,404,0.88211,2.096575356507352
500,0.1,405,0.90225,2.213083237466471
500,0.1,406,0.86804,2.0235255003277297
500,0.1,407,0.89832,2.189200187405338
500,0.1,408,0.90353,2.221911145658191
500,0.1,409,0.9066,2.2404921566296228
500,0.1,410,0.8967,2.178114709168486
500,0.1,411,0.90267,2.216466313337895
500,0.1,412,0.92166,2.3417684577290605
500,0.1,413,0.91905,2.32279282426179
500,0.1,414,0.89829,2.188956031814689
500,0.1,415,0.89371,2.1614391271086086
500,0.1,416,0.88445,2.108495277337803
500,0.1,417,0.90393,2.2242286398720665
500,0.1,418,0.87116,2.0382298282876365
500,0.1,419,0.87501,2.059188409993621
500,0.1,420,0.89578,2.1731494684809016
500,0.1,421,0.884,2.106310427615703
500,0.1,422,0.90245,2.214664918701322
500,0.1,423,0.89955,2.1979410412200897
500,0.1,424,0.88042,2.087425735604292
500,0.1,425,0.88874,2.1326461907099437
500,0.1,426,0.90175,2.2101810021062622
500,0.1,427,0.91335,2.2867644049906364
500,0.1,428,0.89313,2.1578174249910935
500,0.1,429,0.90649,2.2396896810698914
500,0.1,430,0.89917,2.195348653734639
500,0.1,431,0.90133,2.2074996682968138
500,0.1,432,0.91423,2.2921594520650928
500,0.1,433,0.89358,2.160700914483871
500,0.1,434,0.89902,2.194336024621539
500,0.1,435,0.90674,2.2411425175560966
500,0.1,436,0.87935,2.081330795198985
500,0.1,437,0.88567,2.1153138297158205
500,0.1,438,0.91058,2.267180479251855
500,0.1,439,0.8902,2.1414229492132923
500,0.1,440,0.89474,2.167035994066832
500,0.1,441,0.89421,2.1642969217251595
500,0.1,442,0.88282,2.099913202734964
500,0.1,443,0.88596,2.1173503094429433
500,0.1,444,0.88781,2.1273273333499993
500,0.1,445,0.88399,2.1062899886692135
500,0.1,446,0.88041,2.0872412317844686
500,0.1,447,0.91945,2.3257352562232367
500,0.1,448,0.9112,2.272156554229499
500,0.1,449,0.89612,2.1749078090548113
500,0.1,450,0.88333,2.102567249067445
500,0.1,451,0.8954,2.17124374007681
500,0.1,452,0.88962,2.1384639695831766
500,0.1,453,0.89446,2.165566418684755
500,0.1,454,0.89906,2.194604249999722
500,0.1,455,0.88736,2.1247058800363905
500,0.1,456,0.88594,2.117166132712903
500,0.1,457,0.90712,2.2431269393819946
500,0.1,458,0.88538,2.113993013944539
500,0.1,459,0.87473,2.0574133690008556
500,0.1,460,0.90034,2.20204056517394
500,0.1,461,0.91031,2.265078613856298
500,0.1,462,0.89792,2.186988836705975
500,0.1,463,0.89732,2.182701306935787
500,0.1,464,0.89439,2.165363990428441
500,0.1,465,0.91185,2.276526007671979
500,0.1,466,0.90615,2.2377325796821785
500,0.1,467,0.92027,2.332787816753285
500,0.1,468,0.91627,2.3050756626986884
500,0.1,469,0.90271,2.21699412683759
500,0.1,470,0.91597,2.3032186302810813
500,0.1,471,0.90515,2.2305956939447573
500,0.1,472,0.92227,2.346362034489726
500,0.1,473,0.8992,2.1955399509446076
500,0.1,474,0.88735,2.12464061329056
500,0.1,475,0.92364,2.3566430163077134
500,0.1,476,0.92232,2.346871318766248
500,0.1,477,0.88918,2.13559654664422
500,0.1,478,0.9072,2.2435943137086545
500,0.1,479,0.89323,2.158221075214076
500,0.1,480,0.88467,2.1096245555759308
500,0.1,481,0.91241,2.28069667470087
500,0.1,482,0.90485,2.228893840854016
500,0.1,483,0.91608,2.303761133002254
500,0.1,484,0.88168,2.094359506100369
500,0.1,485,0.90312,2.2194807530407896
500,0.1,486,0.91078,2.269487630112825
500,0.1,487,0.89546,2.1714083244994993
500,0.1,488,0.88734,2.124589438824165
500,0.1,489,0.8984,2.1896307086266655
500,0.1,490,0.9025,2.2148598697569883
500,0.1,491,0.90541,2.2326368468511406
500,0.1,492,0.89225,2.152913554761397
500,0.1,493,0.91455,2.2944972764545843
500,0.1,494,0.90646,2.239359466482451
500,0.1,495,0.90271,2.2170923876051196
500,0.1,496,0.88903,2.1343229174015796
500,0.1,497,0.90998,2.262971422894232
500,0.1,498,0.90671,2.240959615066136
500,0.1,499,0.90072,2.204222048183671
500,0.1,500,0.87194,2.042302475989122
500,0.1,501,0.89199,2.151391610649968
500,0.1,502,0.90807,2.2498377334594752
500,0.1,503,0.88115,2.0915148322250725
500,0.1,504,0.92549,2.3716233962277364
500,0.1,505,0.91329,2.2863119758656287
500,0.1,506,0.8894,2.137024048358515
500,0.1,507,0.88288,2.1003789381053077
500,0.1,508,0.89661,2.177538795771933
500,0.1,509,0.90722,2.2437907790921807
500,0.1,510,0.8982,2.188385909406583
500,0.1,511,0.90687,2.241524558077236
500,0.1,512,0.91392,2.290215069914016
500,0.1,513,0.92596,2.375876857914931
500,0.1,514,0.90253,2.215291291466567
500,0.1,515,0.91439,2.293324884057263
500,0.1,516,0.88964,2.1385330221897703
500,0.1,517,0.90657,2.2404061818063123
500,0.1,518,0.90795,2.2488184796386834
500,0.1,519,0.89501,2.1688149963237215
500,0.1,520,0.90032,2.2019985632951196
500,0.1,521,0.92356,2.3560714142389854
500,0.1,522,0.90844,2.2528364684593187
500,0.1,523,0.91767,2.314722678618669
500,0.1,524,0.90559,2.2342313481243585
500,0.1,525,0.90943,2.258618393917088
500,0.1,526,0.89338,2.1593279703878876
500,0.1,527,0.89503,2.1688524114202226
500,0.1,528,0.91704,2.311050794183644
500,0.1,529,0.90699,2.2422264700902685
500,0.1,530,0.88288,2.1003402576708723
500,0.1,531,0.89161,2.1491922644150385
500,0.1,532,0.89742,2.1835314529256116
500,0.1,533,0.90616,2.2377644359797975
500,0.1,534,0.92089,2.336862022846454
500,0.1,535,0.91467,2.295423014538072
500,0.1,536,0.89841,2.189774864969691
500,0.1,537,0.89109,2.1464315377454106
500,0.1,538,0.87946,2.081686077341627
500,0.1,539,0.87249,2.0452789690661195
500,0.1,540,0.92929,2.3998356559710348
500,0.1,541,0.89969,2.1986164917299194
500,0.1,542,0.89576,2.1728557285452554
500,0.1,543,0.89854,2.1905042997506814
500,0.1,544,0.88158,2.0937548302666316
500,0.1,545,0.92204,2.3446974806034415
500,0.1,546,0.88328,2.1022366962113006
500,0.1,547,0.89598,2.1742306023021376
500,0.1,548,0.90764,2.2472865622805136
500,0.1,549,0.90391,2.2241581214333395
500,0.1,550,0.91268,2.282686160266733
500,0.1,551,0.90625,2.2382975678903256
500,0.1,552,0.8762,2.0650487573071987
500,0.1,553,0.8992,2.19549776495304
500,0.1,554,0.90321,2.220024863578831
500,0.1,555,0.89903,2.194473940310555
500,0.1,556,0.90387,2.2239401198941238
500,0.1,557,0.87632,2.0657122383747404
500,0.1,558,0.90754,2.2463334480878188
500,0.1,559,0.90761,2.247019510610699
500,0.1,560,0.88736,2.124689094944603
500,0.1,561,0.91559,2.301252294009686
500,0.1,562,0.89429,2.1648176903197816
500,0.1,563,0.8991,2.1949675971596387
500,0.1,564,0.89425,2.164593812275566
500,0.1,565,0.89976,2.198906492808014
500,0.1,566,0.8922,2.152731065261138
500,0.1,567,0.88917,2.1355449055330324
500,0.1,568,0.91205,2.2777281355955976
500,0.1,569,0.88215,2.0967898789051564
500,0.1,570,0.90845,2.252951722391651
500,0.1,571,0.89547,2.171767576329524
500,0.1,572,0.90049,2.202896472843317
500,0.1,573,0.90521,2.2310694215756857
500,0.1,574,0.89133,2.1475121504719135
500,0.1,575,0.88954,2.1379554193398222
500,0.1,576,0.90363,2.22275063304519
500,0.1,577,0.88898,2.1340075499751316
500,0.1,578,0.89237,2.153545547433149
500,0.1,579,0.91808,2.316652044262863
500,0.1,580,0.88208,2.0963533654429196
500,0.1,581,0.8953,2.1707959232184235
500,0.1,582,0.87658,2.06725333724256
500,0.1,583,0.88072,2.0893100940589138
500,0.1,584,0.90227,2.2132054490773942
500,0.1,585,0.88996,2.1399400075756216
500,0.1,586,0.8863,2.119106034191954
500,0.1,587,0.89877,2.191950970522144
500,0.1,588,0.90949,2.2590011974485065
500,0.1,589,0.88918,2.135712304672382
500,0.1,590,0.87819,2.0755111530364996
500,0.1,591,0.92386,2.3583438729816315
500,0.1,592,0.89174,2.1498193550131974
500,0.1,593,0.88094,2.0904249671350374
500,0.1,594,0.91825,2.3178421981868
500,0.1,595,0.88238,2.0976934453578444
500,0.1,596,0.89056,2.1437363408492036
500,0.1,597,0.91977,2.3276045722309977
500,0.1,598,0.92188,2.343538307451293
500,0.1,599,0.89369,2.1613224914595133
500,0.1,600,0.89734,2.182775763032898
500,0.1,601,0.89161,2.1491571595677295
500,0.1,602,0.90917,2.2569653902719713
500,0.1,603,0.91636,2.3056261210207776
500,0.1,604,0.89898,2.194040747952858
500,0.1,605,0.89777,2.1859369058504354
500,0.1,606,0.898,2.18744114094683
500,0.1,607,0.91791,2.315725997074219
500,0.1,608,0.87951,2.081878283461922
500,0.1,609,0.89307,2.1575853666221656
500,0.1,610,0.91104,2.2709322376826173
500,0.1,611,0.87689,2.068483874802648
500,0.1,612,0.92182,2.3430353879966854
500,0.1,613,0.87758,2.0721835989069364
500,0.1,614,0.90405,2.2251943609933256
500,0.1,615,0.91614,2.3040617702991755
500,0.1,616,0.9044,2.226973029879576
500,0.1,617,0.89229,2.153192012507282
500,0.1,618,0.91391,2.2901426081313434
500,0.1,619,0.88846,2.131166397067199
500,0.1,620,0.90368,2.2230151975608816
500,0.1,621,0.89642,2.176663743307069
500,0.1,622,0.90072,2.2042538088245918
500,0.1,623,0.8982,2.1885175182067353
500,0.1,624,0.88626,2.1188350905844087
500,0.1,625,0.89377,2.161727041035832
500,0.1,626,0.88213,2.0967181212239505
500,0.1,627,0.9316,2.4155193320658945
500,0.1,628,0.90441,2.2270943339647613
500,0.1,629,0.9179,2.3157093236896076
500,0.1,630,0.92042,2.3337960483974385
500,0.1,631,0.89507,2.1690324292267693
500,0.1,632,0.86994,2.032232808844895
500,0.1,633,0.8961,2.174795363370531
500,0.1,634,0.91315,2.2854178348207226
500,0.1,635,0.91921,2.3239717123064
500,0.1,636,0.87441,2.055782093680912
500,0.1,637,0.85908,1.9826388360111291
500,0.1,638,0.9133,2.286401577401817
500,0.1,639,0.90569,2.2352282463312605
500,0.1,640,0.89265,2.1554414248136498
500,0.1,641,0.92099,2.3376220816613564
500,0.1,642,0.87808,2.074890683024466
500,0.1,643,0.89794,2.1871281854305833
500,0.1,644,0.93004,2.4046031378002795
500,0.1,645,0.90264,2.216299474789444
500,0.1,646,0.90608,2.237383447296377
500,0.1,647,0.89684,2.179277121003462
500,0.1,648,0.91087,2.2702343722711933
500,0.1,649,0.90141,2.208013777068134
500,0.1,650,0.87871,2.077886342167748
500,0.1,651,0.88833,2.1301715526309124
500,0.1,652,0.87061,2.0352884846435395
500,0.1,653,0.89605,2.1745714434867267
500,0.1,654,0.88914,2.135249056367402
500,0.1,655,0.92051,2.3348394257443523
500,0.1,656,0.8962,2.1753866670066944
500,0.1,657,0.90795,2.248845171071016
500,0.1,658,0.90404,2.2251521905416416
500,0.1,659,0.91059,2.2672715855367858
500,0.1,660,0.90258,2.215533317348255
500,0.1,661,0.89805,2.1875885452604216
500,0.1,662,0.90429,2.2264183987773514
500,0.1,663,0.90989,2.2619630943556537
500,0.1,664,0.88378,2.1051769102935984
500,0.1,665,0.89182,2.150396973831411
500,0.1,666,0.88598,2.117563646859383
500,0.1,667,0.86962,2.03093370392316
500,0.1,668,0.91567,2.3016376519636865
500,0.1,669,0.90201,2.211496896640334
500,0.1,670,0.88892,2.1337348714990223
500,0.1,671,0.9074,2.2450564449067523
500,0.1,672,0.90543,2.232764341277706
500,0.1,673,0.88534,2.11373311070804
500,0.1,674,0.90334,2.2208025656134334
500,0.1,675,0.88145,2.0930942935897336
500,0.1,676,0.89389,2.1623895487376568
500,0.1,677,0.89182,2.1503822181598253
500,0.1,678,0.89745,2.183679959525442
500,0.1,679,0.92645,2.37942684645739
500,0.1,680,0.88105,2.0909958231718906
500,0.1,681,0.91137,2.2734418152468
500,0.1,682,0.9005,2.202976920983876
500,0.1,683,0.91053,2.2667395472278518
500,0.1,684,0.88935,2.136605814051779
500,0.1,685,0.90115,2.2066175098290146
500,0.1,686,0.91615,2.3042722781211102
500,0.1,687,0.91822,2.3175236130647185
500,0.1,688,0.89811,2.187863560627141
500,0.1,689,0.89659,2.177293474165716
500,0.1,690,0.8901,2.1408789165920057
500,0.1,691,0.91899,2.322137415601826
500,0.1,692,0.91038,2.2654899029796365
500,0.1,693,0.8919,2.15105371643381
500,0.1,694,0.86739,2.0205271354374874
500,0.1,695,0.89612,2.175042794074435
500,0.1,696,0.89518,2.169608008663884
500,0.1,697,0.89007,2.140494275097745
500,0.1,698,0.92459,2.363543779634401
500,0.1,699,0.90052,2.203011837779446
500,0.1,700,0.91062,2.2676454426934
500,0.1,701,0.89351,2.1602626804909004
500,0.1,702,0.90623,2.238148551348843
500,0.1,703,0.90898,2.255702526211792
500,0.1,704,0.90515,2.230515466267848
500,0.1,705,0.87628,2.065494416744512
500,0.1,706,0.89056,2.14372707259802
500,0.1,707,0.89344,2.1595907376780126
500,0.1,708,0.89942,2.1968587408782683
500,0.1,709,0.90343,2.2214132133051923
500,0.1,710,0.8864,2.1196697845900334
500,0.1,711,0.89211,2.1522251279940465
500,0.1,712,0.89799,2.187395232032802
500,0.1,713,0.88965,2.138567353208252
500,0.1,714,0.91059,2.267245820259538
500,0.1,715,0.90231,2.2133903150596286
500,0.1,716,0.89243,2.1540625345687743
500,0.1,717,0.88759,2.1260586280561924
500,0.1,718,0.91329,2.2861930166747992
500,0.1,719,0.9127,2.2827545009586254
500,0.1,720,0.89663,2.1775952007438097
500,0.1,721,0.89446,2.1656591759807946
500,0.1,722,0.91868,2.32026198954671
500,0.1,723,0.91033,2.265301080004823
500,0.1,724,0.90359,2.222377965764351
500,0.1,725,0.88208,2.096356584402871
500,0.1,726,0.90681,2.2413973192226577
500,0.1,727,0.91208,2.2782043500992843
500,0.1,728,0.91428,2.292507555172786
500,0.1,729,0.89133,2.1474863559452357
500,0.1,730,0.9192,2.3237826676049216
500,0.1,731,0.8978,2.186212216689358
500,0.1,732,0.91064,2.267967188537652
500,0.1,733,0.9252,2.368549407629958
500,0.1,734,0.88474,2.1102274318845753
500,0.1,735,0.90206,2.211888624293126
500,0.1,736,0.8856,2.1150190634543504
500,0.1,737,0.8908,2.144953002971782
500,0.1,738,0.89923,2.1959256494243347
500,0.1,739,0.88626,2.11876501673625
500,0.1,740,0.91678,2.3084833422580657
500,0.1,741,0.90613,2.237564405383275
500,0.1,742,0.91536,2.2996351331696543
500,0.1,743,0.89887,2.1928997749822994
500,0.1,744,0.88127,2.0924642662122492
500,0.1,745,0.91379,2.289342224830552
500,0.1,746,0.92043,2.3342214929826186
500,0.1,747,0.92008,2.3310067234854417
500,0.1,748,0.90943,2.258659346011999
500,0.1,749,0.90368,2.222960070004366
500,0.1,750,0.89831,2.189078876819943
500,0.1,751,0.8883,2.1301002274643026
500,0.1,752,0.9148,2.2965167190829403
500,0.1,753,0.90546,2.232892312302055
500,0.1,754,0.9081,2.2501124534954147
500,0.1,755,0.89605,2.1746118043052243
500,0.1,756,0.92186,2.343483194140283
500,0.1,757,0.888,2.128363929423891
500,0.1,758,0.91651,2.3064968161186927
500,0.1,759,0.90884,2.254933287532495
500,0.1,760,0.87808,2.074893477348993
500,0.1,761,0.91062,2.267581718497714
500,0.1,762,0.89204,2.151762182527753
500,0.1,763,0.89629,2.1761919786648884
500,0.1,764,0.90247,2.2147309185465964
500,0.1,765,0.88945,2.137299547396645
500,0.1,766,0.90502,2.2297492255905986
500,0.1,767,0.89816,2.1880537129533244
500,0.1,768,0.88023,2.086306347191372
500,0.1,769,0.8909,2.145583349292559
500,0.1,770,0.89191,2.1510840940186284
500,0.1,771,0.89211,2.152224930712083
500,0.1,772,0.90739,2.245030833843847
500,0.1,773,0.88767,2.1263708480409265
500,0.1,774,0.89955,2.197864977274988
500,0.1,775,0.88594,2.117167046430982
500,0.1,776,0.91881,2.32096012045847
500,0.1,777,0.90556,2.2337295367690735
500,0.1,778,0.89377,2.161727928920331
500,0.1,779,0.91556,2.3008471161750688
500,0.1,780,0.91102,2.2708354917015843
500,0.1,781,0.91175,2.2754535500518767
500,0.1,782,0.91275,2.2830894035389058
500,0.1,783,0.93988,2.4839749383074183
500,0.1,784,0.92043,2.334121180389868
500,0.1,785,0.91256,2.28168955721795
500,0.1,786,0.886,2.117688533004924
500,0.1,787,0.89878,2.1920021483217544
500,0.1,788,0.91741,2.313173929595359
500,0.1,789,0.92108,2.3384428689361467
500,0.1,790,0.90224,2.2128676852636904
500,0.1,791,0.88862,2.132066468922499
500,0.1,792,0.89944,2.1970530883265127
500,0.1,793,0.88812,2.1290963608070235
500,0.1,794,0.91688,2.3092831186661913
500,0.1,795,0.9021,2.2121470038775586
500,0.1,796,0.87436,2.05544942567481
500,0.1,797,0.91623,2.3049164776927022
500,0.1,798,0.89712,2.1812258098721906
500,0.1,799,0.89843,2.1899623482902246
500,0.1,800,0.90827,2.251698491387609
500,0.1,801,0.91286,2.283905690395498
500,0.1,802,0.91267,2.2825556399539377
500,0.1,803,0.88413,2.106955202323074
500,0.1,804,0.90785,2.2481375646350275
500,0.1,805,0.92022,2.332520179371385
500,0.1,806,0.9021,2.2121518139830285
500,0.1,807,0.9101,2.263786006738236
500,0.1,808,0.91001,2.2631611967599787
500,0.1,809,0.90496,2.2294499915881874
500,0.1,810,0.90224,2.212878758128322
500,0.1,811,0.91001,2.263145760277614
500,0.1,812,0.87999,2.084557741514905
500,0.1,813,0.90985,2.261725328170636
500,0.1,814,0.88383,2.1055819727966636
500,0.1,815,0.90887,2.255213357617738
500,0.1,816,0.89702,2.180504131855181
500,0.1,817,0.89702,2.180519078329362
500,0.1,818,0.90371,2.2231143012336325
500,0.1,819,0.88626,2.118849547753497
500,0.1,820,0.90837,2.2526165857537523
500,0.1,821,0.90005,2.2004920453340544
500,0.1,822,0.88825,2.1298022332524296
500,0.1,823,0.89723,2.181975797093073
500,0.1,824,0.87068,2.035640537042635
500,0.1,825,0.90289,2.218073758934096
500,0.1,826,0.88829,2.130024438671954
500,0.1,827,0.85875,1.9812667042737377
500,0.1,828,0.91651,2.30642237125128
500,0.1,829,0.91451,2.294003242219236
500,0.1,830,0.87474,2.0575883197410505
500,0.1,831,0.886,2.117606297068342
500,0.1,832,0.91381,2.2895349715557285
500,0.1,833,0.91031,2.26508146366203
500,0.1,834,0.89446,2.1657029080960726
500,0.1,835,0.9031,2.2193599592742266
500,0.1,836,0.89586,2.173467559333903
500,0.1,837,0.88911,2.1349950913224056
500,0.1,838,0.89898,2.1940205485146924
500,0.1,839,0.89007,2.1405279744639336
500,0.1,840,0.88643,2.1199008328052367
500,0.1,841,0.90699,2.2421180562110883
500,0.1,842,0.86953,2.0304973031975626
500,0.1,843,0.88092,2.090223025690621
500,0.1,844,0.90005,2.2004965342472547
500,0.1,845,0.91172,2.275204737578991
500,0.1,846,0.87262,2.045792327623686
500,0.1,847,0.89881,2.1923840096515845
500,0.1,848,0.91664,2.3078137306270174
500,0.1,849,0.90717,2.2435167899568738
500,0.1,850,0.89731,2.182522092334265
500,0.1,851,0.91338,2.2870220816133067
500,0.1,852,0.90647,2.239426372917459
500,0.1,853,0.91564,2.3014587195762033
500,0.1,854,0.89534,2.170920136519925
500,0.1,855,0.89883,2.1924261675728314
500,0.1,856,0.8936,2.1607647434278707
500,0.1,857,0.91064,2.268033903768029
500,0.1,858,0.8694,2.03006317664747
500,0.1,859,0.92922,2.3992438695879392
500,0.1,860,0.88302,2.1011467195475877
500,0.1,861,0.89422,2.1644501705548267
500,0.1,862,0.87613,2.064756368430119
500,0.1,863,0.89031,2.14231930746493
500,0.1,864,0.89796,2.1872987019945547
500,0.1,865,0.90069,2.2041407988113413
500,0.1,866,0.90224,2.2129166479677225
500,0.1,867,0.9055,2.2332358950018056
500,0.1,868,0.89818,2.1882829214382538
500,0.1,869,0.8934,2.1593927519917786
500,0.1,870,0.89093,2.1456192494895663
500,0.1,871,0.88741,2.1248899715696736
500,0.1,872,0.91386,2.2897502205322198
500,0.1,873,0.90727,2.2441227430508377
500,0.1,874,0.88926,2.136090394952958
500,0.1,875,0.90197,2.2112541086652824
500,0.1,876,0.90574,2.235625795814969
500,0.1,877,0.92031,2.3330596525651934
500,0.1,878,0.89688,2.179530587675119
500,0.1,879,0.91664,2.307731246607073
500,0.1,880,0.88061,2.088423773682223
500,0.1,881,0.88515,2.112752233135072
500,0.1,882,0.88672,2.1214517845519936
500,0.1,883,0.88308,2.1013990616912928
500,0.1,884,0.88499,2.1117789083310132
500,0.1,885,0.89467,2.1667596790595014
500,0.1,886,0.90065,2.203895948898303
500,0.1,887,0.90401,2.224935389208661
500,0.1,888,0.89741,2.1834183392142585
500,0.1,889,0.90053,2.2031396062753883
500,0.1,890,0.8992,2.1954698818596747
500,0.1,891,0.93287,2.426564588842642
500,0.1,892,0.91088,2.2703268539307064
500,0.1,893,0.89868,2.191300191258339
500,0.1,894,0.86943,2.030254809883812
500,0.1,895,0.89868,2.191277510334136
500,0.1,896,0.91068,2.268503377357532
500,0.1,897,0.91248,2.281137282044066
500,0.1,898,0.9061,2.237458628848742
500,0.1,899,0.88158,2.093668085106737
500,0.1,900,0.90031,2.20186486964758
500,0.1,901,0.88577,2.115993275398114
500,0.1,902,0.89773,2.185746562295231
500,0.1,903,0.87718,2.0701902745097382
500,0.1,904,0.90054,2.2031591177738354
500,0.1,905,0.91975,2.3274396684456726
500,0.1,906,0.90936,2.258309641778989
500,0.1,907,0.89835,2.189299293866353
500,0.1,908,0.90031,2.2018178870140392
500,0.1,909,0.8756,2.0623571347209824
500,0.1,910,0.91143,2.273752879147775
500,0.1,911,0.88834,2.1303077450505787
500,0.1,912,0.90647,2.239436889132284
500,0.1,913,0.89341,2.159479666924322
500,0.1,914,0.9071,2.2429029891081202
500,0.1,915,0.8966,2.177445744360481
500,0.1,916,0.8912,2.1470155554655506
500,0.1,917,0.8916,2.1490280352898186
500,0.1,918,0.9148,2.296499687423342
500,0.1,919,0.87226,2.044274155509319
500,0.1,920,0.87943,2.081623315311661
500,0.1,921,0.89593,2.173975329092473
500,0.1,922,0.89964,2.1982387841958477
500,0.1,923,0.9088,2.25459732845696
500,0.1,924,0.91132,2.272716156937019
500,0.1,925,0.89335,2.1590783238282913
500,0.1,926,0.90339,2.221198972827063
500,0.1,927,0.91273,2.2828476545943905
500,0.1,928,0.9057,2.235312551329432
500,0.1,929,0.89363,2.1610582587095775
500,0.1,930,0.89942,2.1967644669876085
500,0.1,931,0.89379,2.1618075655943714
500,0.1,932,0.89477,2.167368796206432
500,0.1,933,0.89885,2.192636144758917
500,0.1,934,0.91814,2.3169860490911747
500,0.1,935,0.90718,2.2435606439487983
500,0.1,936,0.89205,2.151783719567544
500,0.1,937,0.91333,2.28654908765332
500,0.1,938,0.87781,2.0734017742336093
500,0.1,939,0.89485,2.167926433180516
500,0.1,940,0.91814,2.317011574795964
500,0.1,941,0.90955,2.2597478701799028
500,0.1,942,0.908,2.2493394464153122
500,0.1,943,0.89769,2.185465395245328
500,0.1,944,0.8971,2.1810712409205015
500,0.1,945,0.90399,2.224809745264656
500,0.1,946,0.90083,2.204861262634268
500,0.1,947,0.8795,2.0818378886120046
500,0.1,948,0.89145,2.1481325689269584
500,0.1,949,0.90558,2.2340959953202075
500,0.1,950,0.91553,2.300595570477221
500,0.1,951,0.88879,2.132839104429306
500,0.1,952,0.9055,2.233282169282759
500,0.1,953,0.89592,2.1737888604612197
500,0.1,954,0.89695,2.1800154546320654
500,0.1,955,0.89175,2.14984838682852
500,0.1,956,0.88162,2.093921929318464
500,0.1,957,0.88527,2.11345229996569
500,0.1,958,0.9304,2.4071000036807324
500,0.1,959,0.89949,2.1973822120604924
500,0.1,960,0.87224,2.044085370524914
500,0.1,961,0.89718,2.1814847394711023
500,0.1,962,0.9191,2.323211470779137
500,0.1,963,0.89768,2.1853711601547197
500,0.1,964,0.89846,2.1902634024232683
500,0.1,965,0.89902,2.1943209116305837
500,0.1,966,0.89583,2.173419459682256
500,0.1,967,0.88843,2.1308626880494144
500,0.1,968,0.91232,2.2800263174754614
500,0.1,969,0.90162,2.2093267708824103
500,0.1,970,0.87522,2.060462006306481
500,0.1,971,0.88448,2.108782549837772
500,0.1,972,0.89194,2.1511823574637283
500,0.1,973,0.92707,2.3836312306683833
500,0.1,974,0.90485,2.228914540800587
500,0.1,975,0.89176,2.149963028878449
500,0.1,976,0.89612,2.175084649171744
500,0.1,977,0.91258,2.2817634531656577
500,0.1,978,0.91413,2.2913462285573845
500,0.1,979,0.91857,2.3196462982591686
500,0.1,980,0.90037,2.2021761124881833
500,0.1,981,0.89999,2.2002344775262923
500,0.1,982,0.91662,2.3074991483813947
500,0.1,983,0.91664,2.307836188086249
500,0.1,984,0.90073,2.2044389000547455
500,0.1,985,0.90073,2.2043951750620843
500,0.1,986,0.86337,2.001598912875004
500,0.1,987,0.92792,2.389712342934221
500,0.1,988,0.89428,2.164783576745569
500,0.1,989,0.908,2.2493840068889934
500,0.1,990,0.8846,2.1095125878762424
500,0.1,991,0.9101,2.2638960202055745
500,0.1,992,0.89305,2.1574941492473827
500,0.1,993,0.90163,2.2095743058535975
500,0.1,994,0.89223,2.15285627794783
500,0.1,995,0.89904,2.1945225148188463
500,0.1,996,0.87591,2.0638447699710087
500,0.1,997,0.90989,2.2620603710238965
500,0.1,998,0.89696,2.180173239727313
500,0.1,999,0.925,2.3666413503744765
500,0.2,0,0.81359,1.789963118247592
500,0.2,1,0.82095,1.8180041546281878
500,0.2,2,0.8202,1.815051018677231
500,0.2,3,0.76849,1.6278391698786914
500,0.2,4,0.78882,1.6985915110198997
500,0.2,5,0.82624,1.8380522036825515
500,0.2,6,0.79539,1.7218443158784749
500,0.2,7,0.81409,1.7921883188424321
500,0.2,8,0.8227,1.8247928592170828
500,0.2,9,0.7557,1.5858779177304254
500,0.2,10,0.7964,1.7254847616566873
500,0.2,11,0.80929,1.7728064885418588
500,0.2,12,0.809,1.7718753984667202
500,0.2,13,0.8042,1.754049866798389
500,0.2,14,0.79858,1.7330296812002857
500,0.2,15,0.81534,1.7970196063151551
500,0.2,16,0.80509,1.7575430075916714
500,0.2,17,0.76192,1.6060423767718284
500,0.2,18,0.78347,1.6802180800276338
500,0.2,19,0.81133,1.780765044574154
500,0.2,20,0.81585,1.7990996643801873
500,0.2,21,0.78629,1.6895586568195458
500,0.2,22,0.79542,1.722016300858101
500,0.2,23,0.80408,1.7533991184493924
500,0.2,24,0.79325,1.7145572275508483
500,0.2,25,0.80973,1.7740456970991878
500,0.2,26,0.82309,1.8261452960933315
500,0.2,27,0.80916,1.772282533310244
500,0.2,28,0.78752,1.6937643422758202
500,0.2,29,0.79899,1.7345340898510049
500,0.2,30,0.79041,1.7050339339061624
500,0.2,31,0.79112,1.7073202678005168
500,0.2,32,0.77172,1.6389492248826
500,0.2,33,0.8195,1.8117743440070702
500,0.2,34,0.793,1.71374989336803
500,0.2,35,0.79373,1.7163516735896214
500,0.2,36,0.7979,1.7307665024089678
500,0.2,37,0.80278,1.7486149026283937
500,0.2,38,0.79894,1.7344161645410354
500,0.2,39,0.82478,1.832307100374807
500,0.2,40,0.76928,1.6309780054187237
500,0.2,41,0.80246,1.7473471483041814
500,0.2,42,0.76479,1.6155203656642048
500,0.2,43,0.80666,1.7636380734333132
500,0.2,44,0.80612,1.7611919848473967
500,0.2,45,0.80064,1.7405292493604811
500,0.2,46,0.81413,1.7923851049677217
500,0.2,47,0.80116,1.7426029914678243
500,0.2,48,0.78269,1.6775879432023502
500,0.2,49,0.8283,1.8467209015292585
500,0.2,50,0.80447,1.7550325100478532
500,0.2,51,0.81142,1.781176972120436
500,0.2,52,0.80037,1.7396240491643458
500,0.2,53,0.8129,1.7870782995366827
500,0.2,54,0.81459,1.7940602759840245
500,0.2,55,0.82602,1.8372613094561943
500,0.2,56,0.79279,1.7130123477399646
500,0.2,57,0.79292,1.713439240696311
500,0.2,58,0.79524,1.721337595654627
500,0.2,59,0.81576,1.7986058537006797
500,0.2,60,0.78564,1.6874168368431044
500,0.2,61,0.80633,1.7621759352754909
500,0.2,62,0.78271,1.6777526399691753
500,0.2,63,0.78621,1.6892623027624813
500,0.2,64,0.8051,1.7575544695221366
500,0.2,65,0.7715,1.6379245288316087
500,0.2,66,0.79156,1.7086367471245958
500,0.2,67,0.81884,1.8095868903122891
500,0.2,68,0.7954,1.7219242109980029
500,0.2,69,0.80704,1.7649630312870854
500,0.2,70,0.78691,1.691870198662141
500,0.2,71,0.8154,1.7972609526219645
500,0.2,72,0.8044,1.7547362830659188
500,0.2,73,0.80754,1.7669052647588555
500,0.2,74,0.80004,1.7383914838287555
500,0.2,75,0.81343,1.7890120147107524
500,0.2,76,0.80548,1.7588768825320726
500,0.2,77,0.78868,1.6978795085426548
500,0.2,78,0.77068,1.6353174912975883
500,0.2,79,0.82101,1.8184039756980241
500,0.2,80,0.79115,1.7073840827267244
500,0.2,81,0.78522,1.6859269824680823
500,0.2,82,0.79269,1.7125135475714068
500,0.2,83,0.79921,1.7352125967908254
500,0.2,84,0.8023,1.7466886526578405
500,0.2,85,0.80723,1.7655173619230509
500,0.2,86,0.80839,1.7701362554753417
500,0.2,87,0.8293,1.8506815913195878
500,0.2,88,0.74402,1.5507387713566065
500,0.2,89,0.79928,1.735455220610266
500,0.2,90,0.81062,1.7778530355033793
500,0.2,91,0.79504,1.7206512579336124
500,0.2,92,0.78593,1.6884358626212133
500,0.2,93,0.75118,1.5715541940121418
500,0.2,94,0.81377,1.7908870600915856
500,0.2,95,0.78528,1.6861330643810062
500,0.2,96,0.80286,1.748810766254471
500,0.2,97,0.80231,1.7467947184221022
500,0.2,98,0.7999,1.7376270133473133
500,0.2,99,0.76849,1.6278214533588065
500,0.2,100,0.80387,1.7526933874275983
500,0.2,101,0.81114,1.7801597619115965
500,0.2,102,0.81654,1.8016223095667854
500,0.2,103,0.82439,1.8309400057705558
500,0.2,104,0.80801,1.7688475410186204
500,0.2,105,0.82041,1.8156626534140472
500,0.2,106,0.82065,1.8167152799823112
500,0.2,107,0.79482,1.7198671517685344
500,0.2,108,0.81232,1.7846208498786453
500,0.2,109,0.80304,1.7494315977915518
500,0.2,110,0.82572,1.8358971550247711
500,0.2,111,0.81163,1.7818390403443964
500,0.2,112,0.81056,1.7775035641440338
500,0.2,113,0.82348,1.8275939106983468
500,0.2,114,0.78609,1.6888444682235093
500,0.2,115,0.79083,1.7063458768676951
500,0.2,116,0.78638,1.6899315283673335
500,0.2,117,0.7509,1.5708579752326275
500,0.2,118,0.79269,1.7125039160424222
500,0.2,119,0.80714,1.7652382159621465
500,0.2,120,0.78233,1.6764267219943327
500,0.2,121,0.78514,1.6856949549529625
500,0.2,122,0.82426,1.8305763236634367
500,0.2,123,0.83561,1.8783204397324944
500,0.2,124,0.82387,1.8289743620121213
500,0.2,125,0.80127,1.7429331108373154
500,0.2,126,0.78457,1.683708536887658
500,0.2,127,0.80173,1.7446087288387977
500,0.2,128,0.80314,1.7499905616472402
500,0.2,129,0.80479,1.7563483525276777
500,0.2,130,0.78135,1.673224725661015
500,0.2,131,0.80192,1.7454005736626423
500,0.2,132,0.78271,1.6777089833212895
500,0.2,133,0.79749,1.728734857110296
500,0.2,134,0.77416,1.647410057725263
500,0.2,135,0.77248,1.64178703047652
500,0.2,136,0.80526,1.7579753926490944
500,0.2,137,0.81338,1.7887878603212934
500,0.2,138,0.79469,1.7192680227457011
500,0.2,139,0.78484,1.6847977162784287
500,0.2,140,0.80788,1.76825201527104
500,0.2,141,0.81225,1.7843379237497643
500,0.2,142,0.79122,1.7077361638317232
500,0.2,143,0.78154,1.673922930077825
500,0.2,144,0.79245,1.7116671094138232
500,0.2,145,0.82366,1.8282949460265612
500,0.2,146,0.7839,1.6815556789843473
500,0.2,147,0.80516,1.7577680432150966
500,0.2,148,0.79197,1.7098710735511817
500,0.2,149,0.80678,1.7639135528675784
500,0.2,150,0.81054,1.7773239580863378
500,0.2,151,0.79991,1.737702041103259
500,0.2,152,0.7893,1.7005769339432293
500,0.2,153,0.79882,1.7340604052286819
500,0.2,154,0.81877,1.809280640595465
500,0.2,155,0.81585,1.7991120506300053
500,0.2,156,0.7912,1.7076992852708965
500,0.2,157,0.83184,1.8610744332177496
500,0.2,158,0.78464,1.6839869582024571
500,0.2,159,0.79576,1.723225876200798
500,0.2,160,0.76404,1.6127757427731857
500,0.2,161,0.79536,1.7217390814452753
500,0.2,162,0.78115,1.672279194082717
500,0.2,163,0.82482,1.832568435268152
500,0.2,164,0.80112,1.7423621571778956
500,0.2,165,0.79781,1.7303823905054716
500,0.2,166,0.80112,1.7424247437162999
500,0.2,167,0.79998,1.7381170494413487
500,0.2,168,0.81938,1.8113741202355498
500,0.2,169,0.79255,1.71217974557924
500,0.2,170,0.78475,1.684418703163107
500,0.2,171,0.80572,1.7596147397474775
500,0.2,172,0.818,1.8063143766617578
500,0.2,173,0.82486,1.832880191691522
500,0.2,174,0.78709,1.6925297936845618
500,0.2,175,0.77201,1.6399937342955986
500,0.2,176,0.80677,1.7638868882006395
500,0.2,177,0.82145,1.819997983127808
500,0.2,178,0.81383,1.7911212929956415
500,0.2,179,0.80738,1.7663067075747372
500,0.2,180,0.78051,1.6698534201362947
500,0.2,181,0.80129,1.74298559510129
500,0.2,182,0.79517,1.7210765675782118
500,0.2,183,0.79495,1.720443069366457
500,0.2,184,0.77607,1.6552843600615317
500,0.2,185,0.81545,1.797510433858348
500,0.2,186,0.80009,1.7385692068650282
500,0.2,187,0.78543,1.6867367089952665
500,0.2,188,0.79604,1.7242112668707081
500,0.2,189,0.80583,1.7600969971125413
500,0.2,190,0.79524,1.7214056877743582
500,0.2,191,0.82215,1.8229595392927962
500,0.2,192,0.79234,1.7110379756849952
500,0.2,193,0.80749,1.7667060801421002
500,0.2,194,0.78777,1.6947158849546171
500,0.2,195,0.84447,1.9153092693776355
500,0.2,196,0.815,1.7957593132051421
500,0.2,197,0.81429,1.7928863837611937
500,0.2,198,0.77662,1.6574366895495831
500,0.2,199,0.78766,1.6942861721939946
500,0.2,200,0.81228,1.7845405083046364
500,0.2,201,0.80983,1.7744400598261665
500,0.2,202,0.77707,1.658598269794417
500,0.2,203,0.80609,1.7609642409516675
500,0.2,204,0.79041,1.7049561012016334
500,0.2,205,0.808,1.7687754857483962
500,0.2,206,0.80233,1.7469962120385474
500,0.2,207,0.77755,1.6600630026572667
500,0.2,208,0.82565,1.8357006766421788
500,0.2,209,0.77632,1.6562302687833184
500,0.2,210,0.79852,1.7328597772174426
500,0.2,211,0.82828,1.84667283344102
500,0.2,212,0.79536,1.72173302248704
500,0.2,213,0.79801,1.7311207937771806
500,0.2,214,0.80733,1.7659337146557426
500,0.2,215,0.78409,1.6821814675597802
500,0.2,216,0.78104,1.671705077753968
500,0.2,217,0.77303,1.6436519390994588
500,0.2,218,0.77997,1.6679459117134194
500,0.2,219,0.80849,1.770393904734208
500,0.2,220,0.80502,1.7573572072527734
500,0.2,221,0.83908,1.8921572757399354
500,0.2,222,0.76928,1.6310574248137593
500,0.2,223,0.80693,1.7644880268280394
500,0.2,224,0.79038,1.7049008588899135
500,0.2,225,0.79291,1.7134077981554103
500,0.2,226,0.81557,1.7978227338352153
500,0.2,227,0.79275,1.7128642241125944
500,0.2,228,0.79234,1.7110905108163892
500,0.2,229,0.77001,1.6332596862504525
500,0.2,230,0.79234,1.7110589726297816
500,0.2,231,0.79674,1.7263174049952335
500,0.2,232,0.81352,1.789693236327964
500,0.2,233,0.78423,1.6825945826287485
500,0.2,234,0.81401,1.7918215610144044
500,0.2,235,0.80099,1.7418349320934599
500,0.2,236,0.76546,1.6177751956433524
500,0.2,237,0.79762,1.7295807230888274
500,0.2,238,0.79932,1.7355844876438016
500,0.2,239,0.82843,1.8472439019253475
500,0.2,240,0.78626,1.6893545793878357
500,0.2,241,0.81912,1.8105101434211253
500,0.2,242,0.80812,1.7691817955963502
500,0.2,243,0.83245,1.8638570482810106
500,0.2,244,0.78427,1.6827105019426802
500,0.2,245,0.78907,1.699563094596697
500,0.2,246,0.80455,1.7554642649574639
500,0.2,247,0.76928,1.6310674954111533
500,0.2,248,0.81437,1.7932058152628636
500,0.2,249,0.75576,1.5860960557000832
500,0.2,250,0.78908,1.699723543771782
500,0.2,251,0.77387,1.6464208924023236
500,0.2,252,0.79419,1.7179445060916594
500,0.2,253,0.78614,1.6890406912747402
500,0.2,254,0.7857,1.6876523930108962
500,0.2,255,0.78871,1.69812993417921
500,0.2,256,0.81545,1.7974887002705806
500,0.2,257,0.79327,1.7145840560540084
500,0.2,258,0.82884,1.8487349080701694
500,0.2,259,0.80572,1.7596205186986926
500,0.2,260,0.79849,1.732687016747823
500,0.2,261,0.82554,1.8353504732807426
500,0.2,262,0.81269,1.786160710031515
500,0.2,263,0.78632,1.6896466715501037
500,0.2,264,0.78437,1.6829921979537132
500,0.2,265,0.77077,1.6355877740024245
500,0.2,266,0.82117,1.8188653354818194
500,0.2,267,0.80954,1.7733401202943426
500,0.2,268,0.81885,1.809681398874777
500,0.2,269,0.80779,1.7680057311052462
500,0.2,270,0.81102,1.7796487278727664
500,0.2,271,0.7876,1.6940988898662663
500,0.2,272,0.81496,1.7955929186334558
500,0.2,273,0.77269,1.6425135582555541
500,0.2,274,0.77841,1.6628144958376607
500,0.2,275,0.82443,1.831128890971572
500,0.2,276,0.78643,1.6900482138511816
500,0.2,277,0.77615,1.6555808406388013
500,0.2,278,0.78278,1.6780976625344106
500,0.2,279,0.8023,1.7465865636199265
500,0.2,280,0.78288,1.6785071234347217
500,0.2,281,0.77861,1.6634678557610756
500,0.2,282,0.83824,1.888847595541879
500,0.2,283,0.78626,1.6893557603379663
500,0.2,284,0.79618,1.7247464241116544
500,0.2,285,0.77203,1.6400425493899677
500,0.2,286,0.75971,1.5991354265256863
500,0.2,287,0.81108,1.7798732841341454
500,0.2,288,0.83246,1.8638872491816239
500,0.2,289,0.80319,1.7503336172182127
500,0.2,290,0.80777,1.7679001096374551
500,0.2,291,0.77609,1.6553848192139529
500,0.2,292,0.80696,1.7646697947930077
500,0.2,293,0.79497,1.7204762446329078
500,0.2,294,0.82586,1.836548436877967
500,0.2,295,0.81347,1.7892681012350784
500,0.2,296,0.77874,1.6639475570759443
500,0.2,297,0.7939,1.7169115292211439
500,0.2,298,0.78894,1.6991256954248506
500,0.2,299,0.78632,1.6896722003327111
500,0.2,300,0.77079,1.6356120696890382
500,0.2,301,0.79097,1.7069113367987678
500,0.2,302,0.80736,1.7662145205852735
500,0.2,303,0.81408,1.792127516323044
500,0.2,304,0.79078,1.7061525777211084
500,0.2,305,0.79732,1.7282385727078404
500,0.2,306,0.81813,1.8068394657028257
500,0.2,307,0.80438,1.754595509133969
500,0.2,308,0.78414,1.6823731518526082
500,0.2,309,0.79497,1.720466850590637
500,0.2,310,0.81514,1.7964604998519393
500,0.2,311,0.78439,1.6830718384667729
500,0.2,312,0.81041,1.776697889154883
500,0.2,313,0.78609,1.6888015994454748
500,0.2,314,0.76439,1.6142555077665657
500,0.2,315,0.77596,1.6547448861154446
500,0.2,316,0.79729,1.7281043956766862
500,0.2,317,0.76446,1.6145572268908088
500,0.2,318,0.76989,1.632972399439758
500,0.2,319,0.81356,1.7898534813719613
500,0.2,320,0.75739,1.5915963669442952
500,0.2,321,0.80947,1.773220243551959
500,0.2,322,0.79828,1.7321910149806647
500,0.2,323,0.79497,1.7205001059010385
500,0.2,324,0.83342,1.8687315925173307
500,0.2,325,0.77824,1.6622984143823678
500,0.2,326,0.79584,1.723524347499121
500,0.2,327,0.78176,1.6744750511103474
500,0.2,328,0.78488,1.6849072717746751
500,0.2,329,0.81658,1.8017259927541245
500,0.2,330,0.80362,1.75181828043872
500,0.2,331,0.79536,1.7217319848110122
500,0.2,332,0.77346,1.6450822706745485
500,0.2,333,0.83189,1.8612428851253409
500,0.2,334,0.83403,1.8712094599409295
500,0.2,335,0.78868,1.697879713948824
500,0.2,336,0.81138,1.7810547278615583
500,0.2,337,0.80423,1.754203135723838
500,0.2,338,0.80452,1.7552342736532947
500,0.2,339,0.79998,1.7380923319268362
500,0.2,340,0.80502,1.7573602833470776
500,0.2,341,0.82008,1.8143459350652487
500,0.2,342,0.79597,1.723998052606584
500,0.2,343,0.81234,1.7846781524362
500,0.2,344,0.80513,1.75772428477034
500,0.2,345,0.79901,1.7345932246464755
500,0.2,346,0.83173,1.860665691625335
500,0.2,347,0.81147,1.7813902483708692
500,0.2,348,0.77525,1.652081043681925
500,0.2,349,0.7999,1.737664056435385
500,0.2,350,0.79796,1.7309706377141914
500,0.2,351,0.7781,1.661878726422684
500,0.2,352,0.83309,1.8667958490241727
500,0.2,353,0.83739,1.8853915337019114
500,0.2,354,0.76926,1.6308079289196582
500,0.2,355,0.77673,1.657881686579504
500,0.2,356,0.83184,1.861099227542719
500,0.2,357,0.7818,1.6748548675994224
500,0.2,358,0.82348,1.827587593782824
500,0.2,359,0.76963,1.6323160178434502
500,0.2,360,0.79087,1.7065654201580367
500,0.2,361,0.80468,1.755857333016341
500,0.2,362,0.81273,1.7862974158830323
500,0.2,363,0.82578,1.8361224893852781
500,0.2,364,0.84103,1.8992812514131974
500,0.2,365,0.8418,1.902958973524899
500,0.2,366,0.81541,1.7973492782730767
500,0.2,367,0.76622,1.6203902171873437
500,0.2,368,0.80111,1.742269532949391
500,0.2,369,0.79208,1.7102068849565644
500,0.2,370,0.80267,1.7481614803556145
500,0.2,371,0.82374,1.8286576948553757
500,0.2,372,0.80264,1.7479682302224455
500,0.2,373,0.79453,1.718766816847239
500,0.2,374,0.79425,1.718064219791088
500,0.2,375,0.79634,1.725251057302322
500,0.2,376,0.80473,1.756183102433572
500,0.2,377,0.81793,1.80600213307481
500,0.2,378,0.8044,1.7547448909326087
500,0.2,379,0.81487,1.7952854042879203
500,0.2,380,0.78914,1.6999689879955975
500,0.2,381,0.80073,1.740845323994561
500,0.2,382,0.77674,1.6579142799630042
500,0.2,383,0.78507,1.6854801740677852
500,0.2,384,0.78076,1.6708043894273077
500,0.2,385,0.80379,1.7522976766276046
500,0.2,386,0.7829,1.6786306671502615
500,0.2,387,0.8195,1.8117505365416329
500,0.2,388,0.80099,1.74184915952442
500,0.2,389,0.78124,1.6728140324254204
500,0.2,390,0.7999,1.7376579669681875
500,0.2,391,0.80954,1.7733361519106303
500,0.2,392,0.81051,1.7771630896249722
500,0.2,393,0.80053,1.7402875245738136
500,0.2,394,0.78138,1.6733504071760266
500,0.2,395,0.82007,1.8142132722466613
500,0.2,396,0.81343,1.7890376875204235
500,0.2,397,0.81668,1.8020337723606257
500,0.2,398,0.81871,1.808983559458095
500,0.2,399,0.758,1.5933700121673475
500,0.2,400,0.76402,1.6127103120330921
500,0.2,401,0.79323,1.7143663396480968
500,0.2,402,0.80151,1.7438464081546725
500,0.2,403,0.7935,1.7153837686881057
500,0.2,404,0.78694,1.6919400103664075
500,0.2,405,0.79937,1.7357283248265543
500,0.2,406,0.78833,1.6963532887835373
500,0.2,407,0.81043,1.7768777873262511
500,0.2,408,0.79821,1.731863416604342
500,0.2,409,0.78928,1.7005539026992658
500,0.2,410,0.75874,1.5962157103419896
500,0.2,411,0.79639,1.7254518632349702
500,0.2,412,0.77051,1.6347830107324564
500,0.2,413,0.81189,1.7830265275448074
500,0.2,414,0.79089,1.706644183200025
500,0.2,415,0.81487,1.7952567168558258
500,0.2,416,0.79433,1.718198527023361
500,0.2,417,0.78157,1.6739604847645944
500,0.2,418,0.77991,1.667769274531341
500,0.2,419,0.81285,1.786900157545793
500,0.2,420,0.79636,1.725364598033095
500,0.2,421,0.79268,1.7124584872368305
500,0.2,422,0.79342,1.7150010296717677
500,0.2,423,0.79846,1.7325782779297114
500,0.2,424,0.80432,1.754507593197125
500,0.2,425,0.81823,1.8073255537365396
500,0.2,426,0.78259,1.6771774876999994
500,0.2,427,0.77421,1.6477199366777397
500,0.2,428,0.82518,1.8341780173747493
500,0.2,429,0.79256,1.7122537250497447
500,0.2,430,0.81027,1.7762079686026113
500,0.2,431,0.80911,1.7720822049535991
500,0.2,432,0.83529,1.8767772676623284
500,0.2,433,0.78162,1.6740808858455578
500,0.2,434,0.80881,1.7713357784325061
500,0.2,435,0.80229,1.7465133351941162
500,0.2,436,0.81948,1.8116717336610293
500,0.2,437,0.80733,1.7658960846326943
500,0.2,438,0.80267,1.7481864556078
500,0.2,439,0.81362,1.7900678552663645
500,0.2,440,0.78889,1.698956031319177
500,0.2,441,0.78583,1.6880663062038606
500,0.2,442,0.80718,1.765297403777258
500,0.2,443,0.78439,1.6830997378184156
500,0.2,444,0.80319,1.7503371622699282
500,0.2,445,0.80755,1.7669176769661745
500,0.2,446,0.81772,1.8055203790828624
500,0.2,447,0.83292,1.8658146947736525
500,0.2,448,0.8157,1.7984996694714144
500,0.2,449,0.80186,1.7451107562682546
500,0.2,450,0.81366,1.7902711496671009
500,0.2,451,0.80656,1.7631614109408673
500,0.2,452,0.81644,1.8012874634948237
500,0.2,453,0.80792,1.7683864334181973
500,0.2,454,0.79965,1.7368369841112066
500,0.2,455,0.80232,1.746904003874397
500,0.2,456,0.81618,1.800406204166198
500,0.2,457,0.80502,1.7573557850845303
500,0.2,458,0.77086,1.6357948182314161
500,0.2,459,0.81933,1.8111591975446864
500,0.2,460,0.78687,1.6916445381163085
500,0.2,461,0.78909,1.6998000243203615
500,0.2,462,0.81279,1.7865116148580842
500,0.2,463,0.80693,1.7644613130855609
500,0.2,464,0.82681,1.8402077858283739
500,0.2,465,0.81184,1.782636977622169
500,0.2,466,0.82577,1.836113115856426
500,0.2,467,0.79153,1.7086008057672477
500,0.2,468,0.80405,1.7532663945590021
500,0.2,469,0.79384,1.7166775849793074
500,0.2,470,0.80231,1.7468474972122547
500,0.2,471,0.79289,1.7133609557262106
500,0.2,472,0.82206,1.8226380443720176
500,0.2,473,0.81024,1.7760680055022826
500,0.2,474,0.82776,1.8441175606966844
500,0.2,475,0.79385,1.7167010896583168
500,0.2,476,0.83178,1.860886094311776
500,0.2,477,0.79402,1.7173315224056545
500,0.2,478,0.80486,1.7566056757780861
500,0.2,479,0.76759,1.6245323106056466
500,0.2,480,0.80188,1.745180125946836
500,0.2,481,0.80409,1.7536619138684855
500,0.2,482,0.81662,1.8018524398045053
500,0.2,483,0.82698,1.8410583703885761
500,0.2,484,0.79718,1.727830899861374
500,0.2,485,0.79874,1.7337982029406696
500,0.2,486,0.78262,1.677323750317006
500,0.2,487,0.80091,1.7416689231156957
500,0.2,488,0.79877,1.7338656316260384
500,0.2,489,0.79413,1.7177450870306676
500,0.2,490,0.80333,1.7509598616453328
500,0.2,491,0.7965,1.7256765813136856
500,0.2,492,0.8098,1.7743054069931712
500,0.2,493,0.80798,1.7687489769802562
500,0.2,494,0.80179,1.7448615772348322
500,0.2,495,0.77605,1.655149787248642
500,0.2,496,0.83425,1.872109031671913
500,0.2,497,0.79055,1.7054714882020352
500,0.2,498,0.77465,1.6499023140327604
500,0.2,499,0.78654,1.690543719764131
500,0.2,500,0.79091,1.7067123100526065
500,0.2,501,0.76678,1.6224572392793921
500,0.2,502,0.76937,1.6313432987969163
500,0.2,503,0.78357,1.6805557199170935
500,0.2,504,0.79509,1.7208486052958185
500,0.2,505,0.80328,1.750769092759048
500,0.2,506,0.79275,1.7128418055592007
500,0.2,507,0.80029,1.7393464112370274
500,0.2,508,0.7901,1.7040998562809941
500,0.2,509,0.77475,1.6503133722039607
500,0.2,510,0.7894,1.7010850483905242
500,0.2,511,0.77314,1.6438858996393768
500,0.2,512,0.78948,1.701500761461213
500,0.2,513,0.82013,1.8147385528554703
500,0.2,514,0.78289,1.6785633361219614
500,0.2,515,0.80373,1.7521434313948607
500,0.2,516,0.78409,1.6821816421301459
500,0.2,517,0.79745,1.7286500589928602
500,0.2,518,0.79412,1.7176762150129974
500,0.2,519,0.79309,1.714007245626789
500,0.2,520,0.80269,1.7482714998027753
500,0.2,521,0.80016,1.738894356760007
500,0.2,522,0.80015,1.7388088511891813
500,0.2,523,0.81043,1.77689627860535
500,0.2,524,0.8123,1.7845999175379756
500,0.2,525,0.78282,1.6782643074933166
500,0.2,526,0.76322,1.6101332611357009
500,0.2,527,0.79983,1.7374854348837827
500,0.2,528,0.80481,1.7564822525834844
500,0.2,529,0.80498,1.757251205658136
500,0.2,530,0.8136,1.7900252368963083
500,0.2,531,0.8073,1.7657331038370851
500,0.2,532,0.82284,1.8253243535603256
500,0.2,533,0.81389,1.7914037682789874
500,0.2,534,0.79597,1.7239800980573228
500,0.2,535,0.80138,1.743269884014476
500,0.2,536,0.81767,1.8054286460900404
500,0.2,537,0.79669,1.7261963797629027
500,0.2,538,0.80554,1.7590544046257812
500,0.2,539,0.83761,1.8863284519002845
500,0.2,540,0.77964,1.666897669681737
500,0.2,541,0.78866,1.697837763783959
500,0.2,542,0.78409,1.6821741021689007
500,0.2,543,0.80303,1.7493652860685387
500,0.2,544,0.79048,1.7052761785395085
500,0.2,545,0.81053,1.7772319762113136
500,0.2,546,0.81039,1.776683052369223
500,0.2,547,0.79228,1.710723063133023
500,0.2,548,0.80698,1.7647980874665408
500,0.2,549,0.80656,1.7630682203379249
500,0.2,550,0.79907,1.7346934997960173
500,0.2,551,0.78543,1.6867133322741057
500,0.2,552,0.79159,1.70874715943043
500,0.2,553,0.82279,1.8250585517608318
500,0.2,554,0.80304,1.7494877915819749
500,0.2,555,0.79942,1.7359670912037626
500,0.2,556,0.80951,1.7732913598135118
500,0.2,557,0.79516,1.7210602635777223
500,0.2,558,0.79134,1.7080159027483064
500,0.2,559,0.77272,1.6426550019668666
500,0.2,560,0.8357,1.87856490136484
500,0.2,561,0.77705,1.658530932097703
500,0.2,562,0.78677,1.6913914039498616
500,0.2,563,0.76045,1.6014851671989687
500,0.2,564,0.81068,1.7783336595423453
500,0.2,565,0.79469,1.719347174378309
500,0.2,566,0.80292,1.7489453968372697
500,0.2,567,0.82578,1.8361642769083177
500,0.2,568,0.76603,1.619606151683323
500,0.2,569,0.80696,1.7646166183545997
500,0.2,570,0.78088,1.671217378406379
500,0.2,571,0.80321,1.7504470792538074
500,0.2,572,0.83336,1.8683077543165036
500,0.2,573,0.75598,1.5867485639561587
500,0.2,574,0.8002,1.7391048446047739
500,0.2,575,0.81449,1.7935718481605587
500,0.2,576,0.80798,1.7687161459769452
500,0.2,577,0.80268,1.7481966641019326
500,0.2,578,0.77716,1.6589264697700026
500,0.2,579,0.78423,1.682611929057134
500,0.2,580,0.82339,1.827203237963753
500,0.2,581,0.78523,1.6860541696789366
500,0.2,582,0.81077,1.7787654511008202
500,0.2,583,0.80431,1.7544703604431238
500,0.2,584,0.76676,1.6222706990894264
500,0.2,585,0.82192,1.8219101988570707
500,0.2,586,0.80581,1.759920774018036
500,0.2,587,0.77805,1.661713844431448
500,0.2,588,0.79571,1.7230865879389525
500,0.2,589,0.7924,1.7113897005120542
500,0.2,590,0.77498,1.65074692694807
500,0.2,591,0.8042,1.7540767540575555
500,0.2,592,0.80446,1.754967234481131
500,0.2,593,0.80659,1.7633388694235572
500,0.2,594,0.76787,1.6257373290375916
500,0.2,595,0.80795,1.7685430003356197
500,0.2,596,0.81068,1.7781074273993873
500,0.2,597,0.78629,1.6895343468466628
500,0.2,598,0.78412,1.6822852247704039
500,0.2,599,0.81601,1.7997767577298576
500,0.2,600,0.78889,1.6989867339536617
500,0.2,601,0.80295,1.7489967905705384
500,0.2,602,0.79433,1.7182214335120989
500,0.2,603,0.80884,1.771519995795675
500,0.2,604,0.77007,1.6335547561330295
500,0.2,605,0.77954,1.666685163215047
500,0.2,606,0.7894,1.7010693273240896
500,0.2,607,0.80635,1.762382323238259
500,0.2,608,0.77676,1.6579573144498874
500,0.2,609,0.77508,1.651267967410746
500,0.2,610,0.7676,1.6245530618829922
500,0.2,611,0.8223,1.8233383401109104
500,0.2,612,0.77873,1.6639023070303898
500,0.2,613,0.77475,1.650291712914228
500,0.2,614,0.79743,1.72859940867937
500,0.2,615,0.82626,1.8383277804486295
500,0.2,616,0.77933,1.6662046488368407
500,0.2,617,0.80653,1.7629664664407239
500,0.2,618,0.7935,1.7153554436725131
500,0.2,619,0.78899,1.6992871477462033
500,0.2,620,0.80752,1.7668440043106082
500,0.2,621,0.77798,1.6615885317613337
500,0.2,622,0.80093,1.7417540902817388
500,0.2,623,0.79458,1.7190046324590411
500,0.2,624,0.80791,1.7683512162600485
500,0.2,625,0.79356,1.715716971431148
500,0.2,626,0.80416,1.7539676467739402
500,0.2,627,0.79518,1.7211386134519668
500,0.2,628,0.80084,1.7413679737812306
500,0.2,629,0.80003,1.7383267126956448
500,0.2,630,0.81149,1.7815483023136873
500,0.2,631,0.77758,1.6601254404749024
500,0.2,632,0.78562,1.6873313220199653
500,0.2,633,0.8015,1.7437275797254748
500,0.2,634,0.79311,1.7140737400825252
500,0.2,635,0.81871,1.8090857019722293
500,0.2,636,0.78136,1.6732534788092381
500,0.2,637,0.81867,1.8087393357971613
500,0.2,638,0.78142,1.6734266842681136
500,0.2,639,0.81244,1.785255582956563
500,0.2,640,0.81181,1.7825599034020305
500,0.2,641,0.81797,1.8062254752604965
500,0.2,642,0.78351,1.6803603943087215
500,0.2,643,0.80894,1.7717412291307055
500,0.2,644,0.82239,1.8235990204780381
500,0.2,645,0.78884,1.6986763756847503
500,0.2,646,0.78446,1.6833814230042132
500,0.2,647,0.82865,1.8482489386342928
500,0.2,648,0.83015,1.8536900493389
500,0.2,649,0.78629,1.6895646879438757
500,0.2,650,0.78178,1.6747830452451424
500,0.2,651,0.80019,1.7389890305799427
500,0.2,652,0.81253,1.7855837043891132
500,0.2,653,0.79111,1.7072890749322813
500,0.2,654,0.80225,1.7464428823497045
500,0.2,655,0.81814,1.8068551925398286
500,0.2,656,0.80431,1.7544558725284085
500,0.2,657,0.82688,1.8405183103088634
500,0.2,658,0.80621,1.7616683832933573
500,0.2,659,0.83126,1.8585843376504982
500,0.2,660,0.80099,1.7418165764370448
500,0.2,661,0.79881,1.733997360776993
500,0.2,662,0.82164,1.8210020969486225
500,0.2,663,0.77007,1.6335687625188433
500,0.2,664,0.78081,1.6709022656848007
500,0.2,665,0.80536,1.7584923944722022
500,0.2,666,0.79091,1.7067502267877057
500,0.2,667,0.79249,1.7119335180344044
500,0.2,668,0.79655,1.7258087768851502
500,0.2,669,0.80718,1.7652908115488988
500,0.2,670,0.81136,1.7809720746836664
500,0.2,671,0.83203,1.8619780540228925
500,0.2,672,0.80364,1.7518570027971008
500,0.2,673,0.81349,1.789485768231886
500,0.2,674,0.80551,1.7589966462313587
500,0.2,675,0.8058,1.7599018274616363
500,0.2,676,0.80158,1.7441655335856274
500,0.2,677,0.81826,1.8073608325159423
500,0.2,678,0.82608,1.837582926413376
500,0.2,679,0.81871,1.8090955782501026
500,0.2,680,0.83199,1.8617949982417858
500,0.2,681,0.81403,1.7920090237433413
500,0.2,682,0.77565,1.6534876852966414
500,0.2,683,0.78717,1.692763727554499
500,0.2,684,0.77292,1.643225137973412
500,0.2,685,0.79144,1.7082462385965993
500,0.2,686,0.80848,1.7703761368913447
500,0.2,687,0.83435,1.8727282133053444
500,0.2,688,0.81099,1.7794816578411767
500,0.2,689,0.78896,1.699233032901271
500,0.2,690,0.77864,1.6636235203292542
500,0.2,691,0.80829,1.769800236160771
500,0.2,692,0.78892,1.6990217871059403
500,0.2,693,0.79336,1.7148780864711268
500,0.2,694,0.8319,1.8614212673241257
500,0.2,695,0.80053,1.7402466512389048
500,0.2,696,0.82697,1.840930336192164
500,0.2,697,0.78019,1.6687142632397778
500,0.2,698,0.77404,1.6471359815740416
500,0.2,699,0.79893,1.7342800104682332
500,0.2,700,0.80804,1.7689895304072214
500,0.2,701,0.78988,1.7031329588711912
500,0.2,702,0.82814,1.846113313736022
500,0.2,703,0.77606,1.6552140057559466
500,0.2,704,0.79938,1.7357949469279843
500,0.2,705,0.81336,1.788736314337862
500,0.2,706,0.77753,1.66003271022818
500,0.2,707,0.81871,1.8090337305937525
500,0.2,708,0.79466,1.719206587187894
500,0.2,709,0.81097,1.7793600252080286
500,0.2,710,0.78394,1.6817246515770012
500,0.2,711,0.81036,1.776526402439152
500,0.2,712,0.80867,1.7709655143100345
500,0.2,713,0.78763,1.694236034298012
500,0.2,714,0.80879,1.7712679914239988
500,0.2,715,0.82735,1.8423893150131936
500,0.2,716,0.81061,1.7778386671131265
500,0.2,717,0.81281,1.7865893707087668
500,0.2,718,0.80656,1.7631605494726337
500,0.2,719,0.81634,1.8009249271010541
500,0.2,720,0.82349,1.8276780747141692
500,0.2,721,0.78908,1.6996982261588784
500,0.2,722,0.78313,1.6792390442427632
500,0.2,723,0.78416,1.6824721520106931
500,0.2,724,0.82904,1.8493823357441652
500,0.2,725,0.78806,1.6953777571186608
500,0.2,726,0.76825,1.6270898743197975
500,0.2,727,0.80109,1.7421833876455797
500,0.2,728,0.8134,1.7889264949259953
500,0.2,729,0.8307,1.8561284352911598
500,0.2,730,0.77538,1.6525864422843326
500,0.2,731,0.76498,1.6163820332744674
500,0.2,732,0.78419,1.6825344461727678
500,0.2,733,0.82295,1.825607722505576
500,0.2,734,0.82233,1.823418595906266
500,0.2,735,0.81429,1.7928837403123947
500,0.2,736,0.81356,1.7898535721084872
500,0.2,737,0.81383,1.7912062839665293
500,0.2,738,0.79728,1.7280324071327537
500,0.2,739,0.78504,1.6853469939633676
500,0.2,740,0.79692,1.727054285554228
500,0.2,741,0.82543,1.8349550488314625
500,0.2,742,0.79881,1.7339853274828525
500,0.2,743,0.82585,1.8364482239883442
500,0.2,744,0.78438,1.6830451725094222
500,0.2,745,0.81281,1.7865899306730255
500,0.2,746,0.84281,1.9080463678312425
500,0.2,747,0.80243,1.7473092967372712
500,0.2,748,0.80757,1.7669954668745649
500,0.2,749,0.79958,1.7366403290063497
500,0.2,750,0.80506,1.7574934617404672
500,0.2,751,0.78275,1.6778294150745072
500,0.2,752,0.77069,1.6353693855165325
500,0.2,753,0.79037,1.7048186781341175
500,0.2,754,0.81454,1.7937493496096946
500,0.2,755,0.7649,1.6159002650003307
500,0.2,756,0.80107,1.7420296417917984
500,0.2,757,0.79545,1.7221741812529467
500,0.2,758,0.79255,1.7122294403102922
500,0.2,759,0.83142,1.859340108359969
500,0.2,760,0.79865,1.733363131779142
500,0.2,761,0.7924,1.7114217939283207
500,0.2,762,0.78849,1.6971524981805342
500,0.2,763,0.78702,1.6923336436038852
500,0.2,764,0.83745,1.885627363532053
500,0.2,765,0.82387,1.8289530063135386
500,0.2,766,0.80121,1.7428446537117739
500,0.2,767,0.80481,1.7564692741432477
500,0.2,768,0.81111,1.7800242478490147
500,0.2,769,0.76115,1.6041296245311818
500,0.2,770,0.79511,1.7208767251534105
500,0.2,771,0.78043,1.6695130215142477
500,0.2,772,0.77112,1.6367099352955268
500,0.2,773,0.78898,1.6992835954642125
500,0.2,774,0.81885,1.8096913351799189
500,0.2,775,0.77355,1.6453930581964475
500,0.2,776,0.82011,1.8145246902776182
500,0.2,777,0.81032,1.7763737741780377
500,0.2,778,0.80473,1.756197138802599
500,0.2,779,0.79692,1.7269310799444029
500,0.2,780,0.79618,1.7247393756829617
500,0.2,781,0.80656,1.7631526280938123
500,0.2,782,0.80924,1.7726037382822848
500,0.2,783,0.79583,1.7234096540038213
500,0.2,784,0.76828,1.6272288457620765
500,0.2,785,0.84956,1.9387690126877721
500,0.2,786,0.8164,1.8012348916091294
500,0.2,787,0.76587,1.619110551971597
500,0.2,788,0.83746,1.885688988393073
500,0.2,789,0.80316,1.750069356311645
500,0.2,790,0.77301,1.643574917414703
500,0.2,791,0.82201,1.8223530087847104
500,0.2,792,0.75869,1.5958765603799914
500,0.2,793,0.82079,1.8176241245428246
500,0.2,794,0.77925,1.6657838367251652
500,0.2,795,0.81874,1.8091922084100338
500,0.2,796,0.79742,1.7284956196689876
500,0.2,797,0.77295,1.643324765997767
500,0.2,798,0.82694,1.8407587544404116
500,0.2,799,0.78511,1.6855512677778608
500,0.2,800,0.77087,1.6358324975422185
500,0.2,801,0.83759,1.8862105593942093
500,0.2,802,0.78653,1.690518445086484
500,0.2,803,0.81309,1.7878578097220392
500,0.2,804,0.76853,1.6282748792944022
500,0.2,805,0.79028,1.7045495484788282
500,0.2,806,0.82371,1.8285035545167472
500,0.2,807,0.77111,1.636676882476263
500,0.2,808,0.81386,1.7912550091923751
500,0.2,809,0.78699,1.692232047275266
500,0.2,810,0.76903,1.6298428869448602
500,0.2,811,0.82799,1.845492626510361
500,0.2,812,0.82763,1.8437721584318258
500,0.2,813,0.82214,1.822947807743909
500,0.2,814,0.78908,1.6997326240420132
500,0.2,815,0.80574,1.7597118631374757
500,0.2,816,0.81992,1.8134727303763691
500,0.2,817,0.80666,1.76361289268787
500,0.2,818,0.81996,1.8136937662110715
500,0.2,819,0.80316,1.7500706652311364
500,0.2,820,0.81125,1.780584052962739
500,0.2,821,0.82231,1.8233850064417751
500,0.2,822,0.78764,1.694243387332327
500,0.2,823,0.80545,1.7587755101771876
500,0.2,824,0.80818,1.769382547308545
500,0.2,825,0.81158,1.7817400158948207
500,0.2,826,0.78907,1.6995560408719363
500,0.2,827,0.81678,1.802401469558141
500,0.2,828,0.79127,1.707892152442263
500,0.2,829,0.79687,1.7267932894949847
500,0.2,830,0.78907,1.6995876872548352
500,0.2,831,0.79366,1.7161053029989537
500,0.2,832,0.78018,1.668654749799325
500,0.2,833,0.76483,1.6156830823799275
500,0.2,834,0.79665,1.7260446344651061
500,0.2,835,0.80747,1.7665492020968294
500,0.2,836,0.76234,1.607190682521724
500,0.2,837,0.79755,1.7293298428224833
500,0.2,838,0.81762,1.8051893913028931
500,0.2,839,0.81075,1.7786467664579562
500,0.2,840,0.79153,1.7086016533732449
500,0.2,841,0.80921,1.772469931821853
500,0.2,842,0.79406,1.7174395409376055
500,0.2,843,0.818,1.8063173222794673
500,0.2,844,0.82001,1.8138950910476075
500,0.2,845,0.79942,1.736038810059329
500,0.2,846,0.80733,1.7659064634490602
500,0.2,847,0.74882,1.5648105393873912
500,0.2,848,0.80669,1.7637186815916468
500,0.2,849,0.77113,1.6367769257597784
500,0.2,850,0.81596,1.799425604828886
500,0.2,851,0.83081,1.85656181626064
500,0.2,852,0.80532,1.7583266560241035
500,0.2,853,0.77773,1.6606338384898867
500,0.2,854,0.82894,1.8489108702633934
500,0.2,855,0.79078,1.706195598768618
500,0.2,856,0.7901,1.7039650339219388
500,0.2,857,0.80049,1.7400489573628997
500,0.2,858,0.78425,1.6826872922526581
500,0.2,859,0.80432,1.7545100023519598
500,0.2,860,0.76262,1.6083371000812605
500,0.2,861,0.83307,1.8665791500285516
500,0.2,862,0.76111,1.6040398017241477
500,0.2,863,0.78535,1.6865073207601804
500,0.2,864,0.81835,1.8078430770336624
500,0.2,865,0.78709,1.6925560782573341
500,0.2,866,0.79754,1.7292171617516157
500,0.2,867,0.83529,1.8768330911210334
500,0.2,868,0.79003,1.7036428485444277
500,0.2,869,0.79228,1.7107173613398914
500,0.2,870,0.81224,1.7843222466629098
500,0.2,871,0.81452,1.7937022790777337
500,0.2,872,0.79269,1.7125983955741977
500,0.2,873,0.81308,1.7877364622370189
500,0.2,874,0.79252,1.712129420707818
500,0.2,875,0.78423,1.6826185025389764
500,0.2,876,0.7965,1.7257053790751382
500,0.2,877,0.78428,1.682745969901275
500,0.2,878,0.81473,1.7944858221448392
500,0.2,879,0.76911,1.6300746131820048
500,0.2,880,0.81457,1.7938486384805015
500,0.2,881,0.81296,1.7872310737041328
500,0.2,882,0.79474,1.719634053352443
500,0.2,883,0.79255,1.7122395144214906
500,0.2,884,0.77141,1.6377109483325136
500,0.2,885,0.82014,1.8148236331044134
500,0.2,886,0.81712,1.8035190378337669
500,0.2,887,0.78823,1.6959959828079776
500,0.2,888,0.73286,1.518200328953159
500,0.2,889,0.78187,1.6749719576307132
500,0.2,890,0.81793,1.8060245807918833
500,0.2,891,0.79995,1.7378577883953374
500,0.2,892,0.79286,1.7133389312930594
500,0.2,893,0.81259,1.7857264658980119
500,0.2,894,0.78667,1.6909309202835368
500,0.2,895,0.77725,1.6592278602411987
500,0.2,896,0.8355,1.8776890353064355
500,0.2,897,0.79942,1.7360942172798322
500,0.2,898,0.80361,1.7517681757145982
500,0.2,899,0.80118,1.742767135167766
500,0.2,900,0.77194,1.6397474003196912
500,0.2,901,0.78531,1.6863595695864768
500,0.2,902,0.81459,1.7940092263949874
500,0.2,903,0.81304,1.78760721473701
500,0.2,904,0.78103,1.6716408546154908
500,0.2,905,0.81747,1.8046580485774495
500,0.2,906,0.81639,1.8012256095605401
500,0.2,907,0.7885,1.6971816606762162
500,0.2,908,0.78573,1.687769512415541
500,0.2,909,0.80738,1.7663066619703542
500,0.2,910,0.8172,1.8037161101321226
500,0.2,911,0.79311,1.7140634991267452
500,0.2,912,0.77638,1.6564534421595245
500,0.2,913,0.81245,1.7852693162606241
500,0.2,914,0.81369,1.790430540449806
500,0.2,915,0.78972,1.7026323294341679
500,0.2,916,0.77714,1.6587993158813994
500,0.2,917,0.78626,1.689385828794891
500,0.2,918,0.82854,1.8478284307207473
500,0.2,919,0.79511,1.7208814913780985
500,0.2,920,0.80323,1.7505820708881483
500,0.2,921,0.81317,1.7881507275844064
500,0.2,922,0.8042,1.7540846493679014
500,0.2,923,0.80686,1.7641283353805643
500,0.2,924,0.82459,1.8316374802474986
500,0.2,925,0.81933,1.811256004024476
500,0.2,926,0.82118,1.8189845022008868
500,0.2,927,0.79751,1.728790462588604
500,0.2,928,0.78392,1.6816754931896767
500,0.2,929,0.79623,1.7248831035754784
500,0.2,930,0.78667,1.6909185155464728
500,0.2,931,0.83243,1.86362306120429
500,0.2,932,0.80241,1.7471684525975377
500,0.2,933,0.80134,1.743141048130819
500,0.2,934,0.81878,1.8092883942034166
500,0.2,935,0.82501,1.8335078909769247
500,0.2,936,0.81115,1.7801789346402324
500,0.2,937,0.80259,1.7477552839321333
500,0.2,938,0.81187,1.7828770946525965
500,0.2,939,0.80817,1.7693516083729124
500,0.2,940,0.77654,1.6571158341603616
500,0.2,941,0.83995,1.8953653347548132
500,0.2,942,0.8081,1.7691088499810879
500,0.2,943,0.78276,1.6779136491821496
500,0.2,944,0.78475,1.684426653084731
500,0.2,945,0.79777,1.7301494737789658
500,0.2,946,0.80214,1.746148099762781
500,0.2,947,0.79911,1.7348360219019319
500,0.2,948,0.8103,1.7762864845280244
500,0.2,949,0.79352,1.7154926755804287
500,0.2,950,0.80858,1.7706542623335997
500,0.2,951,0.77704,1.6584907962805624
500,0.2,952,0.82694,1.8407554796130245
500,0.2,953,0.84729,1.9276674211538953
500,0.2,954,0.80691,1.764414417002075
500,0.2,955,0.80516,1.757772106397583
500,0.2,956,0.79373,1.7163382823996312
500,0.2,957,0.81508,1.7962199008533155
500,0.2,958,0.8168,1.8024505252573277
500,0.2,959,0.80216,1.746194226996252
500,0.2,960,0.80304,1.7494496519864402
500,0.2,961,0.82785,1.8447061725977656
500,0.2,962,0.78052,1.6698799370137696
500,0.2,963,0.80012,1.7386078654363024
500,0.2,964,0.79168,1.7088983039752803
500,0.2,965,0.82078,1.8174567954985548
500,0.2,966,0.8102,1.7759732539303563
500,0.2,967,0.7978,1.730307245875916
500,0.2,968,0.79316,1.7142231262543608
500,0.2,969,0.80534,1.7583976642750023
500,0.2,970,0.82647,1.8388344613033976
500,0.2,971,0.80693,1.7645495294956657
500,0.2,972,0.80029,1.7393648722765174
500,0.2,973,0.78528,1.6861687016310167
500,0.2,974,0.79386,1.7167522355855165
500,0.2,975,0.80727,1.7655904410748593
500,0.2,976,0.80415,1.7538810203739283
500,0.2,977,0.80216,1.7462647272968483
500,0.2,978,0.80804,1.7690020004142017
500,0.2,979,0.80466,1.7558219917687583
500,0.2,980,0.80002,1.7382461917706826
500,0.2,981,0.79091,1.7067176412174425
500,0.2,982,0.79255,1.712251951169024
500,0.2,983,0.78522,1.6859795066392373
500,0.2,984,0.79807,1.7314514898016466
500,0.2,985,0.79362,1.7158970999080358
500,0.2,986,0.78808,1.695556060114713
500,0.2,987,0.79486,1.7199554938922623
500,0.2,988,0.78643,1.6900379054866435
500,0.2,989,0.80757,1.7670277052475811
500,0.2,990,0.79459,1.719045602867026
500,0.2,991,0.82927,1.8505782111092628
500,0.2,992,0.77907,1.6649469399844696
500,0.2,993,0.79363,1.71598730370107
500,0.2,994,0.80319,1.7503689306984385
500,0.2,995,0.78795,1.695188579835323
500,0.2,996,0.79633,1.7251618216277285
500,0.2,997,0.79311,1.7140387771015566
500,0.2,998,0.79528,1.7214474672771525
500,0.2,999,0.77702,1.6584587574407414
2000,0.05,0,0.95515,2.639445783907493
2000,0.05,1,0.94918,2.5686919009473606
2000,0.05,2,0.95137,2.593712582074758
2000,0.05,3,0.94959,2.57384255246346
2000,0.05,4,0.95277,2.6096699142222253
2000,0.05,5,0.95337,2.616590311867857
2000,0.05,6,0.95146,2.595022012736348
2000,0.05,7,0.94996,2.5790076228278473
2000,0.05,8,0.949,2.566405932382038
2000,0.05,9,0.94428,2.521932694655153
2000,0.05,10,0.95288,2.611321774191672
2000,0.05,11,0.95303,2.6128938670401984
2000,0.05,12,0.95453,2.6298084219478555
2000,0.05,13,0.94791,2.5557202086561692
2000,0.05,14,0.94737,2.5513032214721667
2000,0.05,15,0.94952,2.5730565125948655
2000,0.05,16,0.95236,2.6050024620050687
2000,0.05,17,0.94649,2.5431531144950767
2000,0.05,18,0.93994,2.484618630392044
2000,0.05,19,0.94249,2.506492887907555
2000,0.05,20,0.94888,2.5650839620110326
2000,0.05,21,0.9396,2.481420680188849
2000,0.05,22,0.95053,2.5861679732257183
2000,0.05,23,0.94582,2.5368829416766894
2000,0.05,24,0.95093,2.590177333530433
2000,0.05,25,0.94234,2.5055663085787607
2000,0.05,26,0.94587,2.537787082875294
2000,0.05,27,0.9505,2.5859970927737566
2000,0.05,28,0.94882,2.5647100580856996
2000,0.05,29,0.95053,2.586316034755436
2000,0.05,30,0.94983,2.577578118416029
2000,0.05,31,0.95401,2.6240389045358747
2000,0.05,32,0.95241,2.605937736442463
2000,0.05,33,0.9431,2.511785826892221
2000,0.05,34,0.94409,2.520621557544994
2000,0.05,35,0.95085,2.5896578217907416
2000,0.05,36,0.95839,2.6741098575726348
2000,0.05,37,0.94256,2.507256609320919
2000,0.05,38,0.94996,2.5790459984159293
2000,0.05,39,0.95518,2.639867237065348
2000,0.05,40,0.94962,2.57418733978715
2000,0.05,41,0.95076,2.588549541595099
2000,0.05,42,0.94932,2.5703355861306174
2000,0.05,43,0.94876,2.563776777079811
2000,0.05,44,0.94924,2.569348734193662
2000,0.05,45,0.94951,2.572750762632145
2000,0.05,46,0.95207,2.6015004848035908
2000,0.05,47,0.94819,2.5582391700561957
2000,0.05,48,0.94353,2.515848026420864
2000,0.05,49,0.95137,2.5937086903440214
2000,0.05,50,0.95333,2.616203293351023
2000,0.05,51,0.94741,2.551675585799937
2000,0.05,52,0.95197,2.600635501828144
2000,0.05,53,0.94689,2.547350946369243
2000,0.05,54,0.95293,2.611723380077493
2000,0.05,55,0.95631,2.650384282312662
2000,0.05,56,0.94996,2.579058603004672
2000,0.05,57,0.94993,2.578750574594369
2000,0.05,58,0.94667,2.545375574583578
2000,0.05,59,0.95453,2.6300421107231085
2000,0.05,60,0.94618,2.539812713890249
2000,0.05,61,0.94843,2.5606648828777896
2000,0.05,62,0.95241,2.6058380932659206
2000,0.05,63,0.95224,2.603804289315025
2000,0.05,64,0.9547,2.6327060478348248
2000,0.05,65,0.94495,2.528340689739972
2000,0.05,66,0.93941,2.4792924707548396
2000,0.05,67,0.94477,2.526903035032241
2000,0.05,68,0.94265,2.5078512217174644
2000,0.05,69,0.95308,2.6132492236049094
2000,0.05,70,0.95188,2.5991618629351763
2000,0.05,71,0.95348,2.6174680285438505
2000,0.05,72,0.94771,2.5538085754689943
2000,0.05,73,0.95881,2.6792056808108486
2000,0.05,74,0.94741,2.5517437502337312
2000,0.05,75,0.94519,2.5302318659976564
2000,0.05,76,0.94624,2.540969975816477
2000,0.05,77,0.94933,2.570456220424938
2000,0.05,78,0.94773,2.55418840889022
2000,0.05,79,0.94914,2.5682923088153915
2000,0.05,80,0.93854,2.4723863871947103
2000,0.05,81,0.95284,2.6106625657176954
2000,0.05,82,0.94161,2.498689061451696
2000,0.05,83,0.95607,2.6479050178640664
2000,0.05,84,0.94799,2.556409842750025
2000,0.05,85,0.94877,2.5638591783681215
2000,0.05,86,0.94319,2.512180877174047
2000,0.05,87,0.96099,2.705172946253252
2000,0.05,88,0.94912,2.568214689418761
2000,0.05,89,0.95219,2.6028257021226895
2000,0.05,90,0.9497,2.576267154985592
2000,0.05,91,0.95537,2.6415984279125277
2000,0.05,92,0.94894,2.5654186947168838
2000,0.05,93,0.95496,2.636689073493797
2000,0.05,94,0.94657,2.5439593669411296
2000,0.05,95,0.95582,2.6448428452831605
2000,0.05,96,0.95382,2.6216348588994087
2000,0.05,97,0.94472,2.5263989582179014
2000,0.05,98,0.95812,2.6701312608124868
2000,0.05,99,0.95236,2.604930158208798
2000,0.05,100,0.9525,2.6070211209298266
2000,0.05,101,0.95505,2.638141708010781
2000,0.05,102,0.94764,2.5528915120748437
2000,0.05,103,0.95021,2.5824171293931486
2000,0.05,104,0.95508,2.6383828380209104
2000,0.05,105,0.95222,2.6035888208845392
2000,0.05,106,0.94773,2.554210934290552
2000,0.05,107,0.94055,2.489831914812599
2000,0.05,108,0.94468,2.525917040171313
2000,0.05,109,0.9421,2.503775021183753
2000,0.05,110,0.95265,2.6083074119830867
2000,0.05,111,0.95836,2.673262465713292
2000,0.05,112,0.95119,2.5923287907140655
2000,0.05,113,0.96111,2.7064430773293795
2000,0.05,114,0.94683,2.5469535430966945
2000,0.05,115,0.9536,2.6187223158349675
2000,0.05,116,0.94624,2.5409320932323634
2000,0.05,117,0.94624,2.540925568808765
2000,0.05,118,0.95331,2.615616552688756
2000,0.05,119,0.95006,2.580560539347273
2000,0.05,120,0.95418,2.6261764831547443
2000,0.05,121,0.9449,2.5280448472277453
2000,0.05,122,0.95392,2.622867787811745
2000,0.05,123,0.95309,2.613352480410895
2000,0.05,124,0.94856,2.5625640543312223
2000,0.05,125,0.94933,2.5704992488568745
2000,0.05,126,0.94169,2.4994971369734875
2000,0.05,127,0.95249,2.6066634914879203
2000,0.05,128,0.94226,2.504919774257359
2000,0.05,129,0.95005,2.580465161089373
2000,0.05,130,0.94662,2.5446166766536975
2000,0.05,131,0.95405,2.6243726522242046
2000,0.05,132,0.93521,2.445331288945493
2000,0.05,133,0.9463,2.5414682670848876
2000,0.05,134,0.9561,2.6482216437423185
2000,0.05,135,0.95624,2.6491164256341873
2000,0.05,136,0.93994,2.484676513571289
2000,0.05,137,0.94798,2.556373661118754
2000,0.05,138,0.95372,2.6205889948368597
2000,0.05,139,0.95382,2.6218479063950277
2000,0.05,140,0.94594,2.5383871538932747
2000,0.05,141,0.95523,2.640077177079471
2000,0.05,142,0.9527,2.6092718565544164
2000,0.05,143,0.94729,2.550563798190366
2000,0.05,144,0.94756,2.5527028962097065
2000,0.05,145,0.95836,2.673202754288407
2000,0.05,146,0.94689,2.5472261009011605
2000,0.05,147,0.95023,2.5825643815195884
2000,0.05,148,0.94952,2.5728778384004145
2000,0.05,149,0.95086,2.589805914150412
2000,0.05,150,0.95187,2.5988670002273206
2000,0.05,151,0.95219,2.6028017632634084
2000,0.05,152,0.96203,2.7195397732889726
2000,0.05,153,0.95658,2.6527496324315902
2000,0.05,154,0.95734,2.660436919948243
2000,0.05,155,0.94583,2.5369027466416387
2000,0.05,156,0.95403,2.624085076349356
2000,0.05,157,0.94491,2.5281358006157295
2000,0.05,158,0.95666,2.6533315425429396
2000,0.05,159,0.95317,2.6139524002206285
2000,0.05,160,0.9461,2.5393536200424407
2000,0.05,161,0.9421,2.50377347987762
2000,0.05,162,0.95153,2.5955261584901548
2000,0.05,163,0.95192,2.599974074307804
2000,0.05,164,0.95049,2.585827285333796
2000,0.05,165,0.95453,2.629865258573052
2000,0.05,166,0.94999,2.579586306361223
2000,0.05,167,0.95175,2.5977042118813443
2000,0.05,168,0.9541,2.624861843942935
2000,0.05,169,0.95393,2.6232976077925656
2000,0.05,170,0.94477,2.526559115762191
2000,0.05,171,0.95186,2.5986647781564294
2000,0.05,172,0.94918,2.5688725814795363
2000,0.05,173,0.9532,2.6142400208987993
2000,0.05,174,0.94586,2.537456158237631
2000,0.05,175,0.95368,2.619938694680333
2000,0.05,176,0.9535,2.6177131226004615
2000,0.05,177,0.95087,2.58985313400258
2000,0.05,178,0.94642,2.5421945668798873
2000,0.05,179,0.95729,2.659640145231072
2000,0.05,180,0.94622,2.5406727332383743
2000,0.05,181,0.95569,2.6437296770771646
2000,0.05,182,0.95382,2.6216344294206833
2000,0.05,183,0.95007,2.581327565761315
2000,0.05,184,0.94304,2.511193593738905
2000,0.05,185,0.95061,2.587019955527596
2000,0.05,186,0.94698,2.5478275265192614
2000,0.05,187,0.95649,2.652095995774296
2000,0.05,188,0.94896,2.5656459040632447
2000,0.05,189,0.95574,2.6445507705372098
2000,0.05,190,0.95456,2.630970080905397
2000,0.05,191,0.95134,2.593496018483369
2000,0.05,192,0.94003,2.485590644235651
2000,0.05,193,0.95484,2.634994111313824
2000,0.05,194,0.95415,2.625893923168592
2000,0.05,195,0.95197,2.6007028843873723
2000,0.05,196,0.95183,2.5984835688032364
2000,0.05,197,0.94717,2.549604612803095
2000,0.05,198,0.95484,2.634834972657623
2000,0.05,199,0.95354,2.6182649439187773
2000,0.05,200,0.95237,2.6051538830822674
2000,0.05,201,0.94567,2.5351052474743314
2000,0.05,202,0.95077,2.5886816100566428
2000,0.05,203,0.94408,2.5201725649839135
2000,0.05,204,0.94551,2.5332466032083465
2000,0.05,205,0.94901,2.566841098985184
2000,0.05,206,0.95498,2.63702208582655
2000,0.05,207,0.94706,2.5486236170500645
2000,0.05,208,0.94868,2.5632276943815233
2000,0.05,209,0.95506,2.6383046221961908
2000,0.05,210,0.95219,2.602696596067434
2000,0.05,211,0.94819,2.558243097376146
2000,0.05,212,0.94209,2.5037113751351794
2000,0.05,213,0.95133,2.593387988423589
2000,0.05,214,0.94912,2.5682302711668794
2000,0.05,215,0.94776,2.554535711195008
2000,0.05,216,0.95341,2.6172021227199544
2000,0.05,217,0.95045,2.5854014586386396
2000,0.05,218,0.95948,2.687455340573455
2000,0.05,219,0.94787,2.55539142687723
2000,0.05,220,0.94988,2.5782152569674506
2000,0.05,221,0.95275,2.6095648051460962
2000,0.05,222,0.95693,2.6562383482880207
2000,0.05,223,0.96204,2.7197692731137444
2000,0.05,224,0.95126,2.59289953443725
2000,0.05,225,0.94912,2.568125405089998
2000,0.05,226,0.95326,2.6149778301508695
2000,0.05,227,0.94641,2.5420980701903577
2000,0.05,228,0.96533,2.7641274708127983
2000,0.05,229,0.94082,2.4929438467280542
2000,0.05,230,0.95119,2.5922962868398667
2000,0.05,231,0.94995,2.578915442496945
2000,0.05,232,0.95693,2.656236372997582
2000,0.05,233,0.9511,2.59177503711565
2000,0.05,234,0.95198,2.600789861994598
2000,0.05,235,0.95098,2.5906213061072236
2000,0.05,236,0.96271,2.72815931349502
2000,0.05,237,0.9462,2.5401664754944515
2000,0.05,238,0.94291,2.5103104882258234
2000,0.05,239,0.94773,2.5542002569120177
2000,0.05,240,0.95461,2.631366864477033
2000,0.05,241,0.95445,2.6288505001152354
2000,0.05,242,0.94586,2.5374295494131722
2000,0.05,243,0.95488,2.6357496958535265
2000,0.05,244,0.95501,2.637580971675072
2000,0.05,245,0.94601,2.5387872107448217
2000,0.05,246,0.95036,2.584270790848165
2000,0.05,247,0.95007,2.581067120675926
2000,0.05,248,0.94524,2.530502113905183
2000,0.05,249,0.95498,2.636922977094475
2000,0.05,250,0.94529,2.5308845349699958
2000,0.05,251,0.9525,2.6070260668573253
2000,0.05,252,0.94095,2.4936365659946786
2000,0.05,253,0.9487,2.563300731437428
2000,0.05,254,0.94926,2.5696875950678226
2000,0.05,255,0.94846,2.5611018073132823
2000,0.05,256,0.95963,2.689137790720473
2000,0.05,257,0.95753,2.66267377579868
2000,0.05,258,0.95163,2.5963826101850174
2000,0.05,259,0.95372,2.6208942855048107
2000,0.05,260,0.94749,2.5523247944403757
2000,0.05,261,0.95593,2.6460464100539327
2000,0.05,262,0.95268,2.608833339185156
2000,0.05,263,0.95018,2.5822869590334574
2000,0.05,264,0.9541,2.625050118637957
2000,0.05,265,0.95332,2.615796628937133
2000,0.05,266,0.94906,2.5671923319356895
2000,0.05,267,0.94445,2.5234589156132357
2000,0.05,268,0.95939,2.686260424075608
2000,0.05,269,0.95011,2.581441441584321
2000,0.05,270,0.95695,2.656409424674858
2000,0.05,271,0.95288,2.611240681119667
2000,0.05,272,0.94892,2.5652660498081428
2000,0.05,273,0.95052,2.5861088748419347
2000,0.05,274,0.95093,2.5901522396735217
2000,0.05,275,0.94199,2.502711773537228
2000,0.05,276,0.94291,2.51028817479271
2000,0.05,277,0.94307,2.511565590837708
2000,0.05,278,0.95491,2.635943617594889
2000,0.05,279,0.95869,2.677755524996904
2000,0.05,280,0.95277,2.6098006657066173
2000,0.05,281,0.95236,2.605025608435796
2000,0.05,282,0.94289,2.5100695634521717
2000,0.05,283,0.95248,2.6066234553812686
2000,0.05,284,0.94399,2.5193199409803633
2000,0.05,285,0.94721,2.5499208053773508
2000,0.05,286,0.95222,2.6034308406999536
2000,0.05,287,0.95476,2.633577866716534
2000,0.05,288,0.94556,2.5336036012256145
2000,0.05,289,0.95068,2.5876962161514587
2000,0.05,290,0.95219,2.6027100423471725
2000,0.05,291,0.95711,2.6577632325115874
2000,0.05,292,0.94725,2.550426301269728
2000,0.05,293,0.95212,2.6019197937339587
2000,0.05,294,0.94651,2.5434246971699963
2000,0.05,295,0.94668,2.5455996714643856
2000,0.05,296,0.95372,2.6208824224061926
2000,0.05,297,0.94969,2.5757058411225824
2000,0.05,298,0.95439,2.6284388159458962
2000,0.05,299,0.95007,2.5812029164178854
2000,0.05,300,0.95303,2.6129689001543994
2000,0.05,301,0.95628,2.6499406459538366
2000,0.05,302,0.94563,2.534528203507354
2000,0.05,303,0.9427,2.508319688804242
2000,0.05,304,0.94969,2.5757320621042785
2000,0.05,305,0.94529,2.5309458245816434
2000,0.05,306,0.95232,2.6043814439157082
2000,0.05,307,0.95822,2.6709399465780974
2000,0.05,308,0.95372,2.620930079674412
2000,0.05,309,0.94156,2.498208032459736
2000,0.05,310,0.95216,2.6025433521463794
2000,0.05,311,0.94297,2.5108343381437033
2000,0.05,312,0.95044,2.58520418452117
2000,0.05,313,0.94513,2.52984053563379
2000,0.05,314,0.95414,2.625696526956914
2000,0.05,315,0.95853,2.675748303437283
2000,0.05,316,0.94879,2.564087943103377
2000,0.05,317,0.95125,2.592827509495798
2000,0.05,318,0.95328,2.615503538672642
2000,0.05,319,0.9504,2.5846743849584355
2000,0.05,320,0.95062,2.58713834380406
2000,0.05,321,0.9514,2.593973604288731
2000,0.05,322,0.95795,2.6686770791936905
2000,0.05,323,0.95419,2.6264499693235863
2000,0.05,324,0.94865,2.5630676665117043
2000,0.05,325,0.94601,2.5388552380730496
2000,0.05,326,0.95363,2.619348158763179
2000,0.05,327,0.94715,2.5493220512143573
2000,0.05,328,0.95049,2.585737190137085
2000,0.05,329,0.95178,2.598078157874066
2000,0.05,330,0.94158,2.4984370155187343
2000,0.05,331,0.95081,2.5889881456197044
2000,0.05,332,0.94733,2.551000194552913
2000,0.05,333,0.95765,2.6649773745588217
2000,0.05,334,0.94942,2.571696394357884
2000,0.05,335,0.95076,2.5886201462988314
2000,0.05,336,0.95668,2.6537047850007567
2000,0.05,337,0.93673,2.457066727163207
2000,0.05,338,0.95595,2.6466074360672627
2000,0.05,339,0.95854,2.675918318186805
2000,0.05,340,0.94491,2.5281554508582103
2000,0.05,341,0.94391,2.51843371159159
2000,0.05,342,0.95166,2.5965770137304336
2000,0.05,343,0.94846,2.561280855031241
2000,0.05,344,0.95594,2.646134513899975
2000,0.05,345,0.95288,2.611268368663275
2000,0.05,346,0.95383,2.6220502530694123
2000,0.05,347,0.9462,2.540203584643449
2000,0.05,348,0.95176,2.597753033923674
2000,0.05,349,0.93849,2.4720860601943215
2000,0.05,350,0.95718,2.6587905583355704
2000,0.05,351,0.95107,2.591552667690462
2000,0.05,352,0.95289,2.611488054041717
2000,0.05,353,0.94911,2.567975064530528
2000,0.05,354,0.94678,2.5463031512939
2000,0.05,355,0.94559,2.533899491895723
2000,0.05,356,0.95374,2.6211819077527854
2000,0.05,357,0.95508,2.6383923107716756
2000,0.05,358,0.95105,2.591446841025787
2000,0.05,359,0.95281,2.609987091310255
2000,0.05,360,0.94146,2.497510453413312
2000,0.05,361,0.94966,2.5750098750424977
2000,0.05,362,0.94994,2.578828381358351
2000,0.05,363,0.94982,2.577177128583623
2000,0.05,364,0.94267,2.5081287641191574
2000,0.05,365,0.95219,2.6027558234377866
2000,0.05,366,0.94797,2.5562964651048743
2000,0.05,367,0.9551,2.638738463059271
2000,0.05,368,0.94278,2.5091409620204073
2000,0.05,369,0.94334,2.5145592122066853
2000,0.05,370,0.9441,2.520672811400965
2000,0.05,371,0.95143,2.5947420871344704
2000,0.05,372,0.94933,2.5703425705114795
2000,0.05,373,0.94569,2.535317413135466
2000,0.05,374,0.95001,2.5800510280292537
2000,0.05,375,0.94943,2.571843851307903
2000,0.05,376,0.94271,2.5083534900061517
2000,0.05,377,0.95791,2.6680837165336206
2000,0.05,378,0.9545,2.6293010502552563
2000,0.05,379,0.95053,2.586361882941601
2000,0.05,380,0.95786,2.667710949150713
2000,0.05,381,0.95187,2.598799798606968
2000,0.05,382,0.94493,2.528220586159299
2000,0.05,383,0.95124,2.5926865397289047
2000,0.05,384,0.95475,2.6334936985462187
2000,0.05,385,0.95328,2.615521018611898
2000,0.05,386,0.94871,2.5634002775496834
2000,0.05,387,0.95188,2.5993596188148254
2000,0.05,388,0.9535,2.6178770514161895
2000,0.05,389,0.95036,2.5842813102811943
2000,0.05,390,0.95032,2.5835814462489792
2000,0.05,391,0.95299,2.6125119803128967
2000,0.05,392,0.9449,2.528022186063124
2000,0.05,393,0.9525,2.6069445020864426
2000,0.05,394,0.95042,2.5848352019929433
2000,0.05,395,0.95141,2.594337500724887
2000,0.05,396,0.95812,2.67009114160522
2000,0.05,397,0.94724,2.5502398152797756
2000,0.05,398,0.95595,2.646448734729846
2000,0.05,399,0.94816,2.5581614477313384
2000,0.05,400,0.95186,2.5986011810839322
2000,0.05,401,0.94531,2.5310401522594583
2000,0.05,402,0.95191,2.599918411546879
2000,0.05,403,0.95187,2.5988122809317864
2000,0.05,404,0.94961,2.573910070995937
2000,0.05,405,0.95454,2.630450741893715
2000,0.05,406,0.9492,2.569009081865964
2000,0.05,407,0.94999,2.5796500963215596
2000,0.05,408,0.96182,2.7167685831134665
2000,0.05,409,0.95382,2.621787343097222
2000,0.05,410,0.94562,2.5341508213447863
2000,0.05,411,0.96109,2.706154433855971
2000,0.05,412,0.95062,2.5872577460730946
2000,0.05,413,0.95528,2.640569280139296
2000,0.05,414,0.94548,2.533017841032496
2000,0.05,415,0.94748,2.55222723435847
2000,0.05,416,0.95424,2.626848136761562
2000,0.05,417,0.95312,2.6135601685672363
2000,0.05,418,0.94114,2.494805123916003
2000,0.05,419,0.95674,2.6542422708570133
2000,0.05,420,0.95085,2.5895014213765988
2000,0.05,421,0.9402,2.4873753468634696
2000,0.05,422,0.95514,2.639384008972659
2000,0.05,423,0.95753,2.6626495611233274
2000,0.05,424,0.95475,2.63353603945282
2000,0.05,425,0.95308,2.6132256550974144
2000,0.05,426,0.95274,2.609423989971941
2000,0.05,427,0.93816,2.4691494376445147
2000,0.05,428,0.94566,2.534953671476887
2000,0.05,429,0.9411,2.49446711695783
2000,0.05,430,0.94987,2.5781152996804555
2000,0.05,431,0.94701,2.54802247180642
2000,0.05,432,0.9406,2.4906269809345805
2000,0.05,433,0.95281,2.6100350385370246
2000,0.05,434,0.94816,2.5580753925288686
2000,0.05,435,0.95154,2.5957858710712003
2000,0.05,436,0.95439,2.6283544827427328
2000,0.05,437,0.95832,2.672080807284335
2000,0.05,438,0.95602,2.647333755689156
2000,0.05,439,0.95207,2.6014903595312115
2000,0.05,440,0.94068,2.491335433426662
2000,0.05,441,0.94766,2.553126946943909
2000,0.05,442,0.94752,2.5525159860044426
2000,0.05,443,0.95177,2.5979012278663154
2000,0.05,444,0.94947,2.5724469462078066
2000,0.05,445,0.94276,2.50898830796654
2000,0.05,446,0.94075,2.4925371636639952
2000,0.05,447,0.93608,2.4525334834873194
2000,0.05,448,0.94831,2.5592244528017307
2000,0.05,449,0.95085,2.5896882367900904
2000,0.05,450,0.94653,2.5435573381811385
2000,0.05,451,0.95449,2.6292780024648286
2000,0.05,452,0.94972,2.576385142884026
2000,0.05,453,0.95822,2.6710517859631535
2000,0.05,454,0.95049,2.58582460535935
2000,0.05,455,0.94899,2.5663009390913194
2000,0.05,456,0.94951,2.5727780552799113
2000,0.05,457,0.95455,2.6307146116620372
2000,0.05,458,0.952,2.6010242758640514
2000,0.05,459,0.94656,2.543667841091227
2000,0.05,460,0.94644,2.542451417453747
2000,0.05,461,0.95372,2.620872274161171
2000,0.05,462,0.94457,2.5248992335742355
2000,0.05,463,0.94858,2.56274641089266
2000,0.05,464,0.94961,2.573914403882424
2000,0.05,465,0.94131,2.4961228110322295
2000,0.05,466,0.95057,2.5866886592909415
2000,0.05,467,0.9519,2.599680536322409
2000,0.05,468,0.94734,2.5510758899454506
2000,0.05,469,0.94799,2.556454153646535
2000,0.05,470,0.95884,2.6796178289354415
2000,0.05,471,0.95301,2.6125736277157414
2000,0.05,472,0.9552,2.639928344582896
2000,0.05,473,0.9606,2.699667160704543
2000,0.05,474,0.94733,2.5509768565839868
2000,0.05,475,0.9534,2.616980419429044
2000,0.05,476,0.95498,2.636984650087504
2000,0.05,477,0.95219,2.602769059704593
2000,0.05,478,0.95123,2.5925149957914178
2000,0.05,479,0.94359,2.5161623381577685
2000,0.05,480,0.95647,2.651805961031082
2000,0.05,481,0.95382,2.621810419781246
2000,0.05,482,0.95741,2.6613751607089506
2000,0.05,483,0.95597,2.646790277979003
2000,0.05,484,0.95454,2.6302690698240783
2000,0.05,485,0.95098,2.590600282950113
2000,0.05,486,0.94954,2.5732980691552125
2000,0.05,487,0.95775,2.6666241068238588
2000,0.05,488,0.94651,2.5433153394493995
2000,0.05,489,0.95234,2.6047344612442203
2000,0.05,490,0.94529,2.530901801929782
2000,0.05,491,0.95574,2.6445734693100165
2000,0.05,492,0.95143,2.594817937354988
2000,0.05,493,0.95995,2.692180101141162
2000,0.05,494,0.94519,2.5302401064778364
2000,0.05,495,0.95508,2.638372461593167
2000,0.05,496,0.95177,2.597875980637841
2000,0.05,497,0.94918,2.5688675355477537
2000,0.05,498,0.95077,2.5886619305890033
2000,0.05,499,0.94624,2.5409540166559275
2000,0.05,500,0.94887,2.565033512803451
2000,0.05,501,0.94156,2.4982114185352136
2000,0.05,502,0.94954,2.5732105108167405
2000,0.05,503,0.95219,2.602914772517969
2000,0.05,504,0.94327,2.513834557588669
2000,0.05,505,0.95425,2.626997841806626
2000,0.05,506,0.95491,2.6359138178958874
2000,0.05,507,0.95267,2.608730784939695
2000,0.05,508,0.95323,2.6144752673612603
2000,0.05,509,0.95723,2.6590709046871313
2000,0.05,510,0.94664,2.5448582427817343
2000,0.05,511,0.94147,2.497633650641345
2000,0.05,512,0.95529,2.640840990602877
2000,0.05,513,0.93918,2.4773819410792615
2000,0.05,514,0.96182,2.7162206994251523
2000,0.05,515,0.95483,2.634778607328373
2000,0.05,516,0.94556,2.5335942847710102
2000,0.05,517,0.95166,2.5965029005979403
2000,0.05,518,0.95775,2.666450449171824
2000,0.05,519,0.95772,2.6659493662192983
2000,0.05,520,0.94277,2.5091211830532507
2000,0.05,521,0.94628,2.5412604072860123
2000,0.05,522,0.95268,2.609006584610331
2000,0.05,523,0.95475,2.6334512446305816
2000,0.05,524,0.94736,2.55127206272977
2000,0.05,525,0.94162,2.4987668414572592
2000,0.05,526,0.95595,2.646391491961992
2000,0.05,527,0.95086,2.5898219828496165
2000,0.05,528,0.95144,2.5948788456738847
2000,0.05,529,0.94845,2.560915406902442
2000,0.05,530,0.9455,2.5330977459766952
2000,0.05,531,0.95013,2.58157377748305
2000,0.05,532,0.94761,2.552834572162748
2000,0.05,533,0.95431,2.6277797912656116
2000,0.05,534,0.95498,2.637112186906792
2000,0.05,535,0.94909,2.5676361193112927
2000,0.05,536,0.95215,2.602436678947409
2000,0.05,537,0.95102,2.591115767404907
2000,0.05,538,0.96023,2.6944709590504616
2000,0.05,539,0.94506,2.529413727130838
2000,0.05,540,0.95608,2.6480175806150563
2000,0.05,541,0.95241,2.6058172418789898
2000,0.05,542,0.96091,2.7041173790077124
2000,0.05,543,0.95663,2.6530456414041246
2000,0.05,544,0.95472,2.6329139834735615
2000,0.05,545,0.94191,2.501979040559743
2000,0.05,546,0.95372,2.620426854123165
2000,0.05,547,0.95403,2.6241248216273068
2000,0.05,548,0.94586,2.5374817882351266
2000,0.05,549,0.95473,2.6330983786839712
2000,0.05,550,0.94582,2.5368593610229606
2000,0.05,551,0.9514,2.5940771929590882
2000,0.05,552,0.95852,2.6754018728055127
2000,0.05,553,0.95641,2.6511061576829604
2000,0.05,554,0.94622,2.5403445591609133
2000,0.05,555,0.94772,2.554171063851375
2000,0.05,556,0.95485,2.6353467721960575
2000,0.05,557,0.94942,2.57140543656375
2000,0.05,558,0.94123,2.4953534393909607
2000,0.05,559,0.95603,2.647379192766831
2000,0.05,560,0.9461,2.539383204601793
2000,0.05,561,0.94455,2.5246626152711977
2000,0.05,562,0.9426,2.5075530292080312
2000,0.05,563,0.94839,2.5602435008276796
2000,0.05,564,0.94999,2.579520309481317
2000,0.05,565,0.93974,2.4827056401664422
2000,0.05,566,0.94601,2.5387755299812897
2000,0.05,567,0.95078,2.5888402845909932
2000,0.05,568,0.95695,2.6563719907175853
2000,0.05,569,0.95627,2.649564196721032
2000,0.05,570,0.95429,2.627432746337096
2000,0.05,571,0.95632,2.6504915173633314
2000,0.05,572,0.95725,2.659321177334187
2000,0.05,573,0.94776,2.554358553664459
2000,0.05,574,0.95372,2.620922017862544
2000,0.05,575,0.95464,2.6319215560908065
2000,0.05,576,0.95175,2.597654190136304
2000,0.05,577,0.95372,2.6202629696347826
2000,0.05,578,0.95183,2.5985656493639633
2000,0.05,579,0.9524,2.6054843873742874
2000,0.05,580,0.95219,2.6029541470780906
2000,0.05,581,0.93652,2.4553244739253843
2000,0.05,582,0.95785,2.6674746327408165
2000,0.05,583,0.95604,2.6475541100826043
2000,0.05,584,0.95455,2.6305094372920594
2000,0.05,585,0.94898,2.5660115159817662
2000,0.05,586,0.96033,2.6962385743313693
2000,0.05,587,0.94292,2.5103961240762525
2000,0.05,588,0.95999,2.6925481935460396
2000,0.05,589,0.95488,2.6356960314757454
2000,0.05,590,0.94945,2.5721032039536165
2000,0.05,591,0.95254,2.607357452186471
2000,0.05,592,0.95022,2.582534982903537
2000,0.05,593,0.95318,2.614124649611666
2000,0.05,594,0.95365,2.6195600063878715
2000,0.05,595,0.96032,2.6958472555025113
2000,0.05,596,0.94882,2.5645935974585656
2000,0.05,597,0.95027,2.5830753955789993
2000,0.05,598,0.9547,2.6325247887481362
2000,0.05,599,0.94705,2.548276386755068
2000,0.05,600,0.9509,2.589996865341014
2000,0.05,601,0.94983,2.5775584697453056
2000,0.05,602,0.94819,2.5582486469173977
2000,0.05,603,0.9547,2.6327484738048472
2000,0.05,604,0.94576,2.536005561637694
2000,0.05,605,0.94199,2.502629618414504
2000,0.05,606,0.94725,2.5504371552213057
2000,0.05,607,0.94623,2.5407226555386533
2000,0.05,608,0.93988,2.483971754527839
2000,0.05,609,0.94733,2.550871858316614
2000,0.05,610,0.95144,2.594852892458021
2000,0.05,611,0.9481,2.5572998849829633
2000,0.05,612,0.95826,2.6713879437020758
2000,0.05,613,0.95267,2.6086195836372923
2000,0.05,614,0.95232,2.6043101945950924
2000,0.05,615,0.95361,2.619118333982676
2000,0.05,616,0.94717,2.5494179043133434
2000,0.05,617,0.95187,2.598911022683946
2000,0.05,618,0.95311,2.6134534566269143
2000,0.05,619,0.93975,2.4827672638804725
2000,0.05,620,0.94804,2.556674160552738
2000,0.05,621,0.95413,2.625539398305059
2000,0.05,622,0.94875,2.5637706051826292
2000,0.05,623,0.95007,2.5811883990386244
2000,0.05,624,0.93975,2.4828023122283907
2000,0.05,625,0.9412,2.495029585784567
2000,0.05,626,0.95098,2.5906554827334416
2000,0.05,627,0.95317,2.6139701924099494
2000,0.05,628,0.95316,2.6138301663768693
2000,0.05,629,0.94682,2.5468074717561326
2000,0.05,630,0.95448,2.6291126485415597
2000,0.05,631,0.95919,2.6832997239130583
2000,0.05,632,0.94833,2.559504480380792
2000,0.05,633,0.96076,2.7020972705925557
2000,0.05,634,0.95144,2.5949051244643773
2000,0.05,635,0.95244,2.606328422301442
2000,0.05,636,0.94942,2.571534322593844
2000,0.05,637,0.95102,2.591322731756961
2000,0.05,638,0.94587,2.537697982911781
2000,0.05,639,0.95361,2.6191797385857507
2000,0.05,640,0.95034,2.58373549749334
2000,0.05,641,0.9507,2.5879678239181985
2000,0.05,642,0.95463,2.63182884223084
2000,0.05,643,0.94663,2.5447318859304606
2000,0.05,644,0.95065,2.5874719013772993
2000,0.05,645,0.95419,2.6263195870670586
2000,0.05,646,0.95316,2.613839294872221
2000,0.05,647,0.95057,2.5867502971045324
2000,0.05,648,0.95277,2.60981886110069
2000,0.05,649,0.95729,2.659730055309906
2000,0.05,650,0.95411,2.625371187095546
2000,0.05,651,0.94912,2.568128915287784
2000,0.05,652,0.95051,2.5860248567722293
2000,0.05,653,0.95834,2.6728560170721076
2000,0.05,654,0.94794,2.556189548283995
2000,0.05,655,0.94976,2.5766477449361895
2000,0.05,656,0.94375,2.5173126058887103
2000,0.05,657,0.95051,2.5860666728484665
2000,0.05,658,0.94979,2.5769896679592255
2000,0.05,659,0.95286,2.610864293782976
2000,0.05,660,0.95244,2.6063408637019756
2000,0.05,661,0.9555,2.642493195386418
2000,0.05,662,0.94964,2.57457690860871
2000,0.05,663,0.9497,2.5762278004339856
2000,0.05,664,0.95065,2.5874355833402016
2000,0.05,665,0.95421,2.626684816066873
2000,0.05,666,0.95849,2.6751944160923693
2000,0.05,667,0.94342,2.5149588533858815
2000,0.05,668,0.95187,2.598873211831343
2000,0.05,669,0.93796,2.4673936081426766
2000,0.05,670,0.95212,2.6020618626994665
2000,0.05,671,0.95136,2.5935671931461703
2000,0.05,672,0.95607,2.647905225781834
2000,0.05,673,0.94925,2.569560274759196
2000,0.05,674,0.95599,2.6472606660790943
2000,0.05,675,0.94459,2.525127711962071
2000,0.05,676,0.94945,2.572259502918157
2000,0.05,677,0.95648,2.6519004656836724
2000,0.05,678,0.95881,2.6791601353370664
2000,0.05,679,0.94448,2.5240362128763936
2000,0.05,680,0.94399,2.519443474409609
2000,0.05,681,0.95595,2.6463853214095754
2000,0.05,682,0.94449,2.524150695592371
2000,0.05,683,0.95632,2.650520153895516
2000,0.05,684,0.94766,2.553230026485092
2000,0.05,685,0.95317,2.6139382410686025
2000,0.05,686,0.94382,2.5178153084202353
2000,0.05,687,0.94479,2.527077153097793
2000,0.05,688,0.94651,2.543388415522608
2000,0.05,689,0.95026,2.5827077980131325
2000,0.05,690,0.9522,2.60311115780252
2000,0.05,691,0.94952,2.572996199247904
2000,0.05,692,0.9479,2.5556930447052597
2000,0.05,693,0.95453,2.6297868669598525
2000,0.05,694,0.95421,2.6267343780863213
2000,0.05,695,0.94877,2.563866327185242
2000,0.05,696,0.95027,2.5830395778380355
2000,0.05,697,0.9455,2.533145838881876
2000,0.05,698,0.94054,2.4898069839326844
2000,0.05,699,0.94622,2.540626187360645
2000,0.05,700,0.94995,2.5788557914864385
2000,0.05,701,0.95215,2.602429035068571
2000,0.05,702,0.94816,2.5579967752165125
2000,0.05,703,0.95255,2.6075405360812844
2000,0.05,704,0.95445,2.6287611305213203
2000,0.05,705,0.95669,2.653819185595342
2000,0.05,706,0.95281,2.6102281966965517
2000,0.05,707,0.95876,2.678620112961305
2000,0.05,708,0.95293,2.611931271762482
2000,0.05,709,0.96514,2.761652988964576
2000,0.05,710,0.95337,2.616490710474215
2000,0.05,711,0.94978,2.576768356719102
2000,0.05,712,0.94347,2.5151986790025846
2000,0.05,713,0.94504,2.5289182636497727
2000,0.05,714,0.95177,2.5980545419531293
2000,0.05,715,0.93941,2.4793319254363566
2000,0.05,716,0.9536,2.618566582467084
2000,0.05,717,0.94444,2.5234024631823684
2000,0.05,718,0.94791,2.55600089440952
2000,0.05,719,0.95204,2.6011711775717457
2000,0.05,720,0.95219,2.6027916116768033
2000,0.05,721,0.94505,2.528998664606131
2000,0.05,722,0.94738,2.551443696291228
2000,0.05,723,0.94542,2.5322883156359413
2000,0.05,724,0.94848,2.5617250516632635
2000,0.05,725,0.93719,2.460796172014045
2000,0.05,726,0.9469,2.547460869212284
2000,0.05,727,0.94899,2.566150046505021
2000,0.05,728,0.94535,2.53141600864682
2000,0.05,729,0.95159,2.5962783301163292
2000,0.05,730,0.9546,2.6312741794603207
2000,0.05,731,0.95553,2.642576898816136
2000,0.05,732,0.95354,2.618238409387008
2000,0.05,733,0.95068,2.5878128199727324
2000,0.05,734,0.9551,2.6387568055380677
2000,0.05,735,0.94447,2.523630084946148
2000,0.05,736,0.95256,2.6076104837666776
2000,0.05,737,0.94618,2.5398325352740394
2000,0.05,738,0.95439,2.6283323841927513
2000,0.05,739,0.94771,2.553910547519203
2000,0.05,740,0.94301,2.5109596232024525
2000,0.05,741,0.95469,2.6324115648925197
2000,0.05,742,0.95297,2.612270998699088
2000,0.05,743,0.95393,2.6232686495217585
2000,0.05,744,0.94934,2.570781870858175
2000,0.05,745,0.94813,2.557572472150996
2000,0.05,746,0.95348,2.617568617802691
2000,0.05,747,0.95881,2.679360621434753
2000,0.05,748,0.94646,2.5426043410739627
2000,0.05,749,0.94585,2.5373120167100875
2000,0.05,750,0.95324,2.6147911879414085
2000,0.05,751,0.94963,2.5742864396543546
2000,0.05,752,0.95372,2.6208128529285526
2000,0.05,753,0.95713,2.657939259540381
2000,0.05,754,0.94934,2.5707844332707377
2000,0.05,755,0.95027,2.582978491395262
2000,0.05,756,0.94583,2.5370497698332883
2000,0.05,757,0.95669,2.6539286917855955
2000,0.05,758,0.95392,2.6229532329946355
2000,0.05,759,0.94548,2.5329304740584226
2000,0.05,760,0.94805,2.5568348625871886
2000,0.05,761,0.95401,2.6240177249037693
2000,0.05,762,0.95416,2.625962971949984
2000,0.05,763,0.95267,2.6085485973443623
2000,0.05,764,0.95183,2.598477769098849
2000,0.05,765,0.94776,2.55437727149754
2000,0.05,766,0.95636,2.650745868279722
2000,0.05,767,0.94813,2.5577327479250567
2000,0.05,768,0.95237,2.6052168802187277
2000,0.05,769,0.9473,2.5506243505806894
2000,0.05,770,0.9506,2.586916753423758
2000,0.05,771,0.9565,2.6522096208507504
2000,0.05,772,0.9547,2.632728949800738
2000,0.05,773,0.9513,2.593147399297673
2000,0.05,774,0.95383,2.622012284939987
2000,0.05,775,0.95211,2.601888313991794
2000,0.05,776,0.95338,2.616829335486861
2000,0.05,777,0.9612,2.707450998312592
2000,0.05,778,0.95363,2.6194065420770847
2000,0.05,779,0.95372,2.6204989962975187
2000,0.05,780,0.94682,2.5467627691802224
2000,0.05,781,0.94601,2.538715552391844
2000,0.05,782,0.94234,2.505488484450294
2000,0.05,783,0.9522,2.6030183078372575
2000,0.05,784,0.95323,2.614486072828276
2000,0.05,785,0.96052,2.698252666723628
2000,0.05,786,0.9471,2.548930372239197
2000,0.05,787,0.94734,2.551165982564198
2000,0.05,788,0.94616,2.539635177787356
2000,0.05,789,0.95735,2.660621914095639
2000,0.05,790,0.94982,2.577174610206148
2000,0.05,791,0.9479,2.5557168583831777
2000,0.05,792,0.94798,2.5563501592839097
2000,0.05,793,0.95158,2.5961424547000895
2000,0.05,794,0.94677,2.546127885894134
2000,0.05,795,0.95232,2.6043741840607835
2000,0.05,796,0.95453,2.6298154895225134
2000,0.05,797,0.94482,2.5276812713203065
2000,0.05,798,0.95398,2.623844716386081
2000,0.05,799,0.95807,2.669647952747595
2000,0.05,800,0.94955,2.573388182278897
2000,0.05,801,0.95007,2.58100515667267
2000,0.05,802,0.95412,2.6254182104592
2000,0.05,803,0.94437,2.522641797023696
2000,0.05,804,0.95933,2.684794422269797
2000,0.05,805,0.94061,2.4908217047135297
2000,0.05,806,0.95053,2.5863989762372315
2000,0.05,807,0.9507,2.5880077135417388
2000,0.05,808,0.95918,2.6832276583432617
2000,0.05,809,0.95387,2.622399454808278
2000,0.05,810,0.95599,2.647268953539278
2000,0.05,811,0.9541,2.625011037409106
2000,0.05,812,0.94601,2.538767657193113
2000,0.05,813,0.94713,2.5491907091589523
2000,0.05,814,0.95448,2.6291118305622234
2000,0.05,815,0.95148,2.595139976020253
2000,0.05,816,0.95898,2.6811217723881926
2000,0.05,817,0.9491,2.567789611827976
2000,0.05,818,0.95582,2.644846237187255
2000,0.05,819,0.95183,2.5984995417703804
2000,0.05,820,0.95199,2.6008575002295022
2000,0.05,821,0.94514,2.529980351894851
2000,0.05,822,0.9592,2.683543420194364
2000,0.05,823,0.95763,2.664505610934634
2000,0.05,824,0.94942,2.5714555702470965
2000,0.05,825,0.94929,2.5701046119027455
2000,0.05,826,0.95361,2.619190821607769
2000,0.05,827,0.94581,2.5368486809208504
2000,0.05,828,0.95411,2.625205864675964
2000,0.05,829,0.94662,2.5445476287056534
2000,0.05,830,0.94156,2.4983079519735143
2000,0.05,831,0.95571,2.6443919845917128
2000,0.05,832,0.95595,2.646659232504758
2000,0.05,833,0.95588,2.6454484310018183
2000,0.05,834,0.94963,2.5744658307962065
2000,0.05,835,0.94987,2.578107785236008
2000,0.05,836,0.95262,2.6080091548158495
2000,0.05,837,0.95712,2.657823871788863
2000,0.05,838,0.95249,2.6066808590590536
2000,0.05,839,0.95312,2.6135130835686473
2000,0.05,840,0.9396,2.4813800720007837
2000,0.05,841,0.95425,2.627011307954772
2000,0.05,842,0.95245,2.606365250078586
2000,0.05,843,0.94538,2.5318036003846807
2000,0.05,844,0.95691,2.6559394043327638
2000,0.05,845,0.94593,2.538383603905224
2000,0.05,846,0.94952,2.5729688413585
2000,0.05,847,0.94955,2.5733751448207127
2000,0.05,848,0.95175,2.597503710875284
2000,0.05,849,0.94963,2.57445084120227
2000,0.05,850,0.95049,2.5857703555799763
2000,0.05,851,0.96027,2.694930202421815
2000,0.05,852,0.94191,2.501974104668245
2000,0.05,853,0.95627,2.6494905758380463
2000,0.05,854,0.95491,2.635881359824268
2000,0.05,855,0.94864,2.5630279856680636
2000,0.05,856,0.94542,2.532354935745732
2000,0.05,857,0.94263,2.5077585230777175
2000,0.05,858,0.95511,2.6389281935934314
2000,0.05,859,0.94951,2.5727236333465093
2000,0.05,860,0.95341,2.6171294941403858
2000,0.05,861,0.94651,2.543224949482643
2000,0.05,862,0.95026,2.582886354800995
2000,0.05,863,0.94607,2.539281237109043
2000,0.05,864,0.94428,2.521883036213476
2000,0.05,865,0.94776,2.5545051654024395
2000,0.05,866,0.95392,2.6231520432780857
2000,0.05,867,0.94641,2.5421404563629566
2000,0.05,868,0.94813,2.557644638078055
2000,0.05,869,0.96212,2.7207648732978704
2000,0.05,870,0.94028,2.4882408203793798
2000,0.05,871,0.94957,2.573690125141134
2000,0.05,872,0.95219,2.602861876142042
2000,0.05,873,0.94945,2.572206346018258
2000,0.05,874,0.94477,2.526686925390653
2000,0.05,875,0.95368,2.6199961852168676
2000,0.05,876,0.94545,2.532843013505721
2000,0.05,877,0.94734,2.5511728901126514
2000,0.05,878,0.95153,2.5955117034601143
2000,0.05,879,0.94723,2.5500299385354994
2000,0.05,880,0.95339,2.6169444822894676
2000,0.05,881,0.95011,2.581400931274223
2000,0.05,882,0.95281,2.610010935096663
2000,0.05,883,0.94909,2.5676336899907333
2000,0.05,884,0.94839,2.5603390195853444
2000,0.05,885,0.93677,2.4573883263285823
2000,0.05,886,0.94512,2.5297594585191803
2000,0.05,887,0.95362,2.6193138415264636
2000,0.05,888,0.95488,2.6357284808366996
2000,0.05,889,0.94815,2.5579114333220376
2000,0.05,890,0.95887,2.6800327880950423
2000,0.05,891,0.949,2.5664687462275637
2000,0.05,892,0.9569,2.6556959731253906
2000,0.05,893,0.95075,2.5883825557820788
2000,0.05,894,0.95027,2.582940814368124
2000,0.05,895,0.9538,2.6213942390594593
2000,0.05,896,0.9514,2.593997286827415
2000,0.05,897,0.94968,2.5755223589848137
2000,0.05,898,0.95881,2.679356978854608
2000,0.05,899,0.9521,2.6017202192054354
2000,0.05,900,0.96027,2.6949294811055635
2000,0.05,901,0.94292,2.5103342009144143
2000,0.05,902,0.95725,2.659388534214535
2000,0.05,903,0.94654,2.543636260030784
2000,0.05,904,0.95645,2.651575273623181
2000,0.05,905,0.96209,2.720208224089813
2000,0.05,906,0.95605,2.6476160366198043
2000,0.05,907,0.95044,2.585260555606601
2000,0.05,908,0.95365,2.6197165720750544
2000,0.05,909,0.9497,2.5762485475538375
2000,0.05,910,0.94133,2.4962968638995275
2000,0.05,911,0.94882,2.5648103574361096
2000,0.05,912,0.95018,2.5820460389037785
2000,0.05,913,0.95112,2.591867232238593
2000,0.05,914,0.9546,2.631252969506935
2000,0.05,915,0.95484,2.6350139382301414
2000,0.05,916,0.95149,2.595294159656
2000,0.05,917,0.9514,2.5942685155538574
2000,0.05,918,0.95007,2.58121246856365
2000,0.05,919,0.95365,2.619541854613476
2000,0.05,920,0.94701,2.5480626000150823
2000,0.05,921,0.94628,2.541294245316026
2000,0.05,922,0.9547,2.6327407064978976
2000,0.05,923,0.95007,2.581259885019339
2000,0.05,924,0.95194,2.6003149087069857
2000,0.05,925,0.94583,2.536971005616605
2000,0.05,926,0.94673,2.545941535113297
2000,0.05,927,0.95049,2.585807694490144
2000,0.05,928,0.9535,2.6176599137543737
2000,0.05,929,0.94505,2.5293432818923716
2000,0.05,930,0.95098,2.5905956306374867
2000,0.05,931,0.95415,2.6258274557151715
2000,0.05,932,0.95574,2.644571979232915
2000,0.05,933,0.94935,2.57084544028109
2000,0.05,934,0.94191,2.5019818931345634
2000,0.05,935,0.94705,2.5482738986951583
2000,0.05,936,0.95636,2.6507737433847542
2000,0.05,937,0.95742,2.661443402972145
2000,0.05,938,0.95632,2.6504695178215565
2000,0.05,939,0.9551,2.638790331134474
2000,0.05,940,0.9522,2.6030433444491385
2000,0.05,941,0.94846,2.561493604670357
2000,0.05,942,0.95432,2.627948124458204
2000,0.05,943,0.95894,2.6807781597111613
2000,0.05,944,0.94423,2.521599739761653
2000,0.05,945,0.96033,2.6964140141185844
2000,0.05,946,0.954,2.6239747500653428
2000,0.05,947,0.95791,2.66808408227912
2000,0.05,948,0.94505,2.52933507402411
2000,0.05,949,0.94875,2.5637704367090097
2000,0.05,950,0.94622,2.540332772382785
2000,0.05,951,0.94212,2.5039373890940166
2000,0.05,952,0.95049,2.5859101843737617
2000,0.05,953,0.95627,2.649481719236116
2000,0.05,954,0.94882,2.564612421365055
2000,0.05,955,0.94984,2.5778259888032307
2000,0.05,956,0.95187,2.59897403975392
2000,0.05,957,0.94325,2.5136939963268388
2000,0.05,958,0.9497,2.5759916980083553
2000,0.05,959,0.94557,2.5337443336413923
2000,0.05,960,0.94679,2.5465349609665915
2000,0.05,961,0.95009,2.5813533487610574
2000,0.05,962,0.95857,2.6765058239250075
2000,0.05,963,0.95388,2.622524437238167
2000,0.05,964,0.94918,2.568654626424504
2000,0.05,965,0.94554,2.533394745121742
2000,0.05,966,0.94639,2.542042425844689
2000,0.05,967,0.95594,2.646138200913255
2000,0.05,968,0.95428,2.6272108438093698
2000,0.05,969,0.9557,2.6443653058288374
2000,0.05,970,0.96202,2.7193521397255913
2000,0.05,971,0.95337,2.6166370426282004
2000,0.05,972,0.94781,2.5550469528391995
2000,0.05,973,0.94984,2.577707503295617
2000,0.05,974,0.954,2.6239837959379297
2000,0.05,975,0.94778,2.554624884791325
2000,0.05,976,0.94541,2.532256268899358
2000,0.05,977,0.95042,2.5849053785934757
2000,0.05,978,0.94339,2.5147433376104766
2000,0.05,979,0.9557,2.644378200704019
2000,0.05,980,0.9521,2.601755470280253
2000,0.05,981,0.94729,2.550614545555381
2000,0.05,982,0.93921,2.477479654673341
2000,0.05,983,0.95154,2.5957117141171553
2000,0.05,984,0.94165,2.499195946894148
2000,0.05,985,0.95677,2.654545280590277
2000,0.05,986,0.94969,2.5756245720875484
2000,0.05,987,0.94354,2.515974151774512
2000,0.05,988,0.95168,2.5967285180976747
2000,0.05,989,0.95013,2.581602916860606
2000,0.05,990,0.94895,2.5655645993043765
2000,0.05,991,0.95002,2.580090358716107
2000,0.05,992,0.94206,2.5034587855764276
2000,0.05,993,0.95136,2.5936711315232968
2000,0.05,994,0.95497,2.636753239748997
2000,0.05,995,0.94418,2.5211786937874336
2000,0.05,996,0.95403,2.624184630684854
2000,0.05,997,0.95238,2.60525352089337
2000,0.05,998,0.94642,2.5422205999008125
2000,0.05,999,0.95188,2.5992210071085244
2000,0.1,0,0.88901,2.1342848337813094
2000,0.1,1,0.8968,2.1787872770078733
2000,0.1,2,0.89699,2.180366257672169
2000,0.1,3,0.89053,2.143378019573344
2000,0.1,4,0.90994,2.2626026996877258
2000,0.1,5,0.89562,2.1722309097578716
2000,0.1,6,0.90748,2.245893243893733
2000,0.1,7,0.90644,2.23906346555214
2000,0.1,8,0.89793,2.1870164723886485
2000,0.1,9,0.89841,2.1897455940238624
2000,0.1,10,0.90091,2.205229330111299
2000,0.1,11,0.9133,2.2863404739681803
2000,0.1,12,0.89873,2.1918083131700197
2000,0.1,13,0.89203,2.1515913357171312
2000,0.1,14,0.8902,2.1415610349489573
2000,0.1,15,0.88476,2.110409429952634
2000,0.1,16,0.90513,2.23036577238838
2000,0.1,17,0.90232,2.2134415781790993
2000,0.1,18,0.90548,2.233056026822452
2000,0.1,19,0.89239,2.1537724459775847
2000,0.1,20,0.9002,2.201462858183694
2000,0.1,21,0.90011,2.2007660692002196
2000,0.1,22,0.90103,2.2060911527922533
2000,0.1,23,0.89332,2.158921982971211
2000,0.1,24,0.89792,2.1869533523014004
2000,0.1,25,0.91181,2.275872293551097
2000,0.1,26,0.89544,2.171371141509749
2000,0.1,27,0.89254,2.154834469525086
2000,0.1,28,0.90775,2.2476157127243193
2000,0.1,29,0.89336,2.1591589111078915
2000,0.1,30,0.90706,2.2427912703431176
2000,0.1,31,0.8984,2.189578039105369
2000,0.1,32,0.8983,2.189041232715703
2000,0.1,33,0.91032,2.2652028891576514
2000,0.1,34,0.89998,2.2000850111022197
2000,0.1,35,0.90147,2.208496577020601
2000,0.1,36,0.90006,2.200520987884619
2000,0.1,37,0.89947,2.197188164198448
2000,0.1,38,0.89855,2.190695397659432
2000,0.1,39,0.90023,2.201579783660697
2000,0.1,40,0.89865,2.1910837468521125
2000,0.1,41,0.89742,2.183505491719778
2000,0.1,42,0.89537,2.1711045550787853
2000,0.1,43,0.90082,2.204777055739747
2000,0.1,44,0.89227,2.1529719286443663
2000,0.1,45,0.9137,2.288637774089623
2000,0.1,46,0.89288,2.156383553939903
2000,0.1,47,0.89236,2.1533896049923484
2000,0.1,48,0.90614,2.237696482174508
2000,0.1,49,0.90231,2.2133591655825215
2000,0.1,50,0.91515,2.2983584852501138
2000,0.1,51,0.89628,2.1760741884746
2000,0.1,52,0.89213,2.1523074174274983
2000,0.1,53,0.90509,2.2301468881150264
2000,0.1,54,0.88741,2.124938003912934
2000,0.1,55,0.90364,2.222855775557497
2000,0.1,56,0.90739,2.244978258776437
2000,0.1,57,0.90451,2.2275781602293554
2000,0.1,58,0.90997,2.2628705012917933
2000,0.1,59,0.90018,2.2012090637380495
2000,0.1,60,0.90388,2.2240742594300458
2000,0.1,61,0.89838,2.1894711714623205
2000,0.1,62,0.8984,2.18959132133698
2000,0.1,63,0.91903,2.322633393482957
2000,0.1,64,0.8839,2.1059526270723627
2000,0.1,65,0.89011,2.1409530021646144
2000,0.1,66,0.89179,2.150126784330083
2000,0.1,67,0.89693,2.1798254687980205
2000,0.1,68,0.8995,2.197500206375193
2000,0.1,69,0.89587,2.173542212577964
2000,0.1,70,0.90424,2.226275483871747
2000,0.1,71,0.89926,2.196136613660796
2000,0.1,72,0.90661,2.240509438298601
2000,0.1,73,0.88553,2.114557448929824
2000,0.1,74,0.90609,2.2374221372428442
2000,0.1,75,0.89524,2.1704527811841094
2000,0.1,76,0.90551,2.233356950576896
2000,0.1,77,0.90785,2.2481396452655953
2000,0.1,78,0.90178,2.210350479231617
2000,0.1,79,0.90332,2.2206081094686576
2000,0.1,80,0.89488,2.1680666728587026
2000,0.1,81,0.8968,2.178985401217592
2000,0.1,82,0.8881,2.128796668402442
2000,0.1,83,0.89854,2.1905622057085985
2000,0.1,84,0.90073,2.204489916765077
2000,0.1,85,0.89161,2.1491958291813513
2000,0.1,86,0.90338,2.22115471699442
2000,0.1,87,0.89965,2.198276861093055
2000,0.1,88,0.89179,2.150107539881726
2000,0.1,89,0.89457,2.1663330741885543
2000,0.1,90,0.89558,2.172135647538075
2000,0.1,91,0.88198,2.095874842015797
2000,0.1,92,0.89403,2.163255019750726
2000,0.1,93,0.8989,2.193045781176392
2000,0.1,94,0.8974,2.1832226948126014
2000,0.1,95,0.91015,2.2640328201386284
2000,0.1,96,0.90651,2.2401224179355346
2000,0.1,97,0.89598,2.174270242614318
2000,0.1,98,0.89526,2.170515230049693
2000,0.1,99,0.89506,2.1689443528479986
2000,0.1,100,0.90129,2.2072863661137445
2000,0.1,101,0.91089,2.270360144548291
2000,0.1,102,0.89814,2.1879191478883007
2000,0.1,103,0.88637,2.119431422565528
2000,0.1,104,0.89189,2.1510186743903494
2000,0.1,105,0.90301,2.218791991387252
2000,0.1,106,0.89942,2.196770291793871
2000,0.1,107,0.90132,2.2074769228181887
2000,0.1,108,0.90644,2.2391562143479913
2000,0.1,109,0.90062,2.2037810206301898
2000,0.1,110,0.89419,2.1642311871080135
2000,0.1,111,0.90412,2.2256893681553764
2000,0.1,112,0.8989,2.1929910971949913
2000,0.1,113,0.88772,2.126698422157644
2000,0.1,114,0.89989,2.1995809711480683
2000,0.1,115,0.89294,2.1565755340769117
2000,0.1,116,0.90549,2.2331108794035153
2000,0.1,117,0.90433,2.22663319166341
2000,0.1,118,0.89151,2.148562744034222
2000,0.1,119,0.90077,2.204604429025394
2000,0.1,120,0.90724,2.2439290732520423
2000,0.1,121,0.89736,2.182922724303874
2000,0.1,122,0.9006,2.203610027634781
2000,0.1,123,0.89919,2.1954320276017105
2000,0.1,124,0.89763,2.1849633894276566
2000,0.1,125,0.90917,2.2570082241021368
2000,0.1,126,0.90192,2.2109394279309953
2000,0.1,127,0.89739,2.183040558733274
2000,0.1,128,0.89825,2.1886832263280986
2000,0.1,129,0.89875,2.191898832620101
2000,0.1,130,0.90085,2.2049847224713823
2000,0.1,131,0.89789,2.186806622566876
2000,0.1,132,0.8985,2.1903481239622886
2000,0.1,133,0.90301,2.218734808566353
2000,0.1,134,0.89248,2.154436487119849
2000,0.1,135,0.89682,2.1790694038160945
2000,0.1,136,0.90044,2.202692487808244
2000,0.1,137,0.90989,2.262073244563715
2000,0.1,138,0.8902,2.1414185355904154
2000,0.1,139,0.90322,2.220066921612535
2000,0.1,140,0.88743,2.1252112635236102
2000,0.1,141,0.90253,2.2151038570959276
2000,0.1,142,0.90773,2.2475542234930526
2000,0.1,143,0.90149,2.2085543464797137
2000,0.1,144,0.90658,2.24045713845047
2000,0.1,145,0.89806,2.187639802620769
2000,0.1,146,0.88918,2.1356025265497336
2000,0.1,147,0.90657,2.2403549014242796
2000,0.1,148,0.89637,2.1764376544863095
2000,0.1,149,0.88982,2.1394830917271572
2000,0.1,150,0.90668,2.2407891184542574
2000,0.1,151,0.89325,2.1584471553075883
2000,0.1,152,0.89831,2.189067268960445
2000,0.1,153,0.90897,2.255618395930764
2000,0.1,154,0.89312,2.157725916409273
2000,0.1,155,0.89694,2.1799385082007983
2000,0.1,156,0.90198,2.211288170649495
2000,0.1,157,0.904,2.2248547023280985
2000,0.1,158,0.89764,2.185044179650785
2000,0.1,159,0.89987,2.1994281924557493
2000,0.1,160,0.89271,2.155725171549716
2000,0.1,161,0.90543,2.232757778024774
2000,0.1,162,0.90561,2.234606288189957
2000,0.1,163,0.89764,2.184988721623549
2000,0.1,164,0.89084,2.145210662713825
2000,0.1,165,0.90309,2.219326887570892
2000,0.1,166,0.89927,2.1962922589105465
2000,0.1,167,0.89423,2.1644832190340217
2000,0.1,168,0.8979,2.1868448544258277
2000,0.1,169,0.90202,2.2115178955410477
2000,0.1,170,0.8989,2.1930671411273623
2000,0.1,171,0.90677,2.2412041696716414
2000,0.1,172,0.90262,2.216249737310234
2000,0.1,173,0.88778,2.127218175945919
2000,0.1,174,0.89379,2.1618536926219507
2000,0.1,175,0.89518,2.1695924165123417
2000,0.1,176,0.89208,2.1519721872448683
2000,0.1,177,0.89404,2.163332511179126
2000,0.1,178,0.90486,2.228989606696084
2000,0.1,179,0.90098,2.205490819383602
2000,0.1,180,0.90589,2.2364747427547647
2000,0.1,181,0.89855,2.190772721535261
2000,0.1,182,0.9002,2.2014617840697417
2000,0.1,183,0.90161,2.2092706188695725
2000,0.1,184,0.89227,2.152993107746958
2000,0.1,185,0.89361,2.160808089191335
2000,0.1,186,0.88775,2.1269883590713876
2000,0.1,187,0.89007,2.140694917505803
2000,0.1,188,0.90756,2.246603529696762
2000,0.1,189,0.89168,2.149612605016632
2000,0.1,190,0.89731,2.1824514920154283
2000,0.1,191,0.9079,2.2485024464324326
2000,0.1,192,0.90733,2.2445890808486837
2000,0.1,193,0.90353,2.221871401756397
2000,0.1,194,0.886,2.1176177007947974
2000,0.1,195,0.90795,2.2488074240581124
2000,0.1,196,0.89948,2.197378414296188
2000,0.1,197,0.89885,2.192757705151127
2000,0.1,198,0.89607,2.1746505093196347
2000,0.1,199,0.89994,2.199872084124765
2000,0.1,200,0.90742,2.2454440904727635
2000,0.1,201,0.90227,2.213222166585339
2000,0.1,202,0.89758,2.184462926810235
2000,0.1,203,0.90025,2.201625021902752
2000,0.1,204,0.90509,2.2301037723134574
2000,0.1,205,0.90629,2.2385490027444472
2000,0.1,206,0.9024,2.214163721865633
2000,0.1,207,0.89713,2.1813091816865033
2000,0.1,208,0.89483,2.1676354160412887
2000,0.1,209,0.89108,2.1463204479963025
2000,0.1,210,0.89693,2.1798989229229857
2000,0.1,211,0.89031,2.1422451871420716
2000,0.1,212,0.89593,2.1739792579683836
2000,0.1,213,0.89593,2.173970860866672
2000,0.1,214,0.90404,2.225100047738393
2000,0.1,215,0.90117,2.2067967759528138
2000,0.1,216,0.90528,2.231658096433896
2000,0.1,217,0.89898,2.1940258678914955
2000,0.1,218,0.9032,2.219957161015186
2000,0.1,219,0.89588,2.173577878980087
2000,0.1,220,0.91273,2.282883519765603
2000,0.1,221,0.90723,2.243841053953879
2000,0.1,222,0.88936,2.1368192188476067
2000,0.1,223,0.89477,2.167277839798425
2000,0.1,224,0.89346,2.1597773069993185
2000,0.1,225,0.90728,2.2444503916333804
2000,0.1,226,0.90253,2.2149097500617607
2000,0.1,227,0.89071,2.1445047128596286
2000,0.1,228,0.89689,2.179564533802447
2000,0.1,229,0.90258,2.2154901658778376
2000,0.1,230,0.89786,2.1867197831019443
2000,0.1,231,0.90971,2.260892736334206
2000,0.1,232,0.90435,2.2267719326742172
2000,0.1,233,0.89965,2.198350116393117
2000,0.1,234,0.88914,2.135274522237743
2000,0.1,235,0.90071,2.2042095487102324
2000,0.1,236,0.90311,2.219383097449175
2000,0.1,237,0.91014,2.263982601823136
2000,0.1,238,0.9081,2.2500272512023476
2000,0.1,239,0.8992,2.1954935450046724
2000,0.1,240,0.89248,2.154422990206558
2000,0.1,241,0.8938,2.1619854356161525
2000,0.1,242,0.88854,2.1315636124950386
2000,0.1,243,0.89909,2.19491763528306
2000,0.1,244,0.90694,2.24191987661082
2000,0.1,245,0.9099,2.2622581674830213
2000,0.1,246,0.90389,2.224129211182593
2000,0.1,247,0.89215,2.152427362941204
2000,0.1,248,0.88976,2.1390768702449012
2000,0.1,249,0.90084,2.2049233874584777
2000,0.1,250,0.90149,2.208581172930834
2000,0.1,251,0.8925,2.1544919370963527
2000,0.1,252,0.89951,2.1976066707725432
2000,0.1,253,0.89954,2.197755896055881
2000,0.1,254,0.89653,2.1770550361079963
2000,0.1,255,0.89786,2.1867305145736804
2000,0.1,256,0.90129,2.207264612073924
2000,0.1,257,0.89867,2.191240207597424
2000,0.1,258,0.89482,2.1675771782365714
2000,0.1,259,0.8974,2.1831913117851487
2000,0.1,260,0.89726,2.1821073289754893
2000,0.1,261,0.90807,2.249850909786441
2000,0.1,262,0.88157,2.0934717499391193
2000,0.1,263,0.89832,2.189195264607786
2000,0.1,264,0.91727,2.3126262520415515
2000,0.1,265,0.90047,2.2028848286131084
2000,0.1,266,0.89421,2.1643272264668427
2000,0.1,267,0.90284,2.217856294248148
2000,0.1,268,0.90026,2.2016657033552467
2000,0.1,269,0.88888,2.133293690595992
2000,0.1,270,0.89943,2.196910111901616
2000,0.1,271,0.90637,2.2388339198708573
2000,0.1,272,0.89829,2.1888549222904237
2000,0.1,273,0.90138,2.2079090334221294
2000,0.1,274,0.89922,2.1957440999300206
2000,0.1,275,0.90151,2.208728591931766
2000,0.1,276,0.89865,2.1910192858504476
2000,0.1,277,0.89182,2.1502986541505815
2000,0.1,278,0.9024,2.2141680780973303
2000,0.1,279,0.90088,2.205152176861394
2000,0.1,280,0.90067,2.2039717684782802
2000,0.1,281,0.90258,2.2155903023843497
2000,0.1,282,0.89025,2.141782661140522
2000,0.1,283,0.89147,2.1482592077838754
2000,0.1,284,0.89612,2.1749347598881448
2000,0.1,285,0.89967,2.1984092727108973
2000,0.1,286,0.8987,2.1915295854133063
2000,0.1,287,0.90384,2.2237723112049634
2000,0.1,288,0.89064,2.143958740548648
2000,0.1,289,0.90945,2.2588355053098743
2000,0.1,290,0.91109,2.2714354595578747
2000,0.1,291,0.90193,2.2109720456987305
2000,0.1,292,0.89797,2.187328142006284
2000,0.1,293,0.89496,2.1685228868980904
2000,0.1,294,0.90353,2.221901793969029
2000,0.1,295,0.89707,2.1808668777577447
2000,0.1,296,0.89998,2.200075629255664
2000,0.1,297,0.90489,2.2290797300787766
2000,0.1,298,0.89986,2.1993260272307964
2000,0.1,299,0.90419,2.2261416167023436
2000,0.1,300,0.90079,2.204700516062892
2000,0.1,301,0.90056,2.2032491873755236
2000,0.1,302,0.88932,2.136314465533494
2000,0.1,303,0.89787,2.1867488459050195
2000,0.1,304,0.89171,2.1496714419643044
2000,0.1,305,0.89265,2.1553831619705144
2000,0.1,306,0.89777,2.1859335450277406
2000,0.1,307,0.912,2.2774821500448668
2000,0.1,308,0.89783,2.186504254619354
2000,0.1,309,0.89608,2.174674327693667
2000,0.1,310,0.8978,2.186204640785405
2000,0.1,311,0.89955,2.1978160225840213
2000,0.1,312,0.88845,2.131084002084554
2000,0.1,313,0.9026,2.215793537123529
2000,0.1,314,0.90742,2.245451161596391
2000,0.1,315,0.88469,2.1097966520488725
2000,0.1,316,0.90557,2.2340051431664074
2000,0.1,317,0.9131,2.2850020125200468
2000,0.1,318,0.90284,2.2178801979274105
2000,0.1,319,0.91143,2.273630787181172
2000,0.1,320,0.88881,2.132970051698934
2000,0.1,321,0.88972,2.1388508731166054
2000,0.1,322,0.90268,2.216569848920839
2000,0.1,323,0.90141,2.2081178076294457
2000,0.1,324,0.90152,2.2087427520030394
2000,0.1,325,0.90137,2.2076572972666497
2000,0.1,326,0.90546,2.232823441445645
2000,0.1,327,0.89552,2.171895917565858
2000,0.1,328,0.89723,2.1819270749648054
2000,0.1,329,0.91,2.2631343573354616
2000,0.1,330,0.90227,2.2131499347598225
2000,0.1,331,0.8888,2.132885978155235
2000,0.1,332,0.89981,2.199104659256067
2000,0.1,333,0.89504,2.16886543485902
2000,0.1,334,0.89015,2.141188865584547
2000,0.1,335,0.89778,2.1859518703980694
2000,0.1,336,0.89518,2.1697463899464866
2000,0.1,337,0.89629,2.1760980040525464
2000,0.1,338,0.89998,2.20009535784304
2000,0.1,339,0.90589,2.23652528295709
2000,0.1,340,0.89271,2.155908857278395
2000,0.1,341,0.90539,2.2325705278639543
2000,0.1,342,0.88743,2.1251638564854156
2000,0.1,343,0.90824,2.251302278858229
2000,0.1,344,0.90395,2.224365850460224
2000,0.1,345,0.88856,2.1317372167575326
2000,0.1,346,0.89914,2.195162749056469
2000,0.1,347,0.8863,2.1189867749618063
2000,0.1,348,0.89923,2.1959095333953824
2000,0.1,349,0.91591,2.30290035368938
2000,0.1,350,0.90141,2.2080354738175068
2000,0.1,351,0.89323,2.158235620514945
2000,0.1,352,0.90968,2.260605829444933
2000,0.1,353,0.8866,2.120792792783501
2000,0.1,354,0.88753,2.1257667757622833
2000,0.1,355,0.89312,2.1577599860943577
2000,0.1,356,0.90209,2.212094355175952
2000,0.1,357,0.88913,2.135148496903136
2000,0.1,358,0.90256,2.215407575537967
2000,0.1,359,0.90314,2.219624370215396
2000,0.1,360,0.89229,2.1530368485170737
2000,0.1,361,0.90044,2.20269032779279
2000,0.1,362,0.89949,2.197400274190175
2000,0.1,363,0.89565,2.172339241283852
2000,0.1,364,0.89872,2.1916772078031896
2000,0.1,365,0.89246,2.1543086248312844
2000,0.1,366,0.90197,2.211268468712724
2000,0.1,367,0.89761,2.1846853983487344
2000,0.1,368,0.90498,2.2295226793765144
2000,0.1,369,0.91349,2.2875796363883696
2000,0.1,370,0.89704,2.1806016934739456
2000,0.1,371,0.90129,2.2074142355543747
2000,0.1,372,0.91212,2.278612569034549
2000,0.1,373,0.9025,2.2148570133379613
2000,0.1,374,0.9011,2.206287814007185
2000,0.1,375,0.89906,2.1946723609609444
2000,0.1,376,0.90302,2.218813832938328
2000,0.1,377,0.89671,2.1782189342927025
2000,0.1,378,0.89695,2.1800752820835303
2000,0.1,379,0.89174,2.1497886106393898
2000,0.1,380,0.89133,2.147474752447347
2000,0.1,381,0.88213,2.096677483620709
2000,0.1,382,0.90625,2.238209873269101
2000,0.1,383,0.88658,2.120660494292573
2000,0.1,384,0.88378,2.105199568236549
2000,0.1,385,0.91442,2.2934147871770167
2000,0.1,386,0.90317,2.2197544555286552
2000,0.1,387,0.90163,2.2094698180265535
2000,0.1,388,0.89993,2.199778538111073
2000,0.1,389,0.90727,2.2441990343384237
2000,0.1,390,0.90614,2.2376923466489647
2000,0.1,391,0.88326,2.1021735042431837
2000,0.1,392,0.90115,2.2066215437699124
2000,0.1,393,0.9029,2.218241846066367
2000,0.1,394,0.90387,2.2239191714905937
2000,0.1,395,0.90035,2.2021346993435356
2000,0.1,396,0.90121,2.2070245699638393
2000,0.1,397,0.89409,2.163625246781316
2000,0.1,398,0.91015,2.264062921817219
2000,0.1,399,0.89496,2.1686567967581656
2000,0.1,400,0.89336,2.159226015235959
2000,0.1,401,0.89731,2.182482551043191
2000,0.1,402,0.90523,2.2311826891985636
2000,0.1,403,0.89683,2.179108458632823
2000,0.1,404,0.91308,2.2849302361817383
2000,0.1,405,0.90797,2.2490373169238573
2000,0.1,406,0.90335,2.2208846381288367
2000,0.1,407,0.89256,2.1549931903658797
2000,0.1,408,0.91421,2.2918370999462074
2000,0.1,409,0.9074,2.24509808174852
2000,0.1,410,0.90141,2.208178355193132
2000,0.1,411,0.89289,2.1564820793970423
2000,0.1,412,0.90667,2.2407671320162215
2000,0.1,413,0.89031,2.142236283857554
2000,0.1,414,0.89312,2.157789166768845
2000,0.1,415,0.89033,2.1423843400451106
2000,0.1,416,0.90209,2.2120562694876393
2000,0.1,417,0.89914,2.1951875053583
2000,0.1,418,0.89937,2.19658204473287
2000,0.1,419,0.89264,2.1553044614487904
2000,0.1,420,0.8989,2.193103684817318
2000,0.1,421,0.90598,2.236889494341312
2000,0.1,422,0.90997,2.262821196238707
2000,0.1,423,0.91574,2.3022335685994597
2000,0.1,424,0.90378,2.223415369083517
2000,0.1,425,0.88606,2.117990602256734
2000,0.1,426,0.89671,2.1782819743551025
2000,0.1,427,0.90212,2.2123576994346226
2000,0.1,428,0.90234,2.2137353641699056
2000,0.1,429,0.89556,2.172052117237258
2000,0.1,430,0.89665,2.177822718855616
2000,0.1,431,0.90282,2.217741425643317
2000,0.1,432,0.90539,2.232500433858195
2000,0.1,433,0.91195,2.2771636454676702
2000,0.1,434,0.90274,2.2172927493677506
2000,0.1,435,0.88918,2.1357125551412066
2000,0.1,436,0.90512,2.230336923666865
2000,0.1,437,0.89621,2.175579240982679
2000,0.1,438,0.89628,2.1760731431604747
2000,0.1,439,0.89249,2.1544579204681558
2000,0.1,440,0.8983,2.1889873467435765
2000,0.1,441,0.89671,2.178238397356346
2000,0.1,442,0.89619,2.17531222489289
2000,0.1,443,0.90188,2.2108201773492215
2000,0.1,444,0.90098,2.2056041682680756
2000,0.1,445,0.88387,2.1058037137897463
2000,0.1,446,0.90098,2.205716775271855
2000,0.1,447,0.90953,2.259389695737267
2000,0.1,448,0.89949,2.1974533694322926
2000,0.1,449,0.90201,2.21145347450058
2000,0.1,450,0.90212,2.2123500234514326
2000,0.1,451,0.90142,2.2083168290052004
2000,0.1,452,0.89211,2.1522268078139093
2000,0.1,453,0.90045,2.202797480450245
2000,0.1,454,0.9055,2.233354389058734
2000,0.1,455,0.88733,2.124534431748413
2000,0.1,456,0.90371,2.223110580552758
2000,0.1,457,0.89506,2.1689527199552328
2000,0.1,458,0.89843,2.189968683808537
2000,0.1,459,0.89507,2.169009654192061
2000,0.1,460,0.90498,2.2295157158462207
2000,0.1,461,0.89641,2.1766330313763653
2000,0.1,462,0.89243,2.1541185784900967
2000,0.1,463,0.90046,2.2028566358285344
2000,0.1,464,0.89816,2.18811275699551
2000,0.1,465,0.8981,2.187808995784092
2000,0.1,466,0.89346,2.1597552344266178
2000,0.1,467,0.91126,2.272404568957848
2000,0.1,468,0.90706,2.242770284028178
2000,0.1,469,0.90162,2.2094429481009668
2000,0.1,470,0.90651,2.240109268405339
2000,0.1,471,0.89921,2.195588368632694
2000,0.1,472,0.90179,2.210392613935878
2000,0.1,473,0.90069,2.204118313909064
2000,0.1,474,0.90525,2.231378317544146
2000,0.1,475,0.91062,2.267725253905867
2000,0.1,476,0.89084,2.145175874471854
2000,0.1,477,0.89668,2.177963704807377
2000,0.1,478,0.90271,2.2169864928353924
2000,0.1,479,0.91023,2.264548293620592
2000,0.1,480,0.89898,2.19400024662501
2000,0.1,481,0.89251,2.154543301339497
2000,0.1,482,0.89565,2.172338280498603
2000,0.1,483,0.89826,2.1887566225082082
2000,0.1,484,0.89736,2.182862481645653
2000,0.1,485,0.89806,2.187655668411433
2000,0.1,486,0.8938,2.161983775222987
2000,0.1,487,0.90356,2.2221438365337285
2000,0.1,488,0.9113,2.2725655470365234
2000,0.1,489,0.89071,2.144505085697033
2000,0.1,490,0.90657,2.240298878464825
2000,0.1,491,0.90792,2.2486042855249195
2000,0.1,492,0.90092,2.2053584043742336
2000,0.1,493,0.91067,2.2683288555274235
2000,0.1,494,0.88158,2.0936043320394733
2000,0.1,495,0.90409,2.225580303613964
2000,0.1,496,0.9079,2.2484111009690664
2000,0.1,497,0.89474,2.1671878402103983
2000,0.1,498,0.89328,2.158546407269892
2000,0.1,499,0.89753,2.1840487835823192
2000,0.1,500,0.89552,2.1719030003045487
2000,0.1,501,0.8983,2.189014886538749
2000,0.1,502,0.89537,2.1711351909926266
2000,0.1,503,0.89296,2.1567395161877134
2000,0.1,504,0.90399,2.2246696889945015
2000,0.1,505,0.90712,2.243100837903288
2000,0.1,506,0.9051,2.2302157219877468
2000,0.1,507,0.89548,2.1717894945310765
2000,0.1,508,0.91031,2.2650636604161605
2000,0.1,509,0.89768,2.185387995662084
2000,0.1,510,0.8928,2.156071268733611
2000,0.1,511,0.8947,2.1668298353090156
2000,0.1,512,0.90571,2.2353887082814596
2000,0.1,513,0.8998,2.199031153722907
2000,0.1,514,0.89756,2.18433685429977
2000,0.1,515,0.89839,2.189532618019824
2000,0.1,516,0.90384,2.223764982902953
2000,0.1,517,0.88728,2.1240728663858026
2000,0.1,518,0.88981,2.13939142361745
2000,0.1,519,0.8981,2.187800923806915
2000,0.1,520,0.89689,2.1796080633194364
2000,0.1,521,0.9037,2.2230676963007374
2000,0.1,522,0.90232,2.2134491016151285
2000,0.1,523,0.90149,2.2085749691668153
2000,0.1,524,0.90125,2.207172074557821
2000,0.1,525,0.90356,2.2221720632136552
2000,0.1,526,0.9026,2.2158301197212467
2000,0.1,527,0.90501,2.2296438898402684
2000,0.1,528,0.89579,2.173226894989883
2000,0.1,529,0.898,2.1874346088648773
2000,0.1,530,0.89343,2.1595628257903168
2000,0.1,531,0.89025,2.141793686132861
2000,0.1,532,0.90002,2.2003832499261216
2000,0.1,533,0.89248,2.1543810667919665
2000,0.1,534,0.90628,2.2385026067354667
2000,0.1,535,0.89474,2.1670813217837614
2000,0.1,536,0.89949,2.197490321318529
2000,0.1,537,0.89421,2.1644004239206605
2000,0.1,538,0.89736,2.1828306494397864
2000,0.1,539,0.90317,2.219771428679114
2000,0.1,540,0.90591,2.2366718372376426
2000,0.1,541,0.90406,2.225252612004904
2000,0.1,542,0.90657,2.2404165206172273
2000,0.1,543,0.91068,2.2684125614326005
2000,0.1,544,0.8982,2.1884660673825937
2000,0.1,545,0.90175,2.2102427829502105
2000,0.1,546,0.8847,2.1099095006552435
2000,0.1,547,0.89567,2.172582451991617
2000,0.1,548,0.88981,2.1393209391146497
2000,0.1,549,0.90092,2.2053559214828997
2000,0.1,550,0.89871,2.191577264800005
2000,0.1,551,0.89902,2.194314952586826
2000,0.1,552,0.89955,2.1978299169524758
2000,0.1,553,0.89489,2.168114808159898
2000,0.1,554,0.90627,2.238486495072014
2000,0.1,555,0.91003,2.263301832407972
2000,0.1,556,0.90026,2.201678979253976
2000,0.1,557,0.89196,2.151237258406881
2000,0.1,558,0.89298,2.1570161711450426
2000,0.1,559,0.89518,2.169749723858101
2000,0.1,560,0.89216,2.1524547613167395
2000,0.1,561,0.91062,2.2677277250540353
2000,0.1,562,0.88675,2.121653328349689
2000,0.1,563,0.90788,2.2483067113721367
2000,0.1,564,0.9052,2.230963461629601
2000,0.1,565,0.89317,2.1579741101267267
2000,0.1,566,0.89768,2.1853796510814845
2000,0.1,567,0.9043,2.2264315622941617
2000,0.1,568,0.89715,2.1813614035065894
2000,0.1,569,0.90521,2.2311661282647486
2000,0.1,570,0.89577,2.1730783601357126
2000,0.1,571,0.88511,2.1125863997156715
2000,0.1,572,0.90756,2.2465298886115965
2000,0.1,573,0.89929,2.1963660881522067
2000,0.1,574,0.89899,2.1941725161432926
2000,0.1,575,0.90146,2.2084302407463356
2000,0.1,576,0.89577,2.173037467186076
2000,0.1,577,0.89547,2.17174246805763
2000,0.1,578,0.9082,2.2510908015399202
2000,0.1,579,0.90073,2.2043940504596335
2000,0.1,580,0.9,2.200265619883486
2000,0.1,581,0.90419,2.2261357832050264
2000,0.1,582,0.90025,2.2016235661458614
2000,0.1,583,0.8989,2.193019210216505
2000,0.1,584,0.90214,2.212475786153542
2000,0.1,585,0.91355,2.2878609584487055
2000,0.1,586,0.89706,2.1806938310188277
2000,0.1,587,0.90206,2.211842541009574
2000,0.1,588,0.90538,2.2323278662374664
2000,0.1,589,0.89964,2.1982586474612344
2000,0.1,590,0.90162,2.209341902862475
2000,0.1,591,0.89566,2.1723798977791726
2000,0.1,592,0.90307,2.2192429070194604
2000,0.1,593,0.9089,2.2553796513500908
2000,0.1,594,0.90075,2.204513393002191
2000,0.1,595,0.90199,2.211314030209831
2000,0.1,596,0.89605,2.1745609277969535
2000,0.1,597,0.91045,2.2659274357327606
2000,0.1,598,0.89624,2.175783902982622
2000,0.1,599,0.90006,2.2006247058770607
2000,0.1,600,0.90383,2.2237266749358238
2000,0.1,601,0.8924,2.15389334149965
2000,0.1,602,0.90333,2.220628261216103
2000,0.1,603,0.9055,2.2332417684613772
2000,0.1,604,0.90798,2.2491438305399036
2000,0.1,605,0.89851,2.1904038556059855
2000,0.1,606,0.89433,2.1650046189636294
2000,0.1,607,0.90138,2.2079140315842887
2000,0.1,608,0.88636,2.119394268774845
2000,0.1,609,0.90115,2.206548881329108
2000,0.1,610,0.89094,2.1456934526179476
2000,0.1,611,0.90727,2.2443485104069008
2000,0.1,612,0.90648,2.239452905841585
2000,0.1,613,0.90561,2.23446098267714
2000,0.1,614,0.90339,2.2211995000014433
2000,0.1,615,0.89297,2.156874126106448
2000,0.1,616,0.89271,2.1558575736698833
2000,0.1,617,0.90073,2.2044581710729245
2000,0.1,618,0.9021,2.2121465305631185
2000,0.1,619,0.8999,2.199636743447051
2000,0.1,620,0.89053,2.1434866812297977
2000,0.1,621,0.9057,2.235332672792212
2000,0.1,622,0.90982,2.2614353047246514
2000,0.1,623,0.89125,2.1471694816106015
2000,0.1,624,0.90099,2.205761359252706
2000,0.1,625,0.89508,2.1691052701341276
2000,0.1,626,0.90224,2.21292574880506
2000,0.1,627,0.91008,2.2636936528102174
2000,0.1,628,0.89344,2.1596776744483046
2000,0.1,629,0.89313,2.1578273415318923
2000,0.1,630,0.90338,2.2210506358001294
2000,0.1,631,0.90053,2.203101427847225
2000,0.1,632,0.89894,2.1937160565101044
2000,0.1,633,0.91547,2.30036108235853
2000,0.1,634,0.88555,2.114831698700989
2000,0.1,635,0.89518,2.1694790290155104
2000,0.1,636,0.88978,2.139235317079603
2000,0.1,637,0.89159,2.1488985453872944
2000,0.1,638,0.90443,2.2272144668350906
2000,0.1,639,0.89702,2.1804458289190114
2000,0.1,640,0.89434,2.165028447394074
2000,0.1,641,0.89429,2.1648475626388928
2000,0.1,642,0.90201,2.211491739671191
2000,0.1,643,0.88843,2.1309062487932606
2000,0.1,644,0.8937,2.1613765740701094
2000,0.1,645,0.90368,2.2230204393345714
2000,0.1,646,0.90296,2.2184573619783774
2000,0.1,647,0.89707,2.18088665370952
2000,0.1,648,0.88873,2.132620702491732
2000,0.1,649,0.90579,2.235883115621454
2000,0.1,650,0.89693,2.1799016234574977
2000,0.1,651,0.8973,2.182440537037478
2000,0.1,652,0.89477,2.1672919196490534
2000,0.1,653,0.90705,2.2427113981370113
2000,0.1,654,0.91251,2.281255434670098
2000,0.1,655,0.90006,2.200559858370813
2000,0.1,656,0.88608,2.1181201041370232
2000,0.1,657,0.89915,2.195309677495779
2000,0.1,658,0.8939,2.16245711472645
2000,0.1,659,0.90492,2.229196432031246
2000,0.1,660,0.90794,2.248681129737842
2000,0.1,661,0.89565,2.172367191705372
2000,0.1,662,0.90098,2.2055085975830773
2000,0.1,663,0.9045,2.227547748989239
2000,0.1,664,0.90301,2.2187840523367486
2000,0.1,665,0.90735,2.244733237198753
2000,0.1,666,0.89711,2.181208458608002
2000,0.1,667,0.89521,2.170175604535962
2000,0.1,668,0.89907,2.1947542002664453
2000,0.1,669,0.89048,2.143215142797562
2000,0.1,670,0.89893,2.1935542946667295
2000,0.1,671,0.89567,2.1725077548734144
2000,0.1,672,0.89446,2.165567141174209
2000,0.1,673,0.9014,2.2079902472817845
2000,0.1,674,0.88492,2.1113975339207327
2000,0.1,675,0.89422,2.1644417688949105
2000,0.1,676,0.90127,2.207204661006014
2000,0.1,677,0.89418,2.16420321541499
2000,0.1,678,0.91182,2.2760160020358144
2000,0.1,679,0.90556,2.233855914887539
2000,0.1,680,0.90779,2.247930279805658
2000,0.1,681,0.89641,2.176636983972173
2000,0.1,682,0.89441,2.1653940682826445
2000,0.1,683,0.89891,2.1931954916099192
2000,0.1,684,0.89713,2.181300361635803
2000,0.1,685,0.89793,2.187062113897696
2000,0.1,686,0.91622,2.304672299279188
2000,0.1,687,0.90258,2.2154871701586787
2000,0.1,688,0.90058,2.2034452202712687
2000,0.1,689,0.89556,2.172064616007729
2000,0.1,690,0.89621,2.175610840122613
2000,0.1,691,0.8974,2.1832824246334255
2000,0.1,692,0.89478,2.167427928919702
2000,0.1,693,0.90217,2.212625419058817
2000,0.1,694,0.8947,2.166823710290118
2000,0.1,695,0.88921,2.135842043697462
2000,0.1,696,0.8988,2.1923635994862045
2000,0.1,697,0.90755,2.2464123583497804
2000,0.1,698,0.89883,2.192535920858605
2000,0.1,699,0.90039,2.202246282325383
2000,0.1,700,0.90608,2.2373630390131103
2000,0.1,701,0.90643,2.2390392417262106
2000,0.1,702,0.89871,2.191644784651371
2000,0.1,703,0.89368,2.1612596816241654
2000,0.1,704,0.89271,2.155793851218971
2000,0.1,705,0.90881,2.2547808797915874
2000,0.1,706,0.9053,2.2318864535938157
2000,0.1,707,0.89955,2.1978050134734692
2000,0.1,708,0.90901,2.255902388540676
2000,0.1,709,0.90124,2.207130393329486
2000,0.1,710,0.88949,2.1376388888728304
2000,0.1,711,0.90087,2.2050970726423564
2000,0.1,712,0.88968,2.1387389621741235
2000,0.1,713,0.90408,2.225413507467672
2000,0.1,714,0.89767,2.185219579831623
2000,0.1,715,0.89551,2.171851483231201
2000,0.1,716,0.90139,2.207963122372063
2000,0.1,717,0.89873,2.1917846214785297
2000,0.1,718,0.91106,2.271233768323392
2000,0.1,719,0.89502,2.1688281641072917
2000,0.1,720,0.90168,2.2097355993584116
2000,0.1,721,0.90169,2.2098334391796097
2000,0.1,722,0.9071,2.242877878538603
2000,0.1,723,0.90189,2.2108313205491052
2000,0.1,724,0.8974,2.1833506781457226
2000,0.1,725,0.88843,2.1308712734477715
2000,0.1,726,0.91451,2.294043091843184
2000,0.1,727,0.89518,2.1701093777268112
2000,0.1,728,0.91925,2.324290739012515
2000,0.1,729,0.90273,2.2171245071812202
2000,0.1,730,0.89922,2.195740105283569
2000,0.1,731,0.89683,2.179142108818228
2000,0.1,732,0.88874,2.132649072066551
2000,0.1,733,0.88643,2.119954285820567
2000,0.1,734,0.90619,2.2380199881161635
2000,0.1,735,0.90064,2.2038631244179996
2000,0.1,736,0.89695,2.1801021512621075
2000,0.1,737,0.89055,2.143584149427509
2000,0.1,738,0.89438,2.165330839165069
2000,0.1,739,0.91045,2.266020679457389
2000,0.1,740,0.89318,2.158051789938662
2000,0.1,741,0.89496,2.168550524305809
2000,0.1,742,0.90232,2.2134072378051397
2000,0.1,743,0.90528,2.2316345788540186
2000,0.1,744,0.8881,2.128865825100826
2000,0.1,745,0.90215,2.212497370393506
2000,0.1,746,0.905,2.2295982047652028
2000,0.1,747,0.9106,2.267359178224073
2000,0.1,748,0.90865,2.253795316039097
2000,0.1,749,0.90514,2.230382017326786
2000,0.1,750,0.89484,2.1678414944432176
2000,0.1,751,0.89853,2.190432686158484
2000,0.1,752,0.90225,2.2129960885377615
2000,0.1,753,0.89665,2.1777639992049167
2000,0.1,754,0.89121,2.147114059750584
2000,0.1,755,0.90798,2.2491660399593405
2000,0.1,756,0.89819,2.188289918234002
2000,0.1,757,0.9082,2.2511081279189646
2000,0.1,758,0.90556,2.233847346387877
2000,0.1,759,0.90234,2.2137106628199095
2000,0.1,760,0.90797,2.2491151670482257
2000,0.1,761,0.9032,2.219947019501156
2000,0.1,762,0.89858,2.1908306365012624
2000,0.1,763,0.89496,2.168608504596449
2000,0.1,764,0.90473,2.228184170659106
2000,0.1,765,0.90373,2.2231489208629864
2000,0.1,766,0.8927,2.1557137492287315
2000,0.1,767,0.90496,2.229384220572859
2000,0.1,768,0.89951,2.197607560689592
2000,0.1,769,0.90176,2.2103144940614547
2000,0.1,770,0.90409,2.225582175136557
2000,0.1,771,0.89749,2.1838476189614866
2000,0.1,772,0.90552,2.2334368450270956
2000,0.1,773,0.88643,2.1199850767978816
2000,0.1,774,0.90014,2.2008359595314237
2000,0.1,775,0.89388,2.1622700984059646
2000,0.1,776,0.90513,2.2303613380288825
2000,0.1,777,0.89868,2.191257939295994
2000,0.1,778,0.89923,2.19585392823781
2000,0.1,779,0.90879,2.254464073957232
2000,0.1,780,0.90267,2.2164899816548043
2000,0.1,781,0.90085,2.2049593652194
2000,0.1,782,0.89731,2.182482948269517
2000,0.1,783,0.90957,2.26025156446965
2000,0.1,784,0.90398,2.2246044342730604
2000,0.1,785,0.89816,2.1880572156248657
2000,0.1,786,0.89877,2.1919586644825615
2000,0.1,787,0.90117,2.206761018255089
2000,0.1,788,0.90525,2.231301571074154
2000,0.1,789,0.89229,2.15309102186307
2000,0.1,790,0.90342,2.2213951988484775
2000,0.1,791,0.89297,2.1569584426281834
2000,0.1,792,0.90535,2.2322850962551053
2000,0.1,793,0.89721,2.181701965932975
2000,0.1,794,0.89942,2.196769537075337
2000,0.1,795,0.89965,2.1983174679924606
2000,0.1,796,0.88555,2.1147556523796576
2000,0.1,797,0.89841,2.1897730093922196
2000,0.1,798,0.88859,2.1318836416742926
2000,0.1,799,0.89335,2.1591128483871493
2000,0.1,800,0.91038,2.265504250441549
2000,0.1,801,0.88914,2.135209342317374
2000,0.1,802,0.89899,2.194146653763423
2000,0.1,803,0.89901,2.194256229999826
2000,0.1,804,0.90133,2.2075288614412987
2000,0.1,805,0.90094,2.205407117329365
2000,0.1,806,0.91291,2.2841854719425316
2000,0.1,807,0.89707,2.1808656538807836
2000,0.1,808,0.88539,2.1140528961688942
2000,0.1,809,0.90099,2.205886835841273
2000,0.1,810,0.90745,2.2456223447591084
2000,0.1,811,0.90363,2.2227835202799797
2000,0.1,812,0.90363,2.222563028029378
2000,0.1,813,0.89657,2.177228571909667
2000,0.1,814,0.90558,2.2341426221116403
2000,0.1,815,0.912,2.2774941125160133
2000,0.1,816,0.89718,2.181522350715224
2000,0.1,817,0.89182,2.150279562230617
2000,0.1,818,0.89635,2.176396071781401
2000,0.1,819,0.90067,2.2039275869702126
2000,0.1,820,0.89229,2.15301697285443
2000,0.1,821,0.90157,2.2090970856588816
2000,0.1,822,0.89756,2.1842073772269854
2000,0.1,823,0.8988,2.1923197148429985
2000,0.1,824,0.89803,2.1875332228744147
2000,0.1,825,0.90263,2.2162563206115036
2000,0.1,826,0.90379,2.223436363120107
2000,0.1,827,0.89675,2.1784520921113475
2000,0.1,828,0.89353,2.160403078392309
2000,0.1,829,0.88086,2.0898014513424936
2000,0.1,830,0.90053,2.2030923908686093
2000,0.1,831,0.89563,2.1722595801387525
2000,0.1,832,0.90073,2.20445248927788
2000,0.1,833,0.88573,2.1157922960121
2000,0.1,834,0.8997,2.198776485768633
2000,0.1,835,0.8989,2.193005332513059
2000,0.1,836,0.8995,2.19749636442799
2000,0.1,837,0.89994,2.199910540689233
2000,0.1,838,0.90032,2.2019591012760085
2000,0.1,839,0.88582,2.116340146702321
2000,0.1,840,0.91102,2.2708512582532663
2000,0.1,841,0.90219,2.21268521035225
2000,0.1,842,0.89883,2.192557419962074
2000,0.1,843,0.89421,2.1643601118012508
2000,0.1,844,0.90462,2.227889153662212
2000,0.1,845,0.90746,2.2457934159078254
2000,0.1,846,0.90979,2.261218364824891
2000,0.1,847,0.89939,2.1966281348015446
2000,0.1,848,0.90999,2.263035181580144
2000,0.1,849,0.88905,2.134549654458305
2000,0.1,850,0.89649,2.1768761755711927
2000,0.1,851,0.89892,2.193250050844564
2000,0.1,852,0.89198,2.1513477512854133
2000,0.1,853,0.89781,2.186376433087169
2000,0.1,854,0.89385,2.1621459337945703
2000,0.1,855,0.90752,2.2461756643862687
2000,0.1,856,0.89891,2.1931344514141857
2000,0.1,857,0.89922,2.1956799457470217
2000,0.1,858,0.89784,2.1866091135404617
2000,0.1,859,0.90256,2.2153869939491346
2000,0.1,860,0.90745,2.2457071931588195
2000,0.1,861,0.89484,2.1679085430718645
2000,0.1,862,0.89307,2.1575874436147533
2000,0.1,863,0.89669,2.178063638391733
2000,0.1,864,0.90041,2.202624094967827
2000,0.1,865,0.89362,2.1609114794760664
2000,0.1,866,0.89307,2.157555411782566
2000,0.1,867,0.90115,2.206609524010073
2000,0.1,868,0.9002,2.2014297599399923
2000,0.1,869,0.90518,2.230726273358614
2000,0.1,870,0.90999,2.263099078217967
2000,0.1,871,0.89693,2.1797387669547668
2000,0.1,872,0.90666,2.2407124282580906
2000,0.1,873,0.88533,2.1136591071824347
2000,0.1,874,0.89501,2.1688105738348287
2000,0.1,875,0.89526,2.170589630739609
2000,0.1,876,0.89783,2.1865261350642435
2000,0.1,877,0.90072,2.2042582523955154
2000,0.1,878,0.88664,2.1210695801703396
2000,0.1,879,0.90307,2.219273565286925
2000,0.1,880,0.90129,2.207233748968709
2000,0.1,881,0.89311,2.1576745168206815
2000,0.1,882,0.90018,2.2013428915753654
2000,0.1,883,0.89027,2.1419448888627644
2000,0.1,884,0.90585,2.236365071650461
2000,0.1,885,0.89938,2.196610009529465
2000,0.1,886,0.88362,2.104293784316514
2000,0.1,887,0.90282,2.2176930785087094
2000,0.1,888,0.90312,2.2195202984475206
2000,0.1,889,0.90797,2.2490460609007674
2000,0.1,890,0.9106,2.2673954813870596
2000,0.1,891,0.8978,2.186137066731269
2000,0.1,892,0.88799,2.1282068200892335
2000,0.1,893,0.89988,2.199572515915215
2000,0.1,894,0.89159,2.1489607638114956
2000,0.1,895,0.90044,2.2027456465230455
2000,0.1,896,0.90159,2.209166842094829
2000,0.1,897,0.89125,2.1471602883865186
2000,0.1,898,0.90234,2.2137154855184384
2000,0.1,899,0.90098,2.2055585630474663
2000,0.1,900,0.9076,2.2468187855024415
2000,0.1,901,0.91133,2.273054130251322
2000,0.1,902,0.91021,2.2644298079734373
2000,0.1,903,0.89573,2.17279583861322
2000,0.1,904,0.89452,2.1661376762106532
2000,0.1,905,0.88282,2.0999265264733573
2000,0.1,906,0.88658,2.1206386577139584
2000,0.1,907,0.90054,2.203183717378521
2000,0.1,908,0.89963,2.1981317582402164
2000,0.1,909,0.89893,2.1935971327754507
2000,0.1,910,0.89353,2.1604008439361033
2000,0.1,911,0.90742,2.245502074121747
2000,0.1,912,0.89518,2.1697996497384184
2000,0.1,913,0.91423,2.2922325688121656
2000,0.1,914,0.89268,2.1556499745797892
2000,0.1,915,0.88483,2.1109108305315742
2000,0.1,916,0.90289,2.217983175473571
2000,0.1,917,0.89744,2.1836493422117846
2000,0.1,918,0.89517,2.1694178239937596
2000,0.1,919,0.8988,2.192069912810395
2000,0.1,920,0.89434,2.1650452506299853
2000,0.1,921,0.89286,2.1562837920382756
2000,0.1,922,0.90688,2.2416297722766343
2000,0.1,923,0.90055,2.203209085881467
2000,0.1,924,0.89139,2.147969210390128
2000,0.1,925,0.8961,2.1747740776266333
2000,0.1,926,0.90363,2.2225515842813808
2000,0.1,927,0.89955,2.197889473470521
2000,0.1,928,0.90906,2.256204698714103
2000,0.1,929,0.89981,2.1990770054765356
2000,0.1,930,0.90176,2.210327144455521
2000,0.1,931,0.8914,2.1479876745499116
2000,0.1,932,0.89495,2.168493970576568
2000,0.1,933,0.89985,2.1991847881998114
2000,0.1,934,0.88371,2.104755057741558
2000,0.1,935,0.89375,2.161624024200295
2000,0.1,936,0.89612,2.1748345288625774
2000,0.1,937,0.90032,2.202005754225185
2000,0.1,938,0.89721,2.1818073192068494
2000,0.1,939,0.89084,2.145241020084736
2000,0.1,940,0.89955,2.1977939897144614
2000,0.1,941,0.89526,2.170510430692105
2000,0.1,942,0.90554,2.2336194055728127
2000,0.1,943,0.90527,2.2316255594427075
2000,0.1,944,0.90569,2.2351127796573302
2000,0.1,945,0.90362,2.222458992912541
2000,0.1,946,0.91778,2.315174183217295
2000,0.1,947,0.90861,2.253641431228382
2000,0.1,948,0.90837,2.252372338539108
2000,0.1,949,0.91368,2.288615309658923
2000,0.1,950,0.91651,2.306525788761344
2000,0.1,951,0.89689,2.1796457100341136
2000,0.1,952,0.90644,2.2391925707103475
2000,0.1,953,0.89097,2.1458779303142888
2000,0.1,954,0.90181,2.210521761635607
2000,0.1,955,0.89855,2.190694242230731
2000,0.1,956,0.88796,2.127984854176942
2000,0.1,957,0.89398,2.162937662269999
2000,0.1,958,0.90552,2.2334792068039615
2000,0.1,959,0.89815,2.1879852454284845
2000,0.1,960,0.91281,2.2835001306259217
2000,0.1,961,0.90178,2.2103511639815627
2000,0.1,962,0.89891,2.1931998007273794
2000,0.1,963,0.89591,2.1737640930566235
2000,0.1,964,0.89305,2.1574396673003644
2000,0.1,965,0.89528,2.170738581219283
2000,0.1,966,0.89398,2.16294049378075
2000,0.1,967,0.89907,2.194777093752145
2000,0.1,968,0.90448,2.227458951551768
2000,0.1,969,0.90335,2.2209462321603968
2000,0.1,970,0.89339,2.159347573421557
2000,0.1,971,0.89772,2.185652908091253
2000,0.1,972,0.89965,2.198333023779662
2000,0.1,973,0.90735,2.2447666161196156
2000,0.1,974,0.9026,2.2160258050930124
2000,0.1,975,0.89915,2.1952490292635627
2000,0.1,976,0.91106,2.271195677214549
2000,0.1,977,0.89739,2.1830742986276825
2000,0.1,978,0.89987,2.1994532862428486
2000,0.1,979,0.90368,2.2230285698029015
2000,0.1,980,0.89641,2.1766380288646445
2000,0.1,981,0.9128,2.2834549215051885
2000,0.1,982,0.89377,2.1617612893505234
2000,0.1,983,0.90332,2.220609190426718
2000,0.1,984,0.90199,2.211360562596371
2000,0.1,985,0.8973,2.1823821262066705
2000,0.1,986,0.90269,2.2167578443621747
2000,0.1,987,0.89703,2.1805290478363233
2000,0.1,988,0.90148,2.2085244535777786
2000,0.1,989,0.89896,2.193805101496178
2000,0.1,990,0.90293,2.2183083559418133
2000,0.1,991,0.8935,2.1601088141560685
2000,0.1,992,0.89249,2.1544562685053616
2000,0.1,993,0.90672,2.2410326685056035
2000,0.1,994,0.90319,2.2199300998919087
2000,0.1,995,0.89906,2.1946858653273695
2000,0.1,996,0.88924,2.135975937186757
2000,0.1,997,0.8996,2.19806243477373
2000,0.1,998,0.89736,2.1829005027564943
2000,0.1,999,0.89671,2.1783000040435123
2000,0.2,0,0.81238,1.78490520948427
2000,0.2,1,0.8046,1.7556622865785136
2000,0.2,2,0.79796,1.730920431675659
2000,0.2,3,0.80486,1.7566334842145563
2000,0.2,4,0.7975,1.7287526858359368
2000,0.2,5,0.81353,1.789746677972444
2000,0.2,6,0.80384,1.7525737668625174
2000,0.2,7,0.79753,1.7290583118331908
2000,0.2,8,0.79751,1.7288046812079672
2000,0.2,9,0.79552,1.7224796506841735
2000,0.2,10,0.80658,1.7632582447157008
2000,0.2,11,0.79418,1.7178303524966836
2000,0.2,12,0.8008,1.7411757994920916
2000,0.2,13,0.8088,1.7713019101184384
2000,0.2,14,0.80137,1.7432350134766388
2000,0.2,15,0.79899,1.7345168082184137
2000,0.2,16,0.81452,1.7937060183736575
2000,0.2,17,0.8035,1.751456595448098
2000,0.2,18,0.79754,1.7291895038392315
2000,0.2,19,0.78322,1.679421630870985
2000,0.2,20,0.79467,1.7192420376181954
2000,0.2,21,0.78907,1.6995919368604493
2000,0.2,22,0.79913,1.7349478741922897
2000,0.2,23,0.80134,1.7431199096915044
2000,0.2,24,0.80263,1.7479276084331419
2000,0.2,25,0.80855,1.7705837128359418
2000,0.2,26,0.80658,1.7632549579237928
2000,0.2,27,0.78933,1.7008085434884568
2000,0.2,28,0.79241,1.7114981564684362
2000,0.2,29,0.81511,1.7963502328325927
2000,0.2,30,0.78683,1.691564795097896
2000,0.2,31,0.81138,1.7810356667968477
2000,0.2,32,0.82137,1.8196025449013389
2000,0.2,33,0.81099,1.779492986696154
2000,0.2,34,0.78134,1.6731510954558144
2000,0.2,35,0.79865,1.733377926228129
2000,0.2,36,0.79316,1.714220953710465
2000,0.2,37,0.79849,1.7327588182597506
2000,0.2,38,0.8045,1.7550926866959835
2000,0.2,39,0.8009,1.7416487518665356
2000,0.2,40,0.79608,1.7242826244850684
2000,0.2,41,0.80321,1.7504590543788203
2000,0.2,42,0.8112,1.7802970911259002
2000,0.2,43,0.79411,1.717633175319329
2000,0.2,44,0.8032,1.7504021718849225
2000,0.2,45,0.80118,1.7426858457332077
2000,0.2,46,0.78963,1.7024659615496955
2000,0.2,47,0.8089,1.7716883018478147
2000,0.2,48,0.79912,1.7349334507356793
2000,0.2,49,0.81672,1.8022157579713258
2000,0.2,50,0.80305,1.7496044312202517
2000,0.2,51,0.78538,1.686627304760621
2000,0.2,52,0.81403,1.7920063705389555
2000,0.2,53,0.78863,1.6976269475723007
2000,0.2,54,0.79899,1.7345265650480892
2000,0.2,55,0.78965,1.7025040711654078
2000,0.2,56,0.80582,1.7600573230369272
2000,0.2,57,0.78258,1.6771171434173047
2000,0.2,58,0.79503,1.7205703519717064
2000,0.2,59,0.81276,1.786363616633533
2000,0.2,60,0.80454,1.755339951720245
2000,0.2,61,0.7915,1.7085196345598874
2000,0.2,62,0.80066,1.7405697932260296
2000,0.2,63,0.79194,1.7096111100135234
2000,0.2,64,0.80721,1.7654449893318354
2000,0.2,65,0.78932,1.700743639912558
2000,0.2,66,0.8082,1.769462244527868
2000,0.2,67,0.78881,1.698466613380542
2000,0.2,68,0.8023,1.7466447348146859
2000,0.2,69,0.78657,1.6906836557853169
2000,0.2,70,0.79453,1.7187519249182612
2000,0.2,71,0.80275,1.7485008987146473
2000,0.2,72,0.78729,1.6930852877387803
2000,0.2,73,0.799,1.734586057050053
2000,0.2,74,0.78358,1.6806590848703609
2000,0.2,75,0.79251,1.7120385796719158
2000,0.2,76,0.81149,1.78153364611039
2000,0.2,77,0.79001,1.703545952425146
2000,0.2,78,0.81356,1.7898595081789452
2000,0.2,79,0.78904,1.6994594516637758
2000,0.2,80,0.80143,1.74341209637011
2000,0.2,81,0.80358,1.7516784059006358
2000,0.2,82,0.79451,1.7186617209025252
2000,0.2,83,0.79419,1.7179047406492007
2000,0.2,84,0.78589,1.6882977423666228
2000,0.2,85,0.81011,1.775620627868801
2000,0.2,86,0.81447,1.7935478488332994
2000,0.2,87,0.80413,1.753792052713834
2000,0.2,88,0.80111,1.7423263081727052
2000,0.2,89,0.80241,1.7472134356391638
2000,0.2,90,0.80668,1.7636899643661055
2000,0.2,91,0.79115,1.7074308957471933
2000,0.2,92,0.80304,1.7495258809472487
2000,0.2,93,0.80712,1.7651801195051589
2000,0.2,94,0.80473,1.7561122682426642
2000,0.2,95,0.79947,1.736339921393892
2000,0.2,96,0.81402,1.7919145274183697
2000,0.2,97,0.80776,1.767861677113194
2000,0.2,98,0.82047,1.8160241746563899
2000,0.2,99,0.79684,1.726633964041155
2000,0.2,100,0.80584,1.7601085155277023
2000,0.2,101,0.79501,1.7205381435925764
2000,0.2,102,0.80208,1.7458794062793919
2000,0.2,103,0.80738,1.7662863419626473
2000,0.2,104,0.79972,1.7370977434909496
2000,0.2,105,0.78408,1.6821259828049278
2000,0.2,106,0.80396,1.7530548312136207
2000,0.2,107,0.79718,1.7278521089267183
2000,0.2,108,0.80007,1.7385072979414664
2000,0.2,109,0.79964,1.736805246791721
2000,0.2,110,0.80278,1.7486413053197372
2000,0.2,111,0.80303,1.7494046764364881
2000,0.2,112,0.80053,1.7402270015163763
2000,0.2,113,0.80148,1.7435628031183832
2000,0.2,114,0.80216,1.7461979782143178
2000,0.2,115,0.78589,1.6883103479692245
2000,0.2,116,0.78362,1.6807194555724054
2000,0.2,117,0.80884,1.7714948471364538
2000,0.2,118,0.80951,1.773303879246989
2000,0.2,119,0.79539,1.7217742525097504
2000,0.2,120,0.78901,1.6993695497581753
2000,0.2,121,0.80165,1.7444096630209056
2000,0.2,122,0.79489,1.720039310909474
2000,0.2,123,0.81167,1.7820850477963717
2000,0.2,124,0.79869,1.7336735300622588
2000,0.2,125,0.81167,1.7820022530766801
2000,0.2,126,0.79085,1.706462755625484
2000,0.2,127,0.79975,1.7372380950484618
2000,0.2,128,0.79597,1.7240677904385358
2000,0.2,129,0.79685,1.7266828042712072
2000,0.2,130,0.80589,1.760317909827749
2000,0.2,131,0.80677,1.7638816388932343
2000,0.2,132,0.78323,1.6794808448113714
2000,0.2,133,0.78847,1.6971201129733116
2000,0.2,134,0.78854,1.6973562209263973
2000,0.2,135,0.80574,1.7596926674446887
2000,0.2,136,0.80053,1.7402165253128437
2000,0.2,137,0.79088,1.7065825551539744
2000,0.2,138,0.79783,1.7304708155918376
2000,0.2,139,0.80034,1.7394651891265405
2000,0.2,140,0.8151,1.7963077530222367
2000,0.2,141,0.80619,1.7615837229010571
2000,0.2,142,0.79455,1.7188680167111874
2000,0.2,143,0.80401,1.7531779922031343
2000,0.2,144,0.7989,1.7341866954530456
2000,0.2,145,0.79683,1.726577145106261
2000,0.2,146,0.79548,1.7223284091039868
2000,0.2,147,0.78304,1.6789941305833733
2000,0.2,148,0.78696,1.6920195118769858
2000,0.2,149,0.78779,1.6947971154721815
2000,0.2,150,0.79228,1.710705701953585
2000,0.2,151,0.79411,1.717542570862051
2000,0.2,152,0.79488,1.7199867090402745
2000,0.2,153,0.80317,1.750133459876798
2000,0.2,154,0.81692,1.8029112497719402
2000,0.2,155,0.7877,1.6945656839674728
2000,0.2,156,0.79516,1.7210337549297958
2000,0.2,157,0.80187,1.7451684106219734
2000,0.2,158,0.80152,1.7439196355241045
2000,0.2,159,0.80869,1.7709938758953045
2000,0.2,160,0.78775,1.694671661611538
2000,0.2,161,0.7924,1.7114108505861425
2000,0.2,162,0.80194,1.7455142986645837
2000,0.2,163,0.79397,1.7171472685137217
2000,0.2,164,0.80086,1.741403672519993
2000,0.2,165,0.81474,1.794521919515851
2000,0.2,166,0.79615,1.7246275539672986
2000,0.2,167,0.79647,1.7255809099659392
2000,0.2,168,0.80962,1.7736321301481837
2000,0.2,169,0.797,1.7272863415672488
2000,0.2,170,0.79494,1.7203943047527606
2000,0.2,171,0.79003,1.7036290792416158
2000,0.2,172,0.80147,1.743552441252778
2000,0.2,173,0.80479,1.75633940322339
2000,0.2,174,0.80415,1.753891144014771
2000,0.2,175,0.79701,1.7274234215454802
2000,0.2,176,0.7936,1.715849717732403
2000,0.2,177,0.79073,1.705991959296756
2000,0.2,178,0.79397,1.7171875218024781
2000,0.2,179,0.80495,1.7571630509627978
2000,0.2,180,0.79244,1.7116353031054294
2000,0.2,181,0.80932,1.7728687970671388
2000,0.2,182,0.79926,1.735362024103296
2000,0.2,183,0.80045,1.7399289160458
2000,0.2,184,0.79165,1.708834033160194
2000,0.2,185,0.80688,1.7642104201781592
2000,0.2,186,0.79306,1.713920197718883
2000,0.2,187,0.80867,1.7709672054855399
2000,0.2,188,0.80157,1.7441194863213099
2000,0.2,189,0.80523,1.757883491084244
2000,0.2,190,0.79869,1.7336414389640553
2000,0.2,191,0.80236,1.7470498669870187
2000,0.2,192,0.79482,1.7198918821353393
2000,0.2,193,0.80383,1.752554014170359
2000,0.2,194,0.80753,1.7668698562355256
2000,0.2,195,0.8049,1.7569790639208693
2000,0.2,196,0.78135,1.6732282875387106
2000,0.2,197,0.81201,1.7834965753796637
2000,0.2,198,0.78553,1.687174387705504
2000,0.2,199,0.79227,1.710677327315848
2000,0.2,200,0.80118,1.7427464118071267
2000,0.2,201,0.79804,1.7312268987720878
2000,0.2,202,0.80216,1.7462150616377121
2000,0.2,203,0.79781,1.7304180038648715
2000,0.2,204,0.80438,1.75460402720259
2000,0.2,205,0.80584,1.7601381874860846
2000,0.2,206,0.81445,1.7934860926997926
2000,0.2,207,0.80255,1.7475614080915383
2000,0.2,208,0.80779,1.7679439845932903
2000,0.2,209,0.80275,1.7485182040703593
2000,0.2,210,0.81041,1.776715156956982
2000,0.2,211,0.79353,1.715635207927737
2000,0.2,212,0.79873,1.7337413007015576
2000,0.2,213,0.81148,1.7814260455588884
2000,0.2,214,0.79891,1.7342337527880582
2000,0.2,215,0.8151,1.7963032125871878
2000,0.2,216,0.80118,1.7427323817974205
2000,0.2,217,0.80157,1.7440583659184374
2000,0.2,218,0.80312,1.7499346717825661
2000,0.2,219,0.79865,1.7333560104743653
2000,0.2,220,0.7917,1.7089932466004982
2000,0.2,221,0.79323,1.714370607594018
2000,0.2,222,0.77827,1.6623486320473289
2000,0.2,223,0.81068,1.778342171652122
2000,0.2,224,0.80812,1.7691942106881835
2000,0.2,225,0.78911,1.6999021440006217
2000,0.2,226,0.7925,1.7119617851903903
2000,0.2,227,0.79193,1.7095509139750256
2000,0.2,228,0.79462,1.719085550228375
2000,0.2,229,0.80914,1.7722486212512811
2000,0.2,230,0.78866,1.6978317506092733
2000,0.2,231,0.8002,1.7390175522339244
2000,0.2,232,0.79218,1.7104659476096804
2000,0.2,233,0.80205,1.7457622717896695
2000,0.2,234,0.81508,1.7961298888703232
2000,0.2,235,0.79618,1.7247439127726882
2000,0.2,236,0.78974,1.7026511397641395
2000,0.2,237,0.78833,1.6963725199803714
2000,0.2,238,0.78997,1.703381006113013
2000,0.2,239,0.79568,1.7229163683413171
2000,0.2,240,0.8109,1.7791579404433244
2000,0.2,241,0.80041,1.7397557070749023
2000,0.2,242,0.8015,1.7437210994795045
2000,0.2,243,0.8103,1.7763001054595553
2000,0.2,244,0.79907,1.7346740357261035
2000,0.2,245,0.81098,1.7793828465255066
2000,0.2,246,0.80259,1.7477864171165172
2000,0.2,247,0.8064,1.7626223510891024
2000,0.2,248,0.81303,1.787579506768335
2000,0.2,249,0.78512,1.685654746634111
2000,0.2,250,0.80175,1.744687888632177
2000,0.2,251,0.79512,1.7209018434002807
2000,0.2,252,0.79919,1.7350961874087947
2000,0.2,253,0.80712,1.765215443240407
2000,0.2,254,0.79748,1.7286859562364714
2000,0.2,255,0.80804,1.769044303363616
2000,0.2,256,0.79933,1.7356360508251005
2000,0.2,257,0.81882,1.8094311864487609
2000,0.2,258,0.79731,1.7281960988038287
2000,0.2,259,0.8051,1.7576044935311512
2000,0.2,260,0.79762,1.7296087583084583
2000,0.2,261,0.79938,1.7357712898178046
2000,0.2,262,0.80214,1.7460926372736192
2000,0.2,263,0.79342,1.7150575476650625
2000,0.2,264,0.77914,1.6652515182460963
2000,0.2,265,0.79363,1.7159682458448748
2000,0.2,266,0.78493,1.685122703533772
2000,0.2,267,0.80154,1.7440155243680746
2000,0.2,268,0.80225,1.7464544749259687
2000,0.2,269,0.78285,1.6784446385644758
2000,0.2,270,0.79391,1.7169608905061107
2000,0.2,271,0.80966,1.7737926324716882
2000,0.2,272,0.79164,1.708812933694058
2000,0.2,273,0.81894,1.8099810018732496
2000,0.2,274,0.80112,1.7424402175451303
2000,0.2,275,0.79966,1.7368690256531045
2000,0.2,276,0.80383,1.752528617322642
2000,0.2,277,0.79361,1.7158832119053322
2000,0.2,278,0.79796,1.7309604371922451
2000,0.2,279,0.80043,1.7398751486646895
2000,0.2,280,0.80665,1.763579191657499
2000,0.2,281,0.81068,1.778295141318707
2000,0.2,282,0.78854,1.6973497910334747
2000,0.2,283,0.79394,1.7170864807016166
2000,0.2,284,0.80795,1.7684943564969204
2000,0.2,285,0.78201,1.6754513973237333
2000,0.2,286,0.8022,1.746371327376417
2000,0.2,287,0.80617,1.7614263609088552
2000,0.2,288,0.78217,1.676007360152895
2000,0.2,289,0.80908,1.771956226970429
2000,0.2,290,0.78333,1.6798400268722793
2000,0.2,291,0.7935,1.7154030944054846
2000,0.2,292,0.81016,1.7758103791962316
2000,0.2,293,0.79549,1.7223662885733155
2000,0.2,294,0.81089,1.779117709143919
2000,0.2,295,0.79386,1.716731399629721
2000,0.2,296,0.79524,1.7213974815087303
2000,0.2,297,0.78447,1.6834108765319218
2000,0.2,298,0.79755,1.7293230376489785
2000,0.2,299,0.80326,1.7507060887998989
2000,0.2,300,0.76627,1.620590217302753
2000,0.2,301,0.80727,1.7656757333356423
2000,0.2,302,0.80319,1.7503550470356426
2000,0.2,303,0.80149,1.7436352057597535
2000,0.2,304,0.7901,1.7040277302519538
2000,0.2,305,0.80188,1.7452284221394316
2000,0.2,306,0.79583,1.723456619178653
2000,0.2,307,0.81508,1.7962309619711212
2000,0.2,308,0.81663,1.8018813946600885
2000,0.2,309,0.81375,1.7907513879749868
2000,0.2,310,0.80975,1.7741221003695076
2000,0.2,311,0.80653,1.7629344611144158
2000,0.2,312,0.78739,1.6933807092143596
2000,0.2,313,0.80473,1.7561382947029829
2000,0.2,314,0.81187,1.7829024572528511
2000,0.2,315,0.80434,1.754536351536279
2000,0.2,316,0.78729,1.693091825968225
2000,0.2,317,0.78933,1.7007904200428607
2000,0.2,318,0.81162,1.781811602258422
2000,0.2,319,0.78902,1.6994380905359008
2000,0.2,320,0.82375,1.8287092821434858
2000,0.2,321,0.79454,1.7188478500766684
2000,0.2,322,0.80757,1.7669851273360588
2000,0.2,323,0.79612,1.7244443190017427
2000,0.2,324,0.81429,1.7928886739075263
2000,0.2,325,0.80231,1.7467927046348017
2000,0.2,326,0.80364,1.7518582901170032
2000,0.2,327,0.80439,1.7546354496331538
2000,0.2,328,0.81885,1.8097162030668565
2000,0.2,329,0.80322,1.7505702092465318
2000,0.2,330,0.79868,1.7335779233524617
2000,0.2,331,0.79021,1.7043872597537588
2000,0.2,332,0.80119,1.742811420964467
2000,0.2,333,0.80992,1.7746952797654847
2000,0.2,334,0.79395,1.717111771878546
2000,0.2,335,0.80819,1.7694563930597358
2000,0.2,336,0.78828,1.6961179824508752
2000,0.2,337,0.80838,1.7700883811852985
2000,0.2,338,0.80352,1.751482020835851
2000,0.2,339,0.80263,1.7478796449296876
2000,0.2,340,0.80668,1.7636633500421894
2000,0.2,341,0.80179,1.7448508201750543
2000,0.2,342,0.81248,1.7855018433569714
2000,0.2,343,0.79196,1.7097043565783607
2000,0.2,344,0.79229,1.710856775499726
2000,0.2,345,0.81055,1.777397759261395
2000,0.2,346,0.78677,1.6913915225855949
2000,0.2,347,0.80036,1.739531853030671
2000,0.2,348,0.78769,1.694525287965731
2000,0.2,349,0.80843,1.7702907630610152
2000,0.2,350,0.79956,1.7365816589656549
2000,0.2,351,0.81273,1.7862886258001778
2000,0.2,352,0.78276,1.678024814851569
2000,0.2,353,0.79877,1.7338539232494083
2000,0.2,354,0.79234,1.7110090540223784
2000,0.2,355,0.79197,1.7098396942104699
2000,0.2,356,0.79465,1.7191559443305717
2000,0.2,357,0.80362,1.7518152683580082
2000,0.2,358,0.80635,1.7623867372657651
2000,0.2,359,0.80514,1.7577296306848305
2000,0.2,360,0.79758,1.7294780638163907
2000,0.2,361,0.80858,1.770717802666601
2000,0.2,362,0.78566,1.6875283012752758
2000,0.2,363,0.80914,1.7721784255526627
2000,0.2,364,0.79535,1.7216961960002606
2000,0.2,365,0.8106,1.777733008991456
2000,0.2,366,0.80388,1.7527046095585863
2000,0.2,367,0.788,1.6952478775271627
2000,0.2,368,0.81408,1.7921826175484334
2000,0.2,369,0.79187,1.7093249319483985
2000,0.2,370,0.78532,1.6864060788786608
2000,0.2,371,0.79991,1.7377013842469955
2000,0.2,372,0.80691,1.7644324430585683
2000,0.2,373,0.79755,1.729286996099487
2000,0.2,374,0.79344,1.715113745791411
2000,0.2,375,0.80758,1.7671422300559732
2000,0.2,376,0.8023,1.7465975879441022
2000,0.2,377,0.80299,1.7491196588695397
2000,0.2,378,0.80479,1.7563455725909747
2000,0.2,379,0.7954,1.7219531997114568
2000,0.2,380,0.81429,1.7929052866627515
2000,0.2,381,0.80238,1.747079780835379
2000,0.2,382,0.80163,1.7443303011869773
2000,0.2,383,0.81012,1.7756798022770584
2000,0.2,384,0.78533,1.6864118006757378
2000,0.2,385,0.81671,1.8021665088906036
2000,0.2,386,0.79754,1.7291015988581853
2000,0.2,387,0.79457,1.7189656088474146
2000,0.2,388,0.80914,1.772211042632251
2000,0.2,389,0.80812,1.7691788467835232
2000,0.2,390,0.79587,1.7235565549860326
2000,0.2,391,0.79806,1.731339348678512
2000,0.2,392,0.80708,1.7650654656975304
2000,0.2,393,0.80473,1.7560963152508147
2000,0.2,394,0.7934,1.714955522131938
2000,0.2,395,0.78994,1.7032889414681858
2000,0.2,396,0.79042,1.7050806811365837
2000,0.2,397,0.79424,1.7180252822922446
2000,0.2,398,0.80307,1.7497230095874958
2000,0.2,399,0.78881,1.698573460377046
2000,0.2,400,0.78806,1.6953542884998296
2000,0.2,401,0.80839,1.7701241292070988
2000,0.2,402,0.79415,1.7177776330519858
2000,0.2,403,0.80322,1.7505753342552506
2000,0.2,404,0.80373,1.7521530927621596
2000,0.2,405,0.81402,1.7919463244669398
2000,0.2,406,0.81245,1.7852976590000877
2000,0.2,407,0.80725,1.7655406552894604
2000,0.2,408,0.80757,1.7670544293323072
2000,0.2,409,0.80772,1.7676595494030243
2000,0.2,410,0.80927,1.7726681149220866
2000,0.2,411,0.79783,1.730448511593768
2000,0.2,412,0.80525,1.7579422755211216
2000,0.2,413,0.79037,1.704795512071962
2000,0.2,414,0.80772,1.767697811968691
2000,0.2,415,0.80244,1.7473259047128602
2000,0.2,416,0.78832,1.6962730400874648
2000,0.2,417,0.80107,1.7419866664586672
2000,0.2,418,0.80658,1.7633169503083193
2000,0.2,419,0.79625,1.7249628976853337
2000,0.2,420,0.80618,1.761531058180981
2000,0.2,421,0.80573,1.7596465910270165
2000,0.2,422,0.79754,1.7291658956218359
2000,0.2,423,0.79595,1.7237678241385952
2000,0.2,424,0.79474,1.7196191707465354
2000,0.2,425,0.79676,1.7263289390549967
2000,0.2,426,0.79604,1.7242243453889539
2000,0.2,427,0.80881,1.7713508575269516
2000,0.2,428,0.80832,1.7698194124218194
2000,0.2,429,0.8086,1.7708349327275448
2000,0.2,430,0.78914,1.700002757867722
2000,0.2,431,0.8004,1.739738648161259
2000,0.2,432,0.80137,1.743224708317252
2000,0.2,433,0.79923,1.7352620667166003
2000,0.2,434,0.81204,1.7836259728704968
2000,0.2,435,0.79609,1.7243622421608777
2000,0.2,436,0.79194,1.7095901863657665
2000,0.2,437,0.82352,1.8277363920152458
2000,0.2,438,0.78585,1.6882457800789439
2000,0.2,439,0.81165,1.7818878459664953
2000,0.2,440,0.79279,1.7130467436498362
2000,0.2,441,0.80193,1.7454462300575466
2000,0.2,442,0.81301,1.7874727662309828
2000,0.2,443,0.80941,1.773056267792597
2000,0.2,444,0.80466,1.755814845372747
2000,0.2,445,0.7979,1.7307384594900252
2000,0.2,446,0.80409,1.7536166302819014
2000,0.2,447,0.78438,1.683005918210302
2000,0.2,448,0.81745,1.8046199172659096
2000,0.2,449,0.80973,1.774080744308663
2000,0.2,450,0.79781,1.7304329171330808
2000,0.2,451,0.79411,1.717597031644098
2000,0.2,452,0.81518,1.7965179649874745
2000,0.2,453,0.79843,1.7325440289699625
2000,0.2,454,0.80034,1.739464926182472
2000,0.2,455,0.81441,1.7933667270200395
2000,0.2,456,0.80037,1.7396130376233367
2000,0.2,457,0.77211,1.640388522433712
2000,0.2,458,0.79856,1.732949108287983
2000,0.2,459,0.80516,1.7577784543975365
2000,0.2,460,0.80638,1.7624696516265856
2000,0.2,461,0.80086,1.741447921303406
2000,0.2,462,0.79195,1.7096563637681568
2000,0.2,463,0.79503,1.7205719620249151
2000,0.2,464,0.80207,1.74582926175796
2000,0.2,465,0.79518,1.7211725962034907
2000,0.2,466,0.80551,1.759000373844116
2000,0.2,467,0.80568,1.7595139798090844
2000,0.2,468,0.79609,1.7243125257779706
2000,0.2,469,0.79748,1.7286902652756662
2000,0.2,470,0.794,1.717272504308577
2000,0.2,471,0.80463,1.7557049197770724
2000,0.2,472,0.79788,1.7306363988152578
2000,0.2,473,0.80625,1.7618197280309955
2000,0.2,474,0.80676,1.7638323697753864
2000,0.2,475,0.82177,1.8214587424905597
2000,0.2,476,0.80568,1.7595191861702157
2000,0.2,477,0.78609,1.688862429091098
2000,0.2,478,0.8036,1.751726113668454
2000,0.2,479,0.79981,1.737405417694963
2000,0.2,480,0.7981,1.731528463945962
2000,0.2,481,0.79666,1.726089508432645
2000,0.2,482,0.81676,1.802288150465329
2000,0.2,483,0.79242,1.7115656343188619
2000,0.2,484,0.78981,1.7029397817939955
2000,0.2,485,0.79669,1.7262029305573972
2000,0.2,486,0.80489,1.7567934347983867
2000,0.2,487,0.783,1.6789158048249282
2000,0.2,488,0.80242,1.7472522811665263
2000,0.2,489,0.79352,1.7154607532822723
2000,0.2,490,0.80798,1.7687036933431095
2000,0.2,491,0.80016,1.738913457484717
2000,0.2,492,0.79338,1.7149393891875864
2000,0.2,493,0.79817,1.7316909268001854
2000,0.2,494,0.77645,1.6567413063185041
2000,0.2,495,0.80352,1.7515132280612513
2000,0.2,496,0.78926,1.7002077440595107
2000,0.2,497,0.79575,1.723181669736405
2000,0.2,498,0.78634,1.6897829496668808
2000,0.2,499,0.79504,1.7206411134761277
2000,0.2,500,0.80617,1.7614112397951267
2000,0.2,501,0.80672,1.7637728723807047
2000,0.2,502,0.80722,1.7654991537189098
2000,0.2,503,0.8026,1.7478091271626965
2000,0.2,504,0.80699,1.7648850620893843
2000,0.2,505,0.78373,1.6810548249711683
2000,0.2,506,0.79229,1.7108144524339275
2000,0.2,507,0.80563,1.7593907938519728
2000,0.2,508,0.78893,1.699082227251052
2000,0.2,509,0.80584,1.7601049750867799
2000,0.2,510,0.79492,1.7203061298000857
2000,0.2,511,0.80229,1.7465563113088431
2000,0.2,512,0.80881,1.7713272980412103
2000,0.2,513,0.79945,1.7362712186434366
2000,0.2,514,0.80614,1.7612680564346255
2000,0.2,515,0.80794,1.7684129723736575
2000,0.2,516,0.80616,1.7613812285743684
2000,0.2,517,0.81032,1.7763540221235936
2000,0.2,518,0.80635,1.762347829705946
2000,0.2,519,0.81218,1.7840226120744087
2000,0.2,520,0.80495,1.7571559321327455
2000,0.2,521,0.79654,1.7257742370263065
2000,0.2,522,0.79269,1.712573933942778
2000,0.2,523,0.80368,1.7520301578589974
2000,0.2,524,0.81474,1.7945276271210995
2000,0.2,525,0.80159,1.744198007875336
2000,0.2,526,0.80408,1.7534162720173436
2000,0.2,527,0.79625,1.7250184686463048
2000,0.2,528,0.80382,1.752472768484009
2000,0.2,529,0.80289,1.7489008805113562
2000,0.2,530,0.78373,1.6810641888915998
2000,0.2,531,0.79663,1.7259746021543045
2000,0.2,532,0.80127,1.7429267126158352
2000,0.2,533,0.7891,1.6998293349083904
2000,0.2,534,0.80943,1.7731445726373916
2000,0.2,535,0.79579,1.7232701831135466
2000,0.2,536,0.80834,1.7699787395891557
2000,0.2,537,0.80772,1.7676877187980853
2000,0.2,538,0.79823,1.7319399301366052
2000,0.2,539,0.80581,1.75994454170792
2000,0.2,540,0.80194,1.7455632389957463
2000,0.2,541,0.79849,1.7327820769646523
2000,0.2,542,0.79549,1.722415638819305
2000,0.2,543,0.79911,1.7348356198517827
2000,0.2,544,0.81061,1.7777731099148841
2000,0.2,545,0.81287,1.7869650616487558
2000,0.2,546,0.792,1.7099683576318148
2000,0.2,547,0.79534,1.721667842255038
2000,0.2,548,0.80532,1.7583232366736505
2000,0.2,549,0.79961,1.7366996486982311
2000,0.2,550,0.79334,1.7148464599530897
2000,0.2,551,0.80771,1.7676155494232435
2000,0.2,552,0.79405,1.717399454802009
2000,0.2,553,0.79568,1.72294449193104
2000,0.2,554,0.80422,1.7541381384501422
2000,0.2,555,0.79893,1.7342551111085356
2000,0.2,556,0.80472,1.7560684840007417
2000,0.2,557,0.79814,1.7315761971825334
2000,0.2,558,0.80691,1.7644133271632119
2000,0.2,559,0.79781,1.730348216545876
2000,0.2,560,0.79298,1.713616943112047
2000,0.2,561,0.80636,1.7624501979967742
2000,0.2,562,0.81772,1.8054944434700786
2000,0.2,563,0.78938,1.7010049598506791
2000,0.2,564,0.80738,1.7663025693666978
2000,0.2,565,0.8112,1.7803221718660427
2000,0.2,566,0.79158,1.7086834761241338
2000,0.2,567,0.79692,1.7270333501573643
2000,0.2,568,0.78289,1.6785532387610331
2000,0.2,569,0.79128,1.707908972005714
2000,0.2,570,0.80066,1.7406011423630114
2000,0.2,571,0.79929,1.7355208429552227
2000,0.2,572,0.79666,1.7261010052197507
2000,0.2,573,0.80186,1.7451070760573684
2000,0.2,574,0.79456,1.7189116639493207
2000,0.2,575,0.78772,1.6946480772875898
2000,0.2,576,0.80088,1.741457487124753
2000,0.2,577,0.79105,1.7072164247059378
2000,0.2,578,0.79279,1.7130159258834743
2000,0.2,579,0.79485,1.7199437715087051
2000,0.2,580,0.78288,1.6785268437242156
2000,0.2,581,0.8023,1.746604638342718
2000,0.2,582,0.8039,1.7527530147185075
2000,0.2,583,0.80206,1.745807117494572
2000,0.2,584,0.80693,1.7645312159313022
2000,0.2,585,0.80159,1.744217835746951
2000,0.2,586,0.78864,1.697729671384253
2000,0.2,587,0.7991,1.7348064389851219
2000,0.2,588,0.80759,1.7671602537791635
2000,0.2,589,0.79106,1.707236779231649
2000,0.2,590,0.80624,1.7617735463302175
2000,0.2,591,0.80636,1.7624254378675666
2000,0.2,592,0.78707,1.6924475319632153
2000,0.2,593,0.79964,1.7367739505990145
2000,0.2,594,0.80711,1.7650966957499437
2000,0.2,595,0.81176,1.7823777345242902
2000,0.2,596,0.7848,1.684570270339436
2000,0.2,597,0.79176,1.7090870663530553
2000,0.2,598,0.81402,1.79193431094803
2000,0.2,599,0.79115,1.7074919648227485
2000,0.2,600,0.80118,1.7427127943794156
2000,0.2,601,0.79932,1.735589362007035
2000,0.2,602,0.79013,1.7042127500501516
2000,0.2,603,0.79619,1.724764159090571
2000,0.2,604,0.79729,1.728098187054515
2000,0.2,605,0.7901,1.7040537449043882
2000,0.2,606,0.79993,1.7378037688144152
2000,0.2,607,0.794,1.7172967840596627
2000,0.2,608,0.80659,1.7633464715215277
2000,0.2,609,0.80134,1.74309782370825
2000,0.2,610,0.80145,1.7434297972164805
2000,0.2,611,0.79991,1.7377266931857596
2000,0.2,612,0.78454,1.683671778907324
2000,0.2,613,0.81015,1.775771141977502
2000,0.2,614,0.80194,1.7455081958042673
2000,0.2,615,0.80537,1.758516534393715
2000,0.2,616,0.80016,1.7388837626459341
2000,0.2,617,0.8011,1.7422216536015371
2000,0.2,618,0.8091,1.772001255675586
2000,0.2,619,0.79454,1.718827616838162
2000,0.2,620,0.78628,1.6894831259998213
2000,0.2,621,0.82663,1.8396180272989224
2000,0.2,622,0.80474,1.756221726653365
2000,0.2,623,0.79624,1.7249072820473492
2000,0.2,624,0.81071,1.7785023760715446
2000,0.2,625,0.80802,1.7689123517134273
2000,0.2,626,0.80656,1.7630959184123873
2000,0.2,627,0.80148,1.7435856357086224
2000,0.2,628,0.81514,1.7964764636026733
2000,0.2,629,0.78938,1.7009906062534084
2000,0.2,630,0.78965,1.702503897606629
2000,0.2,631,0.81149,1.7814564753458098
2000,0.2,632,0.80796,1.768584186993325
2000,0.2,633,0.79561,1.7227661423991694
2000,0.2,634,0.80265,1.7480102349958264
2000,0.2,635,0.80921,1.7725380000446183
2000,0.2,636,0.80183,1.745026154586998
2000,0.2,637,0.81933,1.8112690386424415
2000,0.2,638,0.8015,1.7437170290570827
2000,0.2,639,0.80752,1.7668537386403547
2000,0.2,640,0.8103,1.776256645753341
2000,0.2,641,0.78547,1.6869054819638007
2000,0.2,642,0.80137,1.7432251369912557
2000,0.2,643,0.81289,1.787052236785315
2000,0.2,644,0.78153,1.6739050624592509
2000,0.2,645,0.79817,1.7317312358103116
2000,0.2,646,0.81612,1.800140969601326
2000,0.2,647,0.80635,1.762350433532998
2000,0.2,648,0.80446,1.7549826803372022
2000,0.2,649,0.80341,1.7512219677814467
2000,0.2,650,0.77788,1.6610491947994785
2000,0.2,651,0.7896,1.7023613073515373
2000,0.2,652,0.78767,1.6944754583155381
2000,0.2,653,0.79494,1.7203908088967903
2000,0.2,654,0.80637,1.7624549687214153
2000,0.2,655,0.79003,1.703701152316801
2000,0.2,656,0.79503,1.7206027561298822
2000,0.2,657,0.7919,1.709412318219026
2000,0.2,658,0.79956,1.7365329210149594
2000,0.2,659,0.79369,1.7161896452022547
2000,0.2,660,0.80869,1.7709741663461818
2000,0.2,661,0.79036,1.704737505808695
2000,0.2,662,0.78492,1.68502747377365
2000,0.2,663,0.7812,1.6725133285369367
2000,0.2,664,0.78223,1.6761508581462827
2000,0.2,665,0.80233,1.7469882980327047
2000,0.2,666,0.80371,1.7521222547302946
2000,0.2,667,0.78748,1.69363283394844
2000,0.2,668,0.79617,1.7246701433388396
2000,0.2,669,0.81328,1.788456521248997
2000,0.2,670,0.80584,1.760124145378341
2000,0.2,671,0.80627,1.7618924818961634
2000,0.2,672,0.80321,1.7504798782556472
2000,0.2,673,0.80477,1.7563013613937661
2000,0.2,674,0.7977,1.7298299714849041
2000,0.2,675,0.81041,1.7767082430813503
2000,0.2,676,0.78782,1.6948820133743676
2000,0.2,677,0.81459,1.7939742617242582
2000,0.2,678,0.79865,1.733353537266539
2000,0.2,679,0.81008,1.7755152832164676
2000,0.2,680,0.80658,1.763324986115781
2000,0.2,681,0.77603,1.6550174836887184
2000,0.2,682,0.80426,1.75433051008894
2000,0.2,683,0.79799,1.7310758223299199
2000,0.2,684,0.79793,1.7308039662236447
2000,0.2,685,0.78673,1.6911727288695841
2000,0.2,686,0.80464,1.7557725666977944
2000,0.2,687,0.81068,1.7784096450179565
2000,0.2,688,0.79285,1.7133067123118608
2000,0.2,689,0.79149,1.7084696165706639
2000,0.2,690,0.80942,1.7730856902792103
2000,0.2,691,0.793,1.7137044433112982
2000,0.2,692,0.79591,1.7236820468344616
2000,0.2,693,0.79269,1.7125108884375688
2000,0.2,694,0.79115,1.7073604873196695
2000,0.2,695,0.80889,1.771641263754844
2000,0.2,696,0.80016,1.7389025603503554
2000,0.2,697,0.80677,1.7638950493677035
2000,0.2,698,0.79819,1.731775605625733
2000,0.2,699,0.79248,1.7118920084084097
2000,0.2,700,0.79197,1.70979036547919
2000,0.2,701,0.79453,1.7188023741206826
2000,0.2,702,0.80353,1.7515474134386246
2000,0.2,703,0.80141,1.7433589554876219
2000,0.2,704,0.78942,1.7012868551177136
2000,0.2,705,0.79494,1.720419500445292
2000,0.2,706,0.80012,1.738654862033699
2000,0.2,707,0.8042,1.7540505436499043
2000,0.2,708,0.78778,1.6947532985078404
2000,0.2,709,0.79525,1.7214239506056268
2000,0.2,710,0.79686,1.7267233871968606
2000,0.2,711,0.78655,1.6906531064692505
2000,0.2,712,0.79516,1.7210545337241516
2000,0.2,713,0.79424,1.7180261052032453
2000,0.2,714,0.80805,1.7690476256797294
2000,0.2,715,0.79192,1.7095188537854464
2000,0.2,716,0.79597,1.7240032904431848
2000,0.2,717,0.80471,1.756017450834057
2000,0.2,718,0.8146,1.7941277504010242
2000,0.2,719,0.79609,1.7243749362452654
2000,0.2,720,0.7937,1.7162425389544196
2000,0.2,721,0.80965,1.7737570717355506
2000,0.2,722,0.80584,1.7601209061145502
2000,0.2,723,0.79776,1.7300907428592205
2000,0.2,724,0.80357,1.7516155967531093
2000,0.2,725,0.81372,1.7905731599644827
2000,0.2,726,0.81478,1.7948623882434105
2000,0.2,727,0.80506,1.7575130001388937
2000,0.2,728,0.79229,1.7107762073280093
2000,0.2,729,0.80664,1.763502701029853
2000,0.2,730,0.79324,1.7145006931204445
2000,0.2,731,0.79619,1.7247604773174814
2000,0.2,732,0.80001,1.7382262589939366
2000,0.2,733,0.79996,1.7379840698350195
2000,0.2,734,0.8163,1.8007791652018286
2000,0.2,735,0.80236,1.7470310623974181
2000,0.2,736,0.79799,1.7310722648543013
2000,0.2,737,0.81689,1.8028493252572195
2000,0.2,738,0.80464,1.7557237063809499
2000,0.2,739,0.80075,1.7408949751941856
2000,0.2,740,0.78881,1.6985812704991134
2000,0.2,741,0.80141,1.7433608122755113
2000,0.2,742,0.81001,1.7751675512888254
2000,0.2,743,0.8066,1.7633645449607327
2000,0.2,744,0.80107,1.7420422845059496
2000,0.2,745,0.79333,1.7147579918982012
2000,0.2,746,0.81034,1.7764012562579707
2000,0.2,747,0.79158,1.7086778434746583
2000,0.2,748,0.79676,1.7263301252496561
2000,0.2,749,0.79511,1.7208916784580048
2000,0.2,750,0.80226,1.746483556112718
2000,0.2,751,0.79928,1.7354861695779202
2000,0.2,752,0.80691,1.764350358473416
2000,0.2,753,0.79762,1.729587353813047
2000,0.2,754,0.8044,1.7547118878523187
2000,0.2,755,0.80168,1.7444764350833442
2000,0.2,756,0.79597,1.7240035738917476
2000,0.2,757,0.79614,1.724568839264299
2000,0.2,758,0.80451,1.7552137135790644
2000,0.2,759,0.79813,1.7315521433608143
2000,0.2,760,0.7895,1.7017697564682557
2000,0.2,761,0.79497,1.720490744404118
2000,0.2,762,0.81124,1.7805460641957034
2000,0.2,763,0.8019,1.7453145265711414
2000,0.2,764,0.8009,1.7416218194684208
2000,0.2,765,0.78933,1.7007901818597457
2000,0.2,766,0.77157,1.6381521570805564
2000,0.2,767,0.8106,1.77774984382465
2000,0.2,768,0.79183,1.709195012009564
2000,0.2,769,0.81436,1.7931500655325034
2000,0.2,770,0.78613,1.68895975422785
2000,0.2,771,0.80985,1.774516426515794
2000,0.2,772,0.79472,1.7194504963646349
2000,0.2,773,0.80179,1.7448807460826599
2000,0.2,774,0.79351,1.7154192836251823
2000,0.2,775,0.82164,1.8210112008401365
2000,0.2,776,0.80748,1.766650355516082
2000,0.2,777,0.77555,1.6532577329443248
2000,0.2,778,0.79112,1.7073239427444291
2000,0.2,779,0.80921,1.7725234337391338
2000,0.2,780,0.78839,1.6968428145793655
2000,0.2,781,0.80035,1.7394996605571933
2000,0.2,782,0.81165,1.7819039029213377
2000,0.2,783,0.79597,1.723955019737785
2000,0.2,784,0.79583,1.723468658282147
2000,0.2,785,0.8032,1.7504019466056517
2000,0.2,786,0.79352,1.7155142225591993
2000,0.2,787,0.78593,1.688391774527373
2000,0.2,788,0.80698,1.76480424215218
2000,0.2,789,0.80845,1.7703301510804406
2000,0.2,790,0.81238,1.7850591268160039
2000,0.2,791,0.80303,1.7493898554643177
2000,0.2,792,0.79158,1.708679439799989
2000,0.2,793,0.79405,1.7174052154494968
2000,0.2,794,0.81478,1.794902536440349
2000,0.2,795,0.79282,1.7131778732403578
2000,0.2,796,0.80516,1.7578324326676322
2000,0.2,797,0.81082,1.7789754226219208
2000,0.2,798,0.80007,1.7385278122944312
2000,0.2,799,0.78792,1.6951490535146143
2000,0.2,800,0.78512,1.6856422621558211
2000,0.2,801,0.81718,1.8036815671727653
2000,0.2,802,0.80763,1.7673338209969223
2000,0.2,803,0.80186,1.745152376234683
2000,0.2,804,0.79926,1.7354096890732178
2000,0.2,805,0.78696,1.6920628472743973
2000,0.2,806,0.79762,1.7296217541710035
2000,0.2,807,0.80618,1.7614736950780852
2000,0.2,808,0.80093,1.7417383335567707
2000,0.2,809,0.78535,1.6864850577759074
2000,0.2,810,0.8047,1.7559493162071826
2000,0.2,811,0.8207,1.817018564792519
2000,0.2,812,0.8073,1.7657270427254963
2000,0.2,813,0.78466,1.6840537121122703
2000,0.2,814,0.80109,1.7421468222294738
2000,0.2,815,0.78859,1.6974869249163906
2000,0.2,816,0.79118,1.7075386906384433
2000,0.2,817,0.78598,1.6885371377024014
2000,0.2,818,0.80991,1.7746426832640214
2000,0.2,819,0.81452,1.7936745857769087
2000,0.2,820,0.82332,1.8270027094704615
2000,0.2,821,0.80105,1.7419602167134411
2000,0.2,822,0.79948,1.736364651779732
2000,0.2,823,0.81525,1.7967436004680326
2000,0.2,824,0.80077,1.7411034706663715
2000,0.2,825,0.81008,1.7754970473310847
2000,0.2,826,0.79264,1.7123641748478118
2000,0.2,827,0.79893,1.7342783308596306
2000,0.2,828,0.80771,1.7675949279139285
2000,0.2,829,0.81276,1.7863596378565219
2000,0.2,830,0.80487,1.7567367238918292
2000,0.2,831,0.79451,1.7186762580216177
2000,0.2,832,0.79371,1.716262090709823
2000,0.2,833,0.80725,1.7655503533852055
2000,0.2,834,0.79125,1.7078403304782015
2000,0.2,835,0.81697,1.803021969092745
2000,0.2,836,0.80004,1.738398723205791
2000,0.2,837,0.79191,1.7094592845537782
2000,0.2,838,0.80733,1.76594852720816
2000,0.2,839,0.79864,1.733316595299359
2000,0.2,840,0.82071,1.8171375736973974
2000,0.2,841,0.80147,1.7435533924202462
2000,0.2,842,0.7954,1.721974381884038
2000,0.2,843,0.79866,1.7334302681802154
2000,0.2,844,0.78489,1.6849240837990456
2000,0.2,845,0.79466,1.719185612619301
2000,0.2,846,0.79474,1.719599643467543
2000,0.2,847,0.80306,1.7496379160930506
2000,0.2,848,0.80647,1.7627500271181398
2000,0.2,849,0.81408,1.7921704921707828
2000,0.2,850,0.80757,1.7670593314859546
2000,0.2,851,0.79469,1.7193011449687328
2000,0.2,852,0.77829,1.6624045508004506
2000,0.2,853,0.80802,1.7689159406174808
2000,0.2,854,0.79583,1.723398573259162
2000,0.2,855,0.78883,1.6986468016414957
2000,0.2,856,0.79666,1.7260728327683967
2000,0.2,857,0.79897,1.73445742087027
2000,0.2,858,0.80275,1.7484887461623169
2000,0.2,859,0.79552,1.7225034313301264
2000,0.2,860,0.80021,1.7391537170222318
2000,0.2,861,0.7899,1.703176758335736
2000,0.2,862,0.79346,1.7151898603043434
2000,0.2,863,0.79516,1.7210413015020953
2000,0.2,864,0.78754,1.6938044502334677
2000,0.2,865,0.81218,1.7840008217547516
2000,0.2,866,0.80192,1.7453805994390599
2000,0.2,867,0.79238,1.711369442101023
2000,0.2,868,0.80064,1.7404966500057164
2000,0.2,869,0.7986,1.7331493629432355
2000,0.2,870,0.81034,1.7764078808483945
2000,0.2,871,0.79981,1.7374145494517739
2000,0.2,872,0.79798,1.7310064206414473
2000,0.2,873,0.81061,1.7777797246775855
2000,0.2,874,0.80382,1.7524443214803425
2000,0.2,875,0.79899,1.7345600777804426
2000,0.2,876,0.78632,1.689662547220574
2000,0.2,877,0.81388,1.791362410904184
2000,0.2,878,0.78949,1.7017182290970099
2000,0.2,879,0.80967,1.7738218050499506
2000,0.2,880,0.8134,1.7889149396334207
2000,0.2,881,0.80247,1.7473789147565815
2000,0.2,882,0.80153,1.7439574441558525
2000,0.2,883,0.8023,1.7467358751198647
2000,0.2,884,0.79462,1.7190876060596767
2000,0.2,885,0.80275,1.7484241785171537
2000,0.2,886,0.79784,1.730489644784405
2000,0.2,887,0.8049,1.7569436820484388
2000,0.2,888,0.80161,1.7442654031947133
2000,0.2,889,0.79146,1.7083302326114382
2000,0.2,890,0.80712,1.765159602417262
2000,0.2,891,0.81301,1.7873972826911462
2000,0.2,892,0.78928,1.7003569634046511
2000,0.2,893,0.79279,1.7130861951920875
2000,0.2,894,0.79827,1.7321601168469463
2000,0.2,895,0.80037,1.739618289892109
2000,0.2,896,0.79633,1.725208499896101
2000,0.2,897,0.79574,1.7231443739493797
2000,0.2,898,0.80469,1.7558711579059616
2000,0.2,899,0.81389,1.7914062581993337
2000,0.2,900,0.79771,1.7299191164531025
2000,0.2,901,0.80648,1.7628015237873034
2000,0.2,902,0.79968,1.7369117827997964
2000,0.2,903,0.80229,1.7465429518070108
2000,0.2,904,0.78937,1.7009270107692762
2000,0.2,905,0.78347,1.6802134266217825
2000,0.2,906,0.79843,1.7325504739694804
2000,0.2,907,0.79891,1.7342260354924572
2000,0.2,908,0.7979,1.7307294558267998
2000,0.2,909,0.79687,1.726793482897643
2000,0.2,910,0.79854,1.7328929011687049
2000,0.2,911,0.79169,1.7089506368509455
2000,0.2,912,0.79369,1.7161862820858678
2000,0.2,913,0.79687,1.7268153807254945
2000,0.2,914,0.8065,1.7628401115434293
2000,0.2,915,0.78808,1.6954694764923175
2000,0.2,916,0.80336,1.75103878096887
2000,0.2,917,0.79547,1.722249791423148
2000,0.2,918,0.81041,1.7766935818825944
2000,0.2,919,0.80409,1.7535532120062118
2000,0.2,920,0.80034,1.7394911540719633
2000,0.2,921,0.79334,1.7147676819988638
2000,0.2,922,0.78847,1.6971256789354865
2000,0.2,923,0.81025,1.7761316391949669
2000,0.2,924,0.80053,1.7402940003869682
2000,0.2,925,0.81343,1.789016358489342
2000,0.2,926,0.8051,1.757647779316721
2000,0.2,927,0.79781,1.7303310646822014
2000,0.2,928,0.79317,1.7142815332136823
2000,0.2,929,0.81065,1.7779533798460372
2000,0.2,930,0.80748,1.7665931052863684
2000,0.2,931,0.79803,1.7311851696143563
2000,0.2,932,0.79255,1.7122318527564273
2000,0.2,933,0.80012,1.7386463797090297
2000,0.2,934,0.81121,1.7804023675626608
2000,0.2,935,0.79411,1.717616827810093
2000,0.2,936,0.79344,1.7151012006824944
2000,0.2,937,0.82039,1.8156395637576448
2000,0.2,938,0.78728,1.6929979657936145
2000,0.2,939,0.78202,1.6754838784978725
2000,0.2,940,0.79737,1.7283484167718934
2000,0.2,941,0.79234,1.7110787706767159
2000,0.2,942,0.79769,1.729806536591872
2000,0.2,943,0.80751,1.7667735680109289
2000,0.2,944,0.7935,1.7153493305711032
2000,0.2,945,0.80109,1.7422015850111736
2000,0.2,946,0.79941,1.7359411448338262
2000,0.2,947,0.80571,1.7595736356705602
2000,0.2,948,0.79006,1.7038381412445274
2000,0.2,949,0.805,1.757332502652135
2000,0.2,950,0.80002,1.7382944031616896
2000,0.2,951,0.80776,1.76783041869089
2000,0.2,952,0.79975,1.7372349901048914
2000,0.2,953,0.80329,1.750842991694856
2000,0.2,954,0.81034,1.7764089444270263
2000,0.2,955,0.81673,1.802232717003314
2000,0.2,956,0.79894,1.734416504731945
2000,0.2,957,0.79736,1.728317439708161
2000,0.2,958,0.7887,1.6981025914389978
2000,0.2,959,0.80983,1.774464096275218
2000,0.2,960,0.809,1.7718868060779294
2000,0.2,961,0.80972,1.7740105467405782
2000,0.2,962,0.80409,1.7535576489598084
2000,0.2,963,0.81635,1.8009992651201108
2000,0.2,964,0.80216,1.7461768916642346
2000,0.2,965,0.80248,1.7473836286129196
2000,0.2,966,0.79937,1.735722272600589
2000,0.2,967,0.80481,1.7564616381103588
2000,0.2,968,0.81145,1.7812794868674764
2000,0.2,969,0.80722,1.765506750842167
2000,0.2,970,0.78942,1.701194209283579
2000,0.2,971,0.79003,1.7036405527988943
2000,0.2,972,0.79495,1.7204360740139482
2000,0.2,973,0.7992,1.7351704981785643
2000,0.2,974,0.79539,1.7218571029526935
2000,0.2,975,0.79597,1.7239934682560911
2000,0.2,976,0.79461,1.7190710382285808
2000,0.2,977,0.79314,1.7141396611858153
2000,0.2,978,0.80712,1.765151446349686
2000,0.2,979,0.80382,1.7524311263201262
2000,0.2,980,0.78657,1.6906686187645974
2000,0.2,981,0.80524,1.757925168398215
2000,0.2,982,0.80723,1.7655145233992469
2000,0.2,983,0.78928,1.7005436174213324
2000,0.2,984,0.78881,1.6985066400992705
2000,0.2,985,0.78841,1.696927010954985
2000,0.2,986,0.79753,1.7288594465064806
2000,0.2,987,0.80883,1.7714690954171222
2000,0.2,988,0.78889,1.6989893624753867
2000,0.2,989,0.78868,1.6979191688268398
2000,0.2,990,0.80036,1.7395160473661748
2000,0.2,991,0.80506,1.7574964277474
2000,0.2,992,0.7883,1.6961674101999211
2000,0.2,993,0.80531,1.758275052746722
2000,0.2,994,0.8075,1.7667432759015775
2000,0.2,995,0.80231,1.7468017610396789
2000,0.2,996,0.79029,1.7045895533125301
2000,0.2,997,0.80579,1.7598747012986147
2000,0.2,998,0.80114,1.742463469346629
2000,0.2,999,0.80447,1.7550359398985644
