case,trial,coverage
correct,0,0.91113875
offbyone,0,0.91083975
small_test,0,0.9155
correct,1,0.89891425
offbyone,1,0.89882475
small_test,1,0.91
correct,2,0.9083465
offbyone,2,0.906795
small_test,2,0.909
correct,3,0.88655175
offbyone,3,0.88568025
small_test,3,0.872
correct,4,0.9025795
offbyone,4,0.90138075
small_test,4,0.8965
correct,5,0.90697725
offbyone,5,0.906374
small_test,5,0.9095
correct,6,0.897113
offbyone,6,0.89580075
small_test,6,0.8825
correct,7,0.910395
offbyone,7,0.909908
small_test,7,0.9075
correct,8,0.90521925
offbyone,8,0.9046175
small_test,8,0.91
correct,9,0.898725
offbyone,9,0.8985215
small_test,9,0.9005
correct,10,0.8941295
offbyone,10,0.89179725
small_test,10,0.9
correct,11,0.90278725
offbyone,11,0.90264725
small_test,11,0.909
correct,12,0.9064565
offbyone,12,0.90633375
small_test,12,0.898
correct,13,0.88799175
offbyone,13,0.8879845
small_test,13,0.89
correct,14,0.90651025
offbyone,14,0.90594125
small_test,14,0.8995
correct,15,0.92494525
offbyone,15,0.924879
small_test,15,0.919
correct,16,0.918503
offbyone,16,0.918203
small_test,16,0.9265
correct,17,0.90901075
offbyone,17,0.908903
small_test,17,0.9135
correct,18,0.9055915
offbyone,18,0.9054155
small_test,18,0.907
correct,19,0.90295375
offbyone,19,0.90101975
small_test,19,0.91
correct,20,0.9060815
offbyone,20,0.904679
small_test,20,0.91
correct,21,0.891995
offbyone,21,0.89182825
small_test,21,0.8895
correct,22,0.9010235
offbyone,22,0.89707825
small_test,22,0.899
correct,23,0.90479975
offbyone,23,0.904435
small_test,23,0.905
correct,24,0.89997725
offbyone,24,0.899763
small_test,24,0.908
correct,25,0.8985915
offbyone,25,0.89802975
small_test,25,0.899
correct,26,0.90591225
offbyone,26,0.90515425
small_test,26,0.9215
correct,27,0.90525475
offbyone,27,0.9051065
small_test,27,0.911
correct,28,0.873264
offbyone,28,0.8713215
small_test,28,0.8845
correct,29,0.8988895
offbyone,29,0.89765425
small_test,29,0.8855
correct,30,0.9032325
offbyone,30,0.90270975
small_test,30,0.8935
correct,31,0.91060725
offbyone,31,0.90873575
small_test,31,0.904
correct,32,0.912429
offbyone,32,0.91121375
small_test,32,0.9265
correct,33,0.8972695
offbyone,33,0.8967695
small_test,33,0.902
correct,34,0.913051
offbyone,34,0.91151
small_test,34,0.9155
correct,35,0.914758
offbyone,35,0.91422975
small_test,35,0.916
correct,36,0.8909825
offbyone,36,0.88884725
small_test,36,0.8925
correct,37,0.89008075
offbyone,37,0.88890525
small_test,37,0.8935
correct,38,0.88731375
offbyone,38,0.88660875
small_test,38,0.88
correct,39,0.90935025
offbyone,39,0.90773825
small_test,39,0.9045
correct,40,0.902954
offbyone,40,0.90247575
small_test,40,0.8945
correct,41,0.90966225
offbyone,41,0.90956675
small_test,41,0.909
correct,42,0.899601
offbyone,42,0.89883375
small_test,42,0.9015
correct,43,0.88980475
offbyone,43,0.88960825
small_test,43,0.8835
correct,44,0.9035795
offbyone,44,0.902328
small_test,44,0.8975
correct,45,0.91672875
offbyone,45,0.9161335
small_test,45,0.914
correct,46,0.8990435
offbyone,46,0.898896
small_test,46,0.8945
correct,47,0.8993175
offbyone,47,0.896778
small_test,47,0.914
correct,48,0.90991075
offbyone,48,0.9085875
small_test,48,0.913
correct,49,0.88279825
offbyone,49,0.882642
small_test,49,0.8865
correct,50,0.896081
offbyone,50,0.8952885
small_test,50,0.8875
correct,51,0.891504
offbyone,51,0.8895095
small_test,51,0.8985
correct,52,0.908221
offbyone,52,0.90599025
small_test,52,0.9005
correct,53,0.90115475
offbyone,53,0.90088925
small_test,53,0.9065
correct,54,0.91388175
offbyone,54,0.9120105
small_test,54,0.911
correct,55,0.9011305
offbyone,55,0.9000215
small_test,55,0.909
correct,56,0.89281375
offbyone,56,0.8920935
small_test,56,0.891
correct,57,0.8989055
offbyone,57,0.8982115
small_test,57,0.888
correct,58,0.87069625
offbyone,58,0.86949775
small_test,58,0.866
correct,59,0.89591225
offbyone,59,0.89565275
small_test,59,0.8865
correct,60,0.903732
offbyone,60,0.90348375
small_test,60,0.8995
correct,61,0.899173
offbyone,61,0.89789275
small_test,61,0.892
correct,62,0.89759225
offbyone,62,0.8960675
small_test,62,0.899
correct,63,0.90648525
offbyone,63,0.905686
small_test,63,0.918
correct,64,0.892329
offbyone,64,0.89170375
small_test,64,0.899
correct,65,0.90002475
offbyone,65,0.89946775
small_test,65,0.9
correct,66,0.911098
offbyone,66,0.9096435
small_test,66,0.911
correct,67,0.9084915
offbyone,67,0.9080895
small_test,67,0.912
correct,68,0.88844325
offbyone,68,0.886326
small_test,68,0.8965
correct,69,0.9066715
offbyone,69,0.906618
small_test,69,0.91
correct,70,0.913008
offbyone,70,0.912554
small_test,70,0.9185
correct,71,0.90762075
offbyone,71,0.90738125
small_test,71,0.905
correct,72,0.90091325
offbyone,72,0.8981865
small_test,72,0.9015
correct,73,0.904776
offbyone,73,0.90335025
small_test,73,0.9065
correct,74,0.8861845
offbyone,74,0.8857395
small_test,74,0.888
correct,75,0.90216225
offbyone,75,0.902133
small_test,75,0.903
correct,76,0.9039445
offbyone,76,0.90304375
small_test,76,0.906
correct,77,0.899913
offbyone,77,0.89974825
small_test,77,0.904
correct,78,0.9037895
offbyone,78,0.903223
small_test,78,0.911
correct,79,0.91612575
offbyone,79,0.91432875
small_test,79,0.915
correct,80,0.8990965
offbyone,80,0.899067
small_test,80,0.8955
correct,81,0.89399725
offbyone,81,0.89058975
small_test,81,0.8955
correct,82,0.9125015
offbyone,82,0.9124795
small_test,82,0.901
correct,83,0.894602
offbyone,83,0.89453475
small_test,83,0.893
correct,84,0.90672975
offbyone,84,0.90619225
small_test,84,0.897
correct,85,0.89569
offbyone,85,0.89529275
small_test,85,0.9065
correct,86,0.90748
offbyone,86,0.90710375
small_test,86,0.917
correct,87,0.902303
offbyone,87,0.9000545
small_test,87,0.8995
correct,88,0.90676525
offbyone,88,0.90644025
small_test,88,0.9115
correct,89,0.89722625
offbyone,89,0.89697575
small_test,89,0.9
correct,90,0.9110165
offbyone,90,0.91041925
small_test,90,0.904
correct,91,0.8986635
offbyone,91,0.89696375
small_test,91,0.9015
correct,92,0.90702425
offbyone,92,0.90675575
small_test,92,0.9105
correct,93,0.89321625
offbyone,93,0.8930295
small_test,93,0.896
correct,94,0.908653
offbyone,94,0.90683725
small_test,94,0.906
correct,95,0.9039655
offbyone,95,0.90340625
small_test,95,0.898
correct,96,0.9174075
offbyone,96,0.91729975
small_test,96,0.913
correct,97,0.89456225
offbyone,97,0.89392775
small_test,97,0.8995
correct,98,0.885552
offbyone,98,0.8855205
small_test,98,0.8805
correct,99,0.910427
offbyone,99,0.91011875
small_test,99,0.901
correct,100,0.88821175
offbyone,100,0.8876425
small_test,100,0.893
correct,101,0.91355875
offbyone,101,0.91238525
small_test,101,0.9135
correct,102,0.90933175
offbyone,102,0.90440675
small_test,102,0.914
correct,103,0.89877375
offbyone,103,0.89804425
small_test,103,0.8905
correct,104,0.89333375
offbyone,104,0.891871
small_test,104,0.8945
correct,105,0.8958775
offbyone,105,0.893667
small_test,105,0.9025
correct,106,0.88287575
offbyone,106,0.8825335
small_test,106,0.8795
correct,107,0.90158
offbyone,107,0.8998305
small_test,107,0.901
correct,108,0.89691725
offbyone,108,0.89668
small_test,108,0.893
correct,109,0.88997975
offbyone,109,0.8895415
small_test,109,0.8865
correct,110,0.90726825
offbyone,110,0.90686225
small_test,110,0.9025
correct,111,0.88514125
offbyone,111,0.88427325
small_test,111,0.891
correct,112,0.90278925
offbyone,112,0.90216075
small_test,112,0.9045
correct,113,0.89436325
offbyone,113,0.894183
small_test,113,0.88
correct,114,0.8985685
offbyone,114,0.89800075
small_test,114,0.8935
correct,115,0.9003775
offbyone,115,0.89944275
small_test,115,0.89
correct,116,0.8810825
offbyone,116,0.880257
small_test,116,0.892
correct,117,0.9069475
offbyone,117,0.90589725
small_test,117,0.909
correct,118,0.8948075
offbyone,118,0.89216875
small_test,118,0.904
correct,119,0.883255
offbyone,119,0.88255725
small_test,119,0.8745
correct,120,0.8933995
offbyone,120,0.8929815
small_test,120,0.9035
correct,121,0.88767275
offbyone,121,0.88756375
small_test,121,0.8935
correct,122,0.90170825
offbyone,122,0.8983415
small_test,122,0.8965
correct,123,0.9170055
offbyone,123,0.91653675
small_test,123,0.9145
correct,124,0.90063
offbyone,124,0.8996415
small_test,124,0.903
correct,125,0.89641075
offbyone,125,0.894974
small_test,125,0.901
correct,126,0.89113825
offbyone,126,0.89023825
small_test,126,0.888
correct,127,0.8900275
offbyone,127,0.88973575
small_test,127,0.885
correct,128,0.9196395
offbyone,128,0.91920925
small_test,128,0.911
correct,129,0.895476
offbyone,129,0.89541475
small_test,129,0.8915
correct,130,0.88816025
offbyone,130,0.88807425
small_test,130,0.893
correct,131,0.9273985
offbyone,131,0.927248
small_test,131,0.9305
correct,132,0.89140475
offbyone,132,0.89106225
small_test,132,0.896
correct,133,0.8960965
offbyone,133,0.8960575
small_test,133,0.905
correct,134,0.89273525
offbyone,134,0.89136575
small_test,134,0.8925
correct,135,0.913203
offbyone,135,0.91133625
small_test,135,0.912
correct,136,0.89222975
offbyone,136,0.891256
small_test,136,0.905
correct,137,0.8792745
offbyone,137,0.87808375
small_test,137,0.886
correct,138,0.9233805
offbyone,138,0.92227775
small_test,138,0.913
correct,139,0.9018105
offbyone,139,0.90127675
small_test,139,0.898
correct,140,0.9068205
offbyone,140,0.9065625
small_test,140,0.8965
correct,141,0.89112725
offbyone,141,0.890356
small_test,141,0.8815
correct,142,0.922407
offbyone,142,0.92157725
small_test,142,0.917
correct,143,0.90128625
offbyone,143,0.89990575
small_test,143,0.889
correct,144,0.89458875
offbyone,144,0.89291625
small_test,144,0.89
correct,145,0.8874165
offbyone,145,0.883444
small_test,145,0.89
correct,146,0.9121795
offbyone,146,0.91183625
small_test,146,0.9145
correct,147,0.91399
offbyone,147,0.9136865
small_test,147,0.8985
correct,148,0.911092
offbyone,148,0.91066425
small_test,148,0.9065
correct,149,0.904454
offbyone,149,0.904136
small_test,149,0.9035
correct,150,0.901901
offbyone,150,0.899271
small_test,150,0.898
correct,151,0.906478
offbyone,151,0.90474925
small_test,151,0.912
correct,152,0.91318725
offbyone,152,0.912806
small_test,152,0.9015
correct,153,0.894056
offbyone,153,0.89372625
small_test,153,0.892
correct,154,0.89279275
offbyone,154,0.89238725
small_test,154,0.9015
correct,155,0.89571075
offbyone,155,0.894805
small_test,155,0.887
correct,156,0.885127
offbyone,156,0.8827965
small_test,156,0.881
correct,157,0.90961925
offbyone,157,0.909386
small_test,157,0.9155
correct,158,0.91334225
offbyone,158,0.91257075
small_test,158,0.9165
correct,159,0.8962205
offbyone,159,0.8960625
small_test,159,0.891
correct,160,0.92014275
offbyone,160,0.9182565
small_test,160,0.929
correct,161,0.906701
offbyone,161,0.9058925
small_test,161,0.914
correct,162,0.909319
offbyone,162,0.905874
small_test,162,0.914
correct,163,0.89762575
offbyone,163,0.89742575
small_test,163,0.9025
correct,164,0.91337275
offbyone,164,0.9123265
small_test,164,0.9135
correct,165,0.91005325
offbyone,165,0.90967525
small_test,165,0.9255
correct,166,0.91092125
offbyone,166,0.910192
small_test,166,0.9095
correct,167,0.909022
offbyone,167,0.908921
small_test,167,0.8985
correct,168,0.90309925
offbyone,168,0.90220925
small_test,168,0.906
correct,169,0.90410375
offbyone,169,0.90234525
small_test,169,0.899
correct,170,0.8982465
offbyone,170,0.89678125
small_test,170,0.889
correct,171,0.8917015
offbyone,171,0.8914265
small_test,171,0.892
correct,172,0.8903895
offbyone,172,0.88885875
small_test,172,0.887
correct,173,0.8923715
offbyone,173,0.8916165
small_test,173,0.8945
correct,174,0.90301025
offbyone,174,0.902951
small_test,174,0.907
correct,175,0.89344525
offbyone,175,0.8928755
small_test,175,0.897
correct,176,0.9067685
offbyone,176,0.90666775
small_test,176,0.909
correct,177,0.901815
offbyone,177,0.901019
small_test,177,0.9105
correct,178,0.90024625
offbyone,178,0.89989125
small_test,178,0.9105
correct,179,0.89834975
offbyone,179,0.89707775
small_test,179,0.9005
correct,180,0.91018275
offbyone,180,0.90899325
small_test,180,0.91
correct,181,0.895906
offbyone,181,0.8913615
small_test,181,0.8945
correct,182,0.890445
offbyone,182,0.88799375
small_test,182,0.8885
correct,183,0.89755375
offbyone,183,0.89717325
small_test,183,0.9035
correct,184,0.89131375
offbyone,184,0.88824325
small_test,184,0.8825
correct,185,0.906987
offbyone,185,0.90691025
small_test,185,0.8945
correct,186,0.90253275
offbyone,186,0.9012635
small_test,186,0.8935
correct,187,0.8908715
offbyone,187,0.890216
small_test,187,0.892
correct,188,0.90271575
offbyone,188,0.90221525
small_test,188,0.894
correct,189,0.90381525
offbyone,189,0.90344025
small_test,189,0.904
correct,190,0.899688
offbyone,190,0.8996805
small_test,190,0.893
correct,191,0.895964
offbyone,191,0.8958945
small_test,191,0.8865
correct,192,0.9179475
offbyone,192,0.91573175
small_test,192,0.91
correct,193,0.89559225
offbyone,193,0.8949545
small_test,193,0.9035
correct,194,0.9147055
offbyone,194,0.91177
small_test,194,0.927
correct,195,0.9064025
offbyone,195,0.9059165
small_test,195,0.9045
correct,196,0.90918575
offbyone,196,0.90900625
small_test,196,0.9095
correct,197,0.9072875
offbyone,197,0.90673
small_test,197,0.9125
correct,198,0.89585425
offbyone,198,0.89579075
small_test,198,0.8985
correct,199,0.902528
offbyone,199,0.90247375
small_test,199,0.893
correct,200,0.90120725
offbyone,200,0.900127
small_test,200,0.895
correct,201,0.89667675
offbyone,201,0.8963105
small_test,201,0.892
correct,202,0.90771225
offbyone,202,0.90696175
small_test,202,0.907
correct,203,0.89238875
offbyone,203,0.89225325
small_test,203,0.8905
correct,204,0.896523
offbyone,204,0.89542975
small_test,204,0.899
correct,205,0.90141775
offbyone,205,0.8988495
small_test,205,0.9015
correct,206,0.898361
offbyone,206,0.8956535
small_test,206,0.894
correct,207,0.9023515
offbyone,207,0.9010425
small_test,207,0.9065
correct,208,0.89419275
offbyone,208,0.89402
small_test,208,0.896
correct,209,0.90671
offbyone,209,0.905451
small_test,209,0.903
correct,210,0.90203625
offbyone,210,0.901844
small_test,210,0.9065
correct,211,0.90830725
offbyone,211,0.9080195
small_test,211,0.892
correct,212,0.9000255
offbyone,212,0.89994075
small_test,212,0.907
correct,213,0.893093
offbyone,213,0.89268
small_test,213,0.889
correct,214,0.89857325
offbyone,214,0.897911
small_test,214,0.904
correct,215,0.903297
offbyone,215,0.9020675
small_test,215,0.9075
correct,216,0.89562175
offbyone,216,0.895182
small_test,216,0.897
correct,217,0.89119575
offbyone,217,0.88964925
small_test,217,0.8995
correct,218,0.907536
offbyone,218,0.907473
small_test,218,0.9055
correct,219,0.90415425
offbyone,219,0.903591
small_test,219,0.903
correct,220,0.8954965
offbyone,220,0.895016
small_test,220,0.888
correct,221,0.89907575
offbyone,221,0.898331
small_test,221,0.901
correct,222,0.8839025
offbyone,222,0.8838765
small_test,222,0.9015
correct,223,0.88117425
offbyone,223,0.87749
small_test,223,0.889
correct,224,0.9091495
offbyone,224,0.90902425
small_test,224,0.9025
correct,225,0.90261575
offbyone,225,0.9024075
small_test,225,0.908
correct,226,0.90609
offbyone,226,0.905785
small_test,226,0.903
correct,227,0.9077665
offbyone,227,0.90734475
small_test,227,0.9025
correct,228,0.90325275
offbyone,228,0.9024275
small_test,228,0.9205
correct,229,0.9109
offbyone,229,0.90914575
small_test,229,0.912
correct,230,0.8946115
offbyone,230,0.89359875
small_test,230,0.8935
correct,231,0.9176305
offbyone,231,0.91737475
small_test,231,0.9145
correct,232,0.904991
offbyone,232,0.90277275
small_test,232,0.909
correct,233,0.88565975
offbyone,233,0.88466075
small_test,233,0.891
correct,234,0.9083735
offbyone,234,0.9081295
small_test,234,0.9025
correct,235,0.91060825
offbyone,235,0.91047575
small_test,235,0.9105
correct,236,0.917259
offbyone,236,0.91693125
small_test,236,0.917
correct,237,0.888144
offbyone,237,0.8879355
small_test,237,0.889
correct,238,0.906361
offbyone,238,0.904896
small_test,238,0.91
correct,239,0.92006975
offbyone,239,0.9188465
small_test,239,0.908
correct,240,0.89334725
offbyone,240,0.8930735
small_test,240,0.8735
correct,241,0.9056835
offbyone,241,0.9051005
small_test,241,0.9125
correct,242,0.8774105
offbyone,242,0.87501325
small_test,242,0.8835
correct,243,0.90827275
offbyone,243,0.907434
small_test,243,0.912
correct,244,0.89766675
offbyone,244,0.897565
small_test,244,0.9035
correct,245,0.8862165
offbyone,245,0.885061
small_test,245,0.894
correct,246,0.90238275
offbyone,246,0.90126725
small_test,246,0.9035
correct,247,0.896984
offbyone,247,0.8933725
small_test,247,0.907
correct,248,0.89560375
offbyone,248,0.89521175
small_test,248,0.8855
correct,249,0.89753725
offbyone,249,0.896691
small_test,249,0.8855
correct,250,0.88077575
offbyone,250,0.880598
small_test,250,0.8835
correct,251,0.90242475
offbyone,251,0.90217575
small_test,251,0.895
correct,252,0.91309825
offbyone,252,0.9126965
small_test,252,0.921
correct,253,0.884236
offbyone,253,0.8818965
small_test,253,0.8975
correct,254,0.8947915
offbyone,254,0.89404325
small_test,254,0.895
correct,255,0.899602
offbyone,255,0.89862325
small_test,255,0.9055
correct,256,0.89490275
offbyone,256,0.89487075
small_test,256,0.8955
correct,257,0.89267425
offbyone,257,0.89142
small_test,257,0.9015
correct,258,0.90518225
offbyone,258,0.90457275
small_test,258,0.907
correct,259,0.9087255
offbyone,259,0.9086605
small_test,259,0.9035
correct,260,0.8976115
offbyone,260,0.89703525
small_test,260,0.897
correct,261,0.90448975
offbyone,261,0.90336525
small_test,261,0.908
correct,262,0.916954
offbyone,262,0.9155165
small_test,262,0.896
correct,263,0.883678
offbyone,263,0.88296125
small_test,263,0.88
correct,264,0.89631975
offbyone,264,0.89631675
small_test,264,0.901
correct,265,0.87128975
offbyone,265,0.871204
small_test,265,0.873
correct,266,0.9106905
offbyone,266,0.909796
small_test,266,0.91
correct,267,0.91232375
offbyone,267,0.912321
small_test,267,0.908
correct,268,0.896221
offbyone,268,0.89551725
small_test,268,0.8985
correct,269,0.90208025
offbyone,269,0.90162275
small_test,269,0.898
correct,270,0.903589
offbyone,270,0.902418
small_test,270,0.8995
correct,271,0.89173
offbyone,271,0.89078025
small_test,271,0.885
correct,272,0.8881105
offbyone,272,0.8862135
small_test,272,0.888
correct,273,0.91023
offbyone,273,0.9101155
small_test,273,0.914
correct,274,0.899852
offbyone,274,0.89933625
small_test,274,0.9005
correct,275,0.90557125
offbyone,275,0.905163
small_test,275,0.901
correct,276,0.9119955
offbyone,276,0.91053025
small_test,276,0.909
correct,277,0.90536975
offbyone,277,0.904809
small_test,277,0.8985
correct,278,0.912815
offbyone,278,0.9113445
small_test,278,0.9265
correct,279,0.89666725
offbyone,279,0.89598925
small_test,279,0.905
correct,280,0.90414775
offbyone,280,0.90412225
small_test,280,0.904
correct,281,0.89754525
offbyone,281,0.895418
small_test,281,0.896
correct,282,0.89746575
offbyone,282,0.89723875
small_test,282,0.905
correct,283,0.91671575
offbyone,283,0.91645025
small_test,283,0.914
correct,284,0.907851
offbyone,284,0.90770575
small_test,284,0.9135
correct,285,0.90253325
offbyone,285,0.90238625
small_test,285,0.9025
correct,286,0.89334975
offbyone,286,0.89261375
small_test,286,0.9
correct,287,0.880672
offbyone,287,0.88014
small_test,287,0.878
correct,288,0.90187825
offbyone,288,0.90146775
small_test,288,0.8945
correct,289,0.90536975
offbyone,289,0.905258
small_test,289,0.9075
correct,290,0.904713
offbyone,290,0.90378175
small_test,290,0.888
correct,291,0.89951925
offbyone,291,0.8993925
small_test,291,0.8955
correct,292,0.89871825
offbyone,292,0.89792525
small_test,292,0.906
correct,293,0.891508
offbyone,293,0.89122575
small_test,293,0.902
correct,294,0.896531
offbyone,294,0.895916
small_test,294,0.907
correct,295,0.89845275
offbyone,295,0.898442
small_test,295,0.912
correct,296,0.896992
offbyone,296,0.896946
small_test,296,0.8975
correct,297,0.8917065
offbyone,297,0.8876695
small_test,297,0.8895
correct,298,0.893115
offbyone,298,0.890127
small_test,298,0.899
correct,299,0.89897075
offbyone,299,0.8988795
small_test,299,0.8985
correct,300,0.90024575
offbyone,300,0.898918
small_test,300,0.909
correct,301,0.87826925
offbyone,301,0.878012
small_test,301,0.873
correct,302,0.883584
offbyone,302,0.883468
small_test,302,0.887
correct,303,0.89836125
offbyone,303,0.89572125
small_test,303,0.895
correct,304,0.91373475
offbyone,304,0.91370175
small_test,304,0.918
correct,305,0.89880625
offbyone,305,0.897498
small_test,305,0.899
correct,306,0.898093
offbyone,306,0.89679925
small_test,306,0.8975
correct,307,0.9026955
offbyone,307,0.90182725
small_test,307,0.8925
correct,308,0.9014275
offbyone,308,0.899712
small_test,308,0.9115
correct,309,0.89751375
offbyone,309,0.897331
small_test,309,0.91
correct,310,0.9116905
offbyone,310,0.91168475
small_test,310,0.914
correct,311,0.91222375
offbyone,311,0.90949575
small_test,311,0.9015
correct,312,0.899823
offbyone,312,0.89874075
small_test,312,0.894
correct,313,0.89916875
offbyone,313,0.89843275
small_test,313,0.9115
correct,314,0.88928175
offbyone,314,0.887121
small_test,314,0.886
correct,315,0.8909855
offbyone,315,0.8905085
small_test,315,0.9025
correct,316,0.89199675
offbyone,316,0.8910065
small_test,316,0.8915
correct,317,0.8913765
offbyone,317,0.8908275
small_test,317,0.9015
correct,318,0.8937565
offbyone,318,0.89302925
small_test,318,0.8905
correct,319,0.8927965
offbyone,319,0.89209575
small_test,319,0.8875
correct,320,0.90600275
offbyone,320,0.90285875
small_test,320,0.899
correct,321,0.90303125
offbyone,321,0.902913
small_test,321,0.89
correct,322,0.88547225
offbyone,322,0.88496125
small_test,322,0.885
correct,323,0.90588975
offbyone,323,0.90564375
small_test,323,0.905
correct,324,0.8923945
offbyone,324,0.89219325
small_test,324,0.8915
correct,325,0.895542
offbyone,325,0.89464975
small_test,325,0.897
correct,326,0.90527125
offbyone,326,0.905165
small_test,326,0.905
correct,327,0.90700875
offbyone,327,0.906568
small_test,327,0.9095
correct,328,0.902263
offbyone,328,0.902103
small_test,328,0.91
correct,329,0.91258825
offbyone,329,0.91200425
small_test,329,0.9105
correct,330,0.90307275
offbyone,330,0.902107
small_test,330,0.9025
correct,331,0.8959395
offbyone,331,0.895049
small_test,331,0.9
correct,332,0.897234
offbyone,332,0.89608025
small_test,332,0.902
correct,333,0.88246625
offbyone,333,0.88242875
small_test,333,0.887
correct,334,0.8987555
offbyone,334,0.89832525
small_test,334,0.8985
correct,335,0.906017
offbyone,335,0.90426725
small_test,335,0.904
correct,336,0.90439325
offbyone,336,0.90385175
small_test,336,0.9095
correct,337,0.9068225
offbyone,337,0.906286
small_test,337,0.9125
correct,338,0.91743275
offbyone,338,0.91720725
small_test,338,0.9175
correct,339,0.905102
offbyone,339,0.90389825
small_test,339,0.903
correct,340,0.906747
offbyone,340,0.9047805
small_test,340,0.897
correct,341,0.903435
offbyone,341,0.90119625
small_test,341,0.91
correct,342,0.891239
offbyone,342,0.8900635
small_test,342,0.9005
correct,343,0.89595025
offbyone,343,0.89503875
small_test,343,0.8805
correct,344,0.892917
offbyone,344,0.8927345
small_test,344,0.893
correct,345,0.90402525
offbyone,345,0.90396775
small_test,345,0.9105
correct,346,0.89790475
offbyone,346,0.897617
small_test,346,0.907
correct,347,0.91214175
offbyone,347,0.91084225
small_test,347,0.9215
correct,348,0.90278425
offbyone,348,0.902272
small_test,348,0.903
correct,349,0.881333
offbyone,349,0.87979
small_test,349,0.879
correct,350,0.89699525
offbyone,350,0.89534625
small_test,350,0.8905
correct,351,0.89257125
offbyone,351,0.891905
small_test,351,0.892
correct,352,0.895135
offbyone,352,0.89501725
small_test,352,0.8905
correct,353,0.8968665
offbyone,353,0.89399525
small_test,353,0.887
correct,354,0.88023925
offbyone,354,0.87978225
small_test,354,0.885
correct,355,0.90082275
offbyone,355,0.90032275
small_test,355,0.898
correct,356,0.89591275
offbyone,356,0.89220775
small_test,356,0.8925
correct,357,0.90972725
offbyone,357,0.90967625
small_test,357,0.911
correct,358,0.9041125
offbyone,358,0.9036115
small_test,358,0.9045
correct,359,0.91823425
offbyone,359,0.917468
small_test,359,0.9225
correct,360,0.906535
offbyone,360,0.90639175
small_test,360,0.905
correct,361,0.89149575
offbyone,361,0.89126325
small_test,361,0.8875
correct,362,0.90311225
offbyone,362,0.902536
small_test,362,0.897
correct,363,0.90057275
offbyone,363,0.9001605
small_test,363,0.908
correct,364,0.907233
offbyone,364,0.90683475
small_test,364,0.9155
correct,365,0.897549
offbyone,365,0.89444925
small_test,365,0.896
correct,366,0.90557075
offbyone,366,0.89682675
small_test,366,0.9095
correct,367,0.905313
offbyone,367,0.90519375
small_test,367,0.9045
correct,368,0.90678025
offbyone,368,0.90603475
small_test,368,0.8945
correct,369,0.89422075
offbyone,369,0.89355175
small_test,369,0.8865
correct,370,0.9047685
offbyone,370,0.9033425
small_test,370,0.907
correct,371,0.8919295
offbyone,371,0.8919075
small_test,371,0.899
correct,372,0.90047175
offbyone,372,0.89881225
small_test,372,0.889
correct,373,0.8939335
offbyone,373,0.8921415
small_test,373,0.891
correct,374,0.8892555
offbyone,374,0.88785825
small_test,374,0.8855
correct,375,0.91574575
offbyone,375,0.9147115
small_test,375,0.9215
correct,376,0.893578
offbyone,376,0.893167
small_test,376,0.896
correct,377,0.889459
offbyone,377,0.8880465
small_test,377,0.8925
correct,378,0.9101645
offbyone,378,0.9074025
small_test,378,0.915
correct,379,0.8876035
offbyone,379,0.88591825
small_test,379,0.8835
correct,380,0.90342075
offbyone,380,0.90321
small_test,380,0.9
correct,381,0.91202525
offbyone,381,0.9118005
small_test,381,0.9165
correct,382,0.8961935
offbyone,382,0.8961155
small_test,382,0.9115
correct,383,0.907583
offbyone,383,0.9065665
small_test,383,0.902
correct,384,0.8959255
offbyone,384,0.895438
small_test,384,0.8975
correct,385,0.90291825
offbyone,385,0.902708
small_test,385,0.9005
correct,386,0.895937
offbyone,386,0.894715
small_test,386,0.8825
correct,387,0.91796575
offbyone,387,0.9177415
small_test,387,0.9295
correct,388,0.8967725
offbyone,388,0.89669
small_test,388,0.888
correct,389,0.8884855
offbyone,389,0.8875605
small_test,389,0.8825
correct,390,0.90084325
offbyone,390,0.9004075
small_test,390,0.907
correct,391,0.9055365
offbyone,391,0.903197
small_test,391,0.908
correct,392,0.900222
offbyone,392,0.8978385
small_test,392,0.9005
correct,393,0.88167525
offbyone,393,0.88139175
small_test,393,0.886
correct,394,0.888522
offbyone,394,0.88819825
small_test,394,0.8915
correct,395,0.89099575
offbyone,395,0.89099325
small_test,395,0.898
correct,396,0.90497425
offbyone,396,0.9045225
small_test,396,0.909
correct,397,0.894711
offbyone,397,0.88936875
small_test,397,0.9005
correct,398,0.89786275
offbyone,398,0.89748975
small_test,398,0.9005
correct,399,0.9104605
offbyone,399,0.90744175
small_test,399,0.919
correct,400,0.91186925
offbyone,400,0.9108065
small_test,400,0.9145
correct,401,0.89847775
offbyone,401,0.89847475
small_test,401,0.889
correct,402,0.9223755
offbyone,402,0.92099975
small_test,402,0.924
correct,403,0.900595
offbyone,403,0.89830225
small_test,403,0.893
correct,404,0.910673
offbyone,404,0.9100675
small_test,404,0.9085
correct,405,0.909874
offbyone,405,0.9084775
small_test,405,0.9155
correct,406,0.90258975
offbyone,406,0.901838
small_test,406,0.912
correct,407,0.891811
offbyone,407,0.89112275
small_test,407,0.8885
correct,408,0.90834375
offbyone,408,0.90392975
small_test,408,0.9195
correct,409,0.91296375
offbyone,409,0.91085125
small_test,409,0.9135
correct,410,0.89615475
offbyone,410,0.8961325
small_test,410,0.896
correct,411,0.90165875
offbyone,411,0.90148625
small_test,411,0.888
correct,412,0.90755075
offbyone,412,0.90618125
small_test,412,0.9075
correct,413,0.89863925
offbyone,413,0.8985285
small_test,413,0.896
correct,414,0.882601
offbyone,414,0.88204075
small_test,414,0.8875
correct,415,0.90842075
offbyone,415,0.907171
small_test,415,0.914
correct,416,0.8991365
offbyone,416,0.89872225
small_test,416,0.895
correct,417,0.89055575
offbyone,417,0.889672
small_test,417,0.8775
correct,418,0.89195725
offbyone,418,0.891812
small_test,418,0.8915
correct,419,0.89763525
offbyone,419,0.896593
small_test,419,0.8955
correct,420,0.9093575
offbyone,420,0.90911625
small_test,420,0.917
correct,421,0.8821955
offbyone,421,0.881572
small_test,421,0.883
correct,422,0.88525625
offbyone,422,0.885097
small_test,422,0.8815
correct,423,0.90420725
offbyone,423,0.90250425
small_test,423,0.908
correct,424,0.89364075
offbyone,424,0.88997975
small_test,424,0.8925
correct,425,0.897945
offbyone,425,0.89779025
small_test,425,0.8935
correct,426,0.89664125
offbyone,426,0.895191
small_test,426,0.915
correct,427,0.90077475
offbyone,427,0.899098
small_test,427,0.9085
correct,428,0.900945
offbyone,428,0.89991825
small_test,428,0.909
correct,429,0.9117145
offbyone,429,0.9110355
small_test,429,0.9195
correct,430,0.90838475
offbyone,430,0.90825625
small_test,430,0.9105
correct,431,0.897344
offbyone,431,0.896514
small_test,431,0.898
correct,432,0.89301575
offbyone,432,0.892813
small_test,432,0.89
correct,433,0.90325275
offbyone,433,0.903009
small_test,433,0.8955
correct,434,0.90479325
offbyone,434,0.902482
small_test,434,0.9125
correct,435,0.9044625
offbyone,435,0.903971
small_test,435,0.9125
correct,436,0.8954195
offbyone,436,0.8953
small_test,436,0.887
correct,437,0.90804225
offbyone,437,0.90761475
small_test,437,0.9095
correct,438,0.88643025
offbyone,438,0.886012
small_test,438,0.885
correct,439,0.901376
offbyone,439,0.90112775
small_test,439,0.9045
correct,440,0.9066425
offbyone,440,0.90556275
small_test,440,0.9085
correct,441,0.89882975
offbyone,441,0.89674425
small_test,441,0.8955
correct,442,0.91154775
offbyone,442,0.91056625
small_test,442,0.913
correct,443,0.90357525
offbyone,443,0.903486
small_test,443,0.8965
correct,444,0.8895225
offbyone,444,0.88884575
small_test,444,0.8865
correct,445,0.9066265
offbyone,445,0.90466225
small_test,445,0.9105
correct,446,0.894107
offbyone,446,0.8937835
small_test,446,0.902
correct,447,0.907531
offbyone,447,0.906529
small_test,447,0.907
correct,448,0.9081615
offbyone,448,0.90750875
small_test,448,0.918
correct,449,0.89484675
offbyone,449,0.893336
small_test,449,0.898
correct,450,0.903093
offbyone,450,0.8999045
small_test,450,0.911
correct,451,0.89569175
offbyone,451,0.89361625
small_test,451,0.895
correct,452,0.90247425
offbyone,452,0.901585
small_test,452,0.9075
correct,453,0.909087
offbyone,453,0.9085905
small_test,453,0.9145
correct,454,0.891943
offbyone,454,0.89166725
small_test,454,0.874
correct,455,0.91885825
offbyone,455,0.91481275
small_test,455,0.9235
correct,456,0.91123175
offbyone,456,0.9112125
small_test,456,0.906
correct,457,0.90618625
offbyone,457,0.9055
small_test,457,0.9155
correct,458,0.90366425
offbyone,458,0.903653
small_test,458,0.913
correct,459,0.90721775
offbyone,459,0.90713475
small_test,459,0.908
correct,460,0.8805375
offbyone,460,0.879867
small_test,460,0.8805
correct,461,0.91995
offbyone,461,0.9177525
small_test,461,0.919
correct,462,0.89998575
offbyone,462,0.89825
small_test,462,0.8945
correct,463,0.907472
offbyone,463,0.90630125
small_test,463,0.9015
correct,464,0.90220575
offbyone,464,0.9011415
small_test,464,0.908
correct,465,0.91592925
offbyone,465,0.9156655
small_test,465,0.919
correct,466,0.901628
offbyone,466,0.901323
small_test,466,0.8975
correct,467,0.90442425
offbyone,467,0.9042925
small_test,467,0.9115
correct,468,0.8841455
offbyone,468,0.88397225
small_test,468,0.8965
correct,469,0.89501075
offbyone,469,0.8946235
small_test,469,0.8935
correct,470,0.8910485
offbyone,470,0.8899615
small_test,470,0.895
correct,471,0.87901425
offbyone,471,0.87613125
small_test,471,0.8775
correct,472,0.90646975
offbyone,472,0.906254
small_test,472,0.913
correct,473,0.8982465
offbyone,473,0.8980225
small_test,473,0.901
correct,474,0.90566275
offbyone,474,0.90507
small_test,474,0.9115
correct,475,0.9138025
offbyone,475,0.91322325
small_test,475,0.9105
correct,476,0.89220875
offbyone,476,0.89138725
small_test,476,0.8955
correct,477,0.89635825
offbyone,477,0.89615075
small_test,477,0.9015
correct,478,0.89997775
offbyone,478,0.898624
small_test,478,0.91
correct,479,0.9031175
offbyone,479,0.9029525
small_test,479,0.906
correct,480,0.895362
offbyone,480,0.8938795
small_test,480,0.89
correct,481,0.89861575
offbyone,481,0.897364
small_test,481,0.9035
correct,482,0.90776725
offbyone,482,0.905961
small_test,482,0.908
correct,483,0.8811645
offbyone,483,0.88084375
small_test,483,0.889
correct,484,0.88992575
offbyone,484,0.88985825
small_test,484,0.8925
correct,485,0.886635
offbyone,485,0.88653325
small_test,485,0.8895
correct,486,0.90909825
offbyone,486,0.90894225
small_test,486,0.911
correct,487,0.87120575
offbyone,487,0.8711935
small_test,487,0.871
correct,488,0.908506
offbyone,488,0.90833975
small_test,488,0.9015
correct,489,0.90304375
offbyone,489,0.9028125
small_test,489,0.9075
correct,490,0.8949235
offbyone,490,0.892361
small_test,490,0.8935
correct,491,0.8814655
offbyone,491,0.879528
small_test,491,0.8845
correct,492,0.89048625
offbyone,492,0.8904545
small_test,492,0.883
correct,493,0.89696375
offbyone,493,0.8949605
small_test,493,0.901
correct,494,0.9123245
offbyone,494,0.91204425
small_test,494,0.914
correct,495,0.88825025
offbyone,495,0.88783925
small_test,495,0.8945
correct,496,0.89833825
offbyone,496,0.89833575
small_test,496,0.906
correct,497,0.899195
offbyone,497,0.89833775
small_test,497,0.905
correct,498,0.90695275
offbyone,498,0.90658675
small_test,498,0.9115
correct,499,0.914218
offbyone,499,0.9137565
small_test,499,0.908
correct,500,0.89434325
offbyone,500,0.89358925
small_test,500,0.8945
correct,501,0.91124425
offbyone,501,0.91112475
small_test,501,0.9015
correct,502,0.9100545
offbyone,502,0.9097615
small_test,502,0.9165
correct,503,0.91148875
offbyone,503,0.91072275
small_test,503,0.907
correct,504,0.91772575
offbyone,504,0.91599325
small_test,504,0.9195
correct,505,0.89306825
offbyone,505,0.892319
small_test,505,0.888
correct,506,0.8996315
offbyone,506,0.89687675
small_test,506,0.9065
correct,507,0.89007225
offbyone,507,0.889705
small_test,507,0.896
correct,508,0.916833
offbyone,508,0.91587175
small_test,508,0.9125
correct,509,0.9076995
offbyone,509,0.90660175
small_test,509,0.9165
correct,510,0.899157
offbyone,510,0.89558225
small_test,510,0.9085
correct,511,0.90271875
offbyone,511,0.902291
small_test,511,0.909
correct,512,0.9029065
offbyone,512,0.901981
small_test,512,0.904
correct,513,0.897815
offbyone,513,0.89709825
small_test,513,0.886
correct,514,0.9065685
offbyone,514,0.905647
small_test,514,0.9165
correct,515,0.87390475
offbyone,515,0.87360025
small_test,515,0.877
correct,516,0.896428
offbyone,516,0.8961265
small_test,516,0.9065
correct,517,0.892879
offbyone,517,0.892477
small_test,517,0.892
correct,518,0.8945095
offbyone,518,0.8943725
small_test,518,0.891
correct,519,0.897387
offbyone,519,0.89597275
small_test,519,0.8845
correct,520,0.90104125
offbyone,520,0.9005955
small_test,520,0.897
correct,521,0.89590425
offbyone,521,0.89580225
small_test,521,0.8895
correct,522,0.90694875
offbyone,522,0.90683225
small_test,522,0.904
correct,523,0.9016425
offbyone,523,0.9006545
small_test,523,0.8995
correct,524,0.89400725
offbyone,524,0.8932825
small_test,524,0.89
correct,525,0.89808275
offbyone,525,0.897573
small_test,525,0.9005
correct,526,0.8933335
offbyone,526,0.8931895
small_test,526,0.9025
correct,527,0.88942075
offbyone,527,0.88693325
small_test,527,0.8955
correct,528,0.89347275
offbyone,528,0.89203075
small_test,528,0.885
correct,529,0.892577
offbyone,529,0.892416
small_test,529,0.8975
correct,530,0.8972105
offbyone,530,0.8932535
small_test,530,0.9045
correct,531,0.8993175
offbyone,531,0.89894275
small_test,531,0.9055
correct,532,0.88280775
offbyone,532,0.882659
small_test,532,0.897
correct,533,0.92064825
offbyone,533,0.92063625
small_test,533,0.923
correct,534,0.90698325
offbyone,534,0.90624175
small_test,534,0.9165
correct,535,0.89821725
offbyone,535,0.89678625
small_test,535,0.9015
correct,536,0.90587775
offbyone,536,0.905409
small_test,536,0.903
correct,537,0.886858
offbyone,537,0.886539
small_test,537,0.888
correct,538,0.8945885
offbyone,538,0.8919565
small_test,538,0.8885
correct,539,0.90833825
offbyone,539,0.903294
small_test,539,0.919
correct,540,0.9003455
offbyone,540,0.898212
small_test,540,0.894
correct,541,0.90530325
offbyone,541,0.90524225
small_test,541,0.896
correct,542,0.91818125
offbyone,542,0.9170775
small_test,542,0.9205
correct,543,0.884429
offbyone,543,0.88434325
small_test,543,0.8935
correct,544,0.90503925
offbyone,544,0.9042285
small_test,544,0.907
correct,545,0.902305
offbyone,545,0.90216225
small_test,545,0.894
correct,546,0.90568975
offbyone,546,0.903968
small_test,546,0.901
correct,547,0.90216625
offbyone,547,0.90206375
small_test,547,0.915
correct,548,0.880174
offbyone,548,0.879862
small_test,548,0.891
correct,549,0.899189
offbyone,549,0.89900425
small_test,549,0.8925
correct,550,0.9114935
offbyone,550,0.910913
small_test,550,0.9145
correct,551,0.8973025
offbyone,551,0.89585625
small_test,551,0.905
correct,552,0.90320425
offbyone,552,0.8970645
small_test,552,0.9125
correct,553,0.91071225
offbyone,553,0.91021175
small_test,553,0.907
correct,554,0.89388725
offbyone,554,0.8936445
small_test,554,0.8945
correct,555,0.89647
offbyone,555,0.89644175
small_test,555,0.895
correct,556,0.88956
offbyone,556,0.88935025
small_test,556,0.8815
correct,557,0.8939775
offbyone,557,0.893574
small_test,557,0.889
correct,558,0.88676475
offbyone,558,0.8854695
small_test,558,0.8995
correct,559,0.91177825
offbyone,559,0.91120325
small_test,559,0.915
correct,560,0.8950905
offbyone,560,0.89489475
small_test,560,0.889
correct,561,0.91659775
offbyone,561,0.916537
small_test,561,0.92
correct,562,0.88847
offbyone,562,0.88837475
small_test,562,0.8795
correct,563,0.90066925
offbyone,563,0.899928
small_test,563,0.885
correct,564,0.90733
offbyone,564,0.907324
small_test,564,0.9085
correct,565,0.89055475
offbyone,565,0.89011825
small_test,565,0.8755
correct,566,0.89613775
offbyone,566,0.89585275
small_test,566,0.9055
correct,567,0.9020435
offbyone,567,0.9004105
small_test,567,0.919
correct,568,0.8918235
offbyone,568,0.89161875
small_test,568,0.891
correct,569,0.909753
offbyone,569,0.908619
small_test,569,0.917
correct,570,0.90074025
offbyone,570,0.900123
small_test,570,0.916
correct,571,0.90848975
offbyone,571,0.908136
small_test,571,0.897
correct,572,0.90008
offbyone,572,0.89820125
small_test,572,0.892
correct,573,0.89586725
offbyone,573,0.89573975
small_test,573,0.886
correct,574,0.89960475
offbyone,574,0.899591
small_test,574,0.8895
correct,575,0.90523375
offbyone,575,0.90406225
small_test,575,0.8955
correct,576,0.89776075
offbyone,576,0.89690875
small_test,576,0.886
correct,577,0.88031125
offbyone,577,0.8800575
small_test,577,0.8755
correct,578,0.88053225
offbyone,578,0.880461
small_test,578,0.88
correct,579,0.8971785
offbyone,579,0.89697675
small_test,579,0.906
correct,580,0.88401675
offbyone,580,0.8826095
small_test,580,0.883
correct,581,0.8870215
offbyone,581,0.88630475
small_test,581,0.8945
correct,582,0.90879225
offbyone,582,0.90818725
small_test,582,0.916
correct,583,0.9033675
offbyone,583,0.90247325
small_test,583,0.9075
correct,584,0.89398425
offbyone,584,0.8935725
small_test,584,0.8915
correct,585,0.89538725
offbyone,585,0.891026
small_test,585,0.89
correct,586,0.8934145
offbyone,586,0.89219625
small_test,586,0.9005
correct,587,0.90379325
offbyone,587,0.9037345
small_test,587,0.9105
correct,588,0.90769475
offbyone,588,0.90728075
small_test,588,0.9035
correct,589,0.914487
offbyone,589,0.914398
small_test,589,0.917
correct,590,0.906584
offbyone,590,0.90610575
small_test,590,0.9085
correct,591,0.9138515
offbyone,591,0.9132185
small_test,591,0.907
correct,592,0.9036035
offbyone,592,0.903262
small_test,592,0.9085
correct,593,0.88881525
offbyone,593,0.88844425
small_test,593,0.883
correct,594,0.90406425
offbyone,594,0.9035385
small_test,594,0.906
correct,595,0.89299325
offbyone,595,0.8920655
small_test,595,0.898
correct,596,0.8899165
offbyone,596,0.889906
small_test,596,0.8885
correct,597,0.883486
offbyone,597,0.8834415
small_test,597,0.89
correct,598,0.892358
offbyone,598,0.89216875
small_test,598,0.9005
correct,599,0.91191225
offbyone,599,0.9117945
small_test,599,0.904
correct,600,0.91951425
offbyone,600,0.91903875
small_test,600,0.9195
correct,601,0.898265
offbyone,601,0.89794725
small_test,601,0.8985
correct,602,0.90501475
offbyone,602,0.904906
small_test,602,0.904
correct,603,0.90810125
offbyone,603,0.90401
small_test,603,0.8975
correct,604,0.91052
offbyone,604,0.909711
small_test,604,0.9025
correct,605,0.88774075
offbyone,605,0.88767275
small_test,605,0.898
correct,606,0.899428
offbyone,606,0.89848875
small_test,606,0.8965
correct,607,0.9011275
offbyone,607,0.90105025
small_test,607,0.9035
correct,608,0.89958275
offbyone,608,0.8991015
small_test,608,0.901
correct,609,0.90111325
offbyone,609,0.90107425
small_test,609,0.893
correct,610,0.89902375
offbyone,610,0.89862575
small_test,610,0.9005
correct,611,0.8865205
offbyone,611,0.88595775
small_test,611,0.8845
correct,612,0.893026
offbyone,612,0.89251575
small_test,612,0.8855
correct,613,0.89402575
offbyone,613,0.89251225
small_test,613,0.901
correct,614,0.898722
offbyone,614,0.897199
small_test,614,0.8985
correct,615,0.877796
offbyone,615,0.8776625
small_test,615,0.871
correct,616,0.877899
offbyone,616,0.8777285
small_test,616,0.869
correct,617,0.89557875
offbyone,617,0.89529275
small_test,617,0.893
correct,618,0.90614075
offbyone,618,0.906083
small_test,618,0.913
correct,619,0.90581175
offbyone,619,0.905131
small_test,619,0.8995
correct,620,0.89272875
offbyone,620,0.8926325
small_test,620,0.913
correct,621,0.89422125
offbyone,621,0.8941715
small_test,621,0.89
correct,622,0.8855255
offbyone,622,0.884792
small_test,622,0.8845
correct,623,0.89077125
offbyone,623,0.8906145
small_test,623,0.896
correct,624,0.90630325
offbyone,624,0.9036725
small_test,624,0.9105
correct,625,0.89886475
offbyone,625,0.8959215
small_test,625,0.914
correct,626,0.91570025
offbyone,626,0.914699
small_test,626,0.922
correct,627,0.92492675
offbyone,627,0.92184175
small_test,627,0.9335
correct,628,0.89916325
offbyone,628,0.89556075
small_test,628,0.8975
correct,629,0.9094635
offbyone,629,0.90934375
small_test,629,0.9125
correct,630,0.9188585
offbyone,630,0.91869675
small_test,630,0.9195
correct,631,0.89387375
offbyone,631,0.893558
small_test,631,0.8925
correct,632,0.90877025
offbyone,632,0.90773625
small_test,632,0.9065
correct,633,0.9023865
offbyone,633,0.9023715
small_test,633,0.901
correct,634,0.9086445
offbyone,634,0.90824375
small_test,634,0.913
correct,635,0.89230275
offbyone,635,0.89134275
small_test,635,0.8795
correct,636,0.897461
offbyone,636,0.89712125
small_test,636,0.916
correct,637,0.89948225
offbyone,637,0.898852
small_test,637,0.8955
correct,638,0.8939125
offbyone,638,0.893055
small_test,638,0.8995
correct,639,0.90052675
offbyone,639,0.89983575
small_test,639,0.8995
correct,640,0.90563975
offbyone,640,0.90445325
small_test,640,0.9095
correct,641,0.8981875
offbyone,641,0.89801
small_test,641,0.8915
correct,642,0.888745
offbyone,642,0.88811
small_test,642,0.8865
correct,643,0.89643975
offbyone,643,0.89514075
small_test,643,0.8955
correct,644,0.890365
offbyone,644,0.889574
small_test,644,0.895
correct,645,0.9117825
offbyone,645,0.90787325
small_test,645,0.912
correct,646,0.8937975
offbyone,646,0.89364275
small_test,646,0.887
correct,647,0.8975025
offbyone,647,0.89568
small_test,647,0.893
correct,648,0.8979795
offbyone,648,0.897461
small_test,648,0.8945
correct,649,0.8978565
offbyone,649,0.8976405
small_test,649,0.8965
correct,650,0.8842895
offbyone,650,0.88398825
small_test,650,0.8835
correct,651,0.89155975
offbyone,651,0.8908225
small_test,651,0.882
correct,652,0.9034835
offbyone,652,0.90000425
small_test,652,0.8975
correct,653,0.90535425
offbyone,653,0.90520075
small_test,653,0.9135
correct,654,0.890425
offbyone,654,0.8900715
small_test,654,0.8785
correct,655,0.894942
offbyone,655,0.894914
small_test,655,0.8905
correct,656,0.89346825
offbyone,656,0.8911515
small_test,656,0.8865
correct,657,0.915908
offbyone,657,0.9152115
small_test,657,0.92
correct,658,0.8995975
offbyone,658,0.8989845
small_test,658,0.9025
correct,659,0.9030705
offbyone,659,0.902551
small_test,659,0.9095
correct,660,0.8915925
offbyone,660,0.89102425
small_test,660,0.896
correct,661,0.89075575
offbyone,661,0.8904975
small_test,661,0.9005
correct,662,0.8884715
offbyone,662,0.886321
small_test,662,0.892
correct,663,0.89029575
offbyone,663,0.890249
small_test,663,0.89
correct,664,0.8980095
offbyone,664,0.89694875
small_test,664,0.9
correct,665,0.9000665
offbyone,665,0.89990275
small_test,665,0.895
correct,666,0.9036715
offbyone,666,0.90233425
small_test,666,0.9025
correct,667,0.90718025
offbyone,667,0.9052885
small_test,667,0.9035
correct,668,0.9024875
offbyone,668,0.90183825
small_test,668,0.9015
correct,669,0.9023125
offbyone,669,0.900692
small_test,669,0.898
correct,670,0.90729975
offbyone,670,0.90643675
small_test,670,0.9095
correct,671,0.887362
offbyone,671,0.8867805
small_test,671,0.8935
correct,672,0.90899125
offbyone,672,0.90708325
small_test,672,0.9105
correct,673,0.899547
offbyone,673,0.89881175
small_test,673,0.896
correct,674,0.894382
offbyone,674,0.8934075
small_test,674,0.8915
correct,675,0.90976225
offbyone,675,0.90884625
small_test,675,0.9135
correct,676,0.91152025
offbyone,676,0.9109355
small_test,676,0.909
correct,677,0.8983015
offbyone,677,0.897618
small_test,677,0.903
correct,678,0.90486775
offbyone,678,0.90267675
small_test,678,0.8995
correct,679,0.91059675
offbyone,679,0.910592
small_test,679,0.9055
correct,680,0.89587075
offbyone,680,0.8950175
small_test,680,0.9035
correct,681,0.89873425
offbyone,681,0.8984395
small_test,681,0.891
correct,682,0.8993285
offbyone,682,0.899236
small_test,682,0.8945
correct,683,0.902964
offbyone,683,0.90272475
small_test,683,0.901
correct,684,0.89321775
offbyone,684,0.89212
small_test,684,0.8855
correct,685,0.88284825
offbyone,685,0.882434
small_test,685,0.8975
correct,686,0.90086475
offbyone,686,0.898535
small_test,686,0.901
correct,687,0.913384
offbyone,687,0.91257825
small_test,687,0.9085
correct,688,0.89995975
offbyone,688,0.89821875
small_test,688,0.901
correct,689,0.90575325
offbyone,689,0.9052195
small_test,689,0.917
correct,690,0.919894
offbyone,690,0.91837625
small_test,690,0.911
correct,691,0.90331275
offbyone,691,0.90100825
small_test,691,0.894
correct,692,0.9001285
offbyone,692,0.89776975
small_test,692,0.8975
correct,693,0.90753675
offbyone,693,0.90633225
small_test,693,0.9085
correct,694,0.910485
offbyone,694,0.91025075
small_test,694,0.91
correct,695,0.9063405
offbyone,695,0.90399075
small_test,695,0.9135
correct,696,0.889628
offbyone,696,0.8886335
small_test,696,0.888
correct,697,0.8896735
offbyone,697,0.88772725
small_test,697,0.8955
correct,698,0.90641575
offbyone,698,0.90516425
small_test,698,0.9115
correct,699,0.901306
offbyone,699,0.901288
small_test,699,0.905
correct,700,0.90503375
offbyone,700,0.90396725
small_test,700,0.907
correct,701,0.9125275
offbyone,701,0.911809
small_test,701,0.9265
correct,702,0.89985425
offbyone,702,0.8994055
small_test,702,0.8995
correct,703,0.88469425
offbyone,703,0.884085
small_test,703,0.892
correct,704,0.88415925
offbyone,704,0.88215275
small_test,704,0.885
correct,705,0.89743775
offbyone,705,0.8969435
small_test,705,0.9055
correct,706,0.887352
offbyone,706,0.88682675
small_test,706,0.8895
correct,707,0.88662625
offbyone,707,0.8838745
small_test,707,0.8875
correct,708,0.89738825
offbyone,708,0.897257
small_test,708,0.8895
correct,709,0.896134
offbyone,709,0.89585925
small_test,709,0.893
correct,710,0.904552
offbyone,710,0.90400425
small_test,710,0.901
correct,711,0.896419
offbyone,711,0.895474
small_test,711,0.8855
correct,712,0.9066365
offbyone,712,0.9061545
small_test,712,0.909
correct,713,0.876907
offbyone,713,0.87518475
small_test,713,0.888
correct,714,0.895427
offbyone,714,0.89435
small_test,714,0.8945
correct,715,0.9014685
offbyone,715,0.90132075
small_test,715,0.9045
correct,716,0.89416425
offbyone,716,0.893879
small_test,716,0.8925
correct,717,0.9034315
offbyone,717,0.90301375
small_test,717,0.914
correct,718,0.90325575
offbyone,718,0.90069625
small_test,718,0.902
correct,719,0.89554875
offbyone,719,0.89427025
small_test,719,0.8955
correct,720,0.908672
offbyone,720,0.90856725
small_test,720,0.909
correct,721,0.890079
offbyone,721,0.88849325
small_test,721,0.888
correct,722,0.90214
offbyone,722,0.902129
small_test,722,0.9155
correct,723,0.8992505
offbyone,723,0.89913675
small_test,723,0.8965
correct,724,0.897669
offbyone,724,0.8967815
small_test,724,0.892
correct,725,0.90586275
offbyone,725,0.9051685
small_test,725,0.9025
correct,726,0.8968945
offbyone,726,0.896776
small_test,726,0.898
correct,727,0.91745675
offbyone,727,0.917125
small_test,727,0.917
correct,728,0.8878765
offbyone,728,0.88758925
small_test,728,0.884
correct,729,0.9000595
offbyone,729,0.8991075
small_test,729,0.9025
correct,730,0.90675275
offbyone,730,0.90449425
small_test,730,0.8975
correct,731,0.889656
offbyone,731,0.8869205
small_test,731,0.884
correct,732,0.89515075
offbyone,732,0.894727
small_test,732,0.9055
correct,733,0.90978925
offbyone,733,0.90849425
small_test,733,0.9095
correct,734,0.90532125
offbyone,734,0.90477475
small_test,734,0.9095
correct,735,0.904437
offbyone,735,0.90442875
small_test,735,0.9035
correct,736,0.908607
offbyone,736,0.90851375
small_test,736,0.908
correct,737,0.89871925
offbyone,737,0.89870475
small_test,737,0.888
correct,738,0.89534825
offbyone,738,0.894577
small_test,738,0.8905
correct,739,0.88722625
offbyone,739,0.88670625
small_test,739,0.878
correct,740,0.91085425
offbyone,740,0.9107
small_test,740,0.919
correct,741,0.89909275
offbyone,741,0.8989
small_test,741,0.8965
correct,742,0.9073895
offbyone,742,0.90607375
small_test,742,0.909
correct,743,0.914482
offbyone,743,0.913662
small_test,743,0.922
correct,744,0.894927
offbyone,744,0.89418925
small_test,744,0.902
correct,745,0.89342025
offbyone,745,0.89337875
small_test,745,0.892
correct,746,0.89458325
offbyone,746,0.89444275
small_test,746,0.878
correct,747,0.89432025
offbyone,747,0.893347
small_test,747,0.8945
correct,748,0.91227075
offbyone,748,0.9114045
small_test,748,0.908
correct,749,0.897422
offbyone,749,0.89691975
small_test,749,0.8945
correct,750,0.9022905
offbyone,750,0.902086
small_test,750,0.8995
correct,751,0.903936
offbyone,751,0.9019805
small_test,751,0.899
correct,752,0.910974
offbyone,752,0.9099345
small_test,752,0.921
correct,753,0.8966355
offbyone,753,0.89490925
small_test,753,0.901
correct,754,0.907361
offbyone,754,0.90710875
small_test,754,0.9115
correct,755,0.90454975
offbyone,755,0.90421875
small_test,755,0.915
correct,756,0.902081
offbyone,756,0.900469
small_test,756,0.906
correct,757,0.90786625
offbyone,757,0.907353
small_test,757,0.9055
correct,758,0.893871
offbyone,758,0.8937325
small_test,758,0.8885
correct,759,0.90858525
offbyone,759,0.90700375
small_test,759,0.9105
correct,760,0.8850925
offbyone,760,0.884426
small_test,760,0.893
correct,761,0.913069
offbyone,761,0.91227675
small_test,761,0.905
correct,762,0.901023
offbyone,762,0.899424
small_test,762,0.9065
correct,763,0.901183
offbyone,763,0.8990795
small_test,763,0.901
correct,764,0.890414
offbyone,764,0.88954175
small_test,764,0.89
correct,765,0.9114755
offbyone,765,0.909177
small_test,765,0.9085
correct,766,0.90418125
offbyone,766,0.9026375
small_test,766,0.9015
correct,767,0.91030775
offbyone,767,0.9102965
small_test,767,0.906
correct,768,0.90382475
offbyone,768,0.902193
small_test,768,0.9115
correct,769,0.870784
offbyone,769,0.86794475
small_test,769,0.882
correct,770,0.8948405
offbyone,770,0.894409
small_test,770,0.896
correct,771,0.89819075
offbyone,771,0.8966865
small_test,771,0.897
correct,772,0.89355525
offbyone,772,0.89306225
small_test,772,0.892
correct,773,0.89375275
offbyone,773,0.8935785
small_test,773,0.8845
correct,774,0.89522925
offbyone,774,0.89503325
small_test,774,0.903
correct,775,0.89197375
offbyone,775,0.8915385
small_test,775,0.89
correct,776,0.888461
offbyone,776,0.88677875
small_test,776,0.883
correct,777,0.91639975
offbyone,777,0.914521
small_test,777,0.9235
correct,778,0.89306225
offbyone,778,0.892749
small_test,778,0.9025
correct,779,0.89708525
offbyone,779,0.896654
small_test,779,0.8975
correct,780,0.90534875
offbyone,780,0.90454425
small_test,780,0.91
correct,781,0.888896
offbyone,781,0.8856725
small_test,781,0.8965
correct,782,0.890516
offbyone,782,0.88975375
small_test,782,0.887
correct,783,0.89115475
offbyone,783,0.8909715
small_test,783,0.8895
correct,784,0.9075875
offbyone,784,0.90698075
small_test,784,0.904
correct,785,0.91390875
offbyone,785,0.91343025
small_test,785,0.912
correct,786,0.8836675
offbyone,786,0.88223075
small_test,786,0.891
correct,787,0.900734
offbyone,787,0.90009675
small_test,787,0.895
correct,788,0.89047075
offbyone,788,0.88479375
small_test,788,0.909
correct,789,0.89307625
offbyone,789,0.89280825
small_test,789,0.898
correct,790,0.89786225
offbyone,790,0.89742625
small_test,790,0.894
correct,791,0.8903735
offbyone,791,0.88913275
small_test,791,0.884
correct,792,0.8689345
offbyone,792,0.86885225
small_test,792,0.8595
correct,793,0.90572675
offbyone,793,0.905313
small_test,793,0.899
correct,794,0.904136
offbyone,794,0.902855
small_test,794,0.8995
correct,795,0.901356
offbyone,795,0.90079225
small_test,795,0.906
correct,796,0.901563
offbyone,796,0.90154475
small_test,796,0.887
correct,797,0.9036695
offbyone,797,0.90247675
small_test,797,0.9125
correct,798,0.9057455
offbyone,798,0.90314325
small_test,798,0.9
correct,799,0.90769425
offbyone,799,0.90453925
small_test,799,0.9055
correct,800,0.88221825
offbyone,800,0.88136275
small_test,800,0.8785
correct,801,0.88663225
offbyone,801,0.88625875
small_test,801,0.8895
correct,802,0.897769
offbyone,802,0.89702425
small_test,802,0.8905
correct,803,0.9164505
offbyone,803,0.91638575
small_test,803,0.9265
correct,804,0.90885075
offbyone,804,0.9086385
small_test,804,0.9125
correct,805,0.89080975
offbyone,805,0.8901395
small_test,805,0.895
correct,806,0.88757325
offbyone,806,0.88710825
small_test,806,0.8835
correct,807,0.9087975
offbyone,807,0.90867775
small_test,807,0.9035
correct,808,0.89389525
offbyone,808,0.893329
small_test,808,0.882
correct,809,0.90354875
offbyone,809,0.90317875
small_test,809,0.9135
correct,810,0.8951495
offbyone,810,0.89492875
small_test,810,0.897
correct,811,0.90604675
offbyone,811,0.905994
small_test,811,0.908
correct,812,0.9183245
offbyone,812,0.91732775
small_test,812,0.917
correct,813,0.880473
offbyone,813,0.87995675
small_test,813,0.871
correct,814,0.8928275
offbyone,814,0.8919755
small_test,814,0.88
correct,815,0.9023765
offbyone,815,0.90219475
small_test,815,0.903
correct,816,0.9136695
offbyone,816,0.91302575
small_test,816,0.9145
correct,817,0.87573575
offbyone,817,0.872667
small_test,817,0.8675
correct,818,0.90571125
offbyone,818,0.904476
small_test,818,0.9085
correct,819,0.89272675
offbyone,819,0.89214875
small_test,819,0.896
correct,820,0.9001405
offbyone,820,0.8987355
small_test,820,0.9065
correct,821,0.89489925
offbyone,821,0.89390175
small_test,821,0.902
correct,822,0.90470825
offbyone,822,0.90336075
small_test,822,0.8925
correct,823,0.897836
offbyone,823,0.896319
small_test,823,0.902
correct,824,0.900133
offbyone,824,0.89990725
small_test,824,0.899
correct,825,0.89346325
offbyone,825,0.89342875
small_test,825,0.8895
correct,826,0.8901275
offbyone,826,0.8898105
small_test,826,0.8845
correct,827,0.8894075
offbyone,827,0.88796425
small_test,827,0.9025
correct,828,0.8970395
offbyone,828,0.89631725
small_test,828,0.8935
correct,829,0.87970375
offbyone,829,0.8793875
small_test,829,0.877
correct,830,0.9197865
offbyone,830,0.91950125
small_test,830,0.916
correct,831,0.907758
offbyone,831,0.90674175
small_test,831,0.91
correct,832,0.90401725
offbyone,832,0.90398375
small_test,832,0.8985
correct,833,0.90042225
offbyone,833,0.89923175
small_test,833,0.8985
correct,834,0.908645
offbyone,834,0.90693325
small_test,834,0.9105
correct,835,0.9057055
offbyone,835,0.90403
small_test,835,0.9095
correct,836,0.903278
offbyone,836,0.902706
small_test,836,0.904
correct,837,0.90174125
offbyone,837,0.89961225
small_test,837,0.9015
correct,838,0.89103425
offbyone,838,0.89056325
small_test,838,0.8875
correct,839,0.896919
offbyone,839,0.89651125
small_test,839,0.887
correct,840,0.89738175
offbyone,840,0.89733475
small_test,840,0.905
correct,841,0.907127
offbyone,841,0.907055
small_test,841,0.903
correct,842,0.893529
offbyone,842,0.89280425
small_test,842,0.898
correct,843,0.906567
offbyone,843,0.90388525
small_test,843,0.8995
correct,844,0.900903
offbyone,844,0.90035725
small_test,844,0.8955
correct,845,0.88312075
offbyone,845,0.88311
small_test,845,0.879
correct,846,0.892748
offbyone,846,0.89179275
small_test,846,0.8995
correct,847,0.8920125
offbyone,847,0.88992825
small_test,847,0.887
correct,848,0.90682625
offbyone,848,0.90637375
small_test,848,0.901
correct,849,0.900217
offbyone,849,0.899211
small_test,849,0.899
correct,850,0.8809465
offbyone,850,0.88015625
small_test,850,0.8885
correct,851,0.90553625
offbyone,851,0.90538975
small_test,851,0.9045
correct,852,0.877072
offbyone,852,0.87543975
small_test,852,0.8835
correct,853,0.88787275
offbyone,853,0.88771375
small_test,853,0.88
correct,854,0.91210775
offbyone,854,0.91177825
small_test,854,0.905
correct,855,0.90651575
offbyone,855,0.905871
small_test,855,0.902
correct,856,0.8988225
offbyone,856,0.8985
small_test,856,0.896
correct,857,0.91039
offbyone,857,0.90766725
small_test,857,0.9135
correct,858,0.887479
offbyone,858,0.8871885
small_test,858,0.881
correct,859,0.90072425
offbyone,859,0.90065625
small_test,859,0.9145
correct,860,0.88888425
offbyone,860,0.8888095
small_test,860,0.889
correct,861,0.90378725
offbyone,861,0.90369925
small_test,861,0.899
correct,862,0.900528
offbyone,862,0.90032425
small_test,862,0.896
correct,863,0.90867025
offbyone,863,0.906182
small_test,863,0.898
correct,864,0.90077175
offbyone,864,0.89885525
small_test,864,0.896
correct,865,0.89513025
offbyone,865,0.89138025
small_test,865,0.89
correct,866,0.907956
offbyone,866,0.9057935
small_test,866,0.907
correct,867,0.90428
offbyone,867,0.9034495
small_test,867,0.906
correct,868,0.902762
offbyone,868,0.89729275
small_test,868,0.9125
correct,869,0.89044475
offbyone,869,0.88907375
small_test,869,0.888
correct,870,0.89394675
offbyone,870,0.89123875
small_test,870,0.896
correct,871,0.899363
offbyone,871,0.89927025
small_test,871,0.9005
correct,872,0.9010775
offbyone,872,0.900781
small_test,872,0.9065
correct,873,0.894344
offbyone,873,0.89327325
small_test,873,0.897
correct,874,0.90560275
offbyone,874,0.905263
small_test,874,0.9
correct,875,0.9002845
offbyone,875,0.899006
small_test,875,0.914
correct,876,0.9015065
offbyone,876,0.9011935
small_test,876,0.908
correct,877,0.88646275
offbyone,877,0.88607675
small_test,877,0.8855
correct,878,0.90205825
offbyone,878,0.90129475
small_test,878,0.9025
correct,879,0.89212175
offbyone,879,0.8891675
small_test,879,0.8995
correct,880,0.9011895
offbyone,880,0.901022
small_test,880,0.904
correct,881,0.909167
offbyone,881,0.906753
small_test,881,0.9055
correct,882,0.90939025
offbyone,882,0.908626
small_test,882,0.913
correct,883,0.90226475
offbyone,883,0.9015575
small_test,883,0.91
correct,884,0.8936555
offbyone,884,0.89300325
small_test,884,0.886
correct,885,0.90201975
offbyone,885,0.90032975
small_test,885,0.903
correct,886,0.9172735
offbyone,886,0.9168585
small_test,886,0.915
correct,887,0.89112725
offbyone,887,0.8901275
small_test,887,0.899
correct,888,0.8935835
offbyone,888,0.89322175
small_test,888,0.9095
correct,889,0.89984525
offbyone,889,0.89810275
small_test,889,0.902
correct,890,0.909279
offbyone,890,0.90772825
small_test,890,0.9025
correct,891,0.90325325
offbyone,891,0.90257625
small_test,891,0.902
correct,892,0.884449
offbyone,892,0.8830455
small_test,892,0.8935
correct,893,0.8912495
offbyone,893,0.88971075
small_test,893,0.882
correct,894,0.8997475
offbyone,894,0.89878775
small_test,894,0.893
correct,895,0.9006805
offbyone,895,0.896347
small_test,895,0.9025
correct,896,0.8978825
offbyone,896,0.89687825
small_test,896,0.89
correct,897,0.899126
offbyone,897,0.8970975
small_test,897,0.91
correct,898,0.89060875
offbyone,898,0.89012325
small_test,898,0.885
correct,899,0.88378725
offbyone,899,0.88291975
small_test,899,0.8805
correct,900,0.890483
offbyone,900,0.8904385
small_test,900,0.8895
correct,901,0.89681825
offbyone,901,0.89371325
small_test,901,0.89
correct,902,0.91026975
offbyone,902,0.91025325
small_test,902,0.919
correct,903,0.914154
offbyone,903,0.91051825
small_test,903,0.9195
correct,904,0.9015885
offbyone,904,0.90112525
small_test,904,0.906
correct,905,0.91095875
offbyone,905,0.90778525
small_test,905,0.9185
correct,906,0.89859975
offbyone,906,0.89512275
small_test,906,0.9105
correct,907,0.90385825
offbyone,907,0.90370425
small_test,907,0.9115
correct,908,0.8960395
offbyone,908,0.89580725
small_test,908,0.8965
correct,909,0.900612
offbyone,909,0.8990125
small_test,909,0.9045
correct,910,0.88824475
offbyone,910,0.8873545
small_test,910,0.898
correct,911,0.90156875
offbyone,911,0.90110125
small_test,911,0.902
correct,912,0.89520825
offbyone,912,0.893606
small_test,912,0.8985
correct,913,0.897136
offbyone,913,0.896905
small_test,913,0.8975
correct,914,0.90367175
offbyone,914,0.90327625
small_test,914,0.9
correct,915,0.90018575
offbyone,915,0.89796125
small_test,915,0.9045
correct,916,0.90412875
offbyone,916,0.90202225
small_test,916,0.9005
correct,917,0.9000035
offbyone,917,0.89985725
small_test,917,0.9005
correct,918,0.92676375
offbyone,918,0.92675975
small_test,918,0.923
correct,919,0.8833735
offbyone,919,0.88334875
small_test,919,0.8895
correct,920,0.89235775
offbyone,920,0.89235775
small_test,920,0.895
correct,921,0.894455
offbyone,921,0.8942085
small_test,921,0.895
correct,922,0.913778
offbyone,922,0.9123905
small_test,922,0.913
correct,923,0.91202075
offbyone,923,0.9114905
small_test,923,0.916
correct,924,0.88611125
offbyone,924,0.88589075
small_test,924,0.876
correct,925,0.89250175
offbyone,925,0.89081625
small_test,925,0.8915
correct,926,0.89150275
offbyone,926,0.888477
small_test,926,0.901
correct,927,0.8936045
offbyone,927,0.89139275
small_test,927,0.894
correct,928,0.90274075
offbyone,928,0.90270525
small_test,928,0.9
correct,929,0.90075925
offbyone,929,0.89982975
small_test,929,0.8955
correct,930,0.90377
offbyone,930,0.903249
small_test,930,0.9015
correct,931,0.9012205
offbyone,931,0.90073875
small_test,931,0.9095
correct,932,0.898811
offbyone,932,0.89785375
small_test,932,0.8935
correct,933,0.9033095
offbyone,933,0.9024165
small_test,933,0.9195
correct,934,0.910821
offbyone,934,0.91046225
small_test,934,0.902
correct,935,0.89256225
offbyone,935,0.8921555
small_test,935,0.8995
correct,936,0.904676
offbyone,936,0.90423825
small_test,936,0.9085
correct,937,0.907928
offbyone,937,0.907541
small_test,937,0.9105
correct,938,0.90417625
offbyone,938,0.903116
small_test,938,0.9105
correct,939,0.904473
offbyone,939,0.903688
small_test,939,0.907
correct,940,0.8982445
offbyone,940,0.89814175
small_test,940,0.902
correct,941,0.903825
offbyone,941,0.8995935
small_test,941,0.894
correct,942,0.89863625
offbyone,942,0.8963785
small_test,942,0.8925
correct,943,0.894658
offbyone,943,0.89448475
small_test,943,0.8805
correct,944,0.91885975
offbyone,944,0.91766825
small_test,944,0.9135
correct,945,0.91139125
offbyone,945,0.910152
small_test,945,0.913
correct,946,0.90862925
offbyone,946,0.9083445
small_test,946,0.913
correct,947,0.89058975
offbyone,947,0.89026575
small_test,947,0.891
correct,948,0.908568
offbyone,948,0.90702275
small_test,948,0.9275
correct,949,0.90429625
offbyone,949,0.90392475
small_test,949,0.899
correct,950,0.90086425
offbyone,950,0.9005925
small_test,950,0.898
correct,951,0.908254
offbyone,951,0.90769225
small_test,951,0.9015
correct,952,0.89605975
offbyone,952,0.89563275
small_test,952,0.9055
correct,953,0.9001475
offbyone,953,0.89547525
small_test,953,0.9035
correct,954,0.89394025
offbyone,954,0.89352575
small_test,954,0.8845
correct,955,0.88907575
offbyone,955,0.88813425
small_test,955,0.8875
correct,956,0.8953715
offbyone,956,0.89405325
small_test,956,0.888
correct,957,0.9027505
offbyone,957,0.90142175
small_test,957,0.905
correct,958,0.9009885
offbyone,958,0.900814
small_test,958,0.9065
correct,959,0.90026775
offbyone,959,0.89902825
small_test,959,0.895
correct,960,0.9042755
offbyone,960,0.90242325
small_test,960,0.901
correct,961,0.88981875
offbyone,961,0.8888085
small_test,961,0.8885
correct,962,0.89834325
offbyone,962,0.898128
small_test,962,0.9035
correct,963,0.9198805
offbyone,963,0.9180375
small_test,963,0.9185
correct,964,0.90118975
offbyone,964,0.90030275
small_test,964,0.904
correct,965,0.90205175
offbyone,965,0.90200375
small_test,965,0.9115
correct,966,0.8848285
offbyone,966,0.8845255
small_test,966,0.878
correct,967,0.916924
offbyone,967,0.9167115
small_test,967,0.9075
correct,968,0.8948105
offbyone,968,0.89255725
small_test,968,0.905
correct,969,0.91031
offbyone,969,0.909114
small_test,969,0.9175
correct,970,0.890244
offbyone,970,0.8896055
small_test,970,0.8925
correct,971,0.8795115
offbyone,971,0.879476
small_test,971,0.88
correct,972,0.8967345
offbyone,972,0.89658725
small_test,972,0.888
correct,973,0.8869895
offbyone,973,0.88643875
small_test,973,0.8805
correct,974,0.901979
offbyone,974,0.8990555
small_test,974,0.9025
correct,975,0.9003585
offbyone,975,0.89988075
small_test,975,0.9025
correct,976,0.89247375
offbyone,976,0.89061325
small_test,976,0.8955
correct,977,0.89728925
offbyone,977,0.896957
small_test,977,0.8885
correct,978,0.89652725
offbyone,978,0.89458025
small_test,978,0.889
correct,979,0.89986475
offbyone,979,0.89942175
small_test,979,0.9055
correct,980,0.89238875
offbyone,980,0.89165025
small_test,980,0.901
correct,981,0.888831
offbyone,981,0.88858975
small_test,981,0.8885
correct,982,0.9057535
offbyone,982,0.90564975
small_test,982,0.9135
correct,983,0.891076
offbyone,983,0.889458
small_test,983,0.886
correct,984,0.88067825
offbyone,984,0.88064975
small_test,984,0.878
correct,985,0.90371825
offbyone,985,0.90358425
small_test,985,0.9155
correct,986,0.880037
offbyone,986,0.8783825
small_test,986,0.8715
correct,987,0.88973075
offbyone,987,0.88797475
small_test,987,0.9015
correct,988,0.89673475
offbyone,988,0.8962155
small_test,988,0.9155
correct,989,0.907052
offbyone,989,0.90701975
small_test,989,0.9065
correct,990,0.9041615
offbyone,990,0.9030775
small_test,990,0.9015
correct,991,0.899874
offbyone,991,0.89848375
small_test,991,0.8955
correct,992,0.89646175
offbyone,992,0.89403325
small_test,992,0.8885
correct,993,0.89965475
offbyone,993,0.8976415
small_test,993,0.8915
correct,994,0.9022255
offbyone,994,0.9007445
small_test,994,0.9045
correct,995,0.89771075
offbyone,995,0.8974355
small_test,995,0.904
correct,996,0.90064425
offbyone,996,0.90048025
small_test,996,0.9
correct,997,0.89423175
offbyone,997,0.89291375
small_test,997,0.896
correct,998,0.90590475
offbyone,998,0.905587
small_test,998,0.918
correct,999,0.91151275
offbyone,999,0.911206
small_test,999,0.9075
correct,1000,0.8989115
offbyone,1000,0.89749325
small_test,1000,0.915
correct,1001,0.89637175
offbyone,1001,0.8944795
small_test,1001,0.886
correct,1002,0.89620625
offbyone,1002,0.89608125
small_test,1002,0.887
correct,1003,0.89734225
offbyone,1003,0.896115
small_test,1003,0.9005
correct,1004,0.90955625
offbyone,1004,0.90909025
small_test,1004,0.919
correct,1005,0.890707
offbyone,1005,0.889795
small_test,1005,0.8875
correct,1006,0.8962135
offbyone,1006,0.89440225
small_test,1006,0.895
correct,1007,0.9039665
offbyone,1007,0.9027875
small_test,1007,0.9
correct,1008,0.89484675
offbyone,1008,0.8939795
small_test,1008,0.9
correct,1009,0.9112045
offbyone,1009,0.911063
small_test,1009,0.9075
correct,1010,0.92263125
offbyone,1010,0.920878
small_test,1010,0.9155
correct,1011,0.892649
offbyone,1011,0.89264725
small_test,1011,0.89
correct,1012,0.89629025
offbyone,1012,0.89597775
small_test,1012,0.8895
correct,1013,0.9056955
offbyone,1013,0.905269
small_test,1013,0.8975
correct,1014,0.9019985
offbyone,1014,0.90152025
small_test,1014,0.8975
correct,1015,0.88758375
offbyone,1015,0.88754875
small_test,1015,0.888
correct,1016,0.90084425
offbyone,1016,0.89795225
small_test,1016,0.902
correct,1017,0.891694
offbyone,1017,0.89067925
small_test,1017,0.8985
correct,1018,0.90890775
offbyone,1018,0.90716
small_test,1018,0.906
correct,1019,0.906017
offbyone,1019,0.90586775
small_test,1019,0.896
correct,1020,0.91220975
offbyone,1020,0.90977625
small_test,1020,0.9145
correct,1021,0.908532
offbyone,1021,0.9078725
small_test,1021,0.9005
correct,1022,0.88924275
offbyone,1022,0.88663725
small_test,1022,0.8885
correct,1023,0.891681
offbyone,1023,0.888306
small_test,1023,0.883
correct,1024,0.89327975
offbyone,1024,0.8919695
small_test,1024,0.892
correct,1025,0.89930075
offbyone,1025,0.898218
small_test,1025,0.895
correct,1026,0.90156825
offbyone,1026,0.899263
small_test,1026,0.9035
correct,1027,0.906517
offbyone,1027,0.9050755
small_test,1027,0.906
correct,1028,0.915629
offbyone,1028,0.9118805
small_test,1028,0.92
correct,1029,0.90749525
offbyone,1029,0.90660875
small_test,1029,0.904
correct,1030,0.9138935
offbyone,1030,0.91370225
small_test,1030,0.9195
correct,1031,0.907032
offbyone,1031,0.90693275
small_test,1031,0.907
correct,1032,0.890432
offbyone,1032,0.89040925
small_test,1032,0.892
correct,1033,0.88412175
offbyone,1033,0.88405125
small_test,1033,0.877
correct,1034,0.9071975
offbyone,1034,0.90712125
small_test,1034,0.911
correct,1035,0.896587
offbyone,1035,0.8962685
small_test,1035,0.9095
correct,1036,0.88736275
offbyone,1036,0.88650425
small_test,1036,0.8855
correct,1037,0.89582
offbyone,1037,0.89554375
small_test,1037,0.8945
correct,1038,0.8992595
offbyone,1038,0.897538
small_test,1038,0.8955
correct,1039,0.905023
offbyone,1039,0.9049065
small_test,1039,0.8995
correct,1040,0.9040165
offbyone,1040,0.90032325
small_test,1040,0.906
correct,1041,0.8712045
offbyone,1041,0.86952925
small_test,1041,0.8635
correct,1042,0.88977425
offbyone,1042,0.889619
small_test,1042,0.8855
correct,1043,0.90106325
offbyone,1043,0.8995725
small_test,1043,0.893
correct,1044,0.90302375
offbyone,1044,0.9018675
small_test,1044,0.906
correct,1045,0.9195505
offbyone,1045,0.918526
small_test,1045,0.9125
correct,1046,0.8949535
offbyone,1046,0.89358675
small_test,1046,0.9075
correct,1047,0.91087325
offbyone,1047,0.910782
small_test,1047,0.9105
correct,1048,0.90325175
offbyone,1048,0.90282675
small_test,1048,0.9055
correct,1049,0.897708
offbyone,1049,0.897658
small_test,1049,0.905
correct,1050,0.8986685
offbyone,1050,0.89749125
small_test,1050,0.8995
correct,1051,0.90445
offbyone,1051,0.9032075
small_test,1051,0.896
correct,1052,0.90423675
offbyone,1052,0.9040705
small_test,1052,0.9095
correct,1053,0.8969295
offbyone,1053,0.89452375
small_test,1053,0.895
correct,1054,0.910731
offbyone,1054,0.907541
small_test,1054,0.9085
correct,1055,0.909782
offbyone,1055,0.90974225
small_test,1055,0.9105
correct,1056,0.89170825
offbyone,1056,0.89065125
small_test,1056,0.889
correct,1057,0.89632775
offbyone,1057,0.89603825
small_test,1057,0.8955
correct,1058,0.903965
offbyone,1058,0.90390075
small_test,1058,0.903
correct,1059,0.90513625
offbyone,1059,0.90449575
small_test,1059,0.906
correct,1060,0.89972525
offbyone,1060,0.898528
small_test,1060,0.8965
correct,1061,0.88483925
offbyone,1061,0.8830455
small_test,1061,0.8905
correct,1062,0.90271325
offbyone,1062,0.8996485
small_test,1062,0.904
correct,1063,0.8944165
offbyone,1063,0.8926985
small_test,1063,0.8975
correct,1064,0.89791625
offbyone,1064,0.8973315
small_test,1064,0.8895
correct,1065,0.90550325
offbyone,1065,0.90526025
small_test,1065,0.905
correct,1066,0.91212875
offbyone,1066,0.910654
small_test,1066,0.901
correct,1067,0.90235625
offbyone,1067,0.90091325
small_test,1067,0.9075
correct,1068,0.90189875
offbyone,1068,0.90123675
small_test,1068,0.891
correct,1069,0.91833225
offbyone,1069,0.917604
small_test,1069,0.933
correct,1070,0.917144
offbyone,1070,0.91684825
small_test,1070,0.9245
correct,1071,0.91701075
offbyone,1071,0.9155495
small_test,1071,0.902
correct,1072,0.90307275
offbyone,1072,0.902234
small_test,1072,0.8995
correct,1073,0.87687525
offbyone,1073,0.875992
small_test,1073,0.884
correct,1074,0.89333425
offbyone,1074,0.89107225
small_test,1074,0.8885
correct,1075,0.898765
offbyone,1075,0.896902
small_test,1075,0.889
correct,1076,0.888174
offbyone,1076,0.88729325
small_test,1076,0.8975
correct,1077,0.89898475
offbyone,1077,0.89828075
small_test,1077,0.8965
correct,1078,0.9069615
offbyone,1078,0.9065625
small_test,1078,0.9065
correct,1079,0.909095
offbyone,1079,0.9090845
small_test,1079,0.9085
correct,1080,0.912442
offbyone,1080,0.91224875
small_test,1080,0.91
correct,1081,0.88827075
offbyone,1081,0.8882215
small_test,1081,0.892
correct,1082,0.897013
offbyone,1082,0.8966515
small_test,1082,0.887
correct,1083,0.9023245
offbyone,1083,0.901014
small_test,1083,0.9025
correct,1084,0.91039675
offbyone,1084,0.910366
small_test,1084,0.909
correct,1085,0.90800925
offbyone,1085,0.907052
small_test,1085,0.901
correct,1086,0.91158075
offbyone,1086,0.9113905
small_test,1086,0.9105
correct,1087,0.90371925
offbyone,1087,0.90363925
small_test,1087,0.9015
correct,1088,0.8902465
offbyone,1088,0.889061
small_test,1088,0.9005
correct,1089,0.900439
offbyone,1089,0.90036075
small_test,1089,0.9015
correct,1090,0.899234
offbyone,1090,0.89696425
small_test,1090,0.8995
correct,1091,0.89675875
offbyone,1091,0.89556825
small_test,1091,0.8955
correct,1092,0.89589775
offbyone,1092,0.88875425
small_test,1092,0.898
correct,1093,0.89494075
offbyone,1093,0.89468825
small_test,1093,0.8945
correct,1094,0.91044075
offbyone,1094,0.90961275
small_test,1094,0.9055
correct,1095,0.89662075
offbyone,1095,0.896556
small_test,1095,0.9025
correct,1096,0.88972525
offbyone,1096,0.88932125
small_test,1096,0.886
correct,1097,0.891332
offbyone,1097,0.8910265
small_test,1097,0.8785
correct,1098,0.87614275
offbyone,1098,0.87507125
small_test,1098,0.8785
correct,1099,0.878993
offbyone,1099,0.8788855
small_test,1099,0.8725
correct,1100,0.903596
offbyone,1100,0.90336
small_test,1100,0.901
correct,1101,0.910744
offbyone,1101,0.90972275
small_test,1101,0.9035
correct,1102,0.89862275
offbyone,1102,0.897558
small_test,1102,0.8825
correct,1103,0.8917235
offbyone,1103,0.8915295
small_test,1103,0.892
correct,1104,0.89508425
offbyone,1104,0.8945045
small_test,1104,0.8985
correct,1105,0.91793575
offbyone,1105,0.916519
small_test,1105,0.907
correct,1106,0.892667
offbyone,1106,0.89245
small_test,1106,0.905
correct,1107,0.91563075
offbyone,1107,0.915617
small_test,1107,0.912
correct,1108,0.8951825
offbyone,1108,0.895164
small_test,1108,0.909
correct,1109,0.8821275
offbyone,1109,0.881787
small_test,1109,0.8785
correct,1110,0.9104195
offbyone,1110,0.9097605
small_test,1110,0.919
correct,1111,0.900356
offbyone,1111,0.89960075
small_test,1111,0.906
correct,1112,0.88005
offbyone,1112,0.87971825
small_test,1112,0.877
correct,1113,0.89408
offbyone,1113,0.89386275
small_test,1113,0.8895
correct,1114,0.906926
offbyone,1114,0.90577575
small_test,1114,0.902
correct,1115,0.89737925
offbyone,1115,0.89605125
small_test,1115,0.899
correct,1116,0.87957425
offbyone,1116,0.8786375
small_test,1116,0.8845
correct,1117,0.91740275
offbyone,1117,0.91729675
small_test,1117,0.9145
correct,1118,0.911143
offbyone,1118,0.90937575
small_test,1118,0.9105
correct,1119,0.8803755
offbyone,1119,0.8801705
small_test,1119,0.888
correct,1120,0.91054475
offbyone,1120,0.9095395
small_test,1120,0.9155
correct,1121,0.89590075
offbyone,1121,0.8939965
small_test,1121,0.8955
correct,1122,0.91565825
offbyone,1122,0.91347675
small_test,1122,0.914
correct,1123,0.89708725
offbyone,1123,0.89655975
small_test,1123,0.897
correct,1124,0.915269
offbyone,1124,0.91508275
small_test,1124,0.9115
correct,1125,0.90518975
offbyone,1125,0.90437075
small_test,1125,0.903
correct,1126,0.90991675
offbyone,1126,0.90983325
small_test,1126,0.9065
correct,1127,0.906688
offbyone,1127,0.906315
small_test,1127,0.912
correct,1128,0.91664225
offbyone,1128,0.9148285
small_test,1128,0.9185
correct,1129,0.90202675
offbyone,1129,0.9019415
small_test,1129,0.913
correct,1130,0.9090275
offbyone,1130,0.90883625
small_test,1130,0.9025
correct,1131,0.9072825
offbyone,1131,0.90651375
small_test,1131,0.9105
correct,1132,0.9180695
offbyone,1132,0.91685275
small_test,1132,0.917
correct,1133,0.9081965
offbyone,1133,0.90815725
small_test,1133,0.904
correct,1134,0.89669125
offbyone,1134,0.89626225
small_test,1134,0.891
correct,1135,0.910359
offbyone,1135,0.9062965
small_test,1135,0.913
correct,1136,0.90820275
offbyone,1136,0.90667375
small_test,1136,0.9035
correct,1137,0.91037925
offbyone,1137,0.91027125
small_test,1137,0.914
correct,1138,0.910566
offbyone,1138,0.9100215
small_test,1138,0.9145
correct,1139,0.89054975
offbyone,1139,0.88965325
small_test,1139,0.894
correct,1140,0.9073695
offbyone,1140,0.90618425
small_test,1140,0.9115
correct,1141,0.88801825
offbyone,1141,0.88797375
small_test,1141,0.8865
correct,1142,0.8901495
offbyone,1142,0.88959875
small_test,1142,0.8945
correct,1143,0.9122155
offbyone,1143,0.9121855
small_test,1143,0.9075
correct,1144,0.8846085
offbyone,1144,0.88412775
small_test,1144,0.891
correct,1145,0.91144375
offbyone,1145,0.910145
small_test,1145,0.9095
correct,1146,0.91019475
offbyone,1146,0.9077505
small_test,1146,0.915
correct,1147,0.8963665
offbyone,1147,0.896225
small_test,1147,0.902
correct,1148,0.907372
offbyone,1148,0.9069405
small_test,1148,0.921
correct,1149,0.8975365
offbyone,1149,0.89649375
small_test,1149,0.8995
correct,1150,0.909317
offbyone,1150,0.90877875
small_test,1150,0.916
correct,1151,0.9128925
offbyone,1151,0.9124395
small_test,1151,0.9075
correct,1152,0.903297
offbyone,1152,0.9028285
small_test,1152,0.9045
correct,1153,0.9139775
offbyone,1153,0.91387475
small_test,1153,0.919
correct,1154,0.90523525
offbyone,1154,0.90505575
small_test,1154,0.917
correct,1155,0.89390575
offbyone,1155,0.89279925
small_test,1155,0.891
correct,1156,0.89197475
offbyone,1156,0.89173875
small_test,1156,0.894
correct,1157,0.907236
offbyone,1157,0.90712225
small_test,1157,0.927
correct,1158,0.904412
offbyone,1158,0.90402575
small_test,1158,0.91
correct,1159,0.88618775
offbyone,1159,0.8861335
small_test,1159,0.8875
correct,1160,0.88106525
offbyone,1160,0.8806685
small_test,1160,0.876
correct,1161,0.90193425
offbyone,1161,0.901146
small_test,1161,0.904
correct,1162,0.9031485
offbyone,1162,0.9031395
small_test,1162,0.886
correct,1163,0.90451225
offbyone,1163,0.904472
small_test,1163,0.916
correct,1164,0.9068255
offbyone,1164,0.90668375
small_test,1164,0.894
correct,1165,0.91666925
offbyone,1165,0.91583225
small_test,1165,0.9085
correct,1166,0.91227375
offbyone,1166,0.911906
small_test,1166,0.914
correct,1167,0.91240475
offbyone,1167,0.90963725
small_test,1167,0.9135
correct,1168,0.89963825
offbyone,1168,0.89902525
small_test,1168,0.897
correct,1169,0.8979945
offbyone,1169,0.8974525
small_test,1169,0.904
correct,1170,0.895938
offbyone,1170,0.8956035
small_test,1170,0.8975
correct,1171,0.91408625
offbyone,1171,0.9132445
small_test,1171,0.9135
correct,1172,0.92183975
offbyone,1172,0.920523
small_test,1172,0.9235
correct,1173,0.92153525
offbyone,1173,0.9213015
small_test,1173,0.9155
correct,1174,0.89925575
offbyone,1174,0.8983925
small_test,1174,0.902
correct,1175,0.89390725
offbyone,1175,0.89279425
small_test,1175,0.891
correct,1176,0.889853
offbyone,1176,0.887127
small_test,1176,0.8955
correct,1177,0.908108
offbyone,1177,0.90694375
small_test,1177,0.9115
correct,1178,0.888636
offbyone,1178,0.88760525
small_test,1178,0.8755
correct,1179,0.8884855
offbyone,1179,0.8871865
small_test,1179,0.889
correct,1180,0.916817
offbyone,1180,0.912907
small_test,1180,0.918
correct,1181,0.90568025
offbyone,1181,0.90469375
small_test,1181,0.9145
correct,1182,0.88978
offbyone,1182,0.88937475
small_test,1182,0.8985
correct,1183,0.88259875
offbyone,1183,0.88084225
small_test,1183,0.88
correct,1184,0.89054075
offbyone,1184,0.8894185
small_test,1184,0.888
correct,1185,0.8982665
offbyone,1185,0.89821525
small_test,1185,0.9025
correct,1186,0.89090925
offbyone,1186,0.8894395
small_test,1186,0.886
correct,1187,0.903977
offbyone,1187,0.9034625
small_test,1187,0.8925
correct,1188,0.89333175
offbyone,1188,0.89266275
small_test,1188,0.887
correct,1189,0.895725
offbyone,1189,0.8953545
small_test,1189,0.8845
correct,1190,0.8907235
offbyone,1190,0.8870115
small_test,1190,0.884
correct,1191,0.90459875
offbyone,1191,0.90322975
small_test,1191,0.904
correct,1192,0.90324825
offbyone,1192,0.90240025
small_test,1192,0.8955
correct,1193,0.896694
offbyone,1193,0.89613025
small_test,1193,0.8955
correct,1194,0.89778525
offbyone,1194,0.89654125
small_test,1194,0.9015
correct,1195,0.901692
offbyone,1195,0.9015065
small_test,1195,0.9145
correct,1196,0.900342
offbyone,1196,0.8987815
small_test,1196,0.9085
correct,1197,0.89820075
offbyone,1197,0.89806475
small_test,1197,0.908
correct,1198,0.89276025
offbyone,1198,0.89160475
small_test,1198,0.8955
correct,1199,0.90222975
offbyone,1199,0.90196225
small_test,1199,0.904
correct,1200,0.8966225
offbyone,1200,0.896327
small_test,1200,0.893
correct,1201,0.90967925
offbyone,1201,0.909452
small_test,1201,0.9065
correct,1202,0.9106645
offbyone,1202,0.90994425
small_test,1202,0.9055
correct,1203,0.89973
offbyone,1203,0.89926275
small_test,1203,0.906
correct,1204,0.9042915
offbyone,1204,0.9026005
small_test,1204,0.904
correct,1205,0.8856035
offbyone,1205,0.885079
small_test,1205,0.893
correct,1206,0.91176925
offbyone,1206,0.911675
small_test,1206,0.9055
correct,1207,0.914417
offbyone,1207,0.913922
small_test,1207,0.909
correct,1208,0.894429
offbyone,1208,0.89314075
small_test,1208,0.898
correct,1209,0.8934815
offbyone,1209,0.893172
small_test,1209,0.8865
correct,1210,0.892169
offbyone,1210,0.89206925
small_test,1210,0.88
correct,1211,0.90455925
offbyone,1211,0.90441275
small_test,1211,0.904
correct,1212,0.89050775
offbyone,1212,0.8904435
small_test,1212,0.8805
correct,1213,0.91366175
offbyone,1213,0.910645
small_test,1213,0.9085
correct,1214,0.89292125
offbyone,1214,0.89138175
small_test,1214,0.8975
correct,1215,0.908761
offbyone,1215,0.908705
small_test,1215,0.9125
correct,1216,0.8991625
offbyone,1216,0.8982565
small_test,1216,0.891
correct,1217,0.9103
offbyone,1217,0.910239
small_test,1217,0.902
correct,1218,0.89266575
offbyone,1218,0.89266525
small_test,1218,0.9025
correct,1219,0.88888525
offbyone,1219,0.88829875
small_test,1219,0.893
correct,1220,0.90566
offbyone,1220,0.90441675
small_test,1220,0.903
correct,1221,0.90648825
offbyone,1221,0.90514175
small_test,1221,0.914
correct,1222,0.90748625
offbyone,1222,0.90703175
small_test,1222,0.9125
correct,1223,0.8997655
offbyone,1223,0.8993515
small_test,1223,0.8965
correct,1224,0.88912775
offbyone,1224,0.8887125
small_test,1224,0.8765
correct,1225,0.8992285
offbyone,1225,0.89751
small_test,1225,0.895
correct,1226,0.8934245
offbyone,1226,0.8926305
small_test,1226,0.896
correct,1227,0.90654025
offbyone,1227,0.9049345
small_test,1227,0.901
correct,1228,0.89990425
offbyone,1228,0.8978245
small_test,1228,0.8965
correct,1229,0.89846675
offbyone,1229,0.8970575
small_test,1229,0.8885
correct,1230,0.88582275
offbyone,1230,0.8847895
small_test,1230,0.8745
correct,1231,0.91094025
offbyone,1231,0.90778225
small_test,1231,0.9135
correct,1232,0.90024575
offbyone,1232,0.897688
small_test,1232,0.9015
correct,1233,0.8993265
offbyone,1233,0.8988425
small_test,1233,0.891
correct,1234,0.89950575
offbyone,1234,0.89934525
small_test,1234,0.9035
correct,1235,0.8983805
offbyone,1235,0.8969905
small_test,1235,0.8985
correct,1236,0.8920245
offbyone,1236,0.89184575
small_test,1236,0.8815
correct,1237,0.892847
offbyone,1237,0.89261275
small_test,1237,0.898
correct,1238,0.89724025
offbyone,1238,0.89700675
small_test,1238,0.886
correct,1239,0.9025275
offbyone,1239,0.90240525
small_test,1239,0.895
correct,1240,0.90409075
offbyone,1240,0.90388
small_test,1240,0.8885
correct,1241,0.8935125
offbyone,1241,0.8933255
small_test,1241,0.897
correct,1242,0.90091225
offbyone,1242,0.89911375
small_test,1242,0.9025
correct,1243,0.90000975
offbyone,1243,0.89979475
small_test,1243,0.8985
correct,1244,0.89123075
offbyone,1244,0.890853
small_test,1244,0.891
correct,1245,0.9063115
offbyone,1245,0.90558975
small_test,1245,0.9035
correct,1246,0.90975325
offbyone,1246,0.9092855
small_test,1246,0.8835
correct,1247,0.87624725
offbyone,1247,0.8760025
small_test,1247,0.8885
correct,1248,0.88254175
offbyone,1248,0.88205325
small_test,1248,0.878
correct,1249,0.907236
offbyone,1249,0.906699
small_test,1249,0.9045
correct,1250,0.9059855
offbyone,1250,0.90557075
small_test,1250,0.922
correct,1251,0.92835
offbyone,1251,0.92739825
small_test,1251,0.927
correct,1252,0.895837
offbyone,1252,0.89523625
small_test,1252,0.896
correct,1253,0.907954
offbyone,1253,0.90703025
small_test,1253,0.893
correct,1254,0.89167125
offbyone,1254,0.889658
small_test,1254,0.8815
correct,1255,0.9125825
offbyone,1255,0.9084105
small_test,1255,0.909
correct,1256,0.8974075
offbyone,1256,0.89394525
small_test,1256,0.9065
correct,1257,0.893374
offbyone,1257,0.8923805
small_test,1257,0.8865
correct,1258,0.90689225
offbyone,1258,0.90640125
small_test,1258,0.8955
correct,1259,0.90738975
offbyone,1259,0.90479475
small_test,1259,0.896
correct,1260,0.90558825
offbyone,1260,0.90416325
small_test,1260,0.9095
correct,1261,0.9180865
offbyone,1261,0.917764
small_test,1261,0.9125
correct,1262,0.8941945
offbyone,1262,0.89400875
small_test,1262,0.9025
correct,1263,0.886344
offbyone,1263,0.8846455
small_test,1263,0.8965
correct,1264,0.91159575
offbyone,1264,0.9115195
small_test,1264,0.921
correct,1265,0.904734
offbyone,1265,0.90378025
small_test,1265,0.907
correct,1266,0.88072975
offbyone,1266,0.8805
small_test,1266,0.881
correct,1267,0.9086035
offbyone,1267,0.90799275
small_test,1267,0.9045
correct,1268,0.890989
offbyone,1268,0.88937875
small_test,1268,0.888
correct,1269,0.8937665
offbyone,1269,0.89292725
small_test,1269,0.8845
correct,1270,0.916189
offbyone,1270,0.91599625
small_test,1270,0.907
correct,1271,0.90211125
offbyone,1271,0.89882425
small_test,1271,0.8965
correct,1272,0.9203965
offbyone,1272,0.91970525
small_test,1272,0.923
correct,1273,0.9135785
offbyone,1273,0.91341425
small_test,1273,0.9045
correct,1274,0.9001075
offbyone,1274,0.89930125
small_test,1274,0.894
correct,1275,0.9042565
offbyone,1275,0.898267
small_test,1275,0.907
correct,1276,0.90728475
offbyone,1276,0.9056245
small_test,1276,0.903
correct,1277,0.88719175
offbyone,1277,0.885796
small_test,1277,0.875
correct,1278,0.90468775
offbyone,1278,0.90464325
small_test,1278,0.9105
correct,1279,0.895446
offbyone,1279,0.894792
small_test,1279,0.9095
correct,1280,0.90343125
offbyone,1280,0.90289175
small_test,1280,0.9005
correct,1281,0.88578675
offbyone,1281,0.88515175
small_test,1281,0.8785
correct,1282,0.8915725
offbyone,1282,0.888634
small_test,1282,0.8945
correct,1283,0.89047675
offbyone,1283,0.88965175
small_test,1283,0.8945
correct,1284,0.90803025
offbyone,1284,0.907575
small_test,1284,0.9055
correct,1285,0.89597
offbyone,1285,0.89536025
small_test,1285,0.8995
correct,1286,0.9051955
offbyone,1286,0.90400725
small_test,1286,0.904
correct,1287,0.8895695
offbyone,1287,0.88898825
small_test,1287,0.8975
correct,1288,0.914229
offbyone,1288,0.9137225
small_test,1288,0.906
correct,1289,0.884377
offbyone,1289,0.8815515
small_test,1289,0.886
correct,1290,0.90029325
offbyone,1290,0.89958175
small_test,1290,0.9035
correct,1291,0.89123525
offbyone,1291,0.8890615
small_test,1291,0.8825
correct,1292,0.87741475
offbyone,1292,0.87493875
small_test,1292,0.8785
correct,1293,0.89303875
offbyone,1293,0.8872925
small_test,1293,0.893
correct,1294,0.89932925
offbyone,1294,0.8991355
small_test,1294,0.9055
correct,1295,0.907073
offbyone,1295,0.90686075
small_test,1295,0.916
correct,1296,0.91274775
offbyone,1296,0.9125125
small_test,1296,0.913
correct,1297,0.89873475
offbyone,1297,0.89824625
small_test,1297,0.8985
correct,1298,0.89549825
offbyone,1298,0.89522175
small_test,1298,0.8985
correct,1299,0.890721
offbyone,1299,0.88896025
small_test,1299,0.8915
correct,1300,0.9041135
offbyone,1300,0.90382325
small_test,1300,0.9045
correct,1301,0.90777925
offbyone,1301,0.907352
small_test,1301,0.9115
correct,1302,0.9093245
offbyone,1302,0.9089885
small_test,1302,0.8985
correct,1303,0.899021
offbyone,1303,0.898927
small_test,1303,0.8955
correct,1304,0.893338
offbyone,1304,0.8932945
small_test,1304,0.8955
correct,1305,0.913517
offbyone,1305,0.913428
small_test,1305,0.919
correct,1306,0.9045205
offbyone,1306,0.90449075
small_test,1306,0.91
correct,1307,0.91082925
offbyone,1307,0.9106335
small_test,1307,0.9
correct,1308,0.90576575
offbyone,1308,0.90431075
small_test,1308,0.8855
correct,1309,0.891087
offbyone,1309,0.891062
small_test,1309,0.883
correct,1310,0.906026
offbyone,1310,0.90579575
small_test,1310,0.916
correct,1311,0.91441525
offbyone,1311,0.9133955
small_test,1311,0.9085
correct,1312,0.908795
offbyone,1312,0.90837175
small_test,1312,0.908
correct,1313,0.89723025
offbyone,1313,0.89211325
small_test,1313,0.9145
correct,1314,0.8899335
offbyone,1314,0.88876775
small_test,1314,0.8905
correct,1315,0.878066
offbyone,1315,0.87722775
small_test,1315,0.8815
correct,1316,0.8884265
offbyone,1316,0.8864075
small_test,1316,0.8915
correct,1317,0.90497325
offbyone,1317,0.903438
small_test,1317,0.89
correct,1318,0.90691725
offbyone,1318,0.9063125
small_test,1318,0.926
correct,1319,0.900211
offbyone,1319,0.89993475
small_test,1319,0.8995
correct,1320,0.8943125
offbyone,1320,0.89338675
small_test,1320,0.886
correct,1321,0.89529175
offbyone,1321,0.89429725
small_test,1321,0.894
correct,1322,0.89810725
offbyone,1322,0.89564025
small_test,1322,0.8955
correct,1323,0.896764
offbyone,1323,0.89591425
small_test,1323,0.906
correct,1324,0.889973
offbyone,1324,0.889695
small_test,1324,0.8925
correct,1325,0.90664725
offbyone,1325,0.90599475
small_test,1325,0.9085
correct,1326,0.9180415
offbyone,1326,0.91786325
small_test,1326,0.9195
correct,1327,0.9214045
offbyone,1327,0.92089775
small_test,1327,0.9255
correct,1328,0.90613075
offbyone,1328,0.9057815
small_test,1328,0.902
correct,1329,0.90856625
offbyone,1329,0.908276
small_test,1329,0.906
correct,1330,0.907399
offbyone,1330,0.90651575
small_test,1330,0.9015
correct,1331,0.9045175
offbyone,1331,0.90222975
small_test,1331,0.919
correct,1332,0.89033175
offbyone,1332,0.89006825
small_test,1332,0.884
correct,1333,0.89836025
offbyone,1333,0.8971745
small_test,1333,0.9025
correct,1334,0.90615975
offbyone,1334,0.9039585
small_test,1334,0.903
correct,1335,0.905367
offbyone,1335,0.90284075
small_test,1335,0.9015
correct,1336,0.9152875
offbyone,1336,0.9107405
small_test,1336,0.9205
correct,1337,0.90558575
offbyone,1337,0.9027815
small_test,1337,0.9015
correct,1338,0.8866885
offbyone,1338,0.885585
small_test,1338,0.89
correct,1339,0.89692
offbyone,1339,0.89530025
small_test,1339,0.896
correct,1340,0.8945885
offbyone,1340,0.8915905
small_test,1340,0.8885
correct,1341,0.89535625
offbyone,1341,0.89509225
small_test,1341,0.891
correct,1342,0.91483575
offbyone,1342,0.913758
small_test,1342,0.912
correct,1343,0.905571
offbyone,1343,0.90550125
small_test,1343,0.8985
correct,1344,0.91402125
offbyone,1344,0.91163525
small_test,1344,0.9085
correct,1345,0.88693975
offbyone,1345,0.88567225
small_test,1345,0.893
correct,1346,0.9049085
offbyone,1346,0.9028985
small_test,1346,0.907
correct,1347,0.8806965
offbyone,1347,0.879858
small_test,1347,0.886
correct,1348,0.896938
offbyone,1348,0.89562575
small_test,1348,0.905
correct,1349,0.9128335
offbyone,1349,0.9126385
small_test,1349,0.904
correct,1350,0.895386
offbyone,1350,0.89453775
small_test,1350,0.8835
correct,1351,0.912254
offbyone,1351,0.91175175
small_test,1351,0.9125
correct,1352,0.90992275
offbyone,1352,0.9093475
small_test,1352,0.9075
correct,1353,0.905847
offbyone,1353,0.90564975
small_test,1353,0.901
correct,1354,0.91602525
offbyone,1354,0.91514175
small_test,1354,0.9225
correct,1355,0.89618
offbyone,1355,0.89589325
small_test,1355,0.8935
correct,1356,0.9110395
offbyone,1356,0.91008475
small_test,1356,0.901
correct,1357,0.90568725
offbyone,1357,0.903253
small_test,1357,0.9035
correct,1358,0.89630225
offbyone,1358,0.89587625
small_test,1358,0.9055
correct,1359,0.90192525
offbyone,1359,0.9010885
small_test,1359,0.899
correct,1360,0.9139145
offbyone,1360,0.91346525
small_test,1360,0.9175
correct,1361,0.899195
offbyone,1361,0.897113
small_test,1361,0.9
correct,1362,0.910226
offbyone,1362,0.90869425
small_test,1362,0.9145
correct,1363,0.91066425
offbyone,1363,0.9105545
small_test,1363,0.9105
correct,1364,0.88925875
offbyone,1364,0.88922075
small_test,1364,0.884
correct,1365,0.8875615
offbyone,1365,0.88700675
small_test,1365,0.892
correct,1366,0.91311225
offbyone,1366,0.91292725
small_test,1366,0.9225
correct,1367,0.90127125
offbyone,1367,0.90028925
small_test,1367,0.889
correct,1368,0.91242
offbyone,1368,0.91206525
small_test,1368,0.908
correct,1369,0.89401
offbyone,1369,0.89336
small_test,1369,0.8845
correct,1370,0.90132675
offbyone,1370,0.90111925
small_test,1370,0.9175
correct,1371,0.89696725
offbyone,1371,0.89507975
small_test,1371,0.8965
correct,1372,0.901932
offbyone,1372,0.9003145
small_test,1372,0.8885
correct,1373,0.908977
offbyone,1373,0.9088235
small_test,1373,0.9095
correct,1374,0.9010475
offbyone,1374,0.8998305
small_test,1374,0.8815
correct,1375,0.88997975
offbyone,1375,0.88765375
small_test,1375,0.891
correct,1376,0.89792525
offbyone,1376,0.89756375
small_test,1376,0.901
correct,1377,0.9087675
offbyone,1377,0.90802525
small_test,1377,0.9065
correct,1378,0.9092175
offbyone,1378,0.9088405
small_test,1378,0.9125
correct,1379,0.89473
offbyone,1379,0.89436025
small_test,1379,0.882
correct,1380,0.9178035
offbyone,1380,0.917409
small_test,1380,0.909
correct,1381,0.89800425
offbyone,1381,0.89738725
small_test,1381,0.898
correct,1382,0.90485575
offbyone,1382,0.9030335
small_test,1382,0.901
correct,1383,0.90394025
offbyone,1383,0.9038495
small_test,1383,0.9025
correct,1384,0.8902575
offbyone,1384,0.88830275
small_test,1384,0.8865
correct,1385,0.91522475
offbyone,1385,0.912592
small_test,1385,0.9215
correct,1386,0.8951255
offbyone,1386,0.8935095
small_test,1386,0.905
correct,1387,0.9085055
offbyone,1387,0.9074495
small_test,1387,0.898
correct,1388,0.8941845
offbyone,1388,0.89407775
small_test,1388,0.9045
correct,1389,0.89922
offbyone,1389,0.89688525
small_test,1389,0.901
correct,1390,0.904454
offbyone,1390,0.90416375
small_test,1390,0.9005
correct,1391,0.90141125
offbyone,1391,0.900562
small_test,1391,0.899
correct,1392,0.90885475
offbyone,1392,0.908573
small_test,1392,0.9175
correct,1393,0.911866
offbyone,1393,0.910544
small_test,1393,0.9255
correct,1394,0.9010625
offbyone,1394,0.90016775
small_test,1394,0.899
correct,1395,0.911238
offbyone,1395,0.90944925
small_test,1395,0.9075
correct,1396,0.88771975
offbyone,1396,0.88761925
small_test,1396,0.8885
correct,1397,0.88928575
offbyone,1397,0.8892615
small_test,1397,0.875
correct,1398,0.90662
offbyone,1398,0.9036995
small_test,1398,0.899
correct,1399,0.890234
offbyone,1399,0.88989725
small_test,1399,0.8845
correct,1400,0.9162535
offbyone,1400,0.91467125
small_test,1400,0.919
correct,1401,0.90043525
offbyone,1401,0.89877875
small_test,1401,0.894
correct,1402,0.870708
offbyone,1402,0.87025325
small_test,1402,0.887
correct,1403,0.90311425
offbyone,1403,0.90145675
small_test,1403,0.9115
correct,1404,0.90161075
offbyone,1404,0.8990735
small_test,1404,0.8965
correct,1405,0.90833625
offbyone,1405,0.90682175
small_test,1405,0.9065
correct,1406,0.90997
offbyone,1406,0.909853
small_test,1406,0.9095
correct,1407,0.89159225
offbyone,1407,0.8909325
small_test,1407,0.893
correct,1408,0.9125705
offbyone,1408,0.911845
small_test,1408,0.91
correct,1409,0.90580825
offbyone,1409,0.905453
small_test,1409,0.892
correct,1410,0.90752725
offbyone,1410,0.90752675
small_test,1410,0.9115
correct,1411,0.899731
offbyone,1411,0.8963665
small_test,1411,0.907
correct,1412,0.89672075
offbyone,1412,0.89449825
small_test,1412,0.891
correct,1413,0.91276075
offbyone,1413,0.91265025
small_test,1413,0.9045
correct,1414,0.8876775
offbyone,1414,0.88501925
small_test,1414,0.889
correct,1415,0.8948885
offbyone,1415,0.89268025
small_test,1415,0.903
correct,1416,0.90134175
offbyone,1416,0.9012635
small_test,1416,0.9065
correct,1417,0.89092925
offbyone,1417,0.89081975
small_test,1417,0.8925
correct,1418,0.91085825
offbyone,1418,0.90928825
small_test,1418,0.9
correct,1419,0.883313
offbyone,1419,0.882427
small_test,1419,0.8785
correct,1420,0.91906725
offbyone,1420,0.91645525
small_test,1420,0.918
correct,1421,0.89327325
offbyone,1421,0.8922575
small_test,1421,0.8815
correct,1422,0.900593
offbyone,1422,0.8993755
small_test,1422,0.908
correct,1423,0.89941125
offbyone,1423,0.8989155
small_test,1423,0.9055
correct,1424,0.907231
offbyone,1424,0.9057365
small_test,1424,0.9145
correct,1425,0.8970125
offbyone,1425,0.89697275
small_test,1425,0.893
correct,1426,0.884159
offbyone,1426,0.88351675
small_test,1426,0.874
correct,1427,0.89596525
offbyone,1427,0.8944095
small_test,1427,0.886
correct,1428,0.90862025
offbyone,1428,0.908529
small_test,1428,0.9
correct,1429,0.88699075
offbyone,1429,0.88534025
small_test,1429,0.8885
correct,1430,0.90706625
offbyone,1430,0.905478
small_test,1430,0.9025
correct,1431,0.90828925
offbyone,1431,0.9068215
small_test,1431,0.9095
correct,1432,0.9027865
offbyone,1432,0.90178875
small_test,1432,0.9095
correct,1433,0.8784155
offbyone,1433,0.8783815
small_test,1433,0.8795
correct,1434,0.894555
offbyone,1434,0.89430675
small_test,1434,0.888
correct,1435,0.91229125
offbyone,1435,0.91139875
small_test,1435,0.9135
correct,1436,0.896483
offbyone,1436,0.89402675
small_test,1436,0.892
correct,1437,0.89597225
offbyone,1437,0.8951485
small_test,1437,0.899
correct,1438,0.89386125
offbyone,1438,0.893078
small_test,1438,0.8915
correct,1439,0.895507
offbyone,1439,0.8953345
small_test,1439,0.909
correct,1440,0.901756
offbyone,1440,0.899539
small_test,1440,0.891
correct,1441,0.913173
offbyone,1441,0.9115755
small_test,1441,0.918
correct,1442,0.893104
offbyone,1442,0.89291475
small_test,1442,0.886
correct,1443,0.88330125
offbyone,1443,0.882351
small_test,1443,0.875
correct,1444,0.89899875
offbyone,1444,0.89616475
small_test,1444,0.8915
correct,1445,0.8928255
offbyone,1445,0.8926995
small_test,1445,0.9055
correct,1446,0.89381925
offbyone,1446,0.89203825
small_test,1446,0.8925
correct,1447,0.89065
offbyone,1447,0.88774775
small_test,1447,0.8885
correct,1448,0.9079365
offbyone,1448,0.9056825
small_test,1448,0.9075
correct,1449,0.90711825
offbyone,1449,0.90328875
small_test,1449,0.913
correct,1450,0.90546375
offbyone,1450,0.9054085
small_test,1450,0.902
correct,1451,0.909201
offbyone,1451,0.90910875
small_test,1451,0.909
correct,1452,0.88567425
offbyone,1452,0.884028
small_test,1452,0.8825
correct,1453,0.89560775
offbyone,1453,0.89388875
small_test,1453,0.894
correct,1454,0.908569
offbyone,1454,0.90710375
small_test,1454,0.912
correct,1455,0.90730275
offbyone,1455,0.9066365
small_test,1455,0.9125
correct,1456,0.89718625
offbyone,1456,0.89367575
small_test,1456,0.895
correct,1457,0.90322825
offbyone,1457,0.899864
small_test,1457,0.909
correct,1458,0.9143745
offbyone,1458,0.9101385
small_test,1458,0.9235
correct,1459,0.9114835
offbyone,1459,0.91062925
small_test,1459,0.911
correct,1460,0.89411575
offbyone,1460,0.89393025
small_test,1460,0.8905
correct,1461,0.90240125
offbyone,1461,0.90131175
small_test,1461,0.912
correct,1462,0.89382675
offbyone,1462,0.89255325
small_test,1462,0.885
correct,1463,0.91293675
offbyone,1463,0.9128195
small_test,1463,0.91
correct,1464,0.91047525
offbyone,1464,0.90905975
small_test,1464,0.9075
correct,1465,0.89153525
offbyone,1465,0.88890575
small_test,1465,0.8945
correct,1466,0.9025275
offbyone,1466,0.90186275
small_test,1466,0.901
correct,1467,0.888338
offbyone,1467,0.8845035
small_test,1467,0.885
correct,1468,0.886729
offbyone,1468,0.8859765
small_test,1468,0.8825
correct,1469,0.92449575
offbyone,1469,0.92398175
small_test,1469,0.9275
correct,1470,0.898143
offbyone,1470,0.898036
small_test,1470,0.902
correct,1471,0.8856035
offbyone,1471,0.88513725
small_test,1471,0.896
correct,1472,0.91549775
offbyone,1472,0.91477075
small_test,1472,0.9035
correct,1473,0.89283875
offbyone,1473,0.89139175
small_test,1473,0.8905
correct,1474,0.90742125
offbyone,1474,0.90694275
small_test,1474,0.914
correct,1475,0.89399
offbyone,1475,0.89213875
small_test,1475,0.897
correct,1476,0.9004735
offbyone,1476,0.8981645
small_test,1476,0.902
correct,1477,0.885145
offbyone,1477,0.883816
small_test,1477,0.8865
correct,1478,0.90201875
offbyone,1478,0.90182575
small_test,1478,0.898
correct,1479,0.9059285
offbyone,1479,0.90522
small_test,1479,0.906
correct,1480,0.91567675
offbyone,1480,0.9150635
small_test,1480,0.914
correct,1481,0.8925795
offbyone,1481,0.88560875
small_test,1481,0.8985
correct,1482,0.90643525
offbyone,1482,0.905524
small_test,1482,0.906
correct,1483,0.905759
offbyone,1483,0.90572675
small_test,1483,0.9045
correct,1484,0.90805575
offbyone,1484,0.9079735
small_test,1484,0.9075
correct,1485,0.9024095
offbyone,1485,0.9014085
small_test,1485,0.91
correct,1486,0.88560325
offbyone,1486,0.88487425
small_test,1486,0.887
correct,1487,0.90223575
offbyone,1487,0.90220575
small_test,1487,0.905
correct,1488,0.884576
offbyone,1488,0.8841845
small_test,1488,0.8935
correct,1489,0.89222
offbyone,1489,0.89104325
small_test,1489,0.894
correct,1490,0.90013175
offbyone,1490,0.8986405
small_test,1490,0.906
correct,1491,0.918802
offbyone,1491,0.918437
small_test,1491,0.917
correct,1492,0.904024
offbyone,1492,0.90352
small_test,1492,0.9045
correct,1493,0.91109175
offbyone,1493,0.91083875
small_test,1493,0.915
correct,1494,0.91395775
offbyone,1494,0.910165
small_test,1494,0.929
correct,1495,0.89639425
offbyone,1495,0.8963725
small_test,1495,0.8905
correct,1496,0.897837
offbyone,1496,0.897683
small_test,1496,0.896
correct,1497,0.8995435
offbyone,1497,0.89881225
small_test,1497,0.8875
correct,1498,0.89113875
offbyone,1498,0.89107225
small_test,1498,0.9005
correct,1499,0.9017075
offbyone,1499,0.901513
small_test,1499,0.9085
correct,1500,0.8957035
offbyone,1500,0.89483175
small_test,1500,0.9065
correct,1501,0.92214725
offbyone,1501,0.92045925
small_test,1501,0.9285
correct,1502,0.89951625
offbyone,1502,0.8993495
small_test,1502,0.9035
correct,1503,0.91498175
offbyone,1503,0.91396625
small_test,1503,0.925
correct,1504,0.916322
offbyone,1504,0.9124815
small_test,1504,0.92
correct,1505,0.889096
offbyone,1505,0.88786425
small_test,1505,0.886
correct,1506,0.9000795
offbyone,1506,0.89776875
small_test,1506,0.907
correct,1507,0.90938825
offbyone,1507,0.908787
small_test,1507,0.912
correct,1508,0.88411375
offbyone,1508,0.88230975
small_test,1508,0.89
correct,1509,0.89552675
offbyone,1509,0.89502325
small_test,1509,0.8975
correct,1510,0.897018
offbyone,1510,0.891633
small_test,1510,0.899
correct,1511,0.889972
offbyone,1511,0.88981025
small_test,1511,0.892
correct,1512,0.90051225
offbyone,1512,0.900398
small_test,1512,0.909
correct,1513,0.9151045
offbyone,1513,0.9146955
small_test,1513,0.919
correct,1514,0.8920915
offbyone,1514,0.8917065
small_test,1514,0.8885
correct,1515,0.899712
offbyone,1515,0.8984195
small_test,1515,0.9115
correct,1516,0.88110825
offbyone,1516,0.880857
small_test,1516,0.892
correct,1517,0.913791
offbyone,1517,0.91342975
small_test,1517,0.9135
correct,1518,0.9061355
offbyone,1518,0.903912
small_test,1518,0.911
correct,1519,0.91011
offbyone,1519,0.90946575
small_test,1519,0.9095
correct,1520,0.89077125
offbyone,1520,0.89007975
small_test,1520,0.88
correct,1521,0.902038
offbyone,1521,0.8993575
small_test,1521,0.9055
correct,1522,0.9045955
offbyone,1522,0.9044735
small_test,1522,0.906
correct,1523,0.8904385
offbyone,1523,0.889811
small_test,1523,0.8815
correct,1524,0.90720525
offbyone,1524,0.90676725
small_test,1524,0.9
correct,1525,0.90796975
offbyone,1525,0.90767625
small_test,1525,0.9105
correct,1526,0.8945205
offbyone,1526,0.89376025
small_test,1526,0.9045
correct,1527,0.889138
offbyone,1527,0.8877945
small_test,1527,0.876
correct,1528,0.896071
offbyone,1528,0.893874
small_test,1528,0.8945
correct,1529,0.89886875
offbyone,1529,0.89857625
small_test,1529,0.8925
correct,1530,0.89442975
offbyone,1530,0.89424625
small_test,1530,0.8915
correct,1531,0.903988
offbyone,1531,0.9038115
small_test,1531,0.908
correct,1532,0.87854475
offbyone,1532,0.8779485
small_test,1532,0.876
correct,1533,0.906491
offbyone,1533,0.9054085
small_test,1533,0.909
correct,1534,0.886935
offbyone,1534,0.885746
small_test,1534,0.8835
correct,1535,0.899338
offbyone,1535,0.8985415
small_test,1535,0.898
correct,1536,0.908648
offbyone,1536,0.907451
small_test,1536,0.9025
correct,1537,0.8931655
offbyone,1537,0.89255375
small_test,1537,0.894
correct,1538,0.89689175
offbyone,1538,0.89600425
small_test,1538,0.9085
correct,1539,0.90884325
offbyone,1539,0.905541
small_test,1539,0.9105
correct,1540,0.90704125
offbyone,1540,0.90592175
small_test,1540,0.9175
correct,1541,0.9005015
offbyone,1541,0.900155
small_test,1541,0.906
correct,1542,0.90560625
offbyone,1542,0.9052195
small_test,1542,0.901
correct,1543,0.9010805
offbyone,1543,0.90051075
small_test,1543,0.9075
correct,1544,0.92357975
offbyone,1544,0.92333275
small_test,1544,0.9175
correct,1545,0.91164825
offbyone,1545,0.91095825
small_test,1545,0.905
correct,1546,0.9030235
offbyone,1546,0.90147875
small_test,1546,0.9035
correct,1547,0.91447075
offbyone,1547,0.91375775
small_test,1547,0.902
correct,1548,0.88324325
offbyone,1548,0.88323475
small_test,1548,0.892
correct,1549,0.87541775
offbyone,1549,0.87401325
small_test,1549,0.8925
correct,1550,0.90835125
offbyone,1550,0.9073785
small_test,1550,0.91
correct,1551,0.9050665
offbyone,1551,0.9036625
small_test,1551,0.8955
correct,1552,0.90169025
offbyone,1552,0.90122175
small_test,1552,0.9005
correct,1553,0.902388
offbyone,1553,0.90225025
small_test,1553,0.894
correct,1554,0.897723
offbyone,1554,0.896894
small_test,1554,0.8995
correct,1555,0.9020675
offbyone,1555,0.900084
small_test,1555,0.908
correct,1556,0.8979795
offbyone,1556,0.89600375
small_test,1556,0.899
correct,1557,0.90825975
offbyone,1557,0.9073865
small_test,1557,0.9065
correct,1558,0.90445175
offbyone,1558,0.90395225
small_test,1558,0.9095
correct,1559,0.918383
offbyone,1559,0.913905
small_test,1559,0.9195
correct,1560,0.90926875
offbyone,1560,0.9085335
small_test,1560,0.9075
correct,1561,0.884113
offbyone,1561,0.884081
small_test,1561,0.892
correct,1562,0.9053265
offbyone,1562,0.904541
small_test,1562,0.9005
correct,1563,0.888065
offbyone,1563,0.887679
small_test,1563,0.8895
correct,1564,0.888284
offbyone,1564,0.8847895
small_test,1564,0.8825
correct,1565,0.90491875
offbyone,1565,0.9047835
small_test,1565,0.908
correct,1566,0.91996875
offbyone,1566,0.91950675
small_test,1566,0.9215
correct,1567,0.903215
offbyone,1567,0.90178225
small_test,1567,0.904
correct,1568,0.90162175
offbyone,1568,0.89955825
small_test,1568,0.8995
correct,1569,0.90225725
offbyone,1569,0.901471
small_test,1569,0.8915
correct,1570,0.890359
offbyone,1570,0.8900415
small_test,1570,0.897
correct,1571,0.89893175
offbyone,1571,0.8983215
small_test,1571,0.907
correct,1572,0.89927125
offbyone,1572,0.89389775
small_test,1572,0.9065
correct,1573,0.90607425
offbyone,1573,0.90579475
small_test,1573,0.921
correct,1574,0.90558325
offbyone,1574,0.902288
small_test,1574,0.8965
correct,1575,0.909032
offbyone,1575,0.9078915
small_test,1575,0.9135
correct,1576,0.91488625
offbyone,1576,0.91449875
small_test,1576,0.9205
correct,1577,0.8834935
offbyone,1577,0.8831845
small_test,1577,0.886
correct,1578,0.899187
offbyone,1578,0.8979765
small_test,1578,0.8945
correct,1579,0.892308
offbyone,1579,0.8914155
small_test,1579,0.893
correct,1580,0.8897495
offbyone,1580,0.88754225
small_test,1580,0.8885
correct,1581,0.89649275
offbyone,1581,0.89593475
small_test,1581,0.892
correct,1582,0.90316925
offbyone,1582,0.902451
small_test,1582,0.897
correct,1583,0.9007455
offbyone,1583,0.900546
small_test,1583,0.8935
correct,1584,0.89280175
offbyone,1584,0.89244225
small_test,1584,0.883
correct,1585,0.914369
offbyone,1585,0.9139865
small_test,1585,0.919
correct,1586,0.90669275
offbyone,1586,0.90556775
small_test,1586,0.897
correct,1587,0.8879895
offbyone,1587,0.88566625
small_test,1587,0.886
correct,1588,0.87659825
offbyone,1588,0.874838
small_test,1588,0.8775
correct,1589,0.90217225
offbyone,1589,0.9018595
small_test,1589,0.909
correct,1590,0.90150475
offbyone,1590,0.901238
small_test,1590,0.907
correct,1591,0.909529
offbyone,1591,0.9093735
small_test,1591,0.8995
correct,1592,0.90153225
offbyone,1592,0.90076625
small_test,1592,0.899
correct,1593,0.895719
offbyone,1593,0.89540625
small_test,1593,0.9
correct,1594,0.89960025
offbyone,1594,0.89919175
small_test,1594,0.895
correct,1595,0.890348
offbyone,1595,0.890109
small_test,1595,0.894
correct,1596,0.89151725
offbyone,1596,0.8904235
small_test,1596,0.8935
correct,1597,0.8811895
offbyone,1597,0.880394
small_test,1597,0.886
correct,1598,0.91004775
offbyone,1598,0.90682825
small_test,1598,0.9135
correct,1599,0.90039575
offbyone,1599,0.89955225
small_test,1599,0.906
correct,1600,0.9173075
offbyone,1600,0.91552325
small_test,1600,0.9115
correct,1601,0.8912955
offbyone,1601,0.8909705
small_test,1601,0.889
correct,1602,0.9036915
offbyone,1602,0.9021055
small_test,1602,0.894
correct,1603,0.89297975
offbyone,1603,0.89181125
small_test,1603,0.8915
correct,1604,0.9033825
offbyone,1604,0.90208875
small_test,1604,0.905
correct,1605,0.91190125
offbyone,1605,0.911572
small_test,1605,0.9075
correct,1606,0.9024025
offbyone,1606,0.901865
small_test,1606,0.908
correct,1607,0.90206525
offbyone,1607,0.8995635
small_test,1607,0.904
correct,1608,0.88591825
offbyone,1608,0.88573225
small_test,1608,0.894
correct,1609,0.89728575
offbyone,1609,0.897145
small_test,1609,0.9055
correct,1610,0.888368
offbyone,1610,0.88700375
small_test,1610,0.871
correct,1611,0.898723
offbyone,1611,0.89778875
small_test,1611,0.894
correct,1612,0.9000515
offbyone,1612,0.899677
small_test,1612,0.902
correct,1613,0.8998115
offbyone,1613,0.898226
small_test,1613,0.896
correct,1614,0.89028625
offbyone,1614,0.889795
small_test,1614,0.88
correct,1615,0.904251
offbyone,1615,0.903865
small_test,1615,0.9025
correct,1616,0.9162215
offbyone,1616,0.91617575
small_test,1616,0.9165
correct,1617,0.90513025
offbyone,1617,0.89931925
small_test,1617,0.9195
correct,1618,0.90192275
offbyone,1618,0.90162225
small_test,1618,0.903
correct,1619,0.8875665
offbyone,1619,0.8849745
small_test,1619,0.8895
correct,1620,0.9213885
offbyone,1620,0.91975475
small_test,1620,0.922
correct,1621,0.90645675
offbyone,1621,0.904898
small_test,1621,0.912
correct,1622,0.90061575
offbyone,1622,0.8995205
small_test,1622,0.9045
correct,1623,0.88082075
offbyone,1623,0.87885425
small_test,1623,0.883
correct,1624,0.888188
offbyone,1624,0.88752325
small_test,1624,0.891
correct,1625,0.8890805
offbyone,1625,0.888437
small_test,1625,0.874
correct,1626,0.899873
offbyone,1626,0.8988695
small_test,1626,0.8975
correct,1627,0.89107725
offbyone,1627,0.8909775
small_test,1627,0.9015
correct,1628,0.88466525
offbyone,1628,0.88335825
small_test,1628,0.8935
correct,1629,0.915137
offbyone,1629,0.91393775
small_test,1629,0.9055
correct,1630,0.90093675
offbyone,1630,0.9006335
small_test,1630,0.9015
correct,1631,0.918686
offbyone,1631,0.918572
small_test,1631,0.9265
correct,1632,0.89271875
offbyone,1632,0.8907115
small_test,1632,0.8905
correct,1633,0.89683675
offbyone,1633,0.8958905
small_test,1633,0.895
correct,1634,0.90354325
offbyone,1634,0.9028705
small_test,1634,0.9075
correct,1635,0.88625875
offbyone,1635,0.88316675
small_test,1635,0.888
correct,1636,0.89818625
offbyone,1636,0.8971455
small_test,1636,0.894
correct,1637,0.9185635
offbyone,1637,0.918453
small_test,1637,0.917
correct,1638,0.9068465
offbyone,1638,0.90645725
small_test,1638,0.9075
correct,1639,0.90210725
offbyone,1639,0.90063325
small_test,1639,0.9005
correct,1640,0.9038515
offbyone,1640,0.9023515
small_test,1640,0.8985
correct,1641,0.9025125
offbyone,1641,0.9024075
small_test,1641,0.9135
correct,1642,0.88915575
offbyone,1642,0.88890175
small_test,1642,0.9075
correct,1643,0.90331275
offbyone,1643,0.90227725
small_test,1643,0.9075
correct,1644,0.8972545
offbyone,1644,0.895493
small_test,1644,0.8945
correct,1645,0.904998
offbyone,1645,0.9036385
small_test,1645,0.9105
correct,1646,0.89505125
offbyone,1646,0.8945705
small_test,1646,0.8945
correct,1647,0.90536725
offbyone,1647,0.90466225
small_test,1647,0.9015
correct,1648,0.89850725
offbyone,1648,0.89842275
small_test,1648,0.898
correct,1649,0.907581
offbyone,1649,0.904525
small_test,1649,0.9135
correct,1650,0.89799
offbyone,1650,0.89751
small_test,1650,0.8965
correct,1651,0.89290975
offbyone,1651,0.891955
small_test,1651,0.885
correct,1652,0.89919025
offbyone,1652,0.89886275
small_test,1652,0.8965
correct,1653,0.88627875
offbyone,1653,0.882499
small_test,1653,0.885
correct,1654,0.9015615
offbyone,1654,0.9007925
small_test,1654,0.898
correct,1655,0.89873425
offbyone,1655,0.89830575
small_test,1655,0.907
correct,1656,0.91545825
offbyone,1656,0.91481525
small_test,1656,0.92
correct,1657,0.90165275
offbyone,1657,0.89539825
small_test,1657,0.9055
correct,1658,0.92245575
offbyone,1658,0.921783
small_test,1658,0.921
correct,1659,0.896088
offbyone,1659,0.89454
small_test,1659,0.8995
correct,1660,0.9135495
offbyone,1660,0.91179875
small_test,1660,0.9225
correct,1661,0.88545725
offbyone,1661,0.884473
small_test,1661,0.8905
correct,1662,0.891585
offbyone,1662,0.89007975
small_test,1662,0.8865
correct,1663,0.90313425
offbyone,1663,0.902913
small_test,1663,0.899
correct,1664,0.90350825
offbyone,1664,0.9012
small_test,1664,0.907
correct,1665,0.915682
offbyone,1665,0.91558875
small_test,1665,0.912
correct,1666,0.91010475
offbyone,1666,0.9100255
small_test,1666,0.9085
correct,1667,0.908395
offbyone,1667,0.9082735
small_test,1667,0.9055
correct,1668,0.88766425
offbyone,1668,0.887591
small_test,1668,0.891
correct,1669,0.89809625
offbyone,1669,0.897179
small_test,1669,0.896
correct,1670,0.9127575
offbyone,1670,0.91259175
small_test,1670,0.8995
correct,1671,0.897192
offbyone,1671,0.8970975
small_test,1671,0.898
correct,1672,0.8992385
offbyone,1672,0.898363
small_test,1672,0.908
correct,1673,0.87710175
offbyone,1673,0.87649175
small_test,1673,0.862
correct,1674,0.90228975
offbyone,1674,0.9004825
small_test,1674,0.904
correct,1675,0.889812
offbyone,1675,0.88683625
small_test,1675,0.879
correct,1676,0.89185675
offbyone,1676,0.8914125
small_test,1676,0.902
correct,1677,0.88956575
offbyone,1677,0.8892585
small_test,1677,0.8965
correct,1678,0.88582175
offbyone,1678,0.88565
small_test,1678,0.8895
correct,1679,0.9069515
offbyone,1679,0.90688625
small_test,1679,0.9085
correct,1680,0.89291875
offbyone,1680,0.89076325
small_test,1680,0.893
correct,1681,0.90881575
offbyone,1681,0.908701
small_test,1681,0.912
correct,1682,0.89250125
offbyone,1682,0.89005375
small_test,1682,0.888
correct,1683,0.89806475
offbyone,1683,0.89616025
small_test,1683,0.902
correct,1684,0.89724725
offbyone,1684,0.8962715
small_test,1684,0.9
correct,1685,0.92110225
offbyone,1685,0.92004325
small_test,1685,0.936
correct,1686,0.90967125
offbyone,1686,0.9092135
small_test,1686,0.902
correct,1687,0.90135575
offbyone,1687,0.89885875
small_test,1687,0.8995
correct,1688,0.88228725
offbyone,1688,0.8818775
small_test,1688,0.8825
correct,1689,0.92289
offbyone,1689,0.9219255
small_test,1689,0.9205
correct,1690,0.883524
offbyone,1690,0.882797
small_test,1690,0.893
correct,1691,0.879972
offbyone,1691,0.878315
small_test,1691,0.878
correct,1692,0.9025905
offbyone,1692,0.902095
small_test,1692,0.8895
correct,1693,0.9106475
offbyone,1693,0.906582
small_test,1693,0.9185
correct,1694,0.91971075
offbyone,1694,0.91945075
small_test,1694,0.9105
correct,1695,0.9049145
offbyone,1695,0.90449975
small_test,1695,0.898
correct,1696,0.9060325
offbyone,1696,0.905693
small_test,1696,0.9015
correct,1697,0.90865775
offbyone,1697,0.9073855
small_test,1697,0.9115
correct,1698,0.89640175
offbyone,1698,0.89635825
small_test,1698,0.9
correct,1699,0.89665675
offbyone,1699,0.89642925
small_test,1699,0.9035
correct,1700,0.90527675
offbyone,1700,0.90450725
small_test,1700,0.902
correct,1701,0.90423675
offbyone,1701,0.90359475
small_test,1701,0.898
correct,1702,0.87991875
offbyone,1702,0.87919325
small_test,1702,0.877
correct,1703,0.8971625
offbyone,1703,0.89488475
small_test,1703,0.897
correct,1704,0.89520675
offbyone,1704,0.8927595
small_test,1704,0.9035
correct,1705,0.9004705
offbyone,1705,0.89965775
small_test,1705,0.8945
correct,1706,0.89684375
offbyone,1706,0.89650675
small_test,1706,0.882
correct,1707,0.89225625
offbyone,1707,0.89149425
small_test,1707,0.898
correct,1708,0.898458
offbyone,1708,0.896358
small_test,1708,0.9035
correct,1709,0.908204
offbyone,1709,0.90640375
small_test,1709,0.9135
correct,1710,0.888019
offbyone,1710,0.8857775
small_test,1710,0.8785
correct,1711,0.8904315
offbyone,1711,0.8896145
small_test,1711,0.9035
correct,1712,0.9113155
offbyone,1712,0.91100375
small_test,1712,0.8995
correct,1713,0.89974975
offbyone,1713,0.89807075
small_test,1713,0.894
correct,1714,0.90397025
offbyone,1714,0.9024575
small_test,1714,0.913
correct,1715,0.90947425
offbyone,1715,0.90776425
small_test,1715,0.925
correct,1716,0.90932825
offbyone,1716,0.9092925
small_test,1716,0.907
correct,1717,0.90582125
offbyone,1717,0.90312275
small_test,1717,0.9125
correct,1718,0.9058555
offbyone,1718,0.905149
small_test,1718,0.9105
correct,1719,0.9150895
offbyone,1719,0.91495475
small_test,1719,0.912
correct,1720,0.90199525
offbyone,1720,0.9016205
small_test,1720,0.901
correct,1721,0.9000095
offbyone,1721,0.899086
small_test,1721,0.8975
correct,1722,0.907437
offbyone,1722,0.9059645
small_test,1722,0.899
correct,1723,0.90117075
offbyone,1723,0.8993945
small_test,1723,0.904
correct,1724,0.89805625
offbyone,1724,0.89666075
small_test,1724,0.903
correct,1725,0.8904025
offbyone,1725,0.88818425
small_test,1725,0.896
correct,1726,0.884292
offbyone,1726,0.88388925
small_test,1726,0.8895
correct,1727,0.89717875
offbyone,1727,0.89646425
small_test,1727,0.9075
correct,1728,0.88949925
offbyone,1728,0.88945225
small_test,1728,0.8945
correct,1729,0.9042885
offbyone,1729,0.904246
small_test,1729,0.908
correct,1730,0.905967
offbyone,1730,0.9057215
small_test,1730,0.905
correct,1731,0.91487225
offbyone,1731,0.91372575
small_test,1731,0.914
correct,1732,0.89481525
offbyone,1732,0.8934265
small_test,1732,0.8885
correct,1733,0.90147875
offbyone,1733,0.89982175
small_test,1733,0.891
correct,1734,0.91660125
offbyone,1734,0.91393175
small_test,1734,0.912
correct,1735,0.89680475
offbyone,1735,0.89680375
small_test,1735,0.895
correct,1736,0.909007
offbyone,1736,0.9084655
small_test,1736,0.913
correct,1737,0.897707
offbyone,1737,0.897253
small_test,1737,0.901
correct,1738,0.8991005
offbyone,1738,0.8978525
small_test,1738,0.9125
correct,1739,0.890707
offbyone,1739,0.89040525
small_test,1739,0.8855
correct,1740,0.89476875
offbyone,1740,0.89470475
small_test,1740,0.8955
correct,1741,0.90093125
offbyone,1741,0.9004695
small_test,1741,0.8955
correct,1742,0.8975005
offbyone,1742,0.89705075
small_test,1742,0.896
correct,1743,0.903358
offbyone,1743,0.903261
small_test,1743,0.9065
correct,1744,0.8884475
offbyone,1744,0.8883895
small_test,1744,0.8865
correct,1745,0.90775175
offbyone,1745,0.90701825
small_test,1745,0.906
correct,1746,0.90789175
offbyone,1746,0.90687275
small_test,1746,0.9045
correct,1747,0.90544975
offbyone,1747,0.90351575
small_test,1747,0.9005
correct,1748,0.90749725
offbyone,1748,0.90725
small_test,1748,0.8945
correct,1749,0.90678975
offbyone,1749,0.905973
small_test,1749,0.9015
correct,1750,0.90785825
offbyone,1750,0.907484
small_test,1750,0.9155
correct,1751,0.9166815
offbyone,1751,0.91655175
small_test,1751,0.9095
correct,1752,0.88874275
offbyone,1752,0.8876655
small_test,1752,0.8955
correct,1753,0.904472
offbyone,1753,0.90241125
small_test,1753,0.912
correct,1754,0.9071165
offbyone,1754,0.905551
small_test,1754,0.9185
correct,1755,0.8980475
offbyone,1755,0.89698425
small_test,1755,0.904
correct,1756,0.895782
offbyone,1756,0.89481175
small_test,1756,0.8865
correct,1757,0.9032025
offbyone,1757,0.90117925
small_test,1757,0.9095
correct,1758,0.890833
offbyone,1758,0.89021275
small_test,1758,0.895
correct,1759,0.90536725
offbyone,1759,0.904698
small_test,1759,0.9095
correct,1760,0.898191
offbyone,1760,0.89701575
small_test,1760,0.9005
correct,1761,0.89628075
offbyone,1761,0.8940265
small_test,1761,0.9045
correct,1762,0.8902485
offbyone,1762,0.88897975
small_test,1762,0.8885
correct,1763,0.90982225
offbyone,1763,0.908395
small_test,1763,0.9055
correct,1764,0.8956105
offbyone,1764,0.89470425
small_test,1764,0.8925
correct,1765,0.89222575
offbyone,1765,0.89209475
small_test,1765,0.891
correct,1766,0.8983995
offbyone,1766,0.8981925
small_test,1766,0.901
correct,1767,0.91375375
offbyone,1767,0.913438
small_test,1767,0.9115
correct,1768,0.8950605
offbyone,1768,0.894946
small_test,1768,0.9015
correct,1769,0.8988735
offbyone,1769,0.89592425
small_test,1769,0.8995
correct,1770,0.89686025
offbyone,1770,0.89675225
small_test,1770,0.9055
correct,1771,0.88039975
offbyone,1771,0.87995975
small_test,1771,0.8705
correct,1772,0.91155975
offbyone,1772,0.91072275
small_test,1772,0.9025
correct,1773,0.89500925
offbyone,1773,0.89469025
small_test,1773,0.8895
correct,1774,0.895209
offbyone,1774,0.8943755
small_test,1774,0.889
correct,1775,0.910038
offbyone,1775,0.90769825
small_test,1775,0.9025
correct,1776,0.88367425
offbyone,1776,0.8818615
small_test,1776,0.885
correct,1777,0.90003875
offbyone,1777,0.89808925
small_test,1777,0.8915
correct,1778,0.9023535
offbyone,1778,0.901693
small_test,1778,0.9035
correct,1779,0.895862
offbyone,1779,0.895496
small_test,1779,0.9005
correct,1780,0.9079105
offbyone,1780,0.907064
small_test,1780,0.903
correct,1781,0.89468075
offbyone,1781,0.89281625
small_test,1781,0.897
correct,1782,0.902015
offbyone,1782,0.89875075
small_test,1782,0.899
correct,1783,0.91392125
offbyone,1783,0.9135855
small_test,1783,0.9095
correct,1784,0.89360575
offbyone,1784,0.89247525
small_test,1784,0.88
correct,1785,0.911264
offbyone,1785,0.9112105
small_test,1785,0.9155
correct,1786,0.90323175
offbyone,1786,0.9031025
small_test,1786,0.911
correct,1787,0.910256
offbyone,1787,0.909438
small_test,1787,0.9075
correct,1788,0.90515475
offbyone,1788,0.904402
small_test,1788,0.905
correct,1789,0.868857
offbyone,1789,0.86883025
small_test,1789,0.8705
correct,1790,0.8929045
offbyone,1790,0.88859425
small_test,1790,0.896
correct,1791,0.899552
offbyone,1791,0.899052
small_test,1791,0.8865
correct,1792,0.90302025
offbyone,1792,0.90125
small_test,1792,0.9065
correct,1793,0.89040725
offbyone,1793,0.890399
small_test,1793,0.884
correct,1794,0.90630125
offbyone,1794,0.9045955
small_test,1794,0.9135
correct,1795,0.912954
offbyone,1795,0.91291825
small_test,1795,0.909
correct,1796,0.89272275
offbyone,1796,0.891133
small_test,1796,0.886
correct,1797,0.88148
offbyone,1797,0.8805275
small_test,1797,0.8715
correct,1798,0.9015375
offbyone,1798,0.90149375
small_test,1798,0.8955
correct,1799,0.89504575
offbyone,1799,0.89412075
small_test,1799,0.89
correct,1800,0.899185
offbyone,1800,0.8966475
small_test,1800,0.902
correct,1801,0.89668375
offbyone,1801,0.89570375
small_test,1801,0.8865
correct,1802,0.89936875
offbyone,1802,0.89542
small_test,1802,0.9035
correct,1803,0.90602775
offbyone,1803,0.9053795
small_test,1803,0.897
correct,1804,0.89011175
offbyone,1804,0.88909975
small_test,1804,0.8875
correct,1805,0.90414725
offbyone,1805,0.903585
small_test,1805,0.906
correct,1806,0.8996835
offbyone,1806,0.89867075
small_test,1806,0.9075
correct,1807,0.91638675
offbyone,1807,0.91626225
small_test,1807,0.915
correct,1808,0.90084125
offbyone,1808,0.900811
small_test,1808,0.8805
correct,1809,0.89811375
offbyone,1809,0.897651
small_test,1809,0.9105
correct,1810,0.901572
offbyone,1810,0.90122375
small_test,1810,0.903
correct,1811,0.882324
offbyone,1811,0.88201625
small_test,1811,0.8865
correct,1812,0.90570625
offbyone,1812,0.90541375
small_test,1812,0.9105
correct,1813,0.892932
offbyone,1813,0.89128675
small_test,1813,0.884
correct,1814,0.8962125
offbyone,1814,0.89603375
small_test,1814,0.902
correct,1815,0.913843
offbyone,1815,0.913192
small_test,1815,0.91
correct,1816,0.90016225
offbyone,1816,0.89939575
small_test,1816,0.889
correct,1817,0.90266875
offbyone,1817,0.90193575
small_test,1817,0.9095
correct,1818,0.89865025
offbyone,1818,0.8982335
small_test,1818,0.907
correct,1819,0.89023
offbyone,1819,0.889745
small_test,1819,0.9095
correct,1820,0.901569
offbyone,1820,0.90075
small_test,1820,0.8965
correct,1821,0.9003525
offbyone,1821,0.89905125
small_test,1821,0.901
correct,1822,0.9166625
offbyone,1822,0.915547
small_test,1822,0.915
correct,1823,0.90194125
offbyone,1823,0.901679
small_test,1823,0.897
correct,1824,0.89793575
offbyone,1824,0.8965225
small_test,1824,0.899
correct,1825,0.87994475
offbyone,1825,0.87631825
small_test,1825,0.886
correct,1826,0.900538
offbyone,1826,0.8993155
small_test,1826,0.8895
correct,1827,0.9070085
offbyone,1827,0.90521025
small_test,1827,0.909
correct,1828,0.92385775
offbyone,1828,0.92154725
small_test,1828,0.92
correct,1829,0.887767
offbyone,1829,0.88555525
small_test,1829,0.888
correct,1830,0.90076775
offbyone,1830,0.898822
small_test,1830,0.9115
correct,1831,0.88868875
offbyone,1831,0.888509
small_test,1831,0.887
correct,1832,0.91400375
offbyone,1832,0.913407
small_test,1832,0.916
correct,1833,0.91927125
offbyone,1833,0.91881825
small_test,1833,0.922
correct,1834,0.8781255
offbyone,1834,0.87716425
small_test,1834,0.8865
correct,1835,0.87608375
offbyone,1835,0.87495
small_test,1835,0.8885
correct,1836,0.88876975
offbyone,1836,0.8874575
small_test,1836,0.876
correct,1837,0.89313975
offbyone,1837,0.89209025
small_test,1837,0.883
correct,1838,0.89811775
offbyone,1838,0.896646
small_test,1838,0.905
correct,1839,0.8999005
offbyone,1839,0.8997045
small_test,1839,0.893
correct,1840,0.88712825
offbyone,1840,0.88700075
small_test,1840,0.8825
correct,1841,0.9041835
offbyone,1841,0.90414975
small_test,1841,0.908
correct,1842,0.90197825
offbyone,1842,0.901463
small_test,1842,0.9115
correct,1843,0.89044825
offbyone,1843,0.8874445
small_test,1843,0.9
correct,1844,0.90957075
offbyone,1844,0.90898325
small_test,1844,0.899
correct,1845,0.888081
offbyone,1845,0.8874485
small_test,1845,0.8935
correct,1846,0.89894525
offbyone,1846,0.89846675
small_test,1846,0.898
correct,1847,0.89383875
offbyone,1847,0.89296175
small_test,1847,0.89
correct,1848,0.89481675
offbyone,1848,0.8942665
small_test,1848,0.8825
correct,1849,0.90544775
offbyone,1849,0.9045025
small_test,1849,0.896
correct,1850,0.92760925
offbyone,1850,0.9266955
small_test,1850,0.92
correct,1851,0.90205625
offbyone,1851,0.89978825
small_test,1851,0.9115
correct,1852,0.9041115
offbyone,1852,0.9029935
small_test,1852,0.9085
correct,1853,0.89588625
offbyone,1853,0.89548625
small_test,1853,0.898
correct,1854,0.8961255
offbyone,1854,0.89507775
small_test,1854,0.9005
correct,1855,0.92066475
offbyone,1855,0.91974725
small_test,1855,0.9275
correct,1856,0.90414375
offbyone,1856,0.903569
small_test,1856,0.906
correct,1857,0.9120465
offbyone,1857,0.91170225
small_test,1857,0.8985
correct,1858,0.90283825
offbyone,1858,0.9023865
small_test,1858,0.8925
correct,1859,0.9014525
offbyone,1859,0.90105025
small_test,1859,0.9085
correct,1860,0.89864675
offbyone,1860,0.8972465
small_test,1860,0.914
correct,1861,0.90625825
offbyone,1861,0.904759
small_test,1861,0.8955
correct,1862,0.9080075
offbyone,1862,0.9074615
small_test,1862,0.9025
correct,1863,0.89588625
offbyone,1863,0.89461225
small_test,1863,0.904
correct,1864,0.8998645
offbyone,1864,0.89876825
small_test,1864,0.908
correct,1865,0.90295875
offbyone,1865,0.900706
small_test,1865,0.9005
correct,1866,0.90032275
offbyone,1866,0.8998805
small_test,1866,0.893
correct,1867,0.90749425
offbyone,1867,0.90647125
small_test,1867,0.908
correct,1868,0.90180775
offbyone,1868,0.90153475
small_test,1868,0.9115
correct,1869,0.9178345
offbyone,1869,0.91679175
small_test,1869,0.901
correct,1870,0.89311625
offbyone,1870,0.887912
small_test,1870,0.895
correct,1871,0.89945175
offbyone,1871,0.896238
small_test,1871,0.9015
correct,1872,0.90978075
offbyone,1872,0.9097125
small_test,1872,0.906
correct,1873,0.9108715
offbyone,1873,0.909412
small_test,1873,0.9005
correct,1874,0.9071925
offbyone,1874,0.90535125
small_test,1874,0.9055
correct,1875,0.9247775
offbyone,1875,0.92316875
small_test,1875,0.932
correct,1876,0.907248
offbyone,1876,0.907225
small_test,1876,0.911
correct,1877,0.9015885
offbyone,1877,0.90121875
small_test,1877,0.892
correct,1878,0.90667075
offbyone,1878,0.90651775
small_test,1878,0.9035
correct,1879,0.902597
offbyone,1879,0.90228725
small_test,1879,0.908
correct,1880,0.901297
offbyone,1880,0.90031
small_test,1880,0.8985
correct,1881,0.91506125
offbyone,1881,0.91396
small_test,1881,0.92
correct,1882,0.888705
offbyone,1882,0.88850775
small_test,1882,0.876
correct,1883,0.9000845
offbyone,1883,0.89894225
small_test,1883,0.905
correct,1884,0.90721975
offbyone,1884,0.90566525
small_test,1884,0.91
correct,1885,0.90610325
offbyone,1885,0.9049735
small_test,1885,0.9055
correct,1886,0.9042075
offbyone,1886,0.90210725
small_test,1886,0.9035
correct,1887,0.90023025
offbyone,1887,0.89937075
small_test,1887,0.9025
correct,1888,0.90335075
offbyone,1888,0.90153725
small_test,1888,0.915
correct,1889,0.89688525
offbyone,1889,0.89629775
small_test,1889,0.9015
correct,1890,0.889741
offbyone,1890,0.8885435
small_test,1890,0.895
correct,1891,0.91291825
offbyone,1891,0.911485
small_test,1891,0.915
correct,1892,0.89586975
offbyone,1892,0.895157
small_test,1892,0.8865
correct,1893,0.90291325
offbyone,1893,0.902466
small_test,1893,0.908
correct,1894,0.88874675
offbyone,1894,0.8878765
small_test,1894,0.8955
correct,1895,0.9100475
offbyone,1895,0.909808
small_test,1895,0.923
correct,1896,0.898269
offbyone,1896,0.8976385
small_test,1896,0.891
correct,1897,0.8894705
offbyone,1897,0.88926675
small_test,1897,0.888
correct,1898,0.8980845
offbyone,1898,0.896156
small_test,1898,0.908
correct,1899,0.8959295
offbyone,1899,0.8946745
small_test,1899,0.8915
correct,1900,0.889329
offbyone,1900,0.88836925
small_test,1900,0.8985
correct,1901,0.8900875
offbyone,1901,0.889645
small_test,1901,0.8955
correct,1902,0.90487475
offbyone,1902,0.9043185
small_test,1902,0.9085
correct,1903,0.8978625
offbyone,1903,0.89773675
small_test,1903,0.907
correct,1904,0.899791
offbyone,1904,0.897033
small_test,1904,0.8955
correct,1905,0.890565
offbyone,1905,0.8891035
small_test,1905,0.9
correct,1906,0.9038905
offbyone,1906,0.90295925
small_test,1906,0.904
correct,1907,0.91163725
offbyone,1907,0.910084
small_test,1907,0.9005
correct,1908,0.90542875
offbyone,1908,0.90414875
small_test,1908,0.9075
correct,1909,0.8975645
offbyone,1909,0.8960095
small_test,1909,0.896
correct,1910,0.90511
offbyone,1910,0.9044675
small_test,1910,0.9
correct,1911,0.8911825
offbyone,1911,0.8910115
small_test,1911,0.8835
correct,1912,0.886388
offbyone,1912,0.8848645
small_test,1912,0.89
correct,1913,0.91604725
offbyone,1913,0.91528825
small_test,1913,0.9255
correct,1914,0.91470025
offbyone,1914,0.91293
small_test,1914,0.911
correct,1915,0.91129975
offbyone,1915,0.910093
small_test,1915,0.917
correct,1916,0.90132425
offbyone,1916,0.900905
small_test,1916,0.902
correct,1917,0.900799
offbyone,1917,0.89717325
small_test,1917,0.907
correct,1918,0.901485
offbyone,1918,0.89973825
small_test,1918,0.8995
correct,1919,0.9122765
offbyone,1919,0.9116685
small_test,1919,0.911
correct,1920,0.90238225
offbyone,1920,0.90196725
small_test,1920,0.9065
correct,1921,0.9076035
offbyone,1921,0.90665925
small_test,1921,0.9035
correct,1922,0.88622425
offbyone,1922,0.8861335
small_test,1922,0.8925
correct,1923,0.90573975
offbyone,1923,0.90549625
small_test,1923,0.914
correct,1924,0.90497325
offbyone,1924,0.90451375
small_test,1924,0.9085
correct,1925,0.90781525
offbyone,1925,0.907451
small_test,1925,0.91
correct,1926,0.890176
offbyone,1926,0.889997
small_test,1926,0.9015
correct,1927,0.88266075
offbyone,1927,0.8824215
small_test,1927,0.882
correct,1928,0.8924195
offbyone,1928,0.891935
small_test,1928,0.8815
correct,1929,0.888366
offbyone,1929,0.88836425
small_test,1929,0.8905
correct,1930,0.8985255
offbyone,1930,0.89782675
small_test,1930,0.9005
correct,1931,0.891373
offbyone,1931,0.88953325
small_test,1931,0.905
correct,1932,0.89801525
offbyone,1932,0.8963875
small_test,1932,0.896
correct,1933,0.900553
offbyone,1933,0.89997025
small_test,1933,0.8995
correct,1934,0.89199975
offbyone,1934,0.89078025
small_test,1934,0.892
correct,1935,0.895067
offbyone,1935,0.894475
small_test,1935,0.9015
correct,1936,0.91050825
offbyone,1936,0.9099445
small_test,1936,0.906
correct,1937,0.898881
offbyone,1937,0.89611475
small_test,1937,0.9165
correct,1938,0.890418
offbyone,1938,0.889582
small_test,1938,0.888
correct,1939,0.91598875
offbyone,1939,0.91538725
small_test,1939,0.92
correct,1940,0.90144225
offbyone,1940,0.90057725
small_test,1940,0.8915
correct,1941,0.909902
offbyone,1941,0.90758925
small_test,1941,0.919
correct,1942,0.9151145
offbyone,1942,0.9132125
small_test,1942,0.9135
correct,1943,0.89330475
offbyone,1943,0.89253775
small_test,1943,0.8765
correct,1944,0.90375825
offbyone,1944,0.90374825
small_test,1944,0.884
correct,1945,0.90058975
offbyone,1945,0.8991775
small_test,1945,0.8995
correct,1946,0.91172125
offbyone,1946,0.91166
small_test,1946,0.9005
correct,1947,0.8828945
offbyone,1947,0.8815405
small_test,1947,0.879
correct,1948,0.88405075
offbyone,1948,0.883963
small_test,1948,0.8765
correct,1949,0.887043
offbyone,1949,0.88191725
small_test,1949,0.8875
correct,1950,0.90804175
offbyone,1950,0.906889
small_test,1950,0.925
correct,1951,0.8984455
offbyone,1951,0.8983965
small_test,1951,0.8935
correct,1952,0.89839875
offbyone,1952,0.8979415
small_test,1952,0.8875
correct,1953,0.90758675
offbyone,1953,0.9061995
small_test,1953,0.9155
correct,1954,0.91101875
offbyone,1954,0.909796
small_test,1954,0.9095
correct,1955,0.903405
offbyone,1955,0.90158075
small_test,1955,0.898
correct,1956,0.89465925
offbyone,1956,0.8940885
small_test,1956,0.915
correct,1957,0.8968535
offbyone,1957,0.894899
small_test,1957,0.8945
correct,1958,0.90194225
offbyone,1958,0.90149925
small_test,1958,0.895
correct,1959,0.90201175
offbyone,1959,0.90035075
small_test,1959,0.8935
correct,1960,0.87944125
offbyone,1960,0.876998
small_test,1960,0.875
correct,1961,0.9132595
offbyone,1961,0.912902
small_test,1961,0.9165
correct,1962,0.9039755
offbyone,1962,0.9038975
small_test,1962,0.9105
correct,1963,0.9082605
offbyone,1963,0.90713025
small_test,1963,0.8995
correct,1964,0.91838525
offbyone,1964,0.91811025
small_test,1964,0.907
correct,1965,0.87933225
offbyone,1965,0.877796
small_test,1965,0.8765
correct,1966,0.89572875
offbyone,1966,0.89437625
small_test,1966,0.895
correct,1967,0.9156235
offbyone,1967,0.91250925
small_test,1967,0.91
correct,1968,0.91175925
offbyone,1968,0.90971775
small_test,1968,0.912
correct,1969,0.90655075
offbyone,1969,0.9061645
small_test,1969,0.906
correct,1970,0.88955075
offbyone,1970,0.886817
small_test,1970,0.9085
correct,1971,0.89996775
offbyone,1971,0.8992245
small_test,1971,0.891
correct,1972,0.88812425
offbyone,1972,0.88788425
small_test,1972,0.8745
correct,1973,0.920991
offbyone,1973,0.9190095
small_test,1973,0.924
correct,1974,0.9049365
offbyone,1974,0.90421875
small_test,1974,0.906
correct,1975,0.90305625
offbyone,1975,0.9019385
small_test,1975,0.898
correct,1976,0.90529275
offbyone,1976,0.90496475
small_test,1976,0.913
correct,1977,0.88195125
offbyone,1977,0.88126575
small_test,1977,0.8835
correct,1978,0.90826825
offbyone,1978,0.90686525
small_test,1978,0.9215
correct,1979,0.9160595
offbyone,1979,0.915637
small_test,1979,0.9245
correct,1980,0.9034865
offbyone,1980,0.9030285
small_test,1980,0.919
correct,1981,0.90034575
offbyone,1981,0.89929825
small_test,1981,0.9045
correct,1982,0.90555775
offbyone,1982,0.9054765
small_test,1982,0.905
correct,1983,0.896646
offbyone,1983,0.8954135
small_test,1983,0.8975
correct,1984,0.9042275
offbyone,1984,0.9015325
small_test,1984,0.907
correct,1985,0.89847075
offbyone,1985,0.89762975
small_test,1985,0.905
correct,1986,0.911394
offbyone,1986,0.9108335
small_test,1986,0.9145
correct,1987,0.88653
offbyone,1987,0.886415
small_test,1987,0.8895
correct,1988,0.8921275
offbyone,1988,0.891967
small_test,1988,0.9115
correct,1989,0.9041365
offbyone,1989,0.9037075
small_test,1989,0.9055
correct,1990,0.8987575
offbyone,1990,0.896998
small_test,1990,0.8885
correct,1991,0.8913125
offbyone,1991,0.89064875
small_test,1991,0.907
correct,1992,0.8955195
offbyone,1992,0.895449
small_test,1992,0.897
correct,1993,0.87614675
offbyone,1993,0.87439925
small_test,1993,0.872
correct,1994,0.89124725
offbyone,1994,0.88978525
small_test,1994,0.8825
correct,1995,0.89856725
offbyone,1995,0.89804225
small_test,1995,0.8895
correct,1996,0.919138
offbyone,1996,0.919046
small_test,1996,0.915
correct,1997,0.895012
offbyone,1997,0.8949585
small_test,1997,0.9065
correct,1998,0.88821575
offbyone,1998,0.8857595
small_test,1998,0.893
correct,1999,0.90302175
offbyone,1999,0.90220575
small_test,1999,0.9155
