model,trial,coverage,width
constant,0,0.89994,2.9518458493216517
ridge,0,0.901935,2.2044018540325294
rf,0,0.895535,1.7569987338750834
gbm,0,0.884295,1.6885519807355849
mlp,0,0.884385,1.7584776501269714
constant,1,0.909175,3.020359867520501
ridge,1,0.91404,2.2833830318940427
rf,1,0.901935,1.790769725437353
gbm,1,0.918875,1.8733333536773369
mlp,1,0.895185,1.8131243750638608
constant,2,0.91131,3.03707368077614
ridge,2,0.91095,2.2623451580976752
rf,2,0.931875,1.9722727125418735
gbm,2,0.937405,1.9989414341353446
mlp,2,0.91777,1.9446959502067833
constant,3,0.911235,3.0363988309957577
ridge,3,0.89453,2.1599689625739877
rf,3,0.91179,1.8468441224230228
gbm,3,0.901045,1.7714425861884178
mlp,3,0.8977,1.8267109470576517
constant,4,0.89747,2.9337987615340406
ridge,4,0.892805,2.149651552141437
rf,4,0.882075,1.6925318332320156
gbm,4,0.882435,1.6793416601550144
mlp,4,0.88779,1.774952938323547
constant,5,0.894205,2.9121255379517264
ridge,5,0.89525,2.1635980531009
rf,5,0.898325,1.7709046240892778
gbm,5,0.89179,1.7253899254799754
mlp,5,0.905635,1.8712605315088018
constant,6,0.932545,3.2153658898702453
ridge,6,0.905655,2.226971573674646
rf,6,0.89198,1.7399234903140997
gbm,6,0.89866,1.7600111429920693
mlp,6,0.901945,1.8508083607143695
constant,7,0.877075,2.803276067675549
ridge,7,0.900515,2.195862929899496
rf,7,0.896185,1.7603869676821262
gbm,7,0.8801,1.6689187364822995
mlp,7,0.899135,1.835260747687668
constant,8,0.905475,2.99076124775835
ridge,8,0.90299,2.2103877347445655
rf,8,0.90827,1.8265549957732323
gbm,8,0.914775,1.847955682842319
mlp,8,0.92271,1.9774522865611872
constant,9,0.86997,2.761700662357062
ridge,9,0.89904,2.1864129367143956
rf,9,0.89608,1.7598240167729393
gbm,9,0.89885,1.7607671691098945
mlp,9,0.88111,1.7416390464012255
constant,10,0.903465,2.9771732331578473
ridge,10,0.90221,2.2059462653197888
rf,10,0.89939,1.77682345951967
gbm,10,0.918195,1.8688446955887872
mlp,10,0.925555,1.9968798049009444
constant,11,0.910265,3.028787684576476
ridge,11,0.88682,2.1156784799574777
rf,11,0.91062,1.8397544581640353
gbm,11,0.89355,1.7341129143262266
mlp,11,0.89874,1.833243147275548
constant,12,0.899815,2.950905925576462
ridge,12,0.919855,2.3233136278724036
rf,12,0.92094,1.9000199079553357
gbm,12,0.919855,1.8790805612881565
mlp,12,0.929935,2.028636813784134
constant,13,0.91784,3.0900073179979293
ridge,13,0.90788,2.241763962220536
rf,13,0.90081,1.7845875867982364
gbm,13,0.90837,1.8116136918609858
mlp,13,0.89595,1.817031611532613
constant,14,0.91043,3.030097829103476
ridge,14,0.90904,2.2491574166698003
rf,14,0.90312,1.7976705229339125
gbm,14,0.90006,1.7667943100324972
mlp,14,0.9067,1.8775064056666655
constant,15,0.89415,2.9118026374106303
ridge,15,0.913095,2.276804978565255
rf,15,0.91334,1.8557856666379084
gbm,15,0.90199,1.7765555102606856
mlp,15,0.89825,1.830110814778013
constant,16,0.893535,2.9074925283197555
ridge,16,0.864095,1.9987313223545744
rf,16,0.87172,1.6467667522235288
gbm,16,0.875245,1.6469203160980546
mlp,16,0.88324,1.7525024182609992
constant,17,0.89839,2.940146716608825
ridge,17,0.8927,2.1489644100203185
rf,17,0.915995,1.870654826303571
gbm,17,0.91204,1.8320644068080592
mlp,17,0.918285,1.9478547684255774
constant,18,0.894825,2.916017981847063
ridge,18,0.896205,2.1690941505533443
rf,18,0.89595,1.7592690532920117
gbm,18,0.89235,1.728098207391211
mlp,18,0.903975,1.862037476499336
constant,19,0.87639,2.7990130248774916
ridge,19,0.90573,2.2274694918808047
rf,19,0.88756,1.7175863309330361
gbm,19,0.90276,1.780474142018431
mlp,19,0.8802,1.7374230486521105
constant,20,0.90399,2.980922471273784
ridge,20,0.8964,2.170562825021743
rf,20,0.875095,1.6611385416913902
gbm,20,0.891365,1.723025579134677
mlp,20,0.891465,1.7935335933598553
constant,21,0.88685,2.8635323237485775
ridge,21,0.911625,2.2663780032637795
rf,21,0.91513,1.8660557084520226
gbm,21,0.89375,1.7349717863927203
mlp,21,0.89282,1.800620587203476
constant,22,0.90701,3.002958625724948
ridge,22,0.91603,2.2967685789399592
rf,22,0.885995,1.7104219838868617
gbm,22,0.896395,1.7485993182308168
mlp,22,0.90952,1.8942288527635962
constant,23,0.895515,2.9209054718706007
ridge,23,0.89745,2.1767880799205805
rf,23,0.90078,1.7843750730715318
gbm,23,0.89339,1.733137723525844
mlp,23,0.902455,1.8537640512646034
constant,24,0.89186,2.8957026421133967
ridge,24,0.89786,2.1793141108166227
rf,24,0.894315,1.7509409525489845
gbm,24,0.881855,1.6760926089855817
mlp,24,0.90546,1.8701377282015117
constant,25,0.89697,2.930252927620538
ridge,25,0.90687,2.234907882954853
rf,25,0.91683,1.8761211202952315
gbm,25,0.9033,1.783132041003125
mlp,25,0.91185,1.9080663271601417
constant,26,0.90186,2.965508983088018
ridge,26,0.906815,2.2345221974185585
rf,26,0.88828,1.7208947556102767
gbm,26,0.88617,1.698329992404553
mlp,26,0.88677,1.7703961176703724
constant,27,0.859435,2.7024653091880513
ridge,27,0.88681,2.1156076912445223
rf,27,0.880905,1.687227728581996
gbm,27,0.894515,1.7392370257685354
mlp,27,0.897485,1.8256127751246596
constant,28,0.90806,3.0110016422401014
ridge,28,0.901455,2.2018339312002064
rf,28,0.904475,1.804953316804737
gbm,28,0.90495,1.7922565279859541
mlp,28,0.907525,1.8820739134502251
constant,29,0.889185,2.87897845751308
ridge,29,0.916045,2.296900478676357
rf,29,0.893285,1.7458572328198723
gbm,29,0.890575,1.7189621606470804
mlp,29,0.89606,1.8175852900168696
constant,30,0.90612,2.9963402500779113
ridge,30,0.92848,2.387705901906747
rf,30,0.915505,1.8681242511307445
gbm,30,0.916175,1.8566418420812338
mlp,30,0.929925,2.028531467307399
constant,31,0.925465,3.1508749931644298
ridge,31,0.90359,2.214041963308965
rf,31,0.88362,1.699291088361119
gbm,31,0.89349,1.733617605686112
mlp,31,0.91325,1.9173598917192467
constant,32,0.898125,2.938437143334533
ridge,32,0.913095,2.276800550951541
rf,32,0.9144,1.861703933589674
gbm,32,0.90742,1.80700865212674
mlp,32,0.889745,1.7844625686475872
constant,33,0.919425,3.1030022919135387
ridge,33,0.905835,2.2280864960557203
rf,33,0.880835,1.6868916371293512
gbm,33,0.872315,1.6353788081104401
mlp,33,0.90579,1.8720151948087103
constant,34,0.904305,2.9826757638853527
ridge,34,0.90245,2.2071191256538047
rf,34,0.88995,1.7296410386922336
gbm,34,0.900975,1.7710983750511675
mlp,34,0.884715,1.760082115354173
constant,35,0.888225,2.872081546129645
ridge,35,0.879195,2.0746163158301556
rf,35,0.892665,1.7430760204390892
gbm,35,0.90655,1.8018586742715559
mlp,35,0.91056,1.9004996928055895
constant,36,0.89558,2.9214599150751823
ridge,36,0.90898,2.2487765272865015
rf,36,0.8948,1.7534986870241798
gbm,36,0.887855,1.705751579062442
mlp,36,0.898085,1.8290477088275547
constant,37,0.916185,3.0747170180865844
ridge,37,0.907225,2.2375414281218466
rf,37,0.905785,1.8120992946739791
gbm,37,0.90962,1.8181914749734285
mlp,37,0.90518,1.8687481281148477
constant,38,0.894925,2.9165798931476266
ridge,38,0.89675,2.17263642548628
rf,38,0.901925,1.790698124850539
gbm,38,0.894765,1.7401611014905056
mlp,38,0.88505,1.7619626982925969
constant,39,0.921805,3.1211607242401618
ridge,39,0.897525,2.177191676726059
rf,39,0.90148,1.787898528875372
gbm,39,0.90434,1.7884487451181963
mlp,39,0.90534,1.8696839297740802
constant,40,0.896965,2.930153346144087
ridge,40,0.892595,2.148439655611483
rf,40,0.885955,1.7101018025361647
gbm,40,0.89155,1.7240219845136895
mlp,40,0.886765,1.7703743817689408
constant,41,0.889945,2.883923613596601
ridge,41,0.90752,2.2393591900370846
rf,41,0.900805,1.784546185802563
gbm,41,0.90244,1.7787381944889378
mlp,41,0.902695,1.8551653317744132
constant,42,0.897195,2.931905233373432
ridge,42,0.901925,2.2043547031425055
rf,42,0.88518,1.7066932565857753
gbm,42,0.89319,1.7322140023330252
mlp,42,0.91124,1.9043796809259255
constant,43,0.917105,3.083342066626374
ridge,43,0.910025,2.255753040326961
rf,43,0.90187,1.7901097089576885
gbm,43,0.901735,1.7753306967745859
mlp,43,0.91118,1.9038549192721828
constant,44,0.88977,2.882966223416963
ridge,44,0.890535,2.136605986345873
rf,44,0.890145,1.730732342853715
gbm,44,0.889955,1.7157554710806189
mlp,44,0.891075,1.7914540617332306
constant,45,0.916465,3.0775752318222276
ridge,45,0.89756,2.1773898150927753
rf,45,0.905955,1.8131142852206663
gbm,45,0.89996,1.7661491912825444
mlp,45,0.90427,1.8638264350894302
constant,46,0.894445,2.9136645527268348
ridge,46,0.923945,2.3525409738928635
rf,46,0.89444,1.7514868758651205
gbm,46,0.89825,1.7581238838131834
mlp,46,0.889955,1.7857326737662
constant,47,0.920515,3.112042527009743
ridge,47,0.89969,2.1904783541931634
rf,47,0.90785,1.8241983462184042
gbm,47,0.904505,1.7894718468749808
mlp,47,0.89889,1.8341635251112407
constant,48,0.89675,2.9287671024824666
ridge,48,0.9038,2.215238265704359
rf,48,0.90618,1.8147446265302003
gbm,48,0.89756,1.7547388379875488
mlp,48,0.90621,1.8745645051325386
constant,49,0.87665,2.80045640428543
ridge,49,0.895325,2.1640132751422088
rf,49,0.909545,1.8337114800250878
gbm,49,0.903225,1.782793996682117
mlp,49,0.903575,1.8600299993105815
constant,50,0.899975,2.9521685128412676
ridge,50,0.893045,2.150850226163419
rf,50,0.89205,1.7402195343533888
gbm,50,0.88749,1.7042185793384512
mlp,50,0.89469,1.810064984005267
constant,51,0.868655,2.7545443563893457
ridge,51,0.88403,2.100848934851545
rf,51,0.9089,1.829738046628932
gbm,51,0.90079,1.770079104770144
mlp,51,0.913585,1.9190799530941174
constant,52,0.910025,3.02702407502012
ridge,52,0.896415,2.170787937094153
rf,52,0.89952,1.777486244529655
gbm,52,0.898595,1.7597522607480336
mlp,52,0.879045,1.7321211022967105
constant,53,0.89967,2.9496361363156165
ridge,53,0.90885,2.2478839144482725
rf,53,0.9142,1.8606402935447688
gbm,53,0.906045,1.7990271912861502
mlp,53,0.891215,1.7922614580125062
constant,54,0.90171,2.964404330487684
ridge,54,0.90774,2.241039616754724
rf,54,0.91085,1.841203082584982
gbm,54,0.90751,1.8074906668563888
mlp,54,0.91035,1.8990290062306163
constant,55,0.915195,3.0664641743765264
ridge,55,0.90619,2.230611793619066
rf,55,0.92057,1.8983053630936708
gbm,55,0.917865,1.8672356495473574
mlp,55,0.92093,1.9658189878919003
constant,56,0.88202,2.8343861709542475
ridge,56,0.89206,2.145021856384467
rf,56,0.8866,1.7133424079348738
gbm,56,0.891195,1.7219204276217435
mlp,56,0.89439,1.8083604203077703
constant,57,0.90443,2.983825344056906
ridge,57,0.902975,2.21014587477627
rf,57,0.90477,1.8066158428160468
gbm,57,0.922365,1.894508116130603
mlp,57,0.912835,1.9145621946695461
constant,58,0.887665,2.868638579145734
ridge,58,0.89643,2.170864833162004
rf,58,0.887435,1.7170928498899651
gbm,58,0.90677,1.803155678986061
mlp,58,0.9069,1.8785576470771492
constant,59,0.895475,2.920531821217281
ridge,59,0.885975,2.111578891156178
rf,59,0.888305,1.7210203052841326
gbm,59,0.873715,1.640881561001462
mlp,59,0.89785,1.8275415861746718
constant,60,0.890735,2.8892599786634428
ridge,60,0.897395,2.176238419458789
rf,60,0.890625,1.7329055749224875
gbm,60,0.90751,1.8075193082305465
mlp,60,0.90313,1.857434751635943
constant,61,0.899565,2.948696202655568
ridge,61,0.922175,2.339562361688774
rf,61,0.905795,1.8122111537311154
gbm,61,0.90859,1.8128383194577369
mlp,61,0.89786,1.8276082245003469
constant,62,0.890235,2.886109329823359
ridge,62,0.89631,2.17014550497567
rf,62,0.891905,1.7396761896543904
gbm,62,0.884455,1.689559243917972
mlp,62,0.87039,1.6932924776222582
constant,63,0.919035,3.0999079766000133
ridge,63,0.917715,2.3087954257153083
rf,63,0.89763,1.767489317368326
gbm,63,0.914055,1.8433867319390367
mlp,63,0.901055,1.845269540039189
constant,64,0.88544,2.855926045563816
ridge,64,0.883095,2.096026148111722
rf,64,0.89047,1.732148836586196
gbm,64,0.903935,1.7865993391706072
mlp,64,0.886005,1.7667826181384458
constant,65,0.91399,3.057629112217084
ridge,65,0.93058,2.40408173988446
rf,65,0.91174,1.8464822578045328
gbm,65,0.90879,1.8140102819433257
mlp,65,0.913465,1.9184634651540704
constant,66,0.889295,2.8797046553687577
ridge,66,0.8836,2.0986193933541295
rf,66,0.90406,1.8024434152421005
gbm,66,0.898575,1.759651134778473
mlp,66,0.89512,1.8127073679271066
constant,67,0.9157,3.07038220399964
ridge,67,0.90768,2.240509093507671
rf,67,0.88643,1.712431550389189
gbm,67,0.898135,1.7576089290418082
mlp,67,0.88815,1.7767760665953427
constant,68,0.89711,2.9312033888078917
ridge,68,0.89041,2.135839146903403
rf,68,0.888015,1.7198111717768332
gbm,68,0.892345,1.7280858182192564
mlp,68,0.8874,1.7730383748114324
constant,69,0.90063,2.957168228285922
ridge,69,0.908055,2.242756360011433
rf,69,0.90572,1.8116481689485986
gbm,69,0.91034,1.8222342157246099
mlp,69,0.894315,1.8080214450633747
constant,70,0.90692,3.002305971203799
ridge,70,0.91996,2.3243020759262105
rf,70,0.904015,1.8021864731433723
gbm,70,0.90601,1.7985890394336186
mlp,70,0.912315,1.9108279782367823
constant,71,0.907785,3.008288193061385
ridge,71,0.90133,2.201319826016178
rf,71,0.914515,1.8622991740592942
gbm,71,0.89653,1.7492800134388307
mlp,71,0.901305,1.846567663705065
constant,72,0.90405,2.9812397923766074
ridge,72,0.867215,2.0146114528467067
rf,72,0.88688,1.714537007856264
gbm,72,0.876865,1.6541968112531014
mlp,72,0.89383,1.8052530209323352
constant,73,0.87846,2.8114798480922403
ridge,73,0.8984,2.1819721037589046
rf,73,0.90893,1.8298278547988887
gbm,73,0.891555,1.7241090846991254
mlp,73,0.87521,1.714544616717143
constant,74,0.86758,2.748314394762538
ridge,74,0.90667,2.233410047368265
rf,74,0.8734,1.6534758105259648
gbm,74,0.89218,1.727295144067769
mlp,74,0.899285,1.8361830148747664
constant,75,0.91763,3.087812599081307
ridge,75,0.905625,2.226727833391844
rf,75,0.89907,1.7748129420972558
gbm,75,0.89992,1.7658312384897255
mlp,75,0.904115,1.8626493512744728
constant,76,0.8895,2.8812407392713917
ridge,76,0.887095,2.1170856203503297
rf,76,0.864715,1.616835001474358
gbm,76,0.85607,1.568366879958305
mlp,76,0.8937,1.8046586745432394
constant,77,0.914525,3.061603481147343
ridge,77,0.92085,2.330602517301796
rf,77,0.91852,1.8856788694799638
gbm,77,0.91778,1.866667892302761
mlp,77,0.907555,1.8823361948001847
constant,78,0.915835,3.0715195228394068
ridge,78,0.897625,2.1776677266600823
rf,78,0.90161,1.7884240331111616
gbm,78,0.902975,1.7815160124345244
mlp,78,0.902455,1.8537729683631736
constant,79,0.90803,3.0106863422465286
ridge,79,0.91977,2.322774189045518
rf,79,0.91628,1.8726642078718498
gbm,79,0.90216,1.7775834349076916
mlp,79,0.913015,1.9159090366863645
constant,80,0.90254,2.9704790843563886
ridge,80,0.90057,2.19621030476087
rf,80,0.91263,1.851627443689109
gbm,80,0.899415,1.7630744902124107
mlp,80,0.913335,1.917771637890358
constant,81,0.91373,3.0558609499945897
ridge,81,0.9273,2.3776793238825107
rf,81,0.90124,1.7862309087934654
gbm,81,0.90308,1.7819993340280584
mlp,81,0.912835,1.9145258700115275
constant,82,0.9049,2.9872264723979614
ridge,82,0.90967,2.2529650398649412
rf,82,0.893765,1.748341803744716
gbm,82,0.89113,1.7215139682847729
mlp,82,0.914385,1.9236396908943443
constant,83,0.89893,2.943856317463207
ridge,83,0.91079,2.2611154340248554
rf,83,0.883585,1.699167645998455
gbm,83,0.8933,1.73274605458554
mlp,83,0.879095,1.7323997414315115
constant,84,0.894325,2.91313381257823
ridge,84,0.916685,2.3011962204037593
rf,84,0.888295,1.7209963590743984
gbm,84,0.893065,1.7317115396399771
mlp,84,0.88606,1.7671881633833089
constant,85,0.901985,2.9663834395727893
ridge,85,0.888885,2.12705034962159
rf,85,0.90057,1.7831495711708296
gbm,85,0.891685,1.724983603595555
mlp,85,0.89512,1.8127242695882717
constant,86,0.903815,2.979794109780073
ridge,86,0.919955,2.324247365395653
rf,86,0.90258,1.7945403813152867
gbm,86,0.918245,1.8694562035813642
mlp,86,0.920065,1.9597056880282533
constant,87,0.914355,3.0604114159989724
ridge,87,0.91188,2.268126056009156
rf,87,0.9144,1.8617047290204167
gbm,87,0.91144,1.8282983659530354
mlp,87,0.91742,1.9423791506339536
constant,88,0.87877,2.813313215356177
ridge,88,0.88999,2.1334768522038847
rf,88,0.88841,1.721600568050028
gbm,88,0.860045,1.583877380527018
mlp,88,0.8884,1.7780685330868848
constant,89,0.9169,3.0818095402723156
ridge,89,0.932215,2.4160033305833952
rf,89,0.90698,1.8189620339638548
gbm,89,0.89757,1.7548050165096087
mlp,89,0.9113,1.904902259962803
constant,90,0.916985,3.0824385260954896
ridge,90,0.90488,2.2218636118086033
rf,90,0.895755,1.758258729986819
gbm,90,0.891105,1.7212908873267923
mlp,90,0.916535,1.9366144851295921
constant,91,0.900145,2.953562309411214
ridge,91,0.896385,2.170491633921971
rf,91,0.90505,1.808018918746895
gbm,91,0.913335,1.8391444313132046
mlp,91,0.90537,1.8697413603612816
constant,92,0.89368,2.908459927162383
ridge,92,0.909675,2.2530488879030055
rf,92,0.911015,1.8423472122230264
gbm,92,0.908465,1.8122211542016253
mlp,92,0.919145,1.9534640027682997
constant,93,0.892905,2.902908167056509
ridge,93,0.86283,1.992681352909714
rf,93,0.893175,1.7452766666644606
gbm,93,0.90064,1.7695079510702594
mlp,93,0.90317,1.8577072113582012
constant,94,0.89711,2.931192172788407
ridge,94,0.900665,2.1968924863317647
rf,94,0.902165,1.7920851224166783
gbm,94,0.905775,1.7967500326938717
mlp,94,0.90769,1.8831921144953458
constant,95,0.88632,2.8602777076687627
ridge,95,0.90031,2.1945855093810938
rf,95,0.871175,1.6445039954522995
gbm,95,0.868095,1.6171355218825503
mlp,95,0.882245,1.747305074134455
constant,96,0.87807,2.8097126962974066
ridge,96,0.91063,2.2599126222548396
rf,96,0.91419,1.8604542809924856
gbm,96,0.915205,1.8509527150342588
mlp,96,0.92202,1.973050278517223
constant,97,0.90819,3.0120716926579973
ridge,97,0.90064,2.1966902617995228
rf,97,0.90411,1.8026529726757319
gbm,97,0.88834,1.707990467674013
mlp,97,0.902185,1.8519720371847515
constant,98,0.92092,3.1148336396759033
ridge,98,0.915455,2.292710801773202
rf,98,0.90181,1.7897956164076987
gbm,98,0.904145,1.7874880935437223
mlp,98,0.889725,1.784332773067035
constant,99,0.91756,3.0870387039733176
ridge,99,0.902845,2.2090962168042063
rf,99,0.87832,1.6754362607733313
gbm,99,0.891055,1.721111145009494
mlp,99,0.889075,1.7813051867689582
constant,100,0.89037,2.8868668750532405
ridge,100,0.887095,2.117043591868328
rf,100,0.85953,1.5955111844599283
gbm,100,0.880745,1.6718946835283797
mlp,100,0.893565,1.8040066725553559
constant,101,0.906085,2.9959778552295906
ridge,101,0.91345,2.2791237185255824
rf,101,0.90349,1.799704078918977
gbm,101,0.907085,1.8049244265798108
mlp,101,0.915305,1.9292523211281611
constant,102,0.918985,3.0994364698845835
ridge,102,0.878905,2.0731427135622784
rf,102,0.901415,1.7873521482366037
gbm,102,0.896215,1.7477068718707276
mlp,102,0.906565,1.8768569371159478
constant,103,0.9083,3.0128588131341196
ridge,103,0.90648,2.232238807780411
rf,103,0.90073,1.7841617699426628
gbm,103,0.900625,1.7693976204787332
mlp,103,0.912525,1.9125056715613926
constant,104,0.899175,2.9456480406178924
ridge,104,0.899525,2.189389734288177
rf,104,0.89625,1.7607896530384122
gbm,104,0.889385,1.7129478529852569
mlp,104,0.898415,1.8309727770627258
constant,105,0.896835,2.929245419514829
ridge,105,0.894555,2.1600677407224826
rf,105,0.92143,1.9032362838673327
gbm,105,0.92855,1.9355156859608782
mlp,105,0.918575,1.9500800891107344
constant,106,0.89795,2.9371934903110866
ridge,106,0.88621,2.112765197067374
rf,106,0.89408,1.7498216127957598
gbm,106,0.8858,1.696539959918432
mlp,106,0.88339,1.7531534459767222
constant,107,0.889495,2.881188603719794
ridge,107,0.87222,2.0396117296697946
rf,107,0.899595,1.777898156755411
gbm,107,0.912485,1.8338022848244697
mlp,107,0.912435,1.9117684421448486
constant,108,0.88494,2.8527329640020183
ridge,108,0.883355,2.0972522286090234
rf,108,0.890315,1.7313951728635928
gbm,108,0.889905,1.7155383447841368
mlp,108,0.890445,1.7883144320722524
constant,109,0.90732,3.0049015658839684
ridge,109,0.896405,2.170695258985986
rf,109,0.905715,1.8115362222770643
gbm,109,0.899955,1.7661078347888406
mlp,109,0.907705,1.8832566714297314
constant,110,0.900585,2.956824569489717
ridge,110,0.92205,2.3385774280521736
rf,110,0.914435,1.8619243768291058
gbm,110,0.90654,1.8017994570821496
mlp,110,0.9033,1.8584026901164967
constant,111,0.89742,2.933446408224384
ridge,111,0.882425,2.0923074129063837
rf,111,0.903525,1.799779558601956
gbm,111,0.90723,1.8059616718744493
mlp,111,0.89104,1.7911686552444332
constant,112,0.862235,2.718167686476928
ridge,112,0.89546,2.164923863007054
rf,112,0.895735,1.758165030841083
gbm,112,0.88772,1.7052407170479624
mlp,112,0.881115,1.7416853784418758
constant,113,0.915965,3.0725681557434674
ridge,113,0.89888,2.185437212238177
rf,113,0.898935,1.7741046372176568
gbm,113,0.88894,1.710493011622799
mlp,113,0.905905,1.872765283967033
constant,114,0.91056,3.0308852820748395
ridge,114,0.904945,2.222265627698354
rf,114,0.92409,1.9197987282715938
gbm,114,0.911595,1.8292628152187023
mlp,114,0.91694,1.9389552749243313
constant,115,0.91912,3.1007176454355143
ridge,115,0.920605,2.328971732272657
rf,115,0.917355,1.8786820469649539
gbm,115,0.9107,1.8241482566378906
mlp,115,0.908035,1.8853897479932307
constant,116,0.899925,2.951696619225112
ridge,116,0.91705,2.3041109318797015
rf,116,0.918955,1.8883986073205965
gbm,116,0.910945,1.825530295582564
mlp,116,0.907175,1.8802539152407003
constant,117,0.898095,2.9382410361424482
ridge,117,0.87574,2.0568654886680466
rf,117,0.888775,1.723551973104047
gbm,117,0.882515,1.6799324156045399
mlp,117,0.896365,1.8195128248385266
constant,118,0.90235,2.9689582971638853
ridge,118,0.90007,2.1927581337022852
rf,118,0.909225,1.8316863500575455
gbm,118,0.90067,1.769616199616273
mlp,118,0.91362,1.919284339836893
constant,119,0.907665,3.007056508022413
ridge,119,0.91503,2.289817344457754
rf,119,0.916145,1.871694892598535
gbm,119,0.91547,1.8523196629328043
mlp,119,0.912555,1.9126545981012555
constant,120,0.90866,3.0158251317042923
ridge,120,0.90607,2.230012974154696
rf,120,0.901955,1.7908128969710013
gbm,120,0.908615,1.8130098652983
mlp,120,0.89265,1.799704337211369
constant,121,0.90952,3.0232916441723896
ridge,121,0.903135,2.2112915208379658
rf,121,0.90769,1.8232928602908394
gbm,121,0.902065,1.7769729769217297
mlp,121,0.92021,1.9608058550743286
constant,122,0.91345,3.0529806522266654
ridge,122,0.90717,2.2372183960707046
rf,122,0.89148,1.7373908869025039
gbm,122,0.89609,1.7471546040903316
mlp,122,0.89356,1.8039630571966168
constant,123,0.899635,2.9492727316553964
ridge,123,0.93309,2.423092540701816
rf,123,0.91749,1.8792068688288066
gbm,123,0.92058,1.883239992901289
mlp,123,0.9262,2.0018406749978293
constant,124,0.923495,3.1360088385170606
ridge,124,0.919495,2.3210790407210355
rf,124,0.919035,1.8887854189023041
gbm,124,0.923795,1.9039380667576913
mlp,124,0.91206,1.9094885592662016
constant,125,0.882995,2.8400167396919036
ridge,125,0.896915,2.173801478520093
rf,125,0.888445,1.7219528452384645
gbm,125,0.899055,1.7616347140513047
mlp,125,0.894395,1.8084016742859739
constant,126,0.88354,2.8432615953579043
ridge,126,0.895455,2.164869218845259
rf,126,0.89642,1.7617888530542376
gbm,126,0.89337,1.7330321093296925
mlp,126,0.901,1.8450465991277603
constant,127,0.901865,2.9656237048136016
ridge,127,0.90843,2.245065983018973
rf,127,0.91569,1.869014458444008
gbm,127,0.91441,1.845624059512314
mlp,127,0.91297,1.915457654814889
constant,128,0.91611,3.0737958906190457
ridge,128,0.89963,2.1899584410980144
rf,128,0.905065,1.8081275723562673
gbm,128,0.902675,1.7800117104072675
mlp,128,0.90825,1.886494893245703
constant,129,0.8744,2.7875128177684587
ridge,129,0.889005,2.127656332485357
rf,129,0.88382,1.7002243855725356
gbm,129,0.88007,1.668759583773832
mlp,129,0.89019,1.7868688498802574
constant,130,0.896085,2.9244040706442114
ridge,130,0.89961,2.1898195474713233
rf,130,0.89937,1.7766455617786299
gbm,130,0.89786,1.7562199378812355
mlp,130,0.895365,1.8141911933210946
constant,131,0.921085,3.1159216962038627
ridge,131,0.909195,2.2499216094890793
rf,131,0.903185,1.79804040800878
gbm,131,0.897905,1.7563718104367212
mlp,131,0.90527,1.8692367011844213
constant,132,0.878835,2.8137310695422935
ridge,132,0.91295,2.27580749587677
rf,132,0.9056,1.811015971087238
gbm,132,0.900345,1.768019609548249
mlp,132,0.9069,1.87855390866667
constant,133,0.878245,2.8104063638156473
ridge,133,0.891,2.1392888354249404
rf,133,0.873875,1.6553935088368574
gbm,133,0.86725,1.6133076845662546
mlp,133,0.886045,1.7670662962286756
constant,134,0.851785,2.65996255673607
ridge,134,0.887415,2.118991648648981
rf,134,0.89886,1.7737773082211477
gbm,134,0.898135,1.7576025577427097
mlp,134,0.90183,1.8499307157639446
constant,135,0.89258,2.900889059004758
ridge,135,0.924155,2.35417659536336
rf,135,0.90252,1.794067957454119
gbm,135,0.909255,1.8165176978957658
mlp,135,0.911965,1.9087664744183057
constant,136,0.92756,3.169812848691123
ridge,136,0.920005,2.3246475878524384
rf,136,0.915995,1.8706579042908584
gbm,136,0.912475,1.8336430235985208
mlp,136,0.8913,1.7926413116652102
constant,137,0.92596,3.1559237410005165
ridge,137,0.915965,2.2964341123958754
rf,137,0.900695,1.7839130396372807
gbm,137,0.902915,1.781306480300946
mlp,137,0.921875,1.9721743164360894
constant,138,0.884425,2.848868091315616
ridge,138,0.889185,2.128956878938502
rf,138,0.89135,1.736621777757009
gbm,138,0.90264,1.7799233419370104
mlp,138,0.905465,1.8701932249002107
constant,139,0.90566,2.9923395411886826
ridge,139,0.87422,2.0494629645161293
rf,139,0.91443,1.861829667675952
gbm,139,0.90383,1.7859143990073787
mlp,139,0.90045,1.8421730636108564
constant,140,0.890205,2.885705707676088
ridge,140,0.90449,2.219378730298643
rf,140,0.896735,1.7631171518759599
gbm,140,0.882505,1.6797956146988038
mlp,140,0.904205,1.863265468368285
constant,141,0.898385,2.9400772576780874
ridge,141,0.89036,2.1356336113933496
rf,141,0.91711,1.877660946413412
gbm,141,0.910695,1.8241059016037187
mlp,141,0.920165,1.9605621713136943
constant,142,0.91089,3.033369952140357
ridge,142,0.910975,2.2624724982347066
rf,142,0.91032,1.8377818025005879
gbm,142,0.91771,1.8662465865638072
mlp,142,0.91369,1.919689783983804
constant,143,0.903795,2.979678388140024
ridge,143,0.88214,2.0903571710999924
rf,143,0.89371,1.7479529822231772
gbm,143,0.90786,1.8092210390021992
mlp,143,0.901865,1.8503922883714545
constant,144,0.86368,2.725567936651718
ridge,144,0.893305,2.152240134456747
rf,144,0.91049,1.8388092207626343
gbm,144,0.898865,1.7608959940024933
mlp,144,0.892825,1.8006280174382159
constant,145,0.89252,2.9003936007824356
ridge,145,0.899085,2.1868794395043096
rf,145,0.89506,1.7548525394889625
gbm,145,0.87817,1.6605499926565557
mlp,145,0.905465,1.8702066217730509
constant,146,0.88849,2.8739110457644585
ridge,146,0.90799,2.2423049387750282
rf,146,0.921535,1.9037760987509231
gbm,146,0.92062,1.8835517164164584
mlp,146,0.918825,1.9516349511452609
constant,147,0.891385,2.8933378525467344
ridge,147,0.89784,2.179249784467352
rf,147,0.90388,1.801296227092039
gbm,147,0.900775,1.7700415504859466
mlp,147,0.92182,1.9717006905774443
constant,148,0.92254,3.1274017739747624
ridge,148,0.897365,2.1761546724458505
rf,148,0.867575,1.6292925878347075
gbm,148,0.8646,1.602048501722632
mlp,148,0.882635,1.7494413072793207
constant,149,0.893405,2.9065653955250617
ridge,149,0.90026,2.194293025375152
rf,149,0.91845,1.8851258978224985
gbm,149,0.908395,1.8118371582556354
mlp,149,0.90396,1.8619385711888699
constant,150,0.921965,3.122232359495971
ridge,150,0.88443,2.103219676035229
rf,150,0.901385,1.7871193374031864
gbm,150,0.900025,1.766606059929343
mlp,150,0.86653,1.6756506882290314
constant,151,0.92547,3.1509425349207643
ridge,151,0.894645,2.1604278002145545
rf,151,0.913405,1.8561439317632467
gbm,151,0.920375,1.8820988292128047
mlp,151,0.927085,2.0081444003474616
constant,152,0.910235,3.0284212327466324
ridge,152,0.915035,2.289950654471921
rf,152,0.922145,1.9080634851161422
gbm,152,0.92405,1.9058464029030513
mlp,152,0.90707,1.87971626185277
constant,153,0.886355,2.860532862074953
ridge,153,0.91171,2.2672217117395546
rf,153,0.90582,1.8125821594328375
gbm,153,0.89269,1.7299857218760943
mlp,153,0.90461,1.8655575596920868
constant,154,0.87995,2.8201593765376636
ridge,154,0.899665,2.1903738197057168
rf,154,0.87793,1.6738030160827644
gbm,154,0.883295,1.6835284923505396
mlp,154,0.89243,1.7987088651537717
constant,155,0.907055,3.0032610324091866
ridge,155,0.907455,2.238966116323146
rf,155,0.91294,1.8533766947123285
gbm,155,0.911665,1.8298820277509287
mlp,155,0.889225,1.7819419552907936
constant,156,0.899445,2.9477091263326622
ridge,156,0.887795,2.1212410880300876
rf,156,0.890595,1.732854998313379
gbm,156,0.891565,1.724235118450233
mlp,156,0.890685,1.7895555283160314
constant,157,0.88128,2.8291257965347554
ridge,157,0.88405,2.101172873862536
rf,157,0.90376,1.8006894030025595
gbm,157,0.913215,1.8385147108444773
mlp,157,0.919945,1.958987406277591
constant,158,0.91125,3.0365081310401454
ridge,158,0.90904,2.249138846451482
rf,158,0.89313,1.7450759997228058
gbm,158,0.89532,1.7427855603987576
mlp,158,0.8835,1.7537502541313557
constant,159,0.90213,2.9676158084347994
ridge,159,0.903535,2.2137010159101034
rf,159,0.88298,1.696604925628261
gbm,159,0.90351,1.7842463544227687
mlp,159,0.874585,1.712225500183075
constant,160,0.911365,3.0375206571664233
ridge,160,0.921195,2.3328980545537106
rf,160,0.894675,1.7528946136048624
gbm,160,0.913345,1.8392009381955197
mlp,160,0.89845,1.8311287206749849
constant,161,0.89381,2.9092209005526337
ridge,161,0.90577,2.2276661242179894
rf,161,0.899115,1.7751037886727432
gbm,161,0.89074,1.7196577993963413
mlp,161,0.888955,1.7808678719162079
constant,162,0.8972,2.931928091191777
ridge,162,0.897995,2.1800877338578823
rf,162,0.892335,1.7415552180829665
gbm,162,0.901005,1.77121343935114
mlp,162,0.901765,1.8495121948318836
constant,163,0.88926,2.879445497093881
ridge,163,0.88987,2.1327060306658407
rf,163,0.892805,1.743581530670074
gbm,163,0.911365,1.8278080420331342
mlp,163,0.915915,1.9324468603453857
constant,164,0.892495,2.9000382909020406
ridge,164,0.88797,2.1223188514518396
rf,164,0.91097,1.8421221452436103
gbm,164,0.90792,1.8094858890598937
mlp,164,0.882675,1.7496545011163933
constant,165,0.89596,2.923585419610749
ridge,165,0.892665,2.1488364136366433
rf,165,0.88694,1.7147675519140995
gbm,165,0.887815,1.705588528708529
mlp,165,0.889955,1.785751732710032
constant,166,0.923485,3.1359766536468205
ridge,166,0.90555,2.226167405789572
rf,166,0.924715,1.9240386913870844
gbm,166,0.926295,1.9201408296926037
mlp,166,0.921735,1.971033963628234
constant,167,0.8961,2.9245329277890395
ridge,167,0.886405,2.1137057192287436
rf,167,0.883585,1.6991659756305861
gbm,167,0.89479,1.7403158391507696
mlp,167,0.871155,1.6967513756740018
constant,168,0.877665,2.8072689968606612
ridge,168,0.91563,2.2943299173918983
rf,168,0.907565,1.822478181522772
gbm,168,0.90067,1.769613181608083
mlp,168,0.88817,1.776940591656903
constant,169,0.89034,2.8867403623180747
ridge,169,0.910405,2.25849847458446
rf,169,0.90229,1.7926043679722519
gbm,169,0.903145,1.7824527554191278
mlp,169,0.908705,1.8894490702763804
constant,170,0.921905,3.121865830300849
ridge,170,0.899585,2.1896387686493846
rf,170,0.8997,1.7784372438961729
gbm,170,0.90294,1.7813598863124078
mlp,170,0.883845,1.7556741951646988
constant,171,0.9014,2.962107551243591
ridge,171,0.895575,2.165464389762361
rf,171,0.890455,1.7320647849419744
gbm,171,0.88689,1.7015955623147234
mlp,171,0.884955,1.7615040010553302
constant,172,0.887555,2.8679264827493567
ridge,172,0.907715,2.240771361291548
rf,172,0.90887,1.829568309595796
gbm,172,0.900595,1.76920367815322
mlp,172,0.91787,1.9454282449474771
constant,173,0.910225,3.0282333870295126
ridge,173,0.879545,2.0761838346206654
rf,173,0.899585,1.7777975870106455
gbm,173,0.923255,1.9004714097783018
mlp,173,0.891025,1.7910983115145842
constant,174,0.91692,3.0820109592823615
ridge,174,0.904695,2.220887128471091
rf,174,0.913575,1.8572294479455442
gbm,174,0.911225,1.8269475580820562
mlp,174,0.925375,1.9956467596530267
constant,175,0.89458,2.914399182553896
ridge,175,0.917855,2.3098168428911023
rf,175,0.898555,1.771999324076777
gbm,175,0.891605,1.7245067452144462
mlp,175,0.897475,1.8255084193102735
constant,176,0.89752,2.934116174102578
ridge,176,0.895865,2.167184543105093
rf,176,0.909505,1.8333781635223305
gbm,176,0.895115,1.7417569953628427
mlp,176,0.888255,1.777327790016903
constant,177,0.893445,2.906983909300628
ridge,177,0.91227,2.27094204085728
rf,177,0.91994,1.894411186236853
gbm,177,0.90757,1.8077734798964746
mlp,177,0.89515,1.812902438357182
constant,178,0.92538,3.150130598189583
ridge,178,0.89762,2.177605460489667
rf,178,0.89086,1.7344035380188179
gbm,178,0.921875,1.8911883597316426
mlp,178,0.896185,1.8184865474019505
constant,179,0.9044,2.9835027245196097
ridge,179,0.902475,2.207383827081542
rf,179,0.90213,1.7917433457723384
gbm,179,0.91534,1.8517430082273423
mlp,179,0.915835,1.9320700651069302
constant,180,0.89597,2.9236670546083605
ridge,180,0.89418,2.158131753609718
rf,180,0.899875,1.779530435066345
gbm,180,0.897505,1.754330409931034
mlp,180,0.89199,1.7965550049411467
constant,181,0.879435,2.8173111782571896
ridge,181,0.89919,2.1873963865492465
rf,181,0.89506,1.754803736883928
gbm,181,0.89866,1.760005903485035
mlp,181,0.900595,1.842918154368272
constant,182,0.900135,2.953394758898124
ridge,182,0.903215,2.2116768502453743
rf,182,0.90191,1.7904552005305736
gbm,182,0.908735,1.8136858741306592
mlp,182,0.89585,1.8166228863975424
constant,183,0.913555,3.0543324093054514
ridge,183,0.91126,2.2642817009283314
rf,183,0.90702,1.819247966019365
gbm,183,0.89531,1.742771381864469
mlp,183,0.87983,1.7358121065149805
constant,184,0.90641,2.9987268396012308
ridge,184,0.89089,2.1387166968537192
rf,184,0.90699,1.8190148797816477
gbm,184,0.90683,1.8035357343204368
mlp,184,0.903,1.8567644644490027
constant,185,0.89498,2.9170858036669713
ridge,185,0.901235,2.2005783880239083
rf,185,0.880435,1.684781109765184
gbm,185,0.877215,1.6559386171067487
mlp,185,0.887325,1.7727388295569635
constant,186,0.894735,2.9155369085978737
ridge,186,0.91274,2.273944674944555
rf,186,0.892395,1.7419755603572595
gbm,186,0.898685,1.7601136338088623
mlp,186,0.90307,1.857151032034202
constant,187,0.90753,3.006012408305649
ridge,187,0.88298,2.0955394038663817
rf,187,0.914275,1.8610157950506383
gbm,187,0.89538,1.743109990062551
mlp,187,0.908515,1.8881963911853832
constant,188,0.90285,2.9731293862495356
ridge,188,0.88585,2.1109538055557793
rf,188,0.90322,1.798240704508646
gbm,188,0.911005,1.8258312743191616
mlp,188,0.902995,1.8567451345650214
constant,189,0.924495,3.143724953611515
ridge,189,0.91249,2.2723303465390683
rf,189,0.90465,1.806077847532845
gbm,189,0.911925,1.8314641935860436
mlp,189,0.93154,2.04056677587068
constant,190,0.89875,2.9424654311881087
ridge,190,0.88261,2.0934375559819647
rf,190,0.8829,1.6962262886769652
gbm,190,0.885275,1.6942855471900806
mlp,190,0.899355,1.8364036205209702
constant,191,0.899165,2.9455746291236515
ridge,191,0.91064,2.2599928848262176
rf,191,0.8989,1.7739757454037632
gbm,191,0.90102,1.7712883835057156
mlp,191,0.902265,1.8524340129719483
constant,192,0.88823,2.872198627437206
ridge,192,0.892145,2.145634491727698
rf,192,0.888475,1.722007202482281
gbm,192,0.88697,1.7018706515116242
mlp,192,0.887775,1.77481763737936
constant,193,0.90676,3.000972477625889
ridge,193,0.91153,2.2657752329491734
rf,193,0.902755,1.7954369581250869
gbm,193,0.9077,1.8083550300253595
mlp,193,0.903195,1.8578755140811023
constant,194,0.89747,2.933790580880011
ridge,194,0.902745,2.2086569666363083
rf,194,0.90243,1.7936432931392252
gbm,194,0.905585,1.7956464937556529
mlp,194,0.90523,1.8690515743523406
constant,195,0.889665,2.88226264465513
ridge,195,0.90051,2.1958433008832667
rf,195,0.889425,1.7270310479425255
gbm,195,0.890645,1.7192266368810536
mlp,195,0.8849,1.7612116909628486
constant,196,0.90873,3.016474551395997
ridge,196,0.90976,2.2538605001523386
rf,196,0.92045,1.8975956794846727
gbm,196,0.90461,1.7900710902815546
mlp,196,0.911425,1.905550841440184
constant,197,0.89667,2.9282094907506133
ridge,197,0.88443,2.1032117887285064
rf,197,0.90256,1.794316235678882
gbm,197,0.89281,1.7304579158159932
mlp,197,0.90414,1.862785384196766
constant,198,0.92999,3.191096407040633
ridge,198,0.92912,2.39218684725034
rf,198,0.923575,1.917131769922958
gbm,198,0.92247,1.8951520395542618
mlp,198,0.924615,1.9905923110353303
constant,199,0.893875,2.909793534064349
ridge,199,0.88963,2.1314184757428065
rf,199,0.901795,1.7896673411738253
gbm,199,0.91038,1.822483782191423
mlp,199,0.92203,1.9730950893412507
constant,200,0.90578,2.993488914642916
ridge,200,0.91424,2.2845410528973478
rf,200,0.90659,1.8171905857738344
gbm,200,0.906765,1.8030838739395034
mlp,200,0.912165,1.9100459721934098
constant,201,0.885495,2.856199568183137
ridge,201,0.87387,2.0481771381860394
rf,201,0.880835,1.6868880239404462
gbm,201,0.88571,1.6961914661073523
mlp,201,0.886635,1.7699401807619943
constant,202,0.89295,2.903326437875956
ridge,202,0.91043,2.2586129965471207
rf,202,0.9036,1.8000812495206104
gbm,202,0.921415,1.8882076280991182
mlp,202,0.899555,1.8372606580503423
constant,203,0.90715,3.0039500659704172
ridge,203,0.92377,2.3514128738331412
rf,203,0.918715,1.8867976547996188
gbm,203,0.928115,1.9324462166924594
mlp,203,0.91129,1.9048295487333178
constant,204,0.91472,3.0628311073932837
ridge,204,0.90212,2.205504635241802
rf,204,0.89506,1.7548226453158153
gbm,204,0.900995,1.7712018182630143
mlp,204,0.91624,1.9345935352077706
constant,205,0.908645,3.015553683744515
ridge,205,0.90006,2.1926142721626407
rf,205,0.88676,1.7140983721721694
gbm,205,0.882645,1.6805313427798516
mlp,205,0.88756,1.7738705001936708
constant,206,0.88733,2.8666750039881963
ridge,206,0.88262,2.0934997717824815
rf,206,0.89674,1.7631414562020986
gbm,206,0.893445,1.7333937091686706
mlp,206,0.91129,1.904813969895794
constant,207,0.895395,2.9198717596120733
ridge,207,0.904505,2.219454181745024
rf,207,0.91809,1.883119454601176
gbm,207,0.914885,1.8488231102232529
mlp,207,0.89423,1.80738297763011
constant,208,0.90773,3.00785219974383
ridge,208,0.88915,2.128641137039586
rf,208,0.86817,1.632017593223111
gbm,208,0.87005,1.6259913605092666
mlp,208,0.86847,1.6837303143481175
constant,209,0.90207,2.9672177633056718
ridge,209,0.931095,2.4075738406755876
rf,209,0.90465,1.8060795201224573
gbm,209,0.894145,1.7373538690554207
mlp,209,0.87327,1.70578881008988
constant,210,0.91292,3.048734612606455
ridge,210,0.913685,2.2810454304570724
rf,210,0.912645,1.8517675483186649
gbm,210,0.904415,1.7887587373583118
mlp,210,0.91139,1.9053408129357958
constant,211,0.891045,2.8911347517168213
ridge,211,0.88134,2.0860764048792584
rf,211,0.877235,1.6705864324211361
gbm,211,0.900425,1.7684644672959347
mlp,211,0.893195,1.8023488150090725
constant,212,0.89812,2.9383601375316717
ridge,212,0.893575,2.1540768551085105
rf,212,0.88951,1.7275002149309029
gbm,212,0.89272,1.7301630575253153
mlp,212,0.89218,1.7976020028292492
constant,213,0.902505,2.970027293176066
ridge,213,0.89952,2.1893054542228834
rf,213,0.89142,1.7370008600066562
gbm,213,0.89621,1.7476820373210176
mlp,213,0.89611,1.817780815299022
constant,214,0.894945,2.916700464439284
ridge,214,0.894595,2.16018482585051
rf,214,0.891045,1.7351852503314988
gbm,214,0.878545,1.6620678246055363
mlp,214,0.8949,1.8112373607295111
constant,215,0.88431,2.848297712336378
ridge,215,0.914585,2.286741751671512
rf,215,0.86837,1.6329430895178763
gbm,215,0.868045,1.6169325669431673
mlp,215,0.887315,1.7726566813805702
constant,216,0.889805,2.8831945233440663
ridge,216,0.89521,2.1634313123470483
rf,216,0.90402,1.8022307784488385
gbm,216,0.91514,1.850696376929682
mlp,216,0.91487,1.9264928864968072
constant,217,0.873325,2.780578749429141
ridge,217,0.88873,2.1261139506850784
rf,217,0.895865,1.7588490954462368
gbm,217,0.89686,1.7507846561162441
mlp,217,0.88371,1.7548631322531005
constant,218,0.897335,2.9330085029934025
ridge,218,0.88517,2.1071188968202965
rf,218,0.88887,1.7239958380291232
gbm,218,0.88642,1.699451381091477
mlp,218,0.893815,1.8051821141521691
constant,219,0.887415,2.8671490919959073
ridge,219,0.89761,2.177542713625556
rf,219,0.89077,1.733761165108068
gbm,219,0.89283,1.7305307975472948
mlp,219,0.89669,1.8213800691285744
constant,220,0.900835,2.9585561146907997
ridge,220,0.89191,2.14444208918699
rf,220,0.8905,1.7322693626776
gbm,220,0.908085,1.810595403753734
mlp,220,0.88065,1.739341911223904
constant,221,0.92258,3.1277270217285915
ridge,221,0.8905,2.136233157078454
rf,221,0.90832,1.8267933689331046
gbm,221,0.894945,1.7411362855196544
mlp,221,0.884325,1.7581486014401662
constant,222,0.90579,2.9935633792405305
ridge,222,0.89215,2.1456577542533832
rf,222,0.8926,1.7429454423036619
gbm,222,0.90067,1.7696476540179031
mlp,222,0.904065,1.8624007410903751
constant,223,0.925165,3.148859792508314
ridge,223,0.910125,2.2564739715387216
rf,223,0.88344,1.6984755220651853
gbm,223,0.883845,1.6862561919222954
mlp,223,0.88148,1.7433538115379617
constant,224,0.89884,2.9432208028603006
ridge,224,0.895575,2.1654451338214034
rf,224,0.89524,1.7558152038227155
gbm,224,0.90844,1.8120181486150273
mlp,224,0.91235,1.911178383796793
constant,225,0.913045,3.0499007485411767
ridge,225,0.911905,2.2684985630534076
rf,225,0.87787,1.6734977880135145
gbm,225,0.88621,1.6985491620143165
mlp,225,0.901065,1.8454321529328324
constant,226,0.90439,2.9834143757665
ridge,226,0.918065,2.3113323894389985
rf,226,0.9007,1.784016063434652
gbm,226,0.89176,1.7252567685693068
mlp,226,0.891075,1.7914917343725412
constant,227,0.87895,2.8142150582131906
ridge,227,0.890495,2.136144245977561
rf,227,0.893795,1.7485280812372914
gbm,227,0.883645,1.6851538341051886
mlp,227,0.884315,1.7580063216165005
constant,228,0.92451,3.1438071348178314
ridge,228,0.912585,2.2730659825151385
rf,228,0.90359,1.800049850201984
gbm,228,0.890205,1.7171349841144554
mlp,228,0.91009,1.8972988794187033
constant,229,0.90476,2.986330677358011
ridge,229,0.89372,2.1551907110506114
rf,229,0.890665,1.7331728446461065
gbm,229,0.901615,1.7744299608289844
mlp,229,0.897755,1.8269163783403979
constant,230,0.900595,2.9568526791205842
ridge,230,0.8985,2.1825514644587845
rf,230,0.928495,1.9489285067419142
gbm,230,0.92007,1.880457192969017
mlp,230,0.919885,1.9585515481381226
constant,231,0.907905,3.0095152343687337
ridge,231,0.9049,2.2219164091083843
rf,231,0.907675,1.823146849734459
gbm,231,0.899705,1.7647569810834547
mlp,231,0.886525,1.7694432592292364
constant,232,0.91056,3.03080717156846
ridge,232,0.898575,2.1831280322129665
rf,232,0.899265,1.7759818019125704
gbm,232,0.915455,1.8521378777216642
mlp,232,0.91383,1.9206177861779181
constant,233,0.892485,2.899939212664391
ridge,233,0.89584,2.167065580424872
rf,233,0.91233,1.849903831443814
gbm,233,0.90728,1.806127290209898
mlp,233,0.88822,1.7770617450055104
constant,234,0.922865,3.130349951985809
ridge,234,0.91687,2.302601172099928
rf,234,0.869665,1.6379169015987227
gbm,234,0.889685,1.7143364706902133
mlp,234,0.895135,1.8128582637659627
constant,235,0.8777,2.8074625229146486
ridge,235,0.897295,2.175781585997086
rf,235,0.90143,1.7874682846745127
gbm,235,0.901695,1.7751012450982326
mlp,235,0.90331,1.858488910545945
constant,236,0.897075,2.9309749221130614
ridge,236,0.910995,2.2626454260456064
rf,236,0.898195,1.7699640743575569
gbm,236,0.8983,1.7584178392516066
mlp,236,0.882605,1.7492952310279448
constant,237,0.889665,2.8822850459273672
ridge,237,0.92175,2.336339835472757
rf,237,0.9077,1.8234253105430227
gbm,237,0.91335,1.8392181820182743
mlp,237,0.9063,1.8751865476571044
constant,238,0.88546,2.8560694636429638
ridge,238,0.897945,2.1796876693023877
rf,238,0.876355,1.6669863131159346
gbm,238,0.879255,1.6649359398229437
mlp,238,0.905245,1.8691292953807952
constant,239,0.916565,3.078726855196736
ridge,239,0.89445,2.1595991563556822
rf,239,0.89408,1.749730411062077
gbm,239,0.899265,1.762404433224349
mlp,239,0.89172,1.7950810007743552
constant,240,0.88526,2.8547948782026893
ridge,240,0.892855,2.1499519391645276
rf,240,0.894645,1.7527443371482632
gbm,240,0.908785,1.8139317694304349
mlp,240,0.90566,1.8714281212872177
constant,241,0.887795,2.869325548924877
ridge,241,0.901835,2.2039182926807133
rf,241,0.925065,1.9263612736684739
gbm,241,0.917555,1.865224507043348
mlp,241,0.91502,1.9274407109730627
constant,242,0.896645,2.9280778052541425
ridge,242,0.90026,2.194321493821549
rf,242,0.91046,1.8385999873051542
gbm,242,0.910415,1.8227403504044846
mlp,242,0.88201,1.7460516647494737
constant,243,0.908995,3.0187053962728196
ridge,243,0.906535,2.232558072864895
rf,243,0.90474,1.806494700203693
gbm,243,0.913215,1.8385752160536935
mlp,243,0.907295,1.8809776372873663
constant,244,0.88449,2.849381397999605
ridge,244,0.904435,2.2190829249818735
rf,244,0.90334,1.7988585011927904
gbm,244,0.897995,1.7569118285022298
mlp,244,0.905795,1.872039465005993
constant,245,0.87932,2.816363900216637
ridge,245,0.893285,2.152082798637543
rf,245,0.886905,1.7145682120050776
gbm,245,0.896915,1.7511928779670347
mlp,245,0.906345,1.8755853634560438
constant,246,0.88544,2.855910746574213
ridge,246,0.89439,2.15917240337988
rf,246,0.900305,1.781848423719529
gbm,246,0.905265,1.7940649581294863
mlp,246,0.882845,1.7503983035619441
constant,247,0.89366,2.9082035316314663
ridge,247,0.912685,2.273520927667767
rf,247,0.914505,1.8622129379343157
gbm,247,0.927885,1.9312260441339082
mlp,247,0.91799,1.9459577387395086
constant,248,0.884905,2.8525673182991182
ridge,248,0.883535,2.0983532351417824
rf,248,0.886565,1.7132418858727252
gbm,248,0.896605,1.749678172087875
mlp,248,0.89822,1.8298313587580977
constant,249,0.906665,3.000535604286452
ridge,249,0.89508,2.162770933018084
rf,249,0.89258,1.7428919956190274
gbm,249,0.90939,1.8171327270745525
mlp,249,0.89028,1.7873492812917733
constant,250,0.90742,3.0055855022350046
ridge,250,0.89875,2.1842719264394375
rf,250,0.884925,1.7056713511829957
gbm,250,0.88297,1.6819036222509318
mlp,250,0.88783,1.775200381864334
constant,251,0.89697,2.930229638696183
ridge,251,0.915485,2.2931414211665375
rf,251,0.916205,1.8721865470218633
gbm,251,0.923395,1.9012967787530157
mlp,251,0.92157,1.970009355793192
constant,252,0.897735,2.9357366031352568
ridge,252,0.910485,2.258850440665267
rf,252,0.903455,1.799496520872105
gbm,252,0.901175,1.7722236218328362
mlp,252,0.9025,1.8540466530000326
constant,253,0.885655,2.8570728597336377
ridge,253,0.895735,2.1664774668265903
rf,253,0.88068,1.6859919947473851
gbm,253,0.90259,1.7796905429192906
mlp,253,0.89357,1.804038028905616
constant,254,0.88597,2.858788288955628
ridge,254,0.87535,2.055121987768062
rf,254,0.90191,1.7904561321231662
gbm,254,0.89561,1.744415808133778
mlp,254,0.891735,1.7951977704414883
constant,255,0.89912,2.945405770838527
ridge,255,0.89575,2.166522706584992
rf,255,0.899835,1.7792643174787504
gbm,255,0.89961,1.7642401748624021
mlp,255,0.891875,1.7959909827560439
constant,256,0.908035,3.010825585233714
ridge,256,0.86245,1.9910325672252482
rf,256,0.887135,1.7155810770667252
gbm,256,0.9011,1.7718565827922423
mlp,256,0.89064,1.7894639150845075
constant,257,0.89338,2.9064736876961295
ridge,257,0.88138,2.086218351802663
rf,257,0.85564,1.5790167152627697
gbm,257,0.876485,1.6523023084971076
mlp,257,0.891665,1.7948585366756311
constant,258,0.86711,2.7457026814146452
ridge,258,0.89656,2.171562241671653
rf,258,0.866525,1.6254916723632444
gbm,258,0.86286,1.5944963206887643
mlp,258,0.88652,1.7694261704341057
constant,259,0.8941,2.911405545529043
ridge,259,0.90406,2.2166686523661583
rf,259,0.90538,1.809722452396585
gbm,259,0.894845,1.7405889639936132
mlp,259,0.890475,1.7884867885070095
constant,260,0.89048,2.8877024142969603
ridge,260,0.903645,2.214254980409651
rf,260,0.893755,1.7481778943232582
gbm,260,0.915125,1.8505776650690093
mlp,260,0.905475,1.8702861655382366
constant,261,0.90171,2.9643446232767587
ridge,261,0.92107,2.332073472930029
rf,261,0.917065,1.8774764098699364
gbm,261,0.91888,1.8733823843172888
mlp,261,0.91072,1.9013344355843669
constant,262,0.92136,3.1180764284904816
ridge,262,0.912775,2.2741893321678974
rf,262,0.88861,1.7228980622002783
gbm,262,0.90248,1.778906579220699
mlp,262,0.91554,1.9304160541609217
constant,263,0.90871,3.016314964376007
ridge,263,0.92721,2.3771157318687903
rf,263,0.90833,1.8268064296102242
gbm,263,0.90307,1.7818369318593834
mlp,263,0.911245,1.9044472246856798
constant,264,0.89396,2.9102244487914284
ridge,264,0.889745,2.1319790491237605
rf,264,0.90349,1.7997023013381768
gbm,264,0.885965,1.6973936627540473
mlp,264,0.89833,1.8305126164696675
constant,265,0.9137,3.055489630128447
ridge,265,0.91034,2.257935969229899
rf,265,0.90323,1.798332737559441
gbm,265,0.891235,1.7223003154120475
mlp,265,0.89647,1.8200360842900767
constant,266,0.90119,2.960659871537313
ridge,266,0.92313,2.346753876447667
rf,266,0.896045,1.7596332659074712
gbm,266,0.91616,1.8565762345362267
mlp,266,0.91732,1.9416249673254276
constant,267,0.91052,3.030641389926547
ridge,267,0.908385,2.2448419606147407
rf,267,0.896725,1.7630683001825478
gbm,267,0.897505,1.7543890104215665
mlp,267,0.90321,1.857918878496759
constant,268,0.91208,3.042738795680884
ridge,268,0.892745,2.1492343385733914
rf,268,0.90958,1.8339803564659802
gbm,268,0.90193,1.7763104252697097
mlp,268,0.89786,1.8276185869873
constant,269,0.89102,2.8910533016546527
ridge,269,0.89744,2.176654029017433
rf,269,0.904445,1.8047151633224783
gbm,269,0.908615,1.812990815046441
mlp,269,0.912915,1.9151877987850001
constant,270,0.899055,2.945083193327645
ridge,270,0.889855,2.1326421810203176
rf,270,0.88155,1.6900639947682004
gbm,270,0.89116,1.721774370575292
mlp,270,0.89779,1.8272205339359533
constant,271,0.915275,3.067163766138213
ridge,271,0.89918,2.1872963804976573
rf,271,0.908205,1.8263469489463358
gbm,271,0.9173,1.863579087210356
mlp,271,0.910715,1.9013144710915943
constant,272,0.913365,3.052239400642101
ridge,272,0.896705,2.1724763717986306
rf,272,0.90992,1.8360622874724144
gbm,272,0.914975,1.8495033777814478
mlp,272,0.92782,2.0136186151230873
constant,273,0.91611,3.073778908221712
ridge,273,0.916365,2.2992334626617255
rf,273,0.90565,1.8113101377751957
gbm,273,0.911665,1.8298058611133663
mlp,273,0.89217,1.7975065205975889
constant,274,0.89232,2.8987180220857907
ridge,274,0.92143,2.334469719161024
rf,274,0.923155,1.9144142188405595
gbm,274,0.920725,1.8844874048428266
mlp,274,0.88999,1.7859244195727966
constant,275,0.904915,2.987289826346232
ridge,275,0.88043,2.080981532597995
rf,275,0.89022,1.730973824207133
gbm,275,0.88523,1.6939604802548325
mlp,275,0.888225,1.777144145216989
constant,276,0.88049,2.8238447489290683
ridge,276,0.89793,2.179608928933689
rf,276,0.911215,1.8437672984528417
gbm,276,0.898475,1.7592350181365815
mlp,276,0.89915,1.8353195325558673
constant,277,0.891255,2.8924333039172225
ridge,277,0.87234,2.0403245463408437
rf,277,0.880555,1.6853954285557329
gbm,277,0.896875,1.7510530866466392
mlp,277,0.88627,1.7680962678200514
constant,278,0.898965,2.9441000374600863
ridge,278,0.911825,2.267756889714154
rf,278,0.92293,1.9131375576391851
gbm,278,0.9029,1.7812587388157946
mlp,278,0.90726,1.8807601194639865
constant,279,0.9135,3.053656829008691
ridge,279,0.912475,2.2721061535842386
rf,279,0.886545,1.7130175782980694
gbm,279,0.893545,1.7338711039676464
mlp,279,0.892695,1.7999602091596103
constant,280,0.917195,3.084128162065528
ridge,280,0.92517,2.3622832548333976
rf,280,0.9031,1.7974803241148773
gbm,280,0.91388,1.842301246674995
mlp,280,0.910515,1.900206680395601
constant,281,0.901545,2.9631062853944687
ridge,281,0.897435,2.1766289203558946
rf,281,0.890775,1.7338665807691245
gbm,281,0.88974,1.7146219568300858
mlp,281,0.89636,1.8194512252216508
constant,282,0.89369,2.908520271161315
ridge,282,0.88166,2.0877134384600833
rf,282,0.87524,1.6620562395891416
gbm,282,0.88953,1.713479028443376
mlp,282,0.879315,1.733173968750677
constant,283,0.91071,3.0319168007338737
ridge,283,0.90949,2.2516725503667407
rf,283,0.910705,1.8401882839671113
gbm,283,0.91928,1.8756759022214857
mlp,283,0.894335,1.8081579658462188
constant,284,0.91677,3.080806664458609
ridge,284,0.9155,2.293251143853454
rf,284,0.89122,1.7358033367883425
gbm,284,0.902295,1.778248682271518
mlp,284,0.893815,1.805191765634444
constant,285,0.880325,2.822695293867219
ridge,285,0.896275,2.1696475505124306
rf,285,0.881075,1.6881341217124495
gbm,285,0.88336,1.683942925457837
mlp,285,0.894915,1.8113702983353386
constant,286,0.90562,2.9920096134031073
ridge,286,0.90595,2.228924475183534
rf,286,0.89593,1.759133840874138
gbm,286,0.90193,1.7763517827245314
mlp,286,0.923245,1.9809305163223132
constant,287,0.918125,3.0922840012018167
ridge,287,0.90643,2.2320096514061873
rf,287,0.90321,1.7982192585608563
gbm,287,0.89755,1.7546178457544785
mlp,287,0.90167,1.8489070803604983
constant,288,0.929005,3.1822734044769705
ridge,288,0.912205,2.2705861783223757
rf,288,0.92045,1.897632713807461
gbm,288,0.917895,1.867429643277672
mlp,288,0.924415,1.9890825341507352
constant,289,0.90184,2.9653715986545794
ridge,289,0.90613,2.2303252698038207
rf,289,0.891145,1.7354071049963333
gbm,289,0.89516,1.7420459114187345
mlp,289,0.898535,1.8318780185486554
constant,290,0.91196,3.0419806657206108
ridge,290,0.9346,2.434328303039782
rf,290,0.93082,1.9645760767056673
gbm,290,0.915045,1.8499858882806897
mlp,290,0.927075,2.0079447209690136
constant,291,0.911085,3.0353511343743405
ridge,291,0.911315,2.2645497195419795
rf,291,0.9054,1.8098271493160307
gbm,291,0.90364,1.784898046223372
mlp,291,0.891575,1.7941729429063589
constant,292,0.90715,3.0039442381859542
ridge,292,0.928035,2.3842408254609273
rf,292,0.90904,1.830482859874158
gbm,292,0.906905,1.8039004687237838
mlp,292,0.909385,1.8934161962739169
constant,293,0.914605,3.062113643711543
ridge,293,0.896915,2.1737882243076525
rf,293,0.904355,1.8044710873865544
gbm,293,0.908125,1.8107690310447
mlp,293,0.89889,1.834142555884675
constant,294,0.88179,2.833139106834782
ridge,294,0.9131,2.276881846279407
rf,294,0.895245,1.7558446280681002
gbm,294,0.89763,1.755147291639085
mlp,294,0.90778,1.8839405563135077
constant,295,0.91251,3.045851549526729
ridge,295,0.901625,2.202921423649053
rf,295,0.898675,1.7728699708168574
gbm,295,0.890985,1.7207965344528642
mlp,295,0.89238,1.7984522677961567
constant,296,0.88873,2.875665001572905
ridge,296,0.890615,2.137104513251046
rf,296,0.884645,1.704287534349898
gbm,296,0.89624,1.7478389159757506
mlp,296,0.89993,1.839384531736734
constant,297,0.881295,2.829546827778646
ridge,297,0.89101,2.1394063481804726
rf,297,0.881795,1.6914104793501599
gbm,297,0.88496,1.692225604897873
mlp,297,0.867595,1.6800188760372348
constant,298,0.873875,2.783991161119122
ridge,298,0.901695,2.203315812314476
rf,298,0.90666,1.8176163905659353
gbm,298,0.89991,1.7658027264007647
mlp,298,0.90461,1.8655775917494841
constant,299,0.909595,3.023539736432202
ridge,299,0.91006,2.255957836273761
rf,299,0.901525,1.7880327103049374
gbm,299,0.901955,1.7764197831125106
mlp,299,0.90565,1.871341892370316
constant,300,0.896025,2.9239874766677225
ridge,300,0.88224,2.090936231612999
rf,300,0.878585,1.6765582519715712
gbm,300,0.884465,1.6896797205577474
mlp,300,0.888625,1.7794984504947817
constant,301,0.92476,3.1455711073500456
ridge,301,0.92102,2.3315891436427245
rf,301,0.92098,1.900195838919415
gbm,301,0.92021,1.881472521283595
mlp,301,0.9325,2.048522318040338
constant,302,0.90021,2.9540622273279236
ridge,302,0.901665,2.20312758904726
rf,302,0.9189,1.8878762548984234
gbm,302,0.9211,1.8864461853620083
mlp,302,0.91553,1.9303383527773152
constant,303,0.915635,3.06998622961272
ridge,303,0.905565,2.2263592996956016
rf,303,0.901835,1.7899623459601313
gbm,303,0.90612,1.79941056272416
mlp,303,0.896415,1.8197228398339804
constant,304,0.90173,2.964542715173142
ridge,304,0.900745,2.197259246339029
rf,304,0.90848,1.8276033095645405
gbm,304,0.921505,1.8887240585904361
mlp,304,0.90862,1.888905944501154
constant,305,0.90592,2.994563838374244
ridge,305,0.90691,2.235223933009341
rf,305,0.89284,1.7438006917177633
gbm,305,0.884935,1.6920771574666973
mlp,305,0.897235,1.8244239606500556
constant,306,0.9177,3.0884487332698676
ridge,306,0.90358,2.213936040553729
rf,306,0.902375,1.7932414265504824
gbm,306,0.88615,1.6981919600804771
mlp,306,0.89992,1.8393584400687986
constant,307,0.898125,2.9384315568154373
ridge,307,0.899135,2.187036525469745
rf,307,0.8981,1.7693430917266735
gbm,307,0.8942,1.7377288421281758
mlp,307,0.89085,1.7903686778360288
constant,308,0.897415,2.933420896077368
ridge,308,0.881935,2.0891267704252434
rf,308,0.885205,1.7068490918405237
gbm,308,0.898045,1.7572241913900934
mlp,308,0.9112,1.9040046376679869
constant,309,0.89979,2.9505325987677447
ridge,309,0.9043,2.218319996796135
rf,309,0.88382,1.7002285104122472
gbm,309,0.879065,1.6642885468352577
mlp,309,0.89664,1.8212519280485346
constant,310,0.894855,2.916173539465822
ridge,310,0.898445,2.1822143164136563
rf,310,0.907755,1.8236400801680834
gbm,310,0.908285,1.8113247591062343
mlp,310,0.914085,1.9218922050170895
constant,311,0.908625,3.015416016019345
ridge,311,0.915585,2.293915151900011
rf,311,0.902005,1.7911789685323831
gbm,311,0.899055,1.761716875183956
mlp,311,0.8985,1.831690206911774
constant,312,0.895395,2.9198835787973083
ridge,312,0.88118,2.0850834255026993
rf,312,0.89492,1.7540726320312898
gbm,312,0.896545,1.7493676356760282
mlp,312,0.9048,1.8667100311669222
constant,313,0.91277,3.0476878907207086
ridge,313,0.91709,2.304497141189058
rf,313,0.882795,1.6957669404869433
gbm,313,0.899725,1.7648004917153892
mlp,313,0.900935,1.8446574914697074
constant,314,0.91522,3.066705100240429
ridge,314,0.907055,2.2364330010964704
rf,314,0.905715,1.8115956978967145
gbm,314,0.907545,1.807639745549599
mlp,314,0.911895,1.9084218879472639
constant,315,0.90999,3.0266307348277035
ridge,315,0.904935,2.222122384924395
rf,315,0.91049,1.8388261495479967
gbm,315,0.91394,1.842614079953535
mlp,315,0.921655,1.9705985659616658
constant,316,0.884795,2.8517152726423523
ridge,316,0.91561,2.294087853235186
rf,316,0.911635,1.8457386674087723
gbm,316,0.90855,1.8126152357595653
mlp,316,0.88465,1.7597833455281693
constant,317,0.90417,2.9819215881615433
ridge,317,0.91893,2.317041881602789
rf,317,0.906375,1.8160773684240774
gbm,317,0.892335,1.7279475623670923
mlp,317,0.896965,1.8227598596895807
constant,318,0.936505,3.255258716617192
ridge,318,0.926665,2.37335792940396
rf,318,0.914165,1.8603198937199485
gbm,318,0.910225,1.8214367992071292
mlp,318,0.929535,2.0258105492197664
constant,319,0.90119,2.9606401383716126
ridge,319,0.91152,2.2656726348271756
rf,319,0.879065,1.6786933562428816
gbm,319,0.898145,1.7576587570872886
mlp,319,0.9045,1.8651262129155304
constant,320,0.918985,3.099464305797631
ridge,320,0.893465,2.1533177222296893
rf,320,0.88001,1.682794598147583
gbm,320,0.88121,1.6735857474497018
mlp,320,0.86966,1.6895267665730636
constant,321,0.90905,3.0192141161187305
ridge,321,0.91447,2.286091119473788
rf,321,0.915645,1.8686703476403967
gbm,321,0.91098,1.825724420093866
mlp,321,0.90025,1.8413540500199121
constant,322,0.875565,2.794669042175645
ridge,322,0.867965,2.018228200619394
rf,322,0.90235,1.7929639240509379
gbm,322,0.89194,1.7262095664777022
mlp,322,0.90217,1.851892039671808
constant,323,0.91028,3.0290941320822604
ridge,323,0.89786,2.1793192127589003
rf,323,0.907775,1.8238490174499917
gbm,323,0.888455,1.7084412330211598
mlp,323,0.90888,1.8906021863658675
constant,324,0.858505,2.6970944419448335
ridge,324,0.904695,2.2209159711830226
rf,324,0.897715,1.767869998373983
gbm,324,0.90332,1.783266570370577
mlp,324,0.917565,1.9432527584236434
constant,325,0.90408,2.981403424243225
ridge,325,0.907975,2.242178467710083
rf,325,0.910855,1.8412908301826054
gbm,325,0.89377,1.735055121116823
mlp,325,0.912345,1.9111172943103416
constant,326,0.911125,3.0356307729565355
ridge,326,0.87651,2.0608552309941794
rf,326,0.87613,1.6660858715338636
gbm,326,0.88368,1.6853125513911231
mlp,326,0.896615,1.820972058291928
constant,327,0.8824,2.836486324036197
ridge,327,0.88883,2.126757216256383
rf,327,0.889965,1.7297864991199694
gbm,327,0.892965,1.731183464560297
mlp,327,0.918015,1.9461277859728239
constant,328,0.90082,2.9584504812650323
ridge,328,0.887905,2.1217681248921036
rf,328,0.895475,1.7568814143502272
gbm,328,0.90202,1.7767529990016748
mlp,328,0.89846,1.8313551629694338
constant,329,0.915785,3.071184514583284
ridge,329,0.905655,2.2269657657357484
rf,329,0.920595,1.8984624847593743
gbm,329,0.91831,1.8698183649794102
mlp,329,0.912405,1.9114693009559265
constant,330,0.90962,3.023851624185207
ridge,330,0.88902,2.1277624666158914
rf,330,0.87154,1.646074871469729
gbm,330,0.878395,1.6615959424372253
mlp,330,0.886405,1.768799204183879
constant,331,0.900065,2.9528519648832
ridge,331,0.92498,2.3608999876344803
rf,331,0.92098,1.9002765064726093
gbm,331,0.91508,1.8502115773202956
mlp,331,0.919495,1.9558577518352054
constant,332,0.910355,3.0296322295386355
ridge,332,0.90545,2.225482634718343
rf,332,0.890945,1.7347847658404985
gbm,332,0.90392,1.7864726375841955
mlp,332,0.918645,1.9505581990557939
constant,333,0.899005,2.9443776200389022
ridge,333,0.893675,2.154989378348732
rf,333,0.902995,1.7968843249458382
gbm,333,0.90091,1.7706856967624716
mlp,333,0.88038,1.738060493782663
constant,334,0.921445,3.11870876754831
ridge,334,0.917015,2.3037705702698767
rf,334,0.918585,1.886032815108404
gbm,334,0.92056,1.883088635605969
mlp,334,0.89709,1.8234082721019225
constant,335,0.86475,2.7318632288004148
ridge,335,0.89659,2.171853037074439
rf,335,0.90143,1.7875285382288122
gbm,335,0.90376,1.785508739616315
mlp,335,0.90989,1.896155624997462
constant,336,0.91175,3.040165587580397
ridge,336,0.912885,2.275099019167425
rf,336,0.90377,1.8007860506796094
gbm,336,0.90476,1.7912112454880644
mlp,336,0.90182,1.8499047376044033
constant,337,0.89298,2.903702706979712
ridge,337,0.91836,2.313268567641783
rf,337,0.904115,1.8026565515084945
gbm,337,0.9145,1.8463194913402776
mlp,337,0.900615,1.8430275966432743
constant,338,0.916645,3.079604580064249
ridge,338,0.89538,2.1644185284748945
rf,338,0.8796,1.6808986330460836
gbm,338,0.876765,1.6536305284881923
mlp,338,0.88562,1.7647975450151856
constant,339,0.905435,2.9905004987080206
ridge,339,0.897685,2.178135960421383
rf,339,0.91461,1.862906859007976
gbm,339,0.925015,1.9118093792787487
mlp,339,0.918195,1.9473340483101502
constant,340,0.904795,2.9865374024442666
ridge,340,0.91214,2.2699465550136453
rf,340,0.896325,1.7611238018918474
gbm,340,0.89194,1.7261950116830107
mlp,340,0.86843,1.6835242252094447
constant,341,0.90961,3.023766418133226
ridge,341,0.88195,2.0891422382293583
rf,341,0.902395,1.7934310651829726
gbm,341,0.909045,1.8153930594953265
mlp,341,0.89793,1.828108122603701
constant,342,0.895685,2.9220865202550206
ridge,342,0.930415,2.4026911385397947
rf,342,0.90966,1.8344871533624119
gbm,342,0.932055,1.960354126423922
mlp,342,0.915885,1.932328092759772
constant,343,0.906645,3.000326274670959
ridge,343,0.906955,2.235615029481634
rf,343,0.918585,1.885987969716961
gbm,343,0.914935,1.8491699018791867
mlp,343,0.906375,1.8757286692179596
constant,344,0.90574,2.992950083635619
ridge,344,0.91091,2.262124957334942
rf,344,0.8934,1.7465470393813227
gbm,344,0.87481,1.6452404539185657
mlp,344,0.894625,1.8097280624197398
constant,345,0.894055,2.910854745075163
ridge,345,0.904555,2.219886459633725
rf,345,0.912915,1.8532750353584084
gbm,345,0.899935,1.7659381080423762
mlp,345,0.894655,1.8098461690983618
constant,346,0.902115,2.96751042184121
ridge,346,0.89152,2.141997451536179
rf,346,0.91638,1.873662724809012
gbm,346,0.897175,1.752560204305377
mlp,346,0.904205,1.8632126220862493
constant,347,0.90157,2.9633459928120356
ridge,347,0.904125,2.217133907812834
rf,347,0.902425,1.7936223802134146
gbm,347,0.899885,1.7656067151966233
mlp,347,0.89456,1.8093773158316024
constant,348,0.90783,3.008859886340029
ridge,348,0.91068,2.2602873609169087
rf,348,0.894565,1.7522819526515825
gbm,348,0.91263,1.8347053962189923
mlp,348,0.89058,1.7891448539789268
constant,349,0.896545,2.9272791997637455
ridge,349,0.881255,2.0855983285164843
rf,349,0.912215,1.8491599350212389
gbm,349,0.905585,1.7956545142553013
mlp,349,0.915915,1.9324831168471286
constant,350,0.906545,2.999679916817519
ridge,350,0.887535,2.119795269418417
rf,350,0.898375,1.7710569965308225
gbm,350,0.875705,1.6492762205745388
mlp,350,0.91118,1.9038525897471472
constant,351,0.906445,2.9989685622625206
ridge,351,0.90443,2.219054308807571
rf,351,0.8834,1.6983144096345224
gbm,351,0.883285,1.6834626045517356
mlp,351,0.895205,1.8133200841937716
constant,352,0.887555,2.867928385750533
ridge,352,0.903825,2.215311983976977
rf,352,0.90992,1.8360533072906404
gbm,352,0.899175,1.762106961766848
mlp,352,0.90238,1.8532910565674627
constant,353,0.882305,2.835925686869874
ridge,353,0.89118,2.1401538888654192
rf,353,0.905695,1.8114589298833756
gbm,353,0.90758,1.807795997187143
mlp,353,0.90275,1.8555248093095065
constant,354,0.90269,2.971899570466198
ridge,354,0.882165,2.090441274845669
rf,354,0.90107,1.78569325942556
gbm,354,0.915325,1.8516348374970006
mlp,354,0.89431,1.8079926778383846
constant,355,0.911515,3.0384421223773064
ridge,355,0.885105,2.106803777223118
rf,355,0.88734,1.7165729818372788
gbm,355,0.902995,1.7816216992147562
mlp,355,0.910205,1.89812576723575
constant,356,0.901155,2.960284284327141
ridge,356,0.90999,2.2555659555742102
rf,356,0.9026,1.794667055787048
gbm,356,0.90294,1.7813578225034923
mlp,356,0.91014,1.897729397195408
constant,357,0.88519,2.8541868470333434
ridge,357,0.918825,2.3164718792172367
rf,357,0.91026,1.8375823024742632
gbm,357,0.893515,1.7337038532213196
mlp,357,0.90181,1.849835301989962
constant,358,0.89656,2.9274457153932154
ridge,358,0.909325,2.250673935838843
rf,358,0.9015,1.7879341087712597
gbm,358,0.911765,1.8304987627479359
mlp,358,0.910335,1.8989463763163545
constant,359,0.896515,2.927129437268703
ridge,359,0.889405,2.1301506488173994
rf,359,0.89488,1.753899993827213
gbm,359,0.88157,1.67494391012012
mlp,359,0.875025,1.7138400504502913
constant,360,0.907605,3.006557077824879
ridge,360,0.90321,2.211652258594542
rf,360,0.88645,1.7125409714706386
gbm,360,0.89352,1.733777353691615
mlp,360,0.915995,1.9329565187181328
constant,361,0.88896,2.8774041345525374
ridge,361,0.905325,2.2249338962212883
rf,361,0.888145,1.7203103892556615
gbm,361,0.89592,1.7462262954920358
mlp,361,0.891785,1.795505826000602
constant,362,0.90655,2.99971207822976
ridge,362,0.867695,2.0168392901537002
rf,362,0.884285,1.7026029816901715
gbm,362,0.896915,1.7512173920992176
mlp,362,0.8871,1.7715792837409554
constant,363,0.8942,2.912001763561914
ridge,363,0.8973,2.175838149990307
rf,363,0.913725,1.8578735626074372
gbm,363,0.91452,1.8465167970156857
mlp,363,0.90935,1.893152672814169
constant,364,0.923155,3.132616435103821
ridge,364,0.915255,2.2914946180837656
rf,364,0.90586,1.8128103276159884
gbm,364,0.90637,1.8009739278742205
mlp,364,0.911155,1.9036728151417235
constant,365,0.91097,3.0341900108868263
ridge,365,0.910975,2.2624937589203453
rf,365,0.909175,1.8314677562164925
gbm,365,0.92369,1.9033615621870748
mlp,365,0.907425,1.8816359579236115
constant,366,0.85001,2.649850899646075
ridge,366,0.86585,2.007351467067118
rf,366,0.88936,1.7265738617032507
gbm,366,0.887145,1.7026189057423613
mlp,366,0.905755,1.8717481767551485
constant,367,0.922725,3.1291819804092187
ridge,367,0.89761,2.1775269978367136
rf,367,0.898155,1.769694650040724
gbm,367,0.89374,1.7349261508690106
mlp,367,0.88772,1.774512309825974
constant,368,0.924505,3.143767580239113
ridge,368,0.904945,2.2222373493637697
rf,368,0.907205,1.820565209013345
gbm,368,0.90982,1.819563221967485
mlp,368,0.90573,1.8717027998324967
constant,369,0.911435,3.0381195344794083
ridge,369,0.91744,2.306991887522063
rf,369,0.906905,1.8185982704174048
gbm,369,0.889205,1.7117879932044708
mlp,369,0.901435,1.8471921842574295
constant,370,0.90186,2.9655663433751345
ridge,370,0.900815,2.197613003395735
rf,370,0.89202,1.7400940855864073
gbm,370,0.897925,1.7564551213210877
mlp,370,0.901635,1.848549422816022
constant,371,0.917855,3.090282254390769
ridge,371,0.908005,2.2424907111526813
rf,371,0.87379,1.6550024966506482
gbm,371,0.88311,1.6825860294067545
mlp,371,0.87691,1.7225316429060988
constant,372,0.890635,2.8885651808266433
ridge,372,0.890525,2.1364876678100946
rf,372,0.87903,1.6785551468710662
gbm,372,0.88669,1.7007196421856714
mlp,372,0.89876,1.833334857491149
constant,373,0.897265,2.9323570334336635
ridge,373,0.89244,2.1474786471336036
rf,373,0.9121,1.8484755404624296
gbm,373,0.910475,1.823044361029841
mlp,373,0.912085,1.909650124230486
constant,374,0.904795,2.986635002715542
ridge,374,0.886425,2.1137843668680096
rf,374,0.9039,1.801565434863222
gbm,374,0.89316,1.7320891113947767
mlp,374,0.907495,1.8818887293774402
constant,375,0.882965,2.839853496115734
ridge,375,0.90706,2.2364899007271557
rf,375,0.904115,1.802678771281919
gbm,375,0.902995,1.7816288445819064
mlp,375,0.897235,1.8244260131355292
constant,376,0.89638,2.9265307855571363
ridge,376,0.89617,2.168948244478109
rf,376,0.896685,1.7628759789314337
gbm,376,0.89724,1.7529611821510167
mlp,376,0.90307,1.8571581469583336
constant,377,0.897715,2.9353718177414434
ridge,377,0.89895,2.185880286946385
rf,377,0.89267,1.743088581393046
gbm,377,0.895625,1.744480731765814
mlp,377,0.892315,1.798184068066315
constant,378,0.900375,2.9554071589549347
ridge,378,0.90763,2.2400847229033065
rf,378,0.90157,1.7882381416790727
gbm,378,0.915065,1.8500967933343149
mlp,378,0.910105,1.8975012922566166
constant,379,0.88126,2.828968534731021
ridge,379,0.889405,2.130116955030015
rf,379,0.89149,1.7374349967366554
gbm,379,0.900355,1.7680598098006697
mlp,379,0.883285,1.7525726085608353
constant,380,0.91558,3.0693399939455395
ridge,380,0.906365,2.2315193613183375
rf,380,0.91166,1.8459869662136938
gbm,380,0.89285,1.7305749107862787
mlp,380,0.90725,1.8807101403916608
constant,381,0.881295,2.829532272740847
ridge,381,0.896885,2.1735743370046254
rf,381,0.88347,1.698678450382741
gbm,381,0.89158,1.724342778334949
mlp,381,0.887925,1.775669116494145
constant,382,0.89757,2.9344146891748633
ridge,382,0.893945,2.156454425263398
rf,382,0.912235,1.8492442784776157
gbm,382,0.90865,1.8132761149736387
mlp,382,0.91606,1.9332961298413633
constant,383,0.886925,2.864133600113041
ridge,383,0.908285,2.2443470633412996
rf,383,0.90269,1.7951421241293315
gbm,383,0.90448,1.7892355792959935
mlp,383,0.912625,1.913124585827102
constant,384,0.911245,3.0364723122249666
ridge,384,0.917245,2.3056381319587893
rf,384,0.89896,1.7741899718763423
gbm,384,0.90271,1.7803104494755178
mlp,384,0.898745,1.83326206426527
constant,385,0.89857,2.941192756841554
ridge,385,0.89261,2.1485533324850152
rf,385,0.907985,1.825133916997094
gbm,385,0.914885,1.8487989356365562
mlp,385,0.9039,1.8615788329926515
constant,386,0.8925,2.9001621833333324
ridge,386,0.87818,2.0692972036107777
rf,386,0.859625,1.596056527481382
gbm,386,0.857835,1.5751297986903696
mlp,386,0.887475,1.7733266523460607
constant,387,0.916625,3.0793279071341555
ridge,387,0.89412,2.157672172316891
rf,387,0.90669,1.8176857722917497
gbm,387,0.89661,1.7497222969362003
mlp,387,0.908885,1.8907206329284334
constant,388,0.91088,3.033307577401355
ridge,388,0.89396,2.1565767608819146
rf,388,0.88166,1.6906623072498177
gbm,388,0.884265,1.6882936247263565
mlp,388,0.8744,1.7115274318487037
constant,389,0.898315,2.939896077554735
ridge,389,0.875165,2.0543290209515517
rf,389,0.91376,1.858075464626239
gbm,389,0.90924,1.816434616140076
mlp,389,0.92685,2.0062992419423167
constant,390,0.91358,3.05448272605169
ridge,390,0.912965,2.2758697970686823
rf,390,0.91084,1.841198792838242
gbm,390,0.92103,1.8860713673809169
mlp,390,0.92571,1.998142642011783
constant,391,0.878735,2.8130058633560617
ridge,391,0.879865,2.0779828015572033
rf,391,0.87579,1.6647199207429102
gbm,391,0.87461,1.6443565933568003
mlp,391,0.86155,1.6541849907456392
constant,392,0.872455,2.775695931838147
ridge,392,0.90862,2.2464075495687883
rf,392,0.90764,1.8229535658717413
gbm,392,0.89677,1.7502988797617944
mlp,392,0.893205,1.8023769613516902
constant,393,0.88911,2.878427520417562
ridge,393,0.90862,2.246408352038812
rf,393,0.88796,1.7195095025976204
gbm,393,0.89459,1.7395098629762507
mlp,393,0.8983,1.8303966430024965
constant,394,0.8788,2.813464757415729
ridge,394,0.87836,2.0703536411593575
rf,394,0.885825,1.7094877481497868
gbm,394,0.88176,1.6758154889058379
mlp,394,0.885455,1.7637016190150543
constant,395,0.911865,3.04108030568932
ridge,395,0.90753,2.2394292484483787
rf,395,0.904595,1.8057063791373804
gbm,395,0.906035,1.7987919037418345
mlp,395,0.89549,1.815023925912008
constant,396,0.906765,3.001008031925336
ridge,396,0.90848,2.245615095098999
rf,396,0.88682,1.7143263086464768
gbm,396,0.88516,1.6933888670708352
mlp,396,0.891655,1.79472018745653
constant,397,0.90456,2.9848818262828303
ridge,397,0.887295,2.1183216578106707
rf,397,0.881495,1.6898561567982948
gbm,397,0.88692,1.7017282285234774
mlp,397,0.903225,1.8580360008079684
constant,398,0.888245,2.8723170113954426
ridge,398,0.894125,2.15771587251975
rf,398,0.92259,1.9106980453735944
gbm,398,0.90978,1.8192229911346594
mlp,398,0.89923,1.8356965885768393
constant,399,0.9156,3.069681651617233
ridge,399,0.907515,2.2392591698245745
rf,399,0.90906,1.8307387229855099
gbm,399,0.903075,1.7818875993510417
mlp,399,0.918045,1.9462479823143302
constant,400,0.90419,2.98217724852828
ridge,400,0.904265,2.2180245662976237
rf,400,0.913625,1.8574037272522685
gbm,400,0.902165,1.777610812132121
mlp,400,0.88637,1.768620048553459
constant,401,0.91543,3.06817711486197
ridge,401,0.89731,2.175867023700946
rf,401,0.905795,1.8122498405580474
gbm,401,0.88868,1.7094552243291101
mlp,401,0.902375,1.8532016406148537
constant,402,0.900685,2.957465584438424
ridge,402,0.88351,2.098066107240904
rf,402,0.894675,1.7529034035603206
gbm,402,0.89603,1.7468358360297094
mlp,402,0.894095,1.8067652519488147
constant,403,0.89884,2.9432555959217854
ridge,403,0.90206,2.205080908778513
rf,403,0.88799,1.7196437025165388
gbm,403,0.895685,1.745074971224998
mlp,403,0.900455,1.8422119601438518
constant,404,0.90952,3.023264749264011
ridge,404,0.91052,2.259144100083298
rf,404,0.911405,1.8445985596261951
gbm,404,0.911055,1.826085188753713
mlp,404,0.89677,1.8217530354832676
constant,405,0.91564,3.0700454480359785
ridge,405,0.92802,2.3840001200309624
rf,405,0.912715,1.8520856771977237
gbm,405,0.92812,1.9325399337589872
mlp,405,0.911665,1.9071009069002902
constant,406,0.884365,2.848596577139122
ridge,406,0.90328,2.2120392998909715
rf,406,0.91009,1.8367481507489989
gbm,406,0.903715,1.7852163832347632
mlp,406,0.89906,1.834914029198075
constant,407,0.900305,2.954874830696566
ridge,407,0.908175,2.24366679184797
rf,407,0.909775,1.835222731333953
gbm,407,0.91996,1.8796576478034055
mlp,407,0.92525,1.9947389574711494
constant,408,0.90571,2.9928285312638456
ridge,408,0.906725,2.233911581424545
rf,408,0.911625,1.8456801631075144
gbm,408,0.91561,1.853358395009216
mlp,408,0.897185,1.8240921717726404
constant,409,0.903925,2.980445820235281
ridge,409,0.91892,2.3170253074802494
rf,409,0.928685,1.9502356717634801
gbm,409,0.917815,1.8669281500270603
mlp,409,0.93296,2.052047366792822
constant,410,0.89783,2.936367373355112
ridge,410,0.89641,2.1707027354769735
rf,410,0.897015,1.7642706743891803
gbm,410,0.89514,1.7418886421793065
mlp,410,0.88961,1.7837901788224906
constant,411,0.88456,2.8498196471623416
ridge,411,0.8724,2.040731249204564
rf,411,0.89827,1.7704653848037275
gbm,411,0.88433,1.6888479700202252
mlp,411,0.917725,1.9443663634444588
constant,412,0.919,3.0996314109253023
ridge,412,0.89974,2.1908743053838244
rf,412,0.9064,1.8162474574212113
gbm,412,0.910535,1.8233570021039984
mlp,412,0.912705,1.913802385731177
constant,413,0.89023,2.886049178517416
ridge,413,0.910555,2.2593129299313404
rf,413,0.898935,1.7740733710005478
gbm,413,0.903685,1.7851141098581151
mlp,413,0.906755,1.8778463487428896
constant,414,0.886525,2.861570429221902
ridge,414,0.899365,2.1886521023901193
rf,414,0.909605,1.8341163903935729
gbm,414,0.90945,1.817472349575997
mlp,414,0.919445,1.9554638682566015
constant,415,0.897735,2.935739512760186
ridge,415,0.900075,2.192840066611869
rf,415,0.91083,1.8410871513250364
gbm,415,0.89763,1.7551430029195147
mlp,415,0.905465,1.8702308488287505
constant,416,0.918725,3.0974035402101423
ridge,416,0.916415,2.299646765003045
rf,416,0.905095,1.8082184103709464
gbm,416,0.91233,1.8330125527595786
mlp,416,0.913045,1.9161022922571758
constant,417,0.900505,2.9563502997799835
ridge,417,0.905625,2.2266944710164682
rf,417,0.89396,1.749106638198364
gbm,417,0.88953,1.713506063920698
mlp,417,0.9214,1.9689722430993188
constant,418,0.869915,2.761370635577803
ridge,418,0.89344,2.153162473188786
rf,418,0.91255,1.851284644023675
gbm,418,0.902875,1.7810824965130512
mlp,418,0.916805,1.9380518470797123
constant,419,0.871535,2.770930693042769
ridge,419,0.86402,1.998306380489613
rf,419,0.906415,1.8163128727664257
gbm,419,0.907405,1.8068976790030757
mlp,419,0.904435,1.864749932618538
constant,420,0.89785,2.9365668409999035
ridge,420,0.915145,2.290775724174147
rf,420,0.8904,1.7316609606212536
gbm,420,0.90433,1.7883858975411382
mlp,420,0.92539,1.9957071221167888
constant,421,0.915275,3.0671738591952327
ridge,421,0.911905,2.268481704019726
rf,421,0.90689,1.8185448536798667
gbm,421,0.89934,1.7627589263128256
mlp,421,0.90869,1.889426915252821
constant,422,0.8809,2.826231450374877
ridge,422,0.89763,2.1777797880358385
rf,422,0.89422,1.750463486834152
gbm,422,0.88735,1.7035176525476774
mlp,422,0.89722,1.8243096081404702
constant,423,0.90208,2.9672886698064453
ridge,423,0.893245,2.1519231536055345
rf,423,0.90926,1.8318859255123179
gbm,423,0.89532,1.7428057911173034
mlp,423,0.889575,1.783649813692919
constant,424,0.88158,2.8317172660660814
ridge,424,0.902995,2.210539468677569
rf,424,0.881445,1.6895510193638128
gbm,424,0.87856,1.6621157396351722
mlp,424,0.90177,1.849564806255434
constant,425,0.91222,3.0436362538847153
ridge,425,0.90573,2.2273699843704904
rf,425,0.90822,1.8264007436950362
gbm,425,0.917165,1.862735954710985
mlp,425,0.918885,1.9519077814910566
constant,426,0.91403,3.0578138454668693
ridge,426,0.90672,2.2338555185279327
rf,426,0.904145,1.8029084162098732
gbm,426,0.897485,1.7541818962774223
mlp,426,0.910185,1.8979362889736082
constant,427,0.87571,2.7952937513861973
ridge,427,0.88632,2.1131725966856063
rf,427,0.894305,1.7508892078345277
gbm,427,0.90736,1.8065870850069652
mlp,427,0.90104,1.8451882542213114
constant,428,0.9168,3.081131263587734
ridge,428,0.925885,2.366733603321369
rf,428,0.910535,1.8391493579795362
gbm,428,0.920745,1.8845562958775752
mlp,428,0.9095,1.8941369817904536
constant,429,0.891415,2.8934392290577113
ridge,429,0.91188,2.268136432657086
rf,429,0.91641,1.87380176186207
gbm,429,0.904025,1.7869934515025943
mlp,429,0.91429,1.9228494990522726
constant,430,0.88853,2.874162121365484
ridge,430,0.890495,2.136172033445224
rf,430,0.89444,1.7515172276745976
gbm,430,0.901505,1.7740570375089595
mlp,430,0.910315,1.8987511615149606
constant,431,0.88068,2.8249602944772034
ridge,431,0.886485,2.1141528331745283
rf,431,0.89633,1.7611596010508972
gbm,431,0.8943,1.738452033574102
mlp,431,0.905885,1.8726517222555168
constant,432,0.913365,3.052170155144731
ridge,432,0.92491,2.3603618776658606
rf,432,0.91389,1.8588578236556348
gbm,432,0.918715,1.8722983906242416
mlp,432,0.916405,1.9355256691455087
constant,433,0.90264,2.971517803411966
ridge,433,0.88303,2.0957954528896883
rf,433,0.898195,1.7699535567219211
gbm,433,0.912645,1.8347591401490746
mlp,433,0.890795,1.7900480052329066
constant,434,0.90354,2.978024611192536
ridge,434,0.89202,2.1449672152140526
rf,434,0.922585,1.910547316626498
gbm,434,0.918355,1.8700869224552354
mlp,434,0.896975,1.822821695307387
constant,435,0.89803,2.93770115156366
ridge,435,0.912805,2.2745366622732783
rf,435,0.904595,1.8057115522434035
gbm,435,0.908525,1.8124495533187832
mlp,435,0.91578,1.9316758438853074
constant,436,0.913025,3.0496641487681995
ridge,436,0.9308,2.405477929396654
rf,436,0.909675,1.8345886282876733
gbm,436,0.911435,1.8282401728017923
mlp,436,0.91674,1.9377810918261493
constant,437,0.878425,2.811354894695258
ridge,437,0.89086,2.1385883560865646
rf,437,0.89294,1.7442628172167698
gbm,437,0.89825,1.7581539230536558
mlp,437,0.887635,1.7742059665911167
constant,438,0.91353,3.054079867812912
ridge,438,0.90461,2.2203547747676717
rf,438,0.886,1.7104757510657689
gbm,438,0.86909,1.621594159706175
mlp,438,0.890355,1.7877287410683944
constant,439,0.90559,2.9915826847757607
ridge,439,0.899635,2.1899898633358568
rf,439,0.91043,1.8384827916217286
gbm,439,0.92441,1.9082681737602498
mlp,439,0.92562,1.9974420700026951
constant,440,0.89007,2.884710354579923
ridge,440,0.89165,2.142767422480955
rf,440,0.896025,1.7595848922988977
gbm,440,0.888245,1.707378740302902
mlp,440,0.897235,1.8244122661046474
constant,441,0.86263,2.72035651447078
ridge,441,0.88615,2.1123209331107473
rf,441,0.886275,1.711775660985014
gbm,441,0.890015,1.715962121805628
mlp,441,0.90613,1.8740488086877045
constant,442,0.89263,2.9013585756861993
ridge,442,0.9085,2.245658627548249
rf,442,0.907035,1.8194118591967987
gbm,442,0.9013,1.77297975838206
mlp,442,0.902055,1.8513051951132278
constant,443,0.902035,2.966804846629949
ridge,443,0.88574,2.11005643866004
rf,443,0.90145,1.7876902962180585
gbm,443,0.90712,1.8051199872223034
mlp,443,0.89519,1.8131814113807323
constant,444,0.897495,2.9339044475375555
ridge,444,0.899795,2.1911818062222057
rf,444,0.89467,1.7528910732601277
gbm,444,0.893775,1.735059654661919
mlp,444,0.907315,1.8810440892823117
constant,445,0.888525,2.8741328616988246
ridge,445,0.896555,2.1715364217099187
rf,445,0.895295,1.755987827197497
gbm,445,0.895775,1.745424941966312
mlp,445,0.904055,1.862293551953667
constant,446,0.9014,2.962149539864651
ridge,446,0.898575,2.1831911649109603
rf,446,0.907115,1.8199014646928093
gbm,446,0.893675,1.7344980257541773
mlp,446,0.883895,1.7558867418014956
constant,447,0.88599,2.858883957015121
ridge,447,0.897375,2.1761823190774354
rf,447,0.894565,1.752331445111854
gbm,447,0.88218,1.6780466408550152
mlp,447,0.89192,1.796149285387676
constant,448,0.89537,2.919768186212222
ridge,448,0.91252,2.272578403022164
rf,448,0.90018,1.7809694607004467
gbm,448,0.9112,1.8268564288177447
mlp,448,0.886625,1.769856486700787
constant,449,0.88719,2.865967051578436
ridge,449,0.90628,2.231044210381351
rf,449,0.91262,1.851559029696654
gbm,449,0.897185,1.7526589735260583
mlp,449,0.923725,1.984612734385894
constant,450,0.915095,3.0656363326303095
ridge,450,0.89276,2.1492734854558035
rf,450,0.88914,1.725547558191723
gbm,450,0.905165,1.7935371036875414
mlp,450,0.882765,1.750081880907862
constant,451,0.90635,2.9982305036518504
ridge,451,0.906155,2.2304734605626555
rf,451,0.92188,1.9063105348477254
gbm,451,0.90459,1.7899204028234144
mlp,451,0.91514,1.9281472943023372
constant,452,0.895275,2.919098551834022
ridge,452,0.90577,2.2276580145592533
rf,452,0.901655,1.7887047707080654
gbm,452,0.89576,1.7453607783782732
mlp,452,0.889,1.781048337701743
constant,453,0.912595,3.04645317886955
ridge,453,0.934315,2.432141512122179
rf,453,0.922395,1.9093461678054338
gbm,453,0.93562,1.9854207911767578
mlp,453,0.926005,2.0004030249077767
constant,454,0.92567,3.1532551290243225
ridge,454,0.89143,2.1412994494462456
rf,454,0.89997,1.7801231898774499
gbm,454,0.902775,1.7805805436127868
mlp,454,0.899855,1.8389290672672272
constant,455,0.90464,2.9853537177097866
ridge,455,0.906935,2.235467526620724
rf,455,0.91334,1.8558432352643681
gbm,455,0.90086,1.770433999445226
mlp,455,0.91131,1.9049414741760606
constant,456,0.90986,3.025732828532031
ridge,456,0.910995,2.2626937052023455
rf,456,0.924395,1.9217351669365526
gbm,456,0.90876,1.8138119397978039
mlp,456,0.90017,1.840592206713351
constant,457,0.896695,2.9283968529250997
ridge,457,0.894885,2.161844008159197
rf,457,0.884615,1.7041116931542721
gbm,457,0.89067,1.7193213214868726
mlp,457,0.886915,1.7707998798452667
constant,458,0.892165,2.8977805902489218
ridge,458,0.879075,2.0740040578205035
rf,458,0.9058,1.812363123924063
gbm,458,0.90966,1.8186074885298613
mlp,458,0.91375,1.9201061313553078
constant,459,0.921805,3.121195690802965
ridge,459,0.922745,2.3441518236478873
rf,459,0.89604,1.759624417692833
gbm,459,0.89434,1.73858672076849
mlp,459,0.89891,1.8341988633387312
constant,460,0.888865,2.876771962724245
ridge,460,0.90207,2.2051165642149506
rf,460,0.879035,1.6785970085355812
gbm,460,0.883145,1.6827052874435073
mlp,460,0.889585,1.783698143608231
constant,461,0.898355,2.940028680434832
ridge,461,0.90138,2.201621878772005
rf,461,0.902125,1.7917091917311487
gbm,461,0.90963,1.8183557565650648
mlp,461,0.918745,1.9511845192045247
constant,462,0.9016,2.9635197527033093
ridge,462,0.90385,2.215438316539875
rf,462,0.92409,1.9198091183788972
gbm,462,0.916175,1.856678001286165
mlp,462,0.89134,1.7928233395595048
constant,463,0.923415,3.1349934458404274
ridge,463,0.906695,2.233593720286915
rf,463,0.89782,1.7685164647721716
gbm,463,0.89394,1.7361084876033819
mlp,463,0.8996,1.8375531906879736
constant,464,0.88829,2.872673530981091
ridge,464,0.89712,2.1747364574059467
rf,464,0.878005,1.674137759591394
gbm,464,0.864685,1.6024982195375723
mlp,464,0.883005,1.7512316092848141
constant,465,0.892445,2.89956584537396
ridge,465,0.891525,2.1420428955426587
rf,465,0.90842,1.8271936844903587
gbm,465,0.89624,1.7478826934281286
mlp,465,0.920555,1.9631893923146806
constant,466,0.89924,2.9460714420403784
ridge,466,0.89793,2.17956325718874
rf,466,0.89988,1.7795648624980795
gbm,466,0.906975,1.8042844156229685
mlp,466,0.899845,1.838905204162438
constant,467,0.90692,3.0023119457825045
ridge,467,0.907135,2.2369236269274544
rf,467,0.90185,1.7899812900689263
gbm,467,0.91417,1.844196441276498
mlp,467,0.92196,1.9726332945550125
constant,468,0.897055,2.930778464927396
ridge,468,0.903495,2.2133885346106403
rf,468,0.91236,1.8500815593577906
gbm,468,0.91869,1.872143675898435
mlp,468,0.89774,1.8268498893962255
constant,469,0.89552,2.920915710936006
ridge,469,0.898045,2.180348543066523
rf,469,0.891885,1.7395733527439323
gbm,469,0.90563,1.7958243678939567
mlp,469,0.89172,1.7951106833615702
constant,470,0.905475,2.9906944354736167
ridge,470,0.902455,2.2071908123648507
rf,470,0.894705,1.7530034733448034
gbm,470,0.89429,1.7382130194429581
mlp,470,0.89412,1.8069217441702445
constant,471,0.906185,2.996849435292218
ridge,471,0.909795,2.2542338392344825
rf,471,0.904815,1.8068449140762932
gbm,471,0.904645,1.7904677581966457
mlp,471,0.89703,1.823149138815033
constant,472,0.90829,3.0127768737557643
ridge,472,0.891325,2.1408736850041103
rf,472,0.906335,1.8157307729315515
gbm,472,0.900405,1.7683358431976406
mlp,472,0.894945,1.8116281680967021
constant,473,0.89557,2.9212791304111594
ridge,473,0.889415,2.130204474328122
rf,473,0.891295,1.7363815560456959
gbm,473,0.87063,1.6287356229233512
mlp,473,0.87888,1.7313788723097308
constant,474,0.88422,2.8477400943944424
ridge,474,0.87683,2.0623385780199763
rf,474,0.89114,1.7353697634290208
gbm,474,0.87731,1.6563972777516685
mlp,474,0.894335,1.8081334095564763
constant,475,0.90433,2.9829433169899264
ridge,475,0.922505,2.342133555863609
rf,475,0.90353,1.79981655997067
gbm,475,0.90001,1.766520554672113
mlp,475,0.90981,1.895845189578801
constant,476,0.89603,2.9240905767875827
ridge,476,0.91252,2.2726516615388683
rf,476,0.9106,1.8395344295874607
gbm,476,0.89736,1.7536150799693417
mlp,476,0.91009,1.8973315176434689
constant,477,0.90664,3.000305859664994
ridge,477,0.902095,2.205211021711899
rf,477,0.911195,1.8436707523789013
gbm,477,0.906325,1.8006103623174643
mlp,477,0.91056,1.9004518844332898
constant,478,0.90971,3.024423275387292
ridge,478,0.916435,2.2998047604975467
rf,478,0.92222,1.9084850259207276
gbm,478,0.92628,1.9200165418502835
mlp,478,0.93481,2.0666877284546117
constant,479,0.889655,2.882116272289519
ridge,479,0.89365,2.1546719113463206
rf,479,0.88281,1.695829199660551
gbm,479,0.890035,1.7161433919111642
mlp,479,0.88306,1.7514963627304945
constant,480,0.88841,2.8733325548082194
ridge,480,0.878325,2.070267789747191
rf,480,0.9104,1.838300335038869
gbm,480,0.903575,1.7847274986342834
mlp,480,0.914965,1.9272557350330966
constant,481,0.917035,3.0828440943582
ridge,481,0.892405,2.1471695532791912
rf,481,0.90846,1.8274181107095102
gbm,481,0.9031,1.7820918536515302
mlp,481,0.918655,1.950666054191157
constant,482,0.87847,2.811573614668255
ridge,482,0.905165,2.2235711562906992
rf,482,0.911205,1.8437402255122006
gbm,482,0.89872,1.76031523001635
mlp,482,0.903485,1.8596601501155094
constant,483,0.88759,2.8681758744499346
ridge,483,0.909155,2.24965956976715
rf,483,0.89077,1.733821046365343
gbm,483,0.89332,1.7328047446102757
mlp,483,0.90553,1.8707164849414857
constant,484,0.89662,2.9278560192820784
ridge,484,0.92166,2.3358409463002223
rf,484,0.887225,1.7159907085848345
gbm,484,0.889615,1.7139297712637154
mlp,484,0.905915,1.8729842486237502
constant,485,0.902895,2.9733994766470904
ridge,485,0.9044,2.218880416043413
rf,485,0.900405,1.7823978406250693
gbm,485,0.895695,1.745082579935078
mlp,485,0.912855,1.9146800785255838
constant,486,0.91178,3.0403881710075424
ridge,486,0.90702,2.2361263908883746
rf,486,0.920075,1.8952085114118962
gbm,486,0.920845,1.8850920965063802
mlp,486,0.912705,1.9138651524128167
constant,487,0.891495,2.893719513454439
ridge,487,0.913415,2.2788946240264383
rf,487,0.91384,1.8585764153911384
gbm,487,0.897195,1.7527233699409719
mlp,487,0.897105,1.823457536675522
constant,488,0.893025,2.9042292640955756
ridge,488,0.88037,2.080699912780773
rf,488,0.92245,1.9096962294698447
gbm,488,0.915095,1.8502565765903896
mlp,488,0.91378,1.920342188353377
constant,489,0.898455,2.9404502535076595
ridge,489,0.897475,2.1769082957399988
rf,489,0.8849,1.7055782790136058
gbm,489,0.884265,1.6883251089807294
mlp,489,0.896245,1.818735330152063
constant,490,0.893965,2.910317270564934
ridge,490,0.894485,2.159752178496882
rf,490,0.91796,1.8822553211477893
gbm,490,0.91638,1.8578067260501876
mlp,490,0.897225,1.8243374550863896
constant,491,0.891205,2.8922055588669684
ridge,491,0.910065,2.2561030169986624
rf,491,0.90242,1.7936174612656526
gbm,491,0.897205,1.7527994972835135
mlp,491,0.90453,1.865217655695392
constant,492,0.874965,2.7909703205626197
ridge,492,0.860385,1.9811904254631856
rf,492,0.900715,1.7840638366652217
gbm,492,0.891555,1.7241237602965165
mlp,492,0.88224,1.74725614105619
constant,493,0.91067,3.0316907160764215
ridge,493,0.909315,2.2506057161161275
rf,493,0.91446,1.8619661539804884
gbm,493,0.922745,1.8974527101364131
mlp,493,0.899795,1.8387238449817496
constant,494,0.906015,2.9955553207955417
ridge,494,0.901555,2.2024209743842666
rf,494,0.92808,1.9459305543704961
gbm,494,0.92326,1.9005493426337425
mlp,494,0.92226,1.9747375229741178
constant,495,0.914115,3.0585841740935393
ridge,495,0.925445,2.364185417651913
rf,495,0.915935,1.870314824482577
gbm,495,0.91153,1.8287408332450705
mlp,495,0.894335,1.8081920251797978
constant,496,0.90967,3.0241292082038784
ridge,496,0.916995,2.3036026080000602
rf,496,0.92166,1.9046857042880894
gbm,496,0.91718,1.8628027589427947
mlp,496,0.909605,1.8947415545906827
constant,497,0.90952,3.023320556593971
ridge,497,0.8966,2.171962281457793
rf,497,0.9014,1.7871841084217985
gbm,497,0.91201,1.8317954203334366
mlp,497,0.884705,1.7600281331704075
constant,498,0.88706,2.865368315369059
ridge,498,0.890085,2.1338724330241137
rf,498,0.886275,1.7117672806440059
gbm,498,0.89962,1.7642759977400087
mlp,498,0.88374,1.754980257392989
constant,499,0.906855,3.0018083066844503
ridge,499,0.90684,2.234699242374214
rf,499,0.90202,1.7912309535154372
gbm,499,0.890455,1.718376421857779
mlp,499,0.90132,1.8466538660615053
constant,500,0.896215,2.9252853653992235
ridge,500,0.92336,2.3480862821532504
rf,500,0.916145,1.8716859811604576
gbm,500,0.91255,1.8340856334096207
mlp,500,0.90894,1.8910108794004241
constant,501,0.89109,2.8915023093318695
ridge,501,0.881815,2.0886661685313603
rf,501,0.890805,1.7340927698259438
gbm,501,0.893255,1.7325739836110055
mlp,501,0.88289,1.7506424364684678
constant,502,0.89106,2.8912714987472095
ridge,502,0.89824,2.1813167347565443
rf,502,0.899455,1.7769809456969592
gbm,502,0.919275,1.8756455535607905
mlp,502,0.91237,1.9113198006435366
constant,503,0.907805,3.0086430761432075
ridge,503,0.891675,2.1428949516317206
rf,503,0.90246,1.7939145839245174
gbm,503,0.89156,1.7241976042705154
mlp,503,0.891345,1.7928863015802796
constant,504,0.868255,2.752337406442477
ridge,504,0.91122,2.264038214876552
rf,504,0.87585,1.6650158482738684
gbm,504,0.9011,1.7718512575884593
mlp,504,0.88789,1.7755167273371852
constant,505,0.894225,2.9122744678709465
ridge,505,0.892235,2.1461746227909044
rf,505,0.911585,1.8455700167137388
gbm,505,0.90968,1.818688372709294
mlp,505,0.897555,1.8260117511191647
constant,506,0.91344,3.0529304340492898
ridge,506,0.923685,2.3505636950836237
rf,506,0.91334,1.855658434960874
gbm,506,0.91879,1.8726962063261934
mlp,506,0.905915,1.8729296064209273
constant,507,0.888175,2.8718839031452275
ridge,507,0.90679,2.2342700506583237
rf,507,0.903555,1.7998962093544422
gbm,507,0.908175,1.811017259717654
mlp,507,0.90995,1.8964232207168288
constant,508,0.899595,2.9489692250076835
ridge,508,0.9155,2.2931965014966047
rf,508,0.905715,1.8115811176302086
gbm,508,0.90041,1.7683489559018946
mlp,508,0.900395,1.8417659816374827
constant,509,0.895275,2.919097507371098
ridge,509,0.88877,2.1264087094062516
rf,509,0.900685,1.7838151735734777
gbm,509,0.89853,1.7594575094614486
mlp,509,0.913195,1.916938651373343
constant,510,0.914205,3.0592788894660217
ridge,510,0.902475,2.2073766217140207
rf,510,0.926065,1.9333455455368855
gbm,510,0.92175,1.8902401882688598
mlp,510,0.91096,1.9025551155388838
constant,511,0.880135,2.8213109469275075
ridge,511,0.874015,2.0487430798189674
rf,511,0.888295,1.720995357319516
gbm,511,0.902695,1.780263525569361
mlp,511,0.894595,1.8096300149805935
constant,512,0.920015,3.1084929291432646
ridge,512,0.888475,2.1247580447562138
rf,512,0.91037,1.8381395421074982
gbm,512,0.90795,1.809692886823311
mlp,512,0.915285,1.9289817566936982
constant,513,0.9022,2.967926957084151
ridge,513,0.925325,2.3633974320314177
rf,513,0.89778,1.768142362602886
gbm,513,0.902425,1.7786682911414233
mlp,513,0.90874,1.8897208869759734
constant,514,0.883315,2.841942834348805
ridge,514,0.916695,2.301261703141714
rf,514,0.90316,1.7978597101164846
gbm,514,0.909885,1.8197820058714247
mlp,514,0.91984,1.958203502536241
constant,515,0.916265,3.0755738809192827
ridge,515,0.9173,2.3060703799152105
rf,515,0.915245,1.8666571912874887
gbm,515,0.92103,1.8861264681542176
mlp,515,0.930345,2.0316423509037875
constant,516,0.91458,3.0619583581394307
ridge,516,0.892475,2.147671135631141
rf,516,0.87634,1.6669483133125231
gbm,516,0.87955,1.6662676898445952
mlp,516,0.906935,1.8787767701741505
constant,517,0.89855,2.941039756272093
ridge,517,0.883445,2.09771608640755
rf,517,0.885825,1.7094509654271919
gbm,517,0.89941,1.7630591115707848
mlp,517,0.917065,1.9398638024902952
constant,518,0.909025,3.018918367170892
ridge,518,0.90759,2.2398184241739525
rf,518,0.898525,1.7718240396701948
gbm,518,0.8941,1.7370595140444876
mlp,518,0.890015,1.7859907596949751
constant,519,0.90349,2.977380955515933
ridge,519,0.902835,2.2089558693842632
rf,519,0.910605,1.8396441879579797
gbm,519,0.907545,1.8076374486428346
mlp,519,0.881495,1.7434146792885965
constant,520,0.89559,2.9215053953649477
ridge,520,0.908335,2.2445667650176944
rf,520,0.91678,1.8757118519537364
gbm,520,0.910895,1.8251115961013298
mlp,520,0.91265,1.9132999553901806
constant,521,0.881115,2.8280264169357814
ridge,521,0.89507,2.162728578326849
rf,521,0.896305,1.7610423846157621
gbm,521,0.907515,1.8075327617163137
mlp,521,0.898985,1.8345050178251538
constant,522,0.932885,3.2186368892934842
ridge,522,0.9294,2.394679548120695
rf,522,0.918055,1.8828663547809725
gbm,522,0.924695,1.9100888375115335
mlp,522,0.92102,1.9664666872576815
constant,523,0.89392,2.9100213523943905
ridge,523,0.90685,2.234714231863716
rf,523,0.881785,1.6913018896012584
gbm,523,0.860795,1.5865453324954735
mlp,523,0.882415,1.7481683442334854
constant,524,0.9168,3.0811524422655925
ridge,524,0.892825,2.1497783208129864
rf,524,0.913155,1.85459275221322
gbm,524,0.90433,1.7883695682987573
mlp,524,0.91096,1.9025163841362733
constant,525,0.90897,3.018293413807001
ridge,525,0.90011,2.1932914735486233
rf,525,0.91494,1.8650228196894716
gbm,525,0.92088,1.8852415499895
mlp,525,0.907705,1.8832320450717819
constant,526,0.899215,2.9459253271426613
ridge,526,0.91668,2.3011798822392984
rf,526,0.913445,1.8564224447091497
gbm,526,0.904865,1.791835597249897
mlp,526,0.92491,1.9922235740169238
constant,527,0.900695,2.95751746693964
ridge,527,0.90781,2.241347935464634
rf,527,0.90504,1.8079665615149585
gbm,527,0.909605,1.8181120789857577
mlp,527,0.91172,1.9073553866248831
constant,528,0.89729,2.9327232491238906
ridge,528,0.910905,2.26203103197397
rf,528,0.90894,1.829935185271884
gbm,528,0.915835,1.8546151984028603
mlp,528,0.91514,1.9281411645652609
constant,529,0.88521,2.8544106166042553
ridge,529,0.88737,2.1187045634811508
rf,529,0.908385,1.827028505867093
gbm,529,0.895165,1.7421003541463962
mlp,529,0.92078,1.9645642219255623
constant,530,0.91452,3.0615026033386536
ridge,530,0.910105,2.256381560215421
rf,530,0.901895,1.7902760043651047
gbm,530,0.899315,1.7626339664680453
mlp,530,0.87388,1.7087823928113859
constant,531,0.916215,3.07509393905214
ridge,531,0.90008,2.19287886796326
rf,531,0.87425,1.6572920389894203
gbm,531,0.896435,1.7488299990725247
mlp,531,0.90332,1.8585709861482325
constant,532,0.91675,3.080600635738139
ridge,532,0.90941,2.251125016373173
rf,532,0.896085,1.7598829795441278
gbm,532,0.90987,1.8197498864298984
mlp,532,0.9112,1.9040166507301959
constant,533,0.89622,2.925328896908595
ridge,533,0.893305,2.1522027034124775
rf,533,0.890415,1.731764709672077
gbm,533,0.88986,1.715255813199763
mlp,533,0.908125,1.8858647194766662
constant,534,0.91,3.0267433232881347
ridge,534,0.89718,2.1751450600885196
rf,534,0.887805,1.7187594818346361
gbm,534,0.8736,1.6404168691933854
mlp,534,0.895245,1.8134538503046873
constant,535,0.910405,3.029902670399392
ridge,535,0.88303,2.0957801059714605
rf,535,0.88955,1.72792312184687
gbm,535,0.90081,1.7702063779929644
mlp,535,0.873165,1.705205366965979
constant,536,0.89129,2.892646893408995
ridge,536,0.907175,2.2372389927262706
rf,536,0.893885,1.7488714227768738
gbm,536,0.89483,1.740516267581025
mlp,536,0.883375,1.7530912826140441
constant,537,0.866775,2.743885415807597
ridge,537,0.904695,2.2209100980240857
rf,537,0.90124,1.7862312587385032
gbm,537,0.893695,1.7346540372033132
mlp,537,0.903735,1.8608790642739623
constant,538,0.894655,2.9149281421115134
ridge,538,0.91029,2.25749105847449
rf,538,0.9067,1.8177190434334145
gbm,538,0.924335,1.907852482305631
mlp,538,0.899565,1.8373746784522997
constant,539,0.897645,2.9348013277180813
ridge,539,0.903685,2.214425102656689
rf,539,0.88827,1.7208498389319025
gbm,539,0.889745,1.7146360494787443
mlp,539,0.89503,1.8120818062718063
constant,540,0.87736,2.8051077491426257
ridge,540,0.90271,2.208495537234848
rf,540,0.89969,1.778329907714262
gbm,540,0.902275,1.7781727497022175
mlp,540,0.88814,1.7766734581206294
constant,541,0.87619,2.797856005372128
ridge,541,0.88399,2.1005871011274304
rf,541,0.874065,1.6561673484890418
gbm,541,0.87729,1.6563189241324194
mlp,541,0.87059,1.6943247273536657
constant,542,0.895855,2.923008579203453
ridge,542,0.89793,2.1795583221801147
rf,542,0.90326,1.7985155051490347
gbm,542,0.89057,1.71892862598583
mlp,542,0.88665,1.7699874226888446
constant,543,0.90288,2.9733329515259044
ridge,543,0.924815,2.35928888648783
rf,543,0.911065,1.8426327749129046
gbm,543,0.90464,1.7903354018207018
mlp,543,0.90823,1.8864001951412623
constant,544,0.886005,2.8590034636545667
ridge,544,0.87567,2.056543180956577
rf,544,0.892745,1.7432881121858028
gbm,544,0.903295,1.7831260064297296
mlp,544,0.89878,1.8333717259515139
constant,545,0.892575,2.900781567688835
ridge,545,0.887825,2.1213646474518035
rf,545,0.89008,1.7304271596280538
gbm,545,0.89006,1.7162555442159546
mlp,545,0.90727,1.8808644319069583
constant,546,0.90408,2.981367023264043
ridge,546,0.903515,2.213534863365576
rf,546,0.893155,1.7451619097502002
gbm,546,0.89425,1.7380569580964766
mlp,546,0.89004,1.7861291724267814
constant,547,0.90814,3.0116042037365247
ridge,547,0.89546,2.164945947921915
rf,547,0.898785,1.7734350309250342
gbm,547,0.896915,1.75120154886518
mlp,547,0.910215,1.8982535470754938
constant,548,0.91832,3.0942799633306715
ridge,548,0.90964,2.2525662517009097
rf,548,0.910755,1.8406168191450007
gbm,548,0.908045,1.810332704993254
mlp,548,0.90712,1.8799078809553809
constant,549,0.907745,3.0079961561508384
ridge,549,0.908115,2.243255676106529
rf,549,0.907615,1.8227950701353757
gbm,549,0.91253,1.8339729023615245
mlp,549,0.92333,1.9815379168794058
constant,550,0.88279,2.838889370184046
ridge,550,0.899615,2.189903784217503
rf,550,0.911185,1.843580941899503
gbm,550,0.917355,1.8641624683294098
mlp,550,0.9199,1.9586387687919415
constant,551,0.906245,2.99735323262109
ridge,551,0.898315,2.181633653242696
rf,551,0.89385,1.748720523677826
gbm,551,0.902595,1.779738402978978
mlp,551,0.884555,1.7593562891280639
constant,552,0.911035,3.034816616548481
ridge,552,0.91792,2.310130129550161
rf,552,0.91826,1.8841509135057706
gbm,552,0.912695,1.835215093242546
mlp,552,0.901495,1.8475461690568067
constant,553,0.91658,3.078887773219397
ridge,553,0.923715,2.3508786386542466
rf,553,0.913255,1.855148003127534
gbm,553,0.895035,1.7414061174221707
mlp,553,0.9065,1.8764967027651362
constant,554,0.9057,2.9926026008582856
ridge,554,0.887435,2.119117911796296
rf,554,0.915895,1.8700839362505417
gbm,554,0.894545,1.73936726538277
mlp,554,0.913945,1.9212444636616477
constant,555,0.92888,3.1809446725632418
ridge,555,0.906975,2.2358141067111816
rf,555,0.90986,1.8356559728555695
gbm,555,0.916955,1.8612569101198466
mlp,555,0.923105,1.9799812228132438
constant,556,0.880595,2.824419910529082
ridge,556,0.879,2.073552352425205
rf,556,0.88837,1.7213524605774486
gbm,556,0.88827,1.7076397541776154
mlp,556,0.88753,1.7737640432290704
constant,557,0.896335,2.9263008730224764
ridge,557,0.91856,2.314683701538433
rf,557,0.9133,1.8553093379774621
gbm,557,0.91839,1.8702707741450257
mlp,557,0.895995,1.817209377572793
constant,558,0.885595,2.8568245752528014
ridge,558,0.91372,2.2816162948423604
rf,558,0.903465,1.799662427514694
gbm,558,0.911905,1.831275402797114
mlp,558,0.899565,1.8374217519374891
constant,559,0.910795,3.03256257239007
ridge,559,0.891,2.139314078591168
rf,559,0.893715,1.7480042827956588
gbm,559,0.87132,1.6313723811927452
mlp,559,0.87381,1.7084627260791143
constant,560,0.896025,2.9239882022092685
ridge,560,0.90967,2.2529621959799258
rf,560,0.89847,1.7714845425343941
gbm,560,0.899235,1.7622950457425595
mlp,560,0.908835,1.8902606507975552
constant,561,0.914515,3.061491680828893
ridge,561,0.921755,2.3363579376500487
rf,561,0.91258,1.8514260680588739
gbm,561,0.89933,1.7626843513555333
mlp,561,0.91772,1.9443245605605761
constant,562,0.895515,2.920872489018212
ridge,562,0.91368,2.2809564120159598
rf,562,0.927385,1.9414488389862632
gbm,562,0.918405,1.8704349834231246
mlp,562,0.91492,1.9268157258969558
constant,563,0.889135,2.878767253247564
ridge,563,0.888935,2.1273262426544064
rf,563,0.85989,1.5969415084569196
gbm,563,0.895055,1.7414866319445386
mlp,563,0.889395,1.7827764377003044
constant,564,0.91458,3.0619447712621586
ridge,564,0.91059,2.2596135799188497
rf,564,0.94101,2.0421572196052855
gbm,564,0.93227,1.9620136109113906
mlp,564,0.932095,2.0451909846312244
constant,565,0.893655,2.9081799095135015
ridge,565,0.890085,2.1338877432681103
rf,565,0.926175,1.9340183298107176
gbm,565,0.91715,1.8626476890685295
mlp,565,0.908735,1.8896139667632412
constant,566,0.8899,2.8836822108976303
ridge,566,0.888745,2.1262941324481375
rf,566,0.91214,1.84863489217259
gbm,566,0.90193,1.7763407306553443
mlp,566,0.894995,1.8119150222670655
constant,567,0.90026,2.954577215264642
ridge,567,0.909655,2.252845109822649
rf,567,0.896535,1.7622702938269263
gbm,567,0.899885,1.7656282783030126
mlp,567,0.87663,1.7210867027938765
constant,568,0.899325,2.9467817056762193
ridge,568,0.88967,2.131642654614211
rf,568,0.9166,1.8748595502768506
gbm,568,0.903965,1.786727033695183
mlp,568,0.898345,1.83062780873053
constant,569,0.8643,2.729129871012831
ridge,569,0.87707,2.063772174383383
rf,569,0.898105,1.7694352361286
gbm,569,0.909225,1.8163430371743898
mlp,569,0.897965,1.828277668820092
constant,570,0.91825,3.0936067198550203
ridge,570,0.905565,2.226389929052389
rf,570,0.911405,1.8446085424602874
gbm,570,0.924065,1.9059920149776501
mlp,570,0.911075,1.903295928557938
constant,571,0.91324,3.0511413831974954
ridge,571,0.890175,2.134367553411799
rf,571,0.9095,1.8333580810876873
gbm,571,0.908,1.8099824129527202
mlp,571,0.887565,1.7739367168991638
constant,572,0.90793,3.009704593564983
ridge,572,0.90476,2.221248180129797
rf,572,0.9124,1.8503353881946765
gbm,572,0.91412,1.8439309816661869
mlp,572,0.91727,1.941254827540633
constant,573,0.91493,3.0642712748769982
ridge,573,0.906105,2.2301819273918566
rf,573,0.914195,1.8605511656808662
gbm,573,0.904245,1.7879869478631585
mlp,573,0.90517,1.868689070421439
constant,574,0.899605,2.949106031727789
ridge,574,0.917315,2.3062695181020727
rf,574,0.90245,1.7938902860178372
gbm,574,0.9116,1.8293062351648022
mlp,574,0.92062,1.9636031425936158
constant,575,0.872435,2.7755408598752567
ridge,575,0.906055,2.229923200943859
rf,575,0.887085,1.7153862496219272
gbm,575,0.882525,1.6800124231887341
mlp,575,0.89507,1.8124810214758518
constant,576,0.90149,2.962677129370701
ridge,576,0.91077,2.2608418591301627
rf,576,0.937195,2.009762046954639
gbm,576,0.911565,1.8291247638220134
mlp,576,0.92607,2.000856205717403
constant,577,0.892015,2.896856354421944
ridge,577,0.90987,2.254751427731766
rf,577,0.919455,1.891614369598792
gbm,577,0.916,1.8555166353557022
mlp,577,0.912215,1.9103423607470709
constant,578,0.891935,2.8960959673755617
ridge,578,0.875235,2.054716909964328
rf,578,0.886315,1.7119590562450182
gbm,578,0.890305,1.7177016464580754
mlp,578,0.8903,1.7874011037072515
constant,579,0.90292,2.9735366553619356
ridge,579,0.901695,2.2033020602878794
rf,579,0.906195,1.8147582707186944
gbm,579,0.91474,1.8477760285399092
mlp,579,0.885385,1.7634827417132686
constant,580,0.875495,2.794362645569975
ridge,580,0.902985,2.210354940808207
rf,580,0.90124,1.7862432047713528
gbm,580,0.891095,1.7212756585358486
mlp,580,0.88747,1.7732898539412583
constant,581,0.922745,3.1293464253022165
ridge,581,0.90547,2.225677195957713
rf,581,0.89633,1.7612539508708747
gbm,581,0.899435,1.7633011348821903
mlp,581,0.89477,1.8105717221249087
constant,582,0.90624,2.9973082666449447
ridge,582,0.904945,2.2222437586779007
rf,582,0.882775,1.6957055613225336
gbm,582,0.88496,1.6922300126558478
mlp,582,0.88403,1.7566106890693332
constant,583,0.880085,2.8209517291708073
ridge,583,0.90157,2.2025358021579375
rf,583,0.905005,1.8078310622553597
gbm,583,0.913925,1.8425010768308387
mlp,583,0.9097,1.89512944819578
constant,584,0.896225,2.925346364441351
ridge,584,0.8865,2.114171189760453
rf,584,0.89847,1.7714881554536155
gbm,584,0.904185,1.7877502332590738
mlp,584,0.89975,1.8382948581268657
constant,585,0.90909,3.0196335808757615
ridge,585,0.915775,2.295347908037047
rf,585,0.91255,1.8512900584742016
gbm,585,0.89574,1.745262535205719
mlp,585,0.91547,1.9300432658047477
constant,586,0.904195,2.982213613916117
ridge,586,0.909365,2.250811314312371
rf,586,0.897765,1.7680752519063903
gbm,586,0.90191,1.7761962503853745
mlp,586,0.90276,1.8556729988769332
constant,587,0.9015,2.962842667547986
ridge,587,0.912645,2.2734133919744277
rf,587,0.905795,1.8122433578647263
gbm,587,0.902695,1.7802447598618671
mlp,587,0.900465,1.8422422417864437
constant,588,0.88431,2.848332926648445
ridge,588,0.87206,2.0386552587619375
rf,588,0.90084,1.7847152065390175
gbm,588,0.8819,1.6762933067841113
mlp,588,0.88786,1.7753190724913481
constant,589,0.900125,2.953210261330902
ridge,589,0.897525,2.1771837355647277
rf,589,0.916865,1.8762735987812091
gbm,589,0.92796,1.9316581186536523
mlp,589,0.91825,1.9476257839400049
constant,590,0.900065,2.952812412783879
ridge,590,0.915975,2.2964624694912685
rf,590,0.900245,1.7815166149525328
gbm,590,0.882135,1.6777587076290807
mlp,590,0.893625,1.8043620942969056
constant,591,0.89947,2.947880119329742
ridge,591,0.882425,2.0923546285340486
rf,591,0.872155,1.6484165376577218
gbm,591,0.88329,1.6834780150071185
mlp,591,0.87943,1.7338573357387423
constant,592,0.91083,3.0329543113617987
ridge,592,0.8776,2.066320870676924
rf,592,0.89896,1.7741920931076274
gbm,592,0.899525,1.7638724312642067
mlp,592,0.891855,1.7958598393050664
constant,593,0.89551,2.9207816136865734
ridge,593,0.902055,2.20505587015505
rf,593,0.886055,1.710700777715081
gbm,593,0.898185,1.7578230859866997
mlp,593,0.89609,1.817649677227942
constant,594,0.91907,3.100223513176311
ridge,594,0.908055,2.2427783644816186
rf,594,0.928855,1.9513827563075943
gbm,594,0.92697,1.9243608014037585
mlp,594,0.9202,1.9606827082664227
constant,595,0.92357,3.1367101918196783
ridge,595,0.923985,2.3527805686069088
rf,595,0.891505,1.7374700600086799
gbm,595,0.89374,1.7348989917354276
mlp,595,0.89803,1.8288235246215594
constant,596,0.911735,3.0399449026357512
ridge,596,0.90998,2.2554821703246963
rf,596,0.90138,1.7870376059108979
gbm,596,0.898715,1.7602974879183164
mlp,596,0.901215,1.8461695675716931
constant,597,0.897305,2.932851275085471
ridge,597,0.908395,2.2449087267575774
rf,597,0.903945,1.8018820402865174
gbm,597,0.91156,1.8290599956525986
mlp,597,0.90144,1.8472639153123938
constant,598,0.880615,2.8245564684033013
ridge,598,0.91507,2.290117288297381
rf,598,0.898255,1.7703994196428638
gbm,598,0.88051,1.6705794325915568
mlp,598,0.89506,1.8122801889533278
constant,599,0.89623,2.925389902943759
ridge,599,0.89745,2.176709677437412
rf,599,0.87341,1.6535301715257353
gbm,599,0.87208,1.634340736478247
mlp,599,0.88153,1.7435774435130973
constant,600,0.89697,2.930299332273683
ridge,600,0.912925,2.275500988196769
rf,600,0.90397,1.8020456427946203
gbm,600,0.915005,1.8498000336542675
mlp,600,0.90822,1.8863809941715588
constant,601,0.866675,2.7432063618920948
ridge,601,0.869015,2.0238752090057175
rf,601,0.877545,1.6719580844128052
gbm,601,0.88057,1.6708394925229388
mlp,601,0.897575,1.8260776555455807
constant,602,0.90367,2.9790845622727877
ridge,602,0.920375,2.3269071419252074
rf,602,0.905865,1.8128645605294962
gbm,602,0.905965,1.7983221652435293
mlp,602,0.901765,1.849512301206474
constant,603,0.88913,2.8787095000581004
ridge,603,0.908655,2.246710833851023
rf,603,0.886635,1.713572735809258
gbm,603,0.894955,1.7411744847816106
mlp,603,0.90834,1.8871332913947423
constant,604,0.88301,2.8401029851708364
ridge,604,0.89503,2.1624679743659616
rf,604,0.882035,1.692240096729794
gbm,604,0.884495,1.6897933815965702
mlp,604,0.88586,1.7658932735569672
constant,605,0.909085,3.0195323099296685
ridge,605,0.90667,2.2334595167952873
rf,605,0.884445,1.70339181220373
gbm,605,0.885955,1.697266373702069
mlp,605,0.88337,1.753057330119388
constant,606,0.896925,2.929922613456789
ridge,606,0.911985,2.2689017065406345
rf,606,0.902585,1.794627243148825
gbm,606,0.89526,1.742538823578157
mlp,606,0.89975,1.838347706992758
constant,607,0.89959,2.9489203796640275
ridge,607,0.91346,2.2792437870446247
rf,607,0.910325,1.8377962324999095
gbm,607,0.913315,1.839036326941004
mlp,607,0.902875,1.856089080627538
constant,608,0.905175,2.98906654009897
ridge,608,0.901225,2.200517727445706
rf,608,0.873325,1.6532178176732213
gbm,608,0.898545,1.75953793150778
mlp,608,0.893535,1.8038268028140232
constant,609,0.886885,2.863917245093205
ridge,609,0.89934,2.1884644145072576
rf,609,0.8816,1.6902633581382458
gbm,609,0.893235,1.7324551504835801
mlp,609,0.902325,1.8530010634551144
constant,610,0.89903,2.9448190038634783
ridge,610,0.91031,2.257746685270737
rf,610,0.92083,1.899416693844347
gbm,610,0.90683,1.8034825260615506
mlp,610,0.921645,1.9704929746836486
constant,611,0.916245,3.0753117448484373
ridge,611,0.90969,2.253223967174172
rf,611,0.909465,1.83313876209127
gbm,611,0.906435,1.8014277991695626
mlp,611,0.907555,1.8823426534587586
constant,612,0.91408,3.0582826767808164
ridge,612,0.911065,2.262979159117405
rf,612,0.908355,1.8268999263525578
gbm,612,0.90427,1.7880359231304552
mlp,612,0.897035,1.8231853206607755
constant,613,0.902935,2.973590453029769
ridge,613,0.898045,2.1803302576670776
rf,613,0.890215,1.730965901512935
gbm,613,0.872415,1.6358238654228427
mlp,613,0.87608,1.7185521725050297
constant,614,0.88747,2.8674181566064503
ridge,614,0.89075,2.1380243922329862
rf,614,0.893965,1.7492076001633707
gbm,614,0.89581,1.7457350887167042
mlp,614,0.899775,1.8385907659714769
constant,615,0.91107,3.0352291853308744
ridge,615,0.918515,2.314293241010961
rf,615,0.890805,1.7340763836620652
gbm,615,0.891755,1.7252018953301493
mlp,615,0.88714,1.7718791192499261
constant,616,0.91436,3.0604261249322713
ridge,616,0.91876,2.3159851141954615
rf,616,0.92726,1.9407755333656058
gbm,616,0.92227,1.8936245957884825
mlp,616,0.915695,1.931362047707967
constant,617,0.899675,2.949670983616394
ridge,617,0.901315,2.2011354269741883
rf,617,0.8982,1.769995879570134
gbm,617,0.899275,1.7624510262225113
mlp,617,0.896165,1.8182619294311704
constant,618,0.88823,2.872112874970286
ridge,618,0.91169,2.2670963258814822
rf,618,0.90625,1.8150237974959258
gbm,618,0.909325,1.8167676877350867
mlp,618,0.905955,1.8732177002291817
constant,619,0.899705,2.9497730977901897
ridge,619,0.900055,2.1925881264088716
rf,619,0.88144,1.6895483901764932
gbm,619,0.904025,1.7870112919448395
mlp,619,0.89761,1.8264135049405192
constant,620,0.87052,2.7649288409959327
ridge,620,0.88163,2.0875400852827077
rf,620,0.88274,1.6955704782540102
gbm,620,0.880215,1.6692819764915319
mlp,620,0.88548,1.7639859257374304
constant,621,0.886955,2.8643641462521865
ridge,621,0.88603,2.111794951034427
rf,621,0.89668,1.7628232575961293
gbm,621,0.88167,1.675436561147804
mlp,621,0.898645,1.8326424086270294
constant,622,0.888285,2.8724799765255526
ridge,622,0.882985,2.0956120442109523
rf,622,0.900545,1.782967693545682
gbm,622,0.878985,1.6637908405941002
mlp,622,0.87243,1.7020540689173225
constant,623,0.906515,2.999504355135569
ridge,623,0.88592,2.1113549294219847
rf,623,0.891415,1.7368640188865052
gbm,623,0.892215,1.7274902680480047
mlp,623,0.893115,1.8020129902523196
constant,624,0.90549,2.990879749525427
ridge,624,0.905325,2.22500680621608
rf,624,0.91724,1.8781350012006235
gbm,624,0.914055,1.8433179204778571
mlp,624,0.900145,1.8404726283375688
constant,625,0.893,2.9039520537309302
ridge,625,0.91077,2.260964223071791
rf,625,0.90922,1.8316591947955407
gbm,625,0.921685,1.8898901015362999
mlp,625,0.90516,1.8684900611217463
constant,626,0.89383,2.909286564616866
ridge,626,0.91133,2.264653128573628
rf,626,0.91453,1.8624650060524266
gbm,626,0.909095,1.815714621282094
mlp,626,0.9029,1.856414066617822
constant,627,0.91631,3.0758538530985637
ridge,627,0.914985,2.2895930789810315
rf,627,0.878625,1.67676211112077
gbm,627,0.89217,1.727269019405223
mlp,627,0.898485,1.8315869716734263
constant,628,0.897185,2.931853788341903
ridge,628,0.881795,2.0884940234757874
rf,628,0.888,1.719735117717808
gbm,628,0.894285,1.738177035525983
mlp,628,0.88357,1.75415491556552
constant,629,0.93184,3.2075346225465022
ridge,629,0.906525,2.2324677461934535
rf,629,0.917975,1.8823747390982024
gbm,629,0.91696,1.8612869494643067
mlp,629,0.900495,1.8423611339927872
constant,630,0.900915,2.958950158118925
ridge,630,0.884215,2.1020763208045734
rf,630,0.87688,1.6692131341451568
gbm,630,0.890265,1.7174321062667994
mlp,630,0.87753,1.7249579978929144
constant,631,0.886015,2.8590384533752857
ridge,631,0.892915,2.1502711040105806
rf,631,0.89971,1.7785290805394258
gbm,631,0.899975,1.7663938004592943
mlp,631,0.89894,1.8342822472283271
constant,632,0.890665,2.888690673189512
ridge,632,0.881205,2.0852088571436993
rf,632,0.8732,1.6526690907370194
gbm,632,0.90493,1.7921406171550522
mlp,632,0.898795,1.8335544597233957
constant,633,0.90025,2.9544131236918636
ridge,633,0.887825,2.121359988173968
rf,633,0.89993,1.7799149339000513
gbm,633,0.9106,1.8236268145708503
mlp,633,0.886825,1.7705728937322276
constant,634,0.90871,3.0162647636068027
ridge,634,0.901835,2.203899624976832
rf,634,0.88921,1.7258913321887908
gbm,634,0.89384,1.7355424094216632
mlp,634,0.885585,1.7645291880303446
constant,635,0.89473,2.9154874299664
ridge,635,0.87749,2.0657608127104985
rf,635,0.89778,1.7681165817469036
gbm,635,0.884455,1.6895351754097852
mlp,635,0.90559,1.8711184536603465
constant,636,0.897965,2.937265506277447
ridge,636,0.8833,2.096946923682574
rf,636,0.90255,1.7942744372097146
gbm,636,0.89885,1.7607698339126603
mlp,636,0.93059,2.033453134309242
constant,637,0.879265,2.8159657287038877
ridge,637,0.896465,2.1710993909466514
rf,637,0.8616,1.6034491589400877
gbm,637,0.880695,1.671586726898664
mlp,637,0.88005,1.736824213296836
constant,638,0.906765,3.0010064817639908
ridge,638,0.86178,1.9878812388791989
rf,638,0.899755,1.7787709191265908
gbm,638,0.899505,1.7638180361389835
mlp,638,0.894415,1.808486226158584
constant,639,0.876445,2.799271904996526
ridge,639,0.911995,2.268977524623083
rf,639,0.893725,1.7480672709821132
gbm,639,0.890565,1.71888351688451
mlp,639,0.90944,1.8936391758811029
constant,640,0.897035,2.9306931610499154
ridge,640,0.917995,2.310783800667734
rf,640,0.91115,1.8432812303649457
gbm,640,0.90177,1.7755910866997224
mlp,640,0.89647,1.8200298118825906
constant,641,0.9139,3.0571574672005166
ridge,641,0.926035,2.368295175631408
rf,641,0.911375,1.8444651409309123
gbm,641,0.904305,1.7881617573311388
mlp,641,0.905275,1.8693407382949765
constant,642,0.88897,2.877567743426316
ridge,642,0.893935,2.156427579252858
rf,642,0.89557,1.757222830886426
gbm,642,0.89973,1.7648909117327076
mlp,642,0.897355,1.8249769591254075
constant,643,0.899995,2.9523173241750733
ridge,643,0.90079,2.197540473012799
rf,643,0.896955,1.763922650942611
gbm,643,0.89567,1.7448827028507852
mlp,643,0.889225,1.7819597589876985
constant,644,0.90866,3.0159054334020095
ridge,644,0.88967,2.1316250301904702
rf,644,0.913205,1.854899147780689
gbm,644,0.913045,1.8371740149084135
mlp,644,0.89248,1.7991111646923237
constant,645,0.8981,2.938263944426174
ridge,645,0.90922,2.25002962213337
rf,645,0.898065,1.7692119093482204
gbm,645,0.90062,1.769346724171336
mlp,645,0.88153,1.7436029003834843
constant,646,0.910535,3.0307156507076316
ridge,646,0.897765,2.1785754233149737
rf,646,0.89696,1.7639460206977027
gbm,646,0.90086,1.7704427232192486
mlp,646,0.918605,1.9503083235865148
constant,647,0.914015,3.057703066120448
ridge,647,0.8952,2.163381208457995
rf,647,0.893555,1.7471398563774705
gbm,647,0.884885,1.6918592272197726
mlp,647,0.90157,1.8479674107512394
constant,648,0.919665,3.1048516469553835
ridge,648,0.908655,2.246704921019629
rf,648,0.886315,1.7119259139474075
gbm,648,0.88484,1.6914831651600881
mlp,648,0.910745,1.9014790088512288
constant,649,0.88156,2.831508232392876
ridge,649,0.902245,2.2061113324679678
rf,649,0.91736,1.878722902383499
gbm,649,0.91771,1.866175848203559
mlp,649,0.907295,1.88097818521051
constant,650,0.88253,2.8372230963361034
ridge,650,0.88807,2.1228315442263597
rf,650,0.909755,1.8351180983048858
gbm,650,0.898235,1.7580675348135542
mlp,650,0.8923,1.7981368238505868
constant,651,0.900835,2.9585066574627454
ridge,651,0.881015,2.0840557563029023
rf,651,0.89875,1.7733063017480224
gbm,651,0.90269,1.780145717873047
mlp,651,0.921395,1.9689603184788482
constant,652,0.8983,2.939774736814744
ridge,652,0.901615,2.202803034788644
rf,652,0.887375,1.7167391215994314
gbm,652,0.896515,1.7492113461976695
mlp,652,0.880755,1.73985297054476
constant,653,0.906295,2.9977550616653987
ridge,653,0.889225,2.129207660443556
rf,653,0.90404,1.802383000942607
gbm,653,0.911555,1.8290210974891694
mlp,653,0.905335,1.869667617332828
constant,654,0.896285,2.9257342888069893
ridge,654,0.914465,2.2859992543388072
rf,654,0.90618,1.814742229446644
gbm,654,0.90004,1.7666820374947603
mlp,654,0.901785,1.8497201967424464
constant,655,0.88772,2.8689030262688497
ridge,655,0.889955,2.133255404070859
rf,655,0.888485,1.722077403095212
gbm,655,0.8783,1.6611317998115394
mlp,655,0.88473,1.760165839640925
constant,656,0.92968,3.188544936840631
ridge,656,0.90776,2.241116595170217
rf,656,0.92317,1.9145227266985145
gbm,656,0.91869,1.872176698818742
mlp,656,0.914545,1.9244966112522566
constant,657,0.910975,3.034228134804853
ridge,657,0.893715,2.1551686428504953
rf,657,0.881265,1.6890658589763827
gbm,657,0.860015,1.5837271375579385
mlp,657,0.89028,1.7873497311154418
constant,658,0.901535,2.9630532954710196
ridge,658,0.88736,2.1186591720255423
rf,658,0.877075,1.6700008535201314
gbm,658,0.86541,1.6056594738819858
mlp,658,0.890615,1.789358434463235
constant,659,0.901225,2.9609408442259664
ridge,659,0.89568,2.166229509985626
rf,659,0.903205,1.798190946985244
gbm,659,0.906685,1.8026851217063995
mlp,659,0.87952,1.7342695268934523
constant,660,0.90201,2.9666015749876213
ridge,660,0.885025,2.106267082570982
rf,660,0.89267,1.7430976726827367
gbm,660,0.88474,1.6909266342266507
mlp,660,0.885065,1.7620949804244375
constant,661,0.89298,2.9036419316603386
ridge,661,0.904495,2.2194055582571903
rf,661,0.877145,1.670268346974221
gbm,661,0.888895,1.7103367113019863
mlp,661,0.88581,1.7656595531444834
constant,662,0.897635,2.9347681998122215
ridge,662,0.892235,2.1462275258606387
rf,662,0.908475,1.8275778536792706
gbm,662,0.90016,1.7674270149078029
mlp,662,0.901625,1.848499531370866
constant,663,0.89169,2.8948935353676637
ridge,663,0.868875,2.0230662197799694
rf,663,0.87866,1.6769094380442093
gbm,663,0.88057,1.6708822553418536
mlp,663,0.87943,1.7338055786633813
constant,664,0.90642,2.9988067630391084
ridge,664,0.9148,2.2884960042452382
rf,664,0.90996,1.8362447260915506
gbm,664,0.916275,1.8572083260689967
mlp,664,0.904655,1.8659039983507149
constant,665,0.91782,3.089435585450482
ridge,665,0.89751,2.1770498930275584
rf,665,0.92338,1.9155810019148163
gbm,665,0.91879,1.872674670463915
mlp,665,0.92116,1.9674029747924107
constant,666,0.911145,3.0357642265019242
ridge,666,0.902405,2.206903548706417
rf,666,0.902295,1.7926118031310012
gbm,666,0.91831,1.8698143919675823
mlp,666,0.890085,1.78633414854171
constant,667,0.910055,3.0271380934347913
ridge,667,0.90164,2.2029850319510866
rf,667,0.900575,1.7831804766961685
gbm,667,0.906445,1.8015418238872138
mlp,667,0.903485,1.8595891301853846
constant,668,0.902475,2.9697800161979355
ridge,668,0.901185,2.200177765133769
rf,668,0.898275,1.7705345586507466
gbm,668,0.90573,1.79647839686315
mlp,668,0.900445,1.8420151201678991
constant,669,0.89615,2.9249608265547558
ridge,669,0.88578,2.110189498732777
rf,669,0.90238,1.793307255104771
gbm,669,0.905755,1.7966355713241458
mlp,669,0.904815,1.8668213104729374
constant,670,0.883335,2.842017426490795
ridge,670,0.893975,2.156650856312247
rf,670,0.89639,1.7616049475301496
gbm,670,0.89434,1.7386296349751666
mlp,670,0.876345,1.7196954677545286
constant,671,0.902825,2.97289205735445
ridge,671,0.89331,2.152342151979209
rf,671,0.9127,1.8519934239038873
gbm,671,0.89734,1.7535219076785986
mlp,671,0.905335,1.8696588926611524
constant,672,0.914065,3.05804805749829
ridge,672,0.873505,2.0463988880695085
rf,672,0.89969,1.7783086093583056
gbm,672,0.90804,1.810180473127317
mlp,672,0.878625,1.7304034085075926
constant,673,0.89568,2.9220069539673013
ridge,673,0.916605,2.300783555453028
rf,673,0.90659,1.8171645873865334
gbm,673,0.90941,1.8172933038786554
mlp,673,0.8988,1.8336258997900203
constant,674,0.917755,3.0889898584619377
ridge,674,0.912705,2.273606862124004
rf,674,0.92098,1.9002905024311088
gbm,674,0.92276,1.897598286446961
mlp,674,0.91971,1.9573428629249767
constant,675,0.899425,2.94761488265263
ridge,675,0.91932,2.3197399506458356
rf,675,0.911145,1.8432460625858416
gbm,675,0.916045,1.855884670353947
mlp,675,0.90854,1.88833929597405
constant,676,0.885035,2.85342725980433
ridge,676,0.903015,2.2106494719245218
rf,676,0.898285,1.7706565025293515
gbm,676,0.907645,1.8079718290438347
mlp,676,0.90074,1.8435749991550034
constant,677,0.90205,2.9669302284809698
ridge,677,0.91327,2.277943702404343
rf,677,0.9056,1.8109881299670771
gbm,677,0.89713,1.7524519109484071
mlp,677,0.906205,1.874506458587494
constant,678,0.920695,3.1130934889148385
ridge,678,0.917315,2.3062600385943974
rf,678,0.90126,1.7863751500167608
gbm,678,0.905285,1.7942115580366793
mlp,678,0.906715,1.8776279709838082
constant,679,0.904445,2.984011237683002
ridge,679,0.89541,2.1646106655172996
rf,679,0.88353,1.6989330690815565
gbm,679,0.89809,1.757442774406833
mlp,679,0.898105,1.8291913646716056
constant,680,0.915055,3.06530669499531
ridge,680,0.9121,2.269605031987659
rf,680,0.901395,1.7871608496466744
gbm,680,0.893395,1.733185427363847
mlp,680,0.90627,1.8748744367134438
constant,681,0.893655,2.9081979295608305
ridge,681,0.907685,2.2405789214183005
rf,681,0.890565,1.732709428145932
gbm,681,0.888055,1.7067702857067553
mlp,681,0.905615,1.8711877265568733
constant,682,0.89156,2.8940573282451005
ridge,682,0.90203,2.20498109463077
rf,682,0.90796,1.8249761332986365
gbm,682,0.91615,1.8564923903223907
mlp,682,0.90341,1.8589963262353115
constant,683,0.903505,2.977628976552551
ridge,683,0.891165,2.140098739851126
rf,683,0.893345,1.7462472639785636
gbm,683,0.897625,1.7550501679719626
mlp,683,0.873215,1.7054290272835837
constant,684,0.898715,2.9421133906515387
ridge,684,0.9088,2.2475944341445775
rf,684,0.9206,1.8984895606208299
gbm,684,0.91985,1.8790561850667402
mlp,684,0.914565,1.924631911978535
constant,685,0.88428,2.8480275208070136
ridge,685,0.876565,2.0611266683291243
rf,685,0.90676,1.8180463685293908
gbm,685,0.905975,1.798443128203239
mlp,685,0.903445,1.8591311304603466
constant,686,0.873405,2.78095784983059
ridge,686,0.88189,2.08897213521782
rf,686,0.889,1.724748984796177
gbm,686,0.89139,1.7231864144716107
mlp,686,0.881365,1.7428629161118236
constant,687,0.8969,2.9296982409196284
ridge,687,0.898645,2.1836908458433952
rf,687,0.894045,1.7495650509322132
gbm,687,0.91277,1.835809227642329
mlp,687,0.91133,1.9050731370850726
constant,688,0.90351,2.9777152330405237
ridge,688,0.907175,2.2373138053117314
rf,688,0.91942,1.8913417025912076
gbm,688,0.91305,1.8371999428444847
mlp,688,0.91899,1.9526693357874152
constant,689,0.917305,3.084866556898252
ridge,689,0.898545,2.1829656353394205
rf,689,0.884085,1.7015504560402337
gbm,689,0.9044,1.7886924518076048
mlp,689,0.8923,1.7981373147213975
constant,690,0.91896,3.099187658331223
ridge,690,0.927395,2.378381751637589
rf,690,0.93472,1.9916396999406136
gbm,690,0.91588,1.854786533036819
mlp,690,0.913025,1.915979007912883
constant,691,0.888565,2.874603534753054
ridge,691,0.89241,2.1471838427264243
rf,691,0.88955,1.7279225349563436
gbm,691,0.896725,1.750150069816791
mlp,691,0.90071,1.8434358216239495
constant,692,0.91762,3.087739995636836
ridge,692,0.87812,2.068938831734968
rf,692,0.905645,1.8112315515513386
gbm,692,0.91244,1.8334248856486384
mlp,692,0.91363,1.9193658198269596
constant,693,0.900845,2.9585816308779385
ridge,693,0.896435,2.17094579471848
rf,693,0.88941,1.7267634848235773
gbm,693,0.877855,1.6589030006021885
mlp,693,0.90097,1.844861658175356
constant,694,0.92076,3.113562768690149
ridge,694,0.906955,2.2356098337804013
rf,694,0.895535,1.7569995269134224
gbm,694,0.902015,1.7766996520304206
mlp,694,0.91217,1.910087705292172
constant,695,0.885035,2.853456432082904
ridge,695,0.91892,2.316985107656049
rf,695,0.90191,1.7905146159330103
gbm,695,0.909395,1.8171715033458384
mlp,695,0.90582,1.8722714416826938
constant,696,0.915975,3.072752386255593
ridge,696,0.907415,2.238650327443585
rf,696,0.89019,1.730824189192786
gbm,696,0.901665,1.7748345411338255
mlp,696,0.87317,1.7052191338572265
constant,697,0.9224,3.1263383148437827
ridge,697,0.914775,2.288226900963246
rf,697,0.91236,1.8501429813633252
gbm,697,0.925335,1.9140793607372537
mlp,697,0.91262,1.9130573916283033
constant,698,0.890565,2.888135208740069
ridge,698,0.895735,2.1664817854027847
rf,698,0.902245,1.7923960893690065
gbm,698,0.91448,1.8462458470295762
mlp,698,0.914965,1.9272174403805367
constant,699,0.90358,2.97845272274942
ridge,699,0.89803,2.1801907162839056
rf,699,0.92648,1.9354871262912061
gbm,699,0.913695,1.8408861409147907
mlp,699,0.92195,1.9725794851111447
constant,700,0.897275,2.932575358986588
ridge,700,0.902475,2.2073620648523224
rf,700,0.891735,1.7386250830816152
gbm,700,0.885775,1.6964298336475592
mlp,700,0.91056,1.90046526596656
constant,701,0.921815,3.1212884643790177
ridge,701,0.921475,2.3347944234765077
rf,701,0.912275,1.8495425492289181
gbm,701,0.91811,1.8684084206016567
mlp,701,0.91521,1.9285876919114204
constant,702,0.89742,2.9334319476578745
ridge,702,0.910145,2.2565470781402075
rf,702,0.894715,1.7530639974930358
gbm,702,0.90909,1.8156650690481526
mlp,702,0.899935,1.8394070613621603
constant,703,0.905855,2.9940418267343665
ridge,703,0.919265,2.3192461685907166
rf,703,0.91719,1.8778718135417298
gbm,703,0.90477,1.7913357280676987
mlp,703,0.89017,1.7866302378309915
constant,704,0.915475,3.0685318217133295
ridge,704,0.911915,2.2685805604735436
rf,704,0.92904,1.9528334411949144
gbm,704,0.910235,1.8215358167330669
mlp,704,0.920535,1.9630236006346593
constant,705,0.91345,3.053108204621755
ridge,705,0.89515,2.163205814176982
rf,705,0.91596,1.870515382486892
gbm,705,0.909825,1.8195860026023079
mlp,705,0.90591,1.8728599532214745
constant,706,0.915585,3.069411013040148
ridge,706,0.89839,2.1819268463641786
rf,706,0.90271,1.7952084765240883
gbm,706,0.91602,1.855736107574105
mlp,706,0.900455,1.8421912078769611
constant,707,0.90139,2.9620537222712815
ridge,707,0.88711,2.117111971991
rf,707,0.909405,1.8326521209266715
gbm,707,0.916055,1.855957252653183
mlp,707,0.917065,1.9398606591806122
constant,708,0.86813,2.7516617734839333
ridge,708,0.87953,2.076078455537485
rf,708,0.87323,1.6528980878087016
gbm,708,0.90169,1.7749645986193505
mlp,708,0.87708,1.723066104625531
constant,709,0.89315,2.9048157565111667
ridge,709,0.89541,2.1646685928120903
rf,709,0.90143,1.787525357136778
gbm,709,0.90896,1.8150116326417511
mlp,709,0.90427,1.8638357477209153
constant,710,0.885515,2.8563974037727737
ridge,710,0.911595,2.266230645473853
rf,710,0.89418,1.7502972887077721
gbm,710,0.902555,1.7793846251284167
mlp,710,0.894335,1.8081234151397425
constant,711,0.89115,2.8919158155499343
ridge,711,0.91792,2.310098199347191
rf,711,0.90404,1.802388994686472
gbm,711,0.901565,1.774287496081701
mlp,711,0.911815,1.9077166319726622
constant,712,0.8875,2.867673072219622
ridge,712,0.895065,2.1627062457288653
rf,712,0.86534,1.619986417406824
gbm,712,0.88132,1.6739568298522411
mlp,712,0.88804,1.776185263252796
constant,713,0.91738,3.0854046492245573
ridge,713,0.91839,2.313515550205138
rf,713,0.89845,1.7714251336913605
gbm,713,0.906045,1.7990171894302565
mlp,713,0.890505,1.7886837103910533
constant,714,0.879065,2.8149561596454724
ridge,714,0.88227,2.0911166121119447
rf,714,0.886485,1.7127699062525934
gbm,714,0.878585,1.6621610466524985
mlp,714,0.88995,1.7856178110536933
constant,715,0.92032,3.110502390347542
ridge,715,0.92721,2.3770896117481204
rf,715,0.89686,1.7634580385337557
gbm,715,0.89565,1.7447327081812065
mlp,715,0.88591,1.7661294475881246
constant,716,0.909785,3.0251087127414875
ridge,716,0.91049,2.2589271968841214
rf,716,0.904,1.8021462461929345
gbm,716,0.899475,1.7635211854015609
mlp,716,0.904845,1.8669978192420293
constant,717,0.899975,2.9521528974999747
ridge,717,0.89628,2.1697296315551053
rf,717,0.89705,1.7644048319254584
gbm,717,0.896145,1.747389522298458
mlp,717,0.902695,1.8552254927024372
constant,718,0.895455,2.920393875065029
ridge,718,0.88572,2.109978675911769
rf,718,0.90524,1.8090699593294446
gbm,718,0.89634,1.7483569253706563
mlp,718,0.903905,1.861621321603348
constant,719,0.893905,2.909915276971671
ridge,719,0.89741,2.176465634539678
rf,719,0.88843,1.721891559988502
gbm,719,0.88699,1.7019446343738096
mlp,719,0.883795,1.755265142972517
constant,720,0.90138,2.9618694105208663
ridge,720,0.896715,2.172515813728664
rf,720,0.885835,1.709510965628992
gbm,720,0.889255,1.7122443547335842
mlp,720,0.869525,1.6887400143088402
constant,721,0.90772,3.007558148997033
ridge,721,0.898415,2.182042247301385
rf,721,0.90769,1.8232814883529465
gbm,721,0.912905,1.8364265744989394
mlp,721,0.927445,2.010793290056944
constant,722,0.914665,3.062473255553182
ridge,722,0.91989,2.3237367234275337
rf,722,0.899815,1.7791053237678298
gbm,722,0.901725,1.7752705490186502
mlp,722,0.90803,1.8852913010015773
constant,723,0.901035,2.9596305754015675
ridge,723,0.879215,2.074765390889351
rf,723,0.91328,1.8552530349922303
gbm,723,0.89516,1.7420330566449949
mlp,723,0.895695,1.8157217482166703
constant,724,0.90981,3.02537759572411
ridge,724,0.896055,2.1682184815746433
rf,724,0.893645,1.747604557537819
gbm,724,0.914955,1.8493829191123283
mlp,724,0.90118,1.8460752965582625
constant,725,0.905595,2.9916481273731828
ridge,725,0.89581,2.1669438059942667
rf,725,0.903625,1.8002787508374491
gbm,725,0.89596,1.7464652186057021
mlp,725,0.91048,1.8999382529820825
constant,726,0.924375,3.142872139749106
ridge,726,0.910315,2.2578462776484294
rf,726,0.90659,1.817189755235454
gbm,726,0.909205,1.816291535629451
mlp,726,0.91638,1.9354225279510346
constant,727,0.900315,2.9549477732106704
ridge,727,0.911305,2.2644452454094153
rf,727,0.905645,1.811249276284376
gbm,727,0.89849,1.7592795339037102
mlp,727,0.900775,1.8437098116624537
constant,728,0.90027,2.954604696662482
ridge,728,0.88557,2.1090261621946613
rf,728,0.88977,1.7287437871908753
gbm,728,0.89563,1.744532315931273
mlp,728,0.882115,1.7464167424887576
constant,729,0.90592,2.9946321564453693
ridge,729,0.903995,2.216229083670174
rf,729,0.89322,1.7455881612202324
gbm,729,0.88684,1.7013622534162403
mlp,729,0.9076,1.8825112995545996
constant,730,0.9085,3.0141686140241317
ridge,730,0.9152,2.2911843329860453
rf,730,0.893425,1.7466537657921184
gbm,730,0.906905,1.8039142238002237
mlp,730,0.89532,1.8139546293681144
constant,731,0.89846,2.9404652770165782
ridge,731,0.890025,2.1335678605716777
rf,731,0.89495,1.7542195692711449
gbm,731,0.890635,1.719204565666621
mlp,731,0.890845,1.790332236802342
constant,732,0.91089,3.033370813964174
ridge,732,0.90811,2.243209078034682
rf,732,0.907985,1.825071704030031
gbm,732,0.89792,1.756404131399405
mlp,732,0.896455,1.8199250745853837
constant,733,0.902585,2.9708381394060677
ridge,733,0.89242,2.147253949209423
rf,733,0.902975,1.7966966227442889
gbm,733,0.89535,1.7428852507317978
mlp,733,0.88557,1.7644740199729338
constant,734,0.88549,2.856183884821659
ridge,734,0.916465,2.2999047616573325
rf,734,0.91151,1.8450048772439556
gbm,734,0.902045,1.776873857261791
mlp,734,0.90649,1.8764703861489966
constant,735,0.92551,3.151407551831844
ridge,735,0.93199,2.414159383615305
rf,735,0.929585,1.9563295319636684
gbm,735,0.936555,1.9919683342846821
mlp,735,0.920625,1.9636360838833953
constant,736,0.87721,2.8041426523115085
ridge,736,0.868305,2.020260563866004
rf,736,0.88988,1.729331555370137
gbm,736,0.895515,1.7440050137743246
mlp,736,0.89511,1.8126142337170081
constant,737,0.89579,2.922591104608144
ridge,737,0.899075,2.186821069567335
rf,737,0.899495,1.7772592090383685
gbm,737,0.90596,1.7982678440209519
mlp,737,0.898265,1.830208674789048
constant,738,0.90302,2.974215702295572
ridge,738,0.893575,2.154076084404671
rf,738,0.887335,1.7165018076680179
gbm,738,0.88558,1.6956549931706473
mlp,738,0.882335,1.7477350806626442
constant,739,0.89281,2.902324375987596
ridge,739,0.879925,2.0782664074218724
rf,739,0.886265,1.71167293636864
gbm,739,0.88428,1.688436137805256
mlp,739,0.86814,1.6823284925431943
constant,740,0.92632,3.159340576784345
ridge,740,0.92039,2.327079795897853
rf,740,0.931895,1.9724683512514256
gbm,740,0.91421,1.844490963792016
mlp,740,0.89721,1.8242995527033938
constant,741,0.88853,2.8742395807619863
ridge,741,0.90884,2.2478297061220998
rf,741,0.90422,1.8034699116957646
gbm,741,0.896925,1.751487387918335
mlp,741,0.90948,1.894070497043497
constant,742,0.895575,2.921374379730004
ridge,742,0.906715,2.2337802695037468
rf,742,0.90161,1.7884373200041224
gbm,742,0.907405,1.806936421066132
mlp,742,0.90718,1.8802947719124778
constant,743,0.90386,2.9800953508016272
ridge,743,0.88149,2.0867112869416458
rf,743,0.879625,1.680995505670472
gbm,743,0.894915,1.7409345437172001
mlp,743,0.893105,1.8019880602816312
constant,744,0.90606,2.9957405053010326
ridge,744,0.91602,2.296618581095606
rf,744,0.91292,1.8532797802937604
gbm,744,0.911845,1.8310281891908315
mlp,744,0.88977,1.7845669562187036
constant,745,0.90186,2.9655431032079207
ridge,745,0.91081,2.2613768902334104
rf,745,0.89623,1.7605541995596745
gbm,745,0.90402,1.7869542424964455
mlp,745,0.87952,1.7342880731861963
constant,746,0.904765,2.986378262462692
ridge,746,0.917095,2.3045750539133856
rf,746,0.892435,1.7422402346106538
gbm,746,0.884,1.6869921499163492
mlp,746,0.884545,1.7592794976847266
constant,747,0.881175,2.828464972489141
ridge,747,0.919005,2.317489575544964
rf,747,0.875005,1.6608206928447184
gbm,747,0.879375,1.6654565777150712
mlp,747,0.88234,1.7477546992660775
constant,748,0.9077,3.0073258019663927
ridge,748,0.8921,2.145256045014044
rf,748,0.87412,1.6564909904083218
gbm,748,0.877715,1.6581815094934316
mlp,748,0.90161,1.8483502432197216
constant,749,0.917765,3.089068382341666
ridge,749,0.928265,2.3859530074615405
rf,749,0.89179,1.7389033610159126
gbm,749,0.90378,1.785669790410833
mlp,749,0.913485,1.9186562797596605
constant,750,0.880215,2.8218782815298056
ridge,750,0.88549,2.1087033867252
rf,750,0.90487,1.8071047642987952
gbm,750,0.90103,1.7713873508912614
mlp,750,0.89506,1.8122965102397839
constant,751,0.896335,2.9262931100099
ridge,751,0.89129,2.1405327200431588
rf,751,0.87744,1.6713873492521514
gbm,751,0.897825,1.756114914321407
mlp,751,0.884695,1.7600039642440313
constant,752,0.897725,2.9355317501242686
ridge,752,0.908655,2.246669901442357
rf,752,0.917995,1.8826165503037193
gbm,752,0.913945,1.8426920781607696
mlp,752,0.926905,2.006886267033268
constant,753,0.92804,3.1731738627551653
ridge,753,0.89163,2.142671888203817
rf,753,0.90769,1.8233405009873755
gbm,753,0.906395,1.8010475012914673
mlp,753,0.919425,1.9553082701370856
constant,754,0.889975,2.883972186153319
ridge,754,0.8858,2.110462182762236
rf,754,0.912735,1.8521356749332099
gbm,754,0.89819,1.7578448137388591
mlp,754,0.9113,1.9048982776633356
constant,755,0.934335,3.233104883003442
ridge,755,0.92394,2.352433275422679
rf,755,0.91971,1.8930924866033372
gbm,755,0.91869,1.8721564261227575
mlp,755,0.90227,1.8525785704945796
constant,756,0.885905,2.8583873499862387
ridge,756,0.891295,2.140575195027372
rf,756,0.89744,1.766536626385596
gbm,756,0.884835,1.691399996742323
mlp,756,0.895505,1.8151042203705596
constant,757,0.906215,2.997198388305356
ridge,757,0.909915,2.2550135934981217
rf,757,0.912495,1.8508216768207881
gbm,757,0.91377,1.8414631066216827
mlp,757,0.920405,1.9619760478447923
constant,758,0.908505,3.0144595621914316
ridge,758,0.900865,2.1978148959976322
rf,758,0.898605,1.7722899210436318
gbm,758,0.90034,1.7680065889280858
mlp,758,0.915405,1.9298072174238323
constant,759,0.903615,2.978665550515542
ridge,759,0.89267,2.1488673220187255
rf,759,0.900685,1.7837962947716277
gbm,759,0.895455,1.7437150966884138
mlp,759,0.88928,1.7822377256084574
constant,760,0.903385,2.9763437224068596
ridge,760,0.909395,2.2510860685830196
rf,760,0.883185,1.6973026713945936
gbm,760,0.867415,1.614198763143878
mlp,760,0.90553,1.8707260230439602
constant,761,0.89412,2.9115176922162602
ridge,761,0.87182,2.0369978708985648
rf,761,0.87101,1.643896885983009
gbm,761,0.882025,1.6768858798990725
mlp,761,0.87685,1.7220844796318135
constant,762,0.8753,2.793108772462107
ridge,762,0.893125,2.151262611395381
rf,762,0.907845,1.8241434638624399
gbm,762,0.90719,1.8056426868194175
mlp,762,0.889715,1.7842718481495479
constant,763,0.908635,3.0155195361634624
ridge,763,0.903715,2.2146896179508975
rf,763,0.895105,1.755017611406431
gbm,763,0.894105,1.7371594706615203
mlp,763,0.888395,1.778017954042788
constant,764,0.90165,2.96391203493853
ridge,764,0.90909,2.2493945418766788
rf,764,0.913065,1.8539689867375975
gbm,764,0.91311,1.8377086185035711
mlp,764,0.912105,1.909773384717256
constant,765,0.90705,3.0032145007550315
ridge,765,0.8981,2.180583021751609
rf,765,0.90996,1.8362460094475406
gbm,765,0.9148,1.8482292327692664
mlp,765,0.91432,1.9230441736472308
constant,766,0.87749,2.8059547458248018
ridge,766,0.905235,2.2242821506681745
rf,766,0.92523,1.9273082991799133
gbm,766,0.926445,1.9211792182548533
mlp,766,0.90867,1.8892210011691422
constant,767,0.925985,3.1562547443948343
ridge,767,0.90679,2.23427799015323
rf,767,0.89992,1.7799060476877513
gbm,767,0.896775,1.7503183278602692
mlp,767,0.897235,1.8244877448494297
constant,768,0.89059,2.8882285842234445
ridge,768,0.900495,2.195772677499831
rf,768,0.899695,1.7783950758761307
gbm,768,0.884775,1.6910901363574435
mlp,768,0.908155,1.8860389147495502
constant,769,0.88391,2.845735656611409
ridge,769,0.90775,2.2410578726929
rf,769,0.90769,1.8232717734209043
gbm,769,0.909,1.8152246959016742
mlp,769,0.89248,1.7991073383246041
constant,770,0.9077,3.0073320603272107
ridge,770,0.921235,2.333257250065471
rf,770,0.922805,1.9123185841072305
gbm,770,0.91519,1.85086838123833
mlp,770,0.911185,1.9039544140872957
constant,771,0.881385,2.830074865927825
ridge,771,0.88184,2.0887982251600405
rf,771,0.88073,1.6862885296804215
gbm,771,0.902045,1.776833677577779
mlp,771,0.903185,1.8578247903125087
constant,772,0.89223,2.8982467355073407
ridge,772,0.895355,2.1643575547577902
rf,772,0.888325,1.7211789208956134
gbm,772,0.894055,1.736770288239104
mlp,772,0.91261,1.913005056251058
constant,773,0.88645,2.8611111756128795
ridge,773,0.87002,2.028701312556142
rf,773,0.856835,1.5845695988443234
gbm,773,0.866435,1.6099933710092875
mlp,773,0.862125,1.6565188658786263
constant,774,0.89878,2.942594955668688
ridge,774,0.891325,2.1408896662374337
rf,774,0.900185,1.7810763354090065
gbm,774,0.90718,1.8055599429588371
mlp,774,0.892205,1.7977153586099957
constant,775,0.933735,3.2267750719205646
ridge,775,0.920405,2.3271107439880274
rf,775,0.9238,1.9181821225368116
gbm,775,0.91969,1.8780493647428538
mlp,775,0.92003,1.9595141058029402
constant,776,0.89139,2.893346128360406
ridge,776,0.912525,2.2727667222779337
rf,776,0.904675,1.8061557165079196
gbm,776,0.90355,1.7845291013846487
mlp,776,0.9148,1.9261290531487212
constant,777,0.874745,2.7894112244893607
ridge,777,0.893785,2.1556176403848077
rf,777,0.881665,1.690709930772396
gbm,777,0.883965,1.6866644018351176
mlp,777,0.89095,1.7907768521775445
constant,778,0.909025,3.0188786165370374
ridge,778,0.893975,2.156632453825339
rf,778,0.90524,1.809054337099565
gbm,778,0.899545,1.7639490722026712
mlp,778,0.90915,1.8922346272162942
constant,779,0.898905,2.943627917862372
ridge,779,0.910205,2.2570083256565265
rf,779,0.90204,1.7914357793273463
gbm,779,0.90581,1.796913764425069
mlp,779,0.91961,1.9564901604371285
constant,780,0.899815,2.950912919168452
ridge,780,0.892765,2.1494230993231063
rf,780,0.8884,1.7215277245850804
gbm,780,0.90332,1.7832636851434738
mlp,780,0.89709,1.823403265897738
constant,781,0.908165,3.011726830959198
ridge,781,0.920315,2.3264875090031287
rf,781,0.92381,1.9182432117665034
gbm,781,0.92755,1.9287311350776921
mlp,781,0.90781,1.8840547066934894
constant,782,0.8811,2.8279852470708295
ridge,782,0.907075,2.2365478178655813
rf,782,0.884475,1.703540773937862
gbm,782,0.88761,1.7046864824842844
mlp,782,0.902635,1.854877562290719
constant,783,0.887095,2.8655378779550027
ridge,783,0.88797,2.1223544298824546
rf,783,0.8786,1.6766667087995941
gbm,783,0.882115,1.6776448173228495
mlp,783,0.89278,1.8004519054824635
constant,784,0.879935,2.8201063230854593
ridge,784,0.90191,2.204325533762735
rf,784,0.88058,1.6855276626618434
gbm,784,0.87789,1.659111617840164
mlp,784,0.886025,1.766900157226864
constant,785,0.89656,2.9274547128072754
ridge,785,0.89609,2.168605063064688
rf,785,0.89575,1.758257609701047
gbm,785,0.90091,1.7707125248033515
mlp,785,0.88618,1.767768123156901
constant,786,0.89681,2.9290683476557637
ridge,786,0.904695,2.2208957372640015
rf,786,0.89965,1.7780967010439546
gbm,786,0.90801,1.8100344446524104
mlp,786,0.900705,1.8434100823779194
constant,787,0.89656,2.927474901409287
ridge,787,0.86663,2.011412245510602
rf,787,0.90362,1.8002397124646778
gbm,787,0.88484,1.691477358956701
mlp,787,0.887335,1.772798198412906
constant,788,0.90596,2.9950905057882844
ridge,788,0.90924,2.250156430261452
rf,788,0.911075,1.8426850874169558
gbm,788,0.89115,1.7217415519508577
mlp,788,0.906325,1.875351802458951
constant,789,0.87283,2.7775948740379617
ridge,789,0.909355,2.2507471432159196
rf,789,0.917315,1.8784928486909642
gbm,789,0.90108,1.7716717994880848
mlp,789,0.905855,1.872548178744662
constant,790,0.903265,2.9755784484759555
ridge,790,0.878935,2.0733052415974527
rf,790,0.89897,1.7742560457125252
gbm,790,0.882965,1.6818868926539337
mlp,790,0.896475,1.8200645998443206
constant,791,0.91713,3.0836271011818983
ridge,791,0.91345,2.279119666076803
rf,791,0.890585,1.7328097808236764
gbm,791,0.90894,1.8148920181613781
mlp,791,0.89992,1.8393416804521414
constant,792,0.891905,2.8959077070813874
ridge,792,0.883595,2.098497973695646
rf,792,0.88758,1.7176942431156745
gbm,792,0.90445,1.7890333236957796
mlp,792,0.87608,1.7185282747913837
constant,793,0.91742,3.085538686778297
ridge,793,0.895125,2.163057600969115
rf,793,0.905425,1.8099525495837736
gbm,793,0.91735,1.8640247847514688
mlp,793,0.883875,1.7558165826203789
constant,794,0.910205,3.0281492730969406
ridge,794,0.874895,2.0524661898308043
rf,794,0.88637,1.7121435402472929
gbm,794,0.878295,1.6611281918206322
mlp,794,0.879995,1.7365976509147028
constant,795,0.89868,2.94189458570934
ridge,795,0.86963,2.0267661541764688
rf,795,0.882645,1.6951188379799584
gbm,795,0.88167,1.6754548604618837
mlp,795,0.881975,1.745896196457179
constant,796,0.91418,3.059103546860695
ridge,796,0.90507,2.222961281112732
rf,796,0.90162,1.788447203218309
gbm,796,0.891425,1.7233496574520113
mlp,796,0.915275,1.9289424655355647
constant,797,0.9124,3.044931552621656
ridge,797,0.9216,2.3354760407341897
rf,797,0.90713,1.8200438362981168
gbm,797,0.902445,1.778763547653379
mlp,797,0.91287,1.9148479647377148
constant,798,0.89084,2.889879708501754
ridge,798,0.908815,2.2476516420280004
rf,798,0.90765,1.8230280415627909
gbm,798,0.91308,1.837438686854604
mlp,798,0.88009,1.7370213680789424
constant,799,0.902755,2.972307958324876
ridge,799,0.906665,2.23331280746047
rf,799,0.899855,1.7794283444548427
gbm,799,0.891725,1.7251204192879095
mlp,799,0.91153,1.9063844730436588
constant,800,0.89669,2.9283862818277813
ridge,800,0.917995,2.3108134442567883
rf,800,0.9296,1.9564927021058902
gbm,800,0.922885,1.8983240539810227
mlp,800,0.917455,1.9426535797594757
constant,801,0.92433,3.142565060852739
ridge,801,0.90802,2.242563630520008
rf,801,0.91986,1.8938107835278815
gbm,801,0.91735,1.864085364718778
mlp,801,0.89845,1.8311532636036927
constant,802,0.92433,3.1424737658419986
ridge,802,0.910515,2.259082721395943
rf,802,0.922895,1.9128707683038872
gbm,802,0.914115,1.843786005685458
mlp,802,0.91488,1.926606764379653
constant,803,0.916415,3.0771456698672646
ridge,803,0.909835,2.254528338842172
rf,803,0.90476,1.806562734206044
gbm,803,0.909945,1.820049411668247
mlp,803,0.897155,1.8238907346265332
constant,804,0.873555,2.7820910640704968
ridge,804,0.87614,2.058960310373419
rf,804,0.89457,1.752333517831158
gbm,804,0.89898,1.7613318158596578
mlp,804,0.88381,1.7554170071836
constant,805,0.907565,3.006287401938451
ridge,805,0.89094,2.1389300738349313
rf,805,0.88098,1.6877466487500739
gbm,805,0.89152,1.7238548375796894
mlp,805,0.90737,1.881340868290763
constant,806,0.9205,3.1118559776359804
ridge,806,0.893755,2.15536630486684
rf,806,0.909615,1.834282357618325
gbm,806,0.913305,1.8389544762942158
mlp,806,0.9134,1.9181214657972983
constant,807,0.90679,3.00119811651052
ridge,807,0.906935,2.2355132443109467
rf,807,0.897455,1.766644635153377
gbm,807,0.8994,1.7630315558993823
mlp,807,0.89764,1.826483585288089
constant,808,0.917735,3.0888410586156994
ridge,808,0.921595,2.335439935890819
rf,808,0.902565,1.794427351400108
gbm,808,0.89973,1.7648312798048458
mlp,808,0.914385,1.9236558019026038
constant,809,0.92591,3.1556404354591887
ridge,809,0.919695,2.3219778712564834
rf,809,0.888965,1.7245712871740424
gbm,809,0.9047,1.7908730884878374
mlp,809,0.915655,1.9310528075252225
constant,810,0.86344,2.724230806480625
ridge,810,0.88443,2.103227799170967
rf,810,0.895425,1.7567245346807427
gbm,810,0.893645,1.734382131027829
mlp,810,0.90611,1.8740001468898577
constant,811,0.89163,2.894578889481422
ridge,811,0.90116,2.2000505961871246
rf,811,0.90551,1.8105202312458717
gbm,811,0.911665,1.8298110086162973
mlp,811,0.895205,1.8133309228415486
constant,812,0.883495,2.843154971966257
ridge,812,0.89131,2.140741315421865
rf,812,0.897265,1.7655497484779044
gbm,812,0.895175,1.742164224006229
mlp,812,0.901315,1.8466151999199367
constant,813,0.906015,2.9955605875601066
ridge,813,0.90357,2.2138859127441197
rf,813,0.907,1.8190539780586181
gbm,813,0.89382,1.7353667684573406
mlp,813,0.90766,1.8829630811562355
constant,814,0.91309,3.0502246814306924
ridge,814,0.91075,2.2606436792908746
rf,814,0.93182,1.97180086338965
gbm,814,0.92143,1.8883199711431802
mlp,814,0.932785,2.050855773186528
constant,815,0.89752,2.9341026004909887
ridge,815,0.89978,2.191077346683204
rf,815,0.922685,1.9111574173345565
gbm,815,0.92566,1.9162145346879205
mlp,815,0.92497,1.9926120662490163
constant,816,0.90829,3.0127130441518615
ridge,816,0.916855,2.302551058472817
rf,816,0.91651,1.8743722836904966
gbm,816,0.911515,1.8286371328798898
mlp,816,0.896275,1.8188853459320735
constant,817,0.91372,3.0558328424831736
ridge,817,0.91276,2.274104547074329
rf,817,0.913675,1.857615487283976
gbm,817,0.9091,1.8157349222822297
mlp,817,0.926085,2.0011080715901235
constant,818,0.87133,2.7696085119048073
ridge,818,0.8841,2.1014895284871695
rf,818,0.85386,1.5722036320707744
gbm,818,0.86481,1.6030744866267503
mlp,818,0.851225,1.611639454152982
constant,819,0.918575,3.096103662314028
ridge,819,0.924885,2.3599998639206308
rf,819,0.914515,1.8623412611747674
gbm,819,0.910475,1.8230515865355263
mlp,819,0.92595,1.9999652597999904
constant,820,0.884455,2.8490390500324043
ridge,820,0.886655,2.1146725566583884
rf,820,0.90706,1.8196624449750898
gbm,820,0.898865,1.7608783124068321
mlp,820,0.908435,1.887755313884394
constant,821,0.903785,2.9796100912251413
ridge,821,0.890335,2.1354376559164994
rf,821,0.8989,1.773957662933773
gbm,821,0.905835,1.7972990789743883
mlp,821,0.891895,1.79608943443419
constant,822,0.90671,3.0007229661879684
ridge,822,0.92478,2.3589104097373097
rf,822,0.90589,1.8129718581878125
gbm,822,0.915675,1.853737115168225
mlp,822,0.90198,1.8509562231609573
constant,823,0.90208,2.9672741036296113
ridge,823,0.921765,2.336420241494167
rf,823,0.897705,1.767775516237989
gbm,823,0.90268,1.7800642091422474
mlp,823,0.912765,1.9141336543312548
constant,824,0.910435,3.0302147366771335
ridge,824,0.90952,2.2518434355335977
rf,824,0.90366,1.80039327240858
gbm,824,0.898345,1.7585616163333784
mlp,824,0.903805,1.8610964932051055
constant,825,0.90382,2.9798298930284606
ridge,825,0.90332,2.2123920952434597
rf,825,0.918995,1.8885820067953283
gbm,825,0.90255,1.7793275061539522
mlp,825,0.915065,1.9275920080688338
constant,826,0.894655,2.9149573664967257
ridge,826,0.891445,2.1415287547825366
rf,826,0.909455,1.832964820563896
gbm,826,0.918845,1.8730713285658274
mlp,826,0.90944,1.893665275051859
constant,827,0.892825,2.9024340813390284
ridge,827,0.8954,2.164488654974261
rf,827,0.88862,1.7229435497359287
gbm,827,0.889235,1.7119617161914706
mlp,827,0.88197,1.745860824150967
constant,828,0.89727,2.9325476792747476
ridge,828,0.922645,2.3433414133432615
rf,828,0.89938,1.7767976243857528
gbm,828,0.900015,1.766536874455538
mlp,828,0.908995,1.8913115133584464
constant,829,0.909205,3.0208585047415433
ridge,829,0.9239,2.352276346905105
rf,829,0.91768,1.880760160793237
gbm,829,0.919345,1.875945516022452
mlp,829,0.92516,1.993920778550333
constant,830,0.919825,3.10649743594817
ridge,830,0.90776,2.2411296951865642
rf,830,0.914125,1.860060556596478
gbm,830,0.9075,1.8074702795232573
mlp,830,0.90307,1.8571887008977759
constant,831,0.906715,3.0007726528420218
ridge,831,0.890315,2.1353292858350725
rf,831,0.912675,1.8518974334124518
gbm,831,0.878725,1.662604802670372
mlp,831,0.90045,1.8421074811180043
constant,832,0.88422,2.8477091685786338
ridge,832,0.89961,2.18981584615869
rf,832,0.88215,1.6928750019478322
gbm,832,0.873625,1.6405429834685454
mlp,832,0.888135,1.7766476080962719
constant,833,0.92203,3.122895651133076
ridge,833,0.89877,2.18440260858903
rf,833,0.91334,1.8557548774449666
gbm,833,0.914865,1.8487037290402588
mlp,833,0.900685,1.8432993986811352
constant,834,0.89758,2.9345486410372494
ridge,834,0.914695,2.2876280940533142
rf,834,0.89213,1.7407709243450395
gbm,834,0.891125,1.7213945026090784
mlp,834,0.88226,1.7473599267202338
constant,835,0.90274,2.972191180117453
ridge,835,0.904505,2.2194276440249547
rf,835,0.905865,1.8128628323814255
gbm,835,0.890495,1.718558518735286
mlp,835,0.909805,1.895817001023992
constant,836,0.893055,2.90436819290699
ridge,836,0.891785,2.143528036226841
rf,836,0.893215,1.7454907560376287
gbm,836,0.8828,1.6811048989743487
mlp,836,0.8712,1.6969567854592773
constant,837,0.913055,3.0500447982027774
ridge,837,0.880465,2.081258338805737
rf,837,0.90173,1.7890819214570302
gbm,837,0.89385,1.7356676411184782
mlp,837,0.899425,1.8367512509306216
constant,838,0.92297,3.131149876233259
ridge,838,0.90023,2.1940434791279766
rf,838,0.896695,1.7629575265661623
gbm,838,0.90053,1.7688893696163102
mlp,838,0.90177,1.8495648027176803
constant,839,0.90443,2.983822700056627
ridge,839,0.87817,2.069239503357069
rf,839,0.895005,1.7545559787054636
gbm,839,0.8812,1.6735217631829689
mlp,839,0.88238,1.7479949101792556
constant,840,0.9015,2.9628480480339308
ridge,840,0.924565,2.3574995510181154
rf,840,0.907005,1.8191339512099538
gbm,840,0.922455,1.8949949468874627
mlp,840,0.908265,1.8866308872383524
constant,841,0.913585,3.0545229206066375
ridge,841,0.900575,2.1962463881784013
rf,841,0.892705,1.7431678878611143
gbm,841,0.906365,1.800922042595373
mlp,841,0.89374,1.8048692174634453
constant,842,0.90829,3.0127164785762477
ridge,842,0.899805,2.1912247004983954
rf,842,0.891265,1.7362002352197747
gbm,842,0.887615,1.7047509398512202
mlp,842,0.903705,1.860727299551807
constant,843,0.91859,3.0962760923665007
ridge,843,0.93056,2.4038179403016238
rf,843,0.92743,1.9418533805549436
gbm,843,0.905105,1.7931713830510494
mlp,843,0.90321,1.8579369647191495
constant,844,0.89718,2.931831243287138
ridge,844,0.88625,2.1130255445131088
rf,844,0.879625,1.681000178670195
gbm,844,0.883725,1.6855431850867981
mlp,844,0.88464,1.759752919384067
constant,845,0.88116,2.828243154035622
ridge,845,0.906245,2.2308524491626454
rf,845,0.89047,1.7321413281376177
gbm,845,0.89846,1.7591737146964612
mlp,845,0.881815,1.7450249443696815
constant,846,0.87618,2.7978058808348836
ridge,846,0.89562,2.165761985940158
rf,846,0.88505,1.7060282143916332
gbm,846,0.886685,1.700710107394699
mlp,846,0.91659,1.9369722946458008
constant,847,0.909325,3.0215894224409574
ridge,847,0.91021,2.257046212518631
rf,847,0.89908,1.7748560665230309
gbm,847,0.907485,1.807283865270402
mlp,847,0.89923,1.8356572510741977
constant,848,0.87613,2.797510436476375
ridge,848,0.90105,2.19934666798231
rf,848,0.892295,1.7413612621180465
gbm,848,0.90281,1.7807329499036526
mlp,848,0.89615,1.8180368890224359
constant,849,0.883805,2.845005517743277
ridge,849,0.906535,2.232533277265196
rf,849,0.88809,1.7201514870392054
gbm,849,0.88875,1.7097479194324183
mlp,849,0.904415,1.8645465629575726
constant,850,0.91107,3.0351882402689725
ridge,850,0.89808,2.180454091371236
rf,850,0.922575,1.9103986359461904
gbm,850,0.91934,1.8759242652965558
mlp,850,0.90796,1.8849243166969476
constant,851,0.897565,2.9343840250713917
ridge,851,0.906625,2.233089270240133
rf,851,0.89938,1.776794555871732
gbm,851,0.91623,1.8569423060712018
mlp,851,0.90661,1.8770967367835798
constant,852,0.899975,2.9521272318194773
ridge,852,0.88902,2.127756315578366
rf,852,0.88691,1.714605235784209
gbm,852,0.891035,1.720978820199655
mlp,852,0.884245,1.7575329386599394
constant,853,0.916625,3.079304402480429
ridge,853,0.923085,2.346394731659191
rf,853,0.928265,1.947190616478336
gbm,853,0.92166,1.8897129735720068
mlp,853,0.90517,1.8686982880222094
constant,854,0.90715,3.003935729411865
ridge,854,0.91417,2.28400868796629
rf,854,0.90196,1.7908632516189391
gbm,854,0.897965,1.7566841955503711
mlp,854,0.887495,1.7734687929336914
constant,855,0.893655,2.908160676117258
ridge,855,0.92421,2.354476890977894
rf,855,0.92188,1.9064235373780192
gbm,855,0.919625,1.8777224302115196
mlp,855,0.91814,1.946944333553147
constant,856,0.8916,2.8943965052558926
ridge,856,0.90992,2.255107477028761
rf,856,0.89562,1.757441826864698
gbm,856,0.89565,1.7447286726377151
mlp,856,0.896465,1.8199597568310253
constant,857,0.913365,3.052156508551204
ridge,857,0.89391,2.1563032994966913
rf,857,0.90418,1.803127994439553
gbm,857,0.918245,1.869423141233327
mlp,857,0.911525,1.9063434881921713
constant,858,0.871225,2.768875801246041
ridge,858,0.906745,2.2339681937775184
rf,858,0.91226,1.849385178647033
gbm,858,0.909755,1.8190713940433612
mlp,858,0.92624,2.001969775580358
constant,859,0.916,3.0729059314610963
ridge,859,0.91511,2.2904488553305056
rf,859,0.90421,1.8033101391778579
gbm,859,0.897765,1.7558162628666878
mlp,859,0.91295,1.9153286433722752
constant,860,0.90648,2.9992597903476304
ridge,860,0.89299,2.1505163950641157
rf,860,0.888295,1.7209661734585893
gbm,860,0.90462,1.7902115823142486
mlp,860,0.881825,1.745056238332023
constant,861,0.894255,2.9126003956803954
ridge,861,0.908755,2.2472937606828483
rf,861,0.92069,1.8988123235418486
gbm,861,0.904865,1.7917992818375
mlp,861,0.897475,1.8254881513462844
constant,862,0.883665,2.844155515607418
ridge,862,0.900615,2.1965815020674375
rf,862,0.89772,1.7678885611653894
gbm,862,0.90896,1.814984784983053
mlp,862,0.892555,1.7993756355118595
constant,863,0.887805,2.869372658223842
ridge,863,0.894595,2.16020154692389
rf,863,0.86473,1.6168989148999655
gbm,863,0.88776,1.7053398447418566
mlp,863,0.87798,1.7271466363537884
constant,864,0.894625,2.9147072430718293
ridge,864,0.897045,2.1744352920768435
rf,864,0.895885,1.7589602781281732
gbm,864,0.903355,1.7834122102351828
mlp,864,0.904405,1.8644890838748165
constant,865,0.8972,2.9319942524593907
ridge,865,0.912475,2.272194592494736
rf,865,0.907805,1.8239947536600614
gbm,865,0.917065,1.862106511405486
mlp,865,0.909955,1.89642914178997
constant,866,0.898955,2.9439580900590627
ridge,866,0.906905,2.2350332268324946
rf,866,0.91936,1.8909834050716512
gbm,866,0.9225,1.8953837534350986
mlp,866,0.91464,1.9251024323757602
constant,867,0.899325,2.946680346041875
ridge,867,0.889765,2.132045727024952
rf,867,0.905825,1.812625181397691
gbm,867,0.90156,1.774227577552447
mlp,867,0.91351,1.9188220329693604
constant,868,0.89627,2.9256782186707517
ridge,868,0.912405,2.2718485857971578
rf,868,0.909665,1.8345203315689855
gbm,868,0.902075,1.7770403535568797
mlp,868,0.926705,2.0052482539049272
constant,869,0.90207,2.9671841727672477
ridge,869,0.89372,2.1551711576466306
rf,869,0.8826,1.6948532851469624
gbm,869,0.881855,1.6760749851322339
mlp,869,0.874585,1.7122255099592332
constant,870,0.906465,2.9991954723742795
ridge,870,0.889105,2.12830572240119
rf,870,0.89255,1.7427439491152636
gbm,870,0.88463,1.690320029020138
mlp,870,0.903735,1.8608846549423101
constant,871,0.884405,2.848761109951413
ridge,871,0.90784,2.241593109298569
rf,871,0.925935,1.9322361636095369
gbm,871,0.9206,1.8833526490744108
mlp,871,0.924675,1.9909883644545003
constant,872,0.91491,3.064039648206462
ridge,872,0.92671,2.3736335633736885
rf,872,0.904305,1.8042562164195257
gbm,872,0.911485,1.8284720798979537
mlp,872,0.91243,1.9117429061469506
constant,873,0.90815,3.0116356731164267
ridge,873,0.893305,2.1523201145021975
rf,873,0.90565,1.8113248302047817
gbm,873,0.90414,1.7874648423209791
mlp,873,0.91726,1.9411189324359515
constant,874,0.90554,2.991318038943512
ridge,874,0.89781,2.1790513066470103
rf,874,0.899025,1.774520348541305
gbm,874,0.90496,1.7923288683124512
mlp,874,0.89096,1.790820411710082
constant,875,0.904425,2.9837531608008625
ridge,875,0.899645,2.1902001403595843
rf,875,0.911415,1.8446455871901182
gbm,875,0.89661,1.7497109044460006
mlp,875,0.91143,1.905634094949912
constant,876,0.91409,3.058361975420823
ridge,876,0.890655,2.1374814297386355
rf,876,0.90245,1.7939017156909052
gbm,876,0.890715,1.7195763291924093
mlp,876,0.89119,1.7921193289786355
constant,877,0.884715,2.8512125683129157
ridge,877,0.89803,2.1801718789489537
rf,877,0.896405,1.7617090139255094
gbm,877,0.895795,1.7456051966567427
mlp,877,0.90903,1.8914389358903143
constant,878,0.90877,3.0167840959862904
ridge,878,0.908635,2.246491643963119
rf,878,0.887745,1.7184277273397894
gbm,878,0.883055,1.6823256519772831
mlp,878,0.903705,1.8607300145625172
constant,879,0.911035,3.0347349335820066
ridge,879,0.894295,2.1585611994278833
rf,879,0.9032,1.7981709452670716
gbm,879,0.907435,1.807127358564721
mlp,879,0.90723,1.880494141009672
constant,880,0.89256,2.9007296537069074
ridge,880,0.891605,2.1423445498863187
rf,880,0.89533,1.7561119966996734
gbm,880,0.903285,1.7830968727552268
mlp,880,0.89779,1.8271731462955372
constant,881,0.9004,2.9555272472240017
ridge,881,0.88663,2.1145939689111186
rf,881,0.877415,1.6712848387673933
gbm,881,0.886485,1.6998255150226815
mlp,881,0.892,1.7966177973645816
constant,882,0.89315,2.9047578647938863
ridge,882,0.88125,2.085503944341624
rf,882,0.88764,1.7180457039752075
gbm,882,0.88811,1.7069221598593949
mlp,882,0.8929,1.8009752677819186
constant,883,0.928005,3.1728843131543245
ridge,883,0.92568,2.365552691160616
rf,883,0.92149,1.9035304748299975
gbm,883,0.909445,1.8174369222815294
mlp,883,0.905955,1.8732036729320432
constant,884,0.882405,2.8365458508567305
ridge,884,0.88143,2.0864467559636024
rf,884,0.90717,1.8202257334927174
gbm,884,0.90392,1.7864720615268368
mlp,884,0.89632,1.8191594746919901
constant,885,0.916705,3.0802285855188485
ridge,885,0.90604,2.229692352292823
rf,885,0.89463,1.752686528712644
gbm,885,0.906025,1.7987116883568182
mlp,885,0.89395,1.805776643382238
constant,886,0.90037,2.955374372315619
ridge,886,0.905465,2.2256122032916013
rf,886,0.90864,1.8283423109590777
gbm,886,0.913205,1.838493105712892
mlp,886,0.91994,1.9589824884410239
constant,887,0.898075,2.9380416176858795
ridge,887,0.90378,2.2151527603088907
rf,887,0.88606,1.710739126349264
gbm,887,0.897125,1.7524164727700358
mlp,887,0.89389,1.8054063783888656
constant,888,0.91467,3.06260943933136
ridge,888,0.89527,2.163743714072547
rf,888,0.884905,1.7056260718424654
gbm,888,0.88855,1.7087823629207821
mlp,888,0.88533,1.763184040499949
constant,889,0.90429,2.98261767706523
ridge,889,0.88851,2.125076357498659
rf,889,0.908725,1.8288861077601442
gbm,889,0.90253,1.77919153619218
mlp,889,0.902205,1.8521300318814806
constant,890,0.90119,2.960653576545111
ridge,890,0.906545,2.232678568716026
rf,890,0.920955,1.9001014813675414
gbm,890,0.91159,1.8292545351649658
mlp,890,0.90921,1.8924977761159738
constant,891,0.894315,2.913015487078961
ridge,891,0.915725,2.2950185847081466
rf,891,0.898285,1.7706410270026431
gbm,891,0.908775,1.8138938417842936
mlp,891,0.895195,1.813192732072712
constant,892,0.913475,3.053560427759897
ridge,892,0.93144,2.410768758960944
rf,892,0.93064,1.963524826742211
gbm,892,0.93054,1.9491145462133295
mlp,892,0.924415,1.9890196183698
constant,893,0.87863,2.8123458201712603
ridge,893,0.88592,2.111199860078586
rf,893,0.896615,1.762517680930416
gbm,893,0.89299,1.7312714169441614
mlp,893,0.91063,1.9008852700556402
constant,894,0.912675,3.047044389612732
ridge,894,0.898575,2.183151296100969
rf,894,0.918675,1.8865180967034698
gbm,894,0.922405,1.8947118904618114
mlp,894,0.906795,1.8781037589566743
constant,895,0.873575,2.7822105781014463
ridge,895,0.89438,2.159008330559081
rf,895,0.90984,1.8354986202661003
gbm,895,0.89611,1.7472051686802044
mlp,895,0.904855,1.8670248958815336
constant,896,0.899445,2.9477027031954
ridge,896,0.90375,2.2149323878011344
rf,896,0.90103,1.7856080186106535
gbm,896,0.902705,1.7802835208641672
mlp,896,0.890165,1.786624251206327
constant,897,0.92213,3.123769097863083
ridge,897,0.894485,2.159730573375203
rf,897,0.894425,1.751461465468338
gbm,897,0.905675,1.796060173496481
mlp,897,0.90471,1.8662080647530268
constant,898,0.892915,2.9030719418121196
ridge,898,0.918375,2.313388073278215
rf,898,0.9172,1.8779759775464786
gbm,898,0.900255,1.7677592116702712
mlp,898,0.91434,1.9232185071249583
constant,899,0.901785,2.964905022033462
ridge,899,0.8905,2.1362575468958505
rf,899,0.88645,1.7125461034804124
gbm,899,0.890635,1.719209943098659
mlp,899,0.881475,1.7433020216741406
constant,900,0.92203,3.1228832995424893
ridge,900,0.89057,2.1368148001173295
rf,900,0.904975,1.8076243286223068
gbm,900,0.897285,1.7533520370754407
mlp,900,0.892885,1.8009203803071858
constant,901,0.895455,2.920423910106578
ridge,901,0.89418,2.1581335271203894
rf,901,0.91177,1.8466839216276856
gbm,901,0.9212,1.8869995490858034
mlp,901,0.926575,2.0044852327635345
constant,902,0.927105,3.16573863894817
ridge,902,0.918755,2.3159323547054607
rf,902,0.88834,1.7212470721736532
gbm,902,0.882865,1.6814879275256018
mlp,902,0.89951,1.837047717655497
constant,903,0.9113,3.0369650759328097
ridge,903,0.90892,2.2483037774830272
rf,903,0.915755,1.8692574745659507
gbm,903,0.925665,1.9162665494765663
mlp,903,0.927885,2.013897699678381
constant,904,0.896575,2.927668892476854
ridge,904,0.88044,2.0810879017605783
rf,904,0.898555,1.7720139926691194
gbm,904,0.900255,1.767771361511541
mlp,904,0.881555,1.7438025814745102
constant,905,0.909685,3.024272100541965
ridge,905,0.908125,2.243404111382938
rf,905,0.909465,1.8331247166384133
gbm,905,0.916405,1.8579232164401391
mlp,905,0.898005,1.8284930012510576
constant,906,0.898685,2.9419548292332296
ridge,906,0.91547,2.2930399454556363
rf,906,0.91155,1.8452796477922517
gbm,906,0.90149,1.7738523556489056
mlp,906,0.906825,1.878336973880178
constant,907,0.89831,2.939843234398685
ridge,907,0.903015,2.2106709649797884
rf,907,0.906555,1.8168843626368607
gbm,907,0.89069,1.7194998341996548
mlp,907,0.900215,1.8411388698230429
constant,908,0.90183,2.9653288143784744
ridge,908,0.8902,2.1345901283818245
rf,908,0.92704,1.9391796367491994
gbm,908,0.908125,1.8108202816589312
mlp,908,0.925675,1.997866869054206
constant,909,0.91925,3.1015804795795496
ridge,909,0.90573,2.2273374806997115
rf,909,0.89045,1.7319811336246578
gbm,909,0.880205,1.6692292342404074
mlp,909,0.899225,1.8356394639429285
constant,910,0.888845,2.8766582078446
ridge,910,0.89866,2.183806410210667
rf,910,0.90579,1.8121606908359413
gbm,910,0.91602,1.8556838052388986
mlp,910,0.885585,1.7645662812758425
constant,911,0.9085,3.014232289549615
ridge,911,0.917585,2.308002346698127
rf,911,0.913545,1.8570053584523867
gbm,911,0.8971,1.7522669060111042
mlp,911,0.913705,1.919880843887442
constant,912,0.925465,3.150908822105487
ridge,912,0.931225,2.4088475168353622
rf,912,0.90958,1.8339868320815114
gbm,912,0.908175,1.8110234641246612
mlp,912,0.92041,1.9619969643304684
constant,913,0.901885,2.9657698441816187
ridge,913,0.89738,2.1761897293343058
rf,913,0.922145,1.9080663771458695
gbm,913,0.902395,1.7785407184670472
mlp,913,0.897045,1.8232229960277462
constant,914,0.8836,2.843798096922808
ridge,914,0.89982,2.191364696319653
rf,914,0.9004,1.7823462784634942
gbm,914,0.905385,1.7948993133919404
mlp,914,0.91174,1.907399467231898
constant,915,0.89797,2.9372982487309462
ridge,915,0.911305,2.264433168046782
rf,915,0.922895,1.9128777242082942
gbm,915,0.90855,1.8125927633697425
mlp,915,0.900695,1.843334109402952
constant,916,0.895435,2.9203066805220166
ridge,916,0.896055,2.16823463711008
rf,916,0.905875,1.8129122415797911
gbm,916,0.900405,1.7683241468325468
mlp,916,0.907825,1.8842006878649251
constant,917,0.89632,2.9259890876718684
ridge,917,0.913395,2.278643398619089
rf,917,0.897235,1.765358323793675
gbm,917,0.89019,1.7170471752232999
mlp,917,0.90018,1.840765558718131
constant,918,0.88459,2.8500522761027414
ridge,918,0.87297,2.043724347703063
rf,918,0.888415,1.7216696459486251
gbm,918,0.903425,1.78377998171073
mlp,918,0.89268,1.7998816405722047
constant,919,0.89216,2.8977500680210753
ridge,919,0.899185,2.1873234046019787
rf,919,0.897465,1.7666805894737279
gbm,919,0.888105,1.706913480987692
mlp,919,0.90078,1.8437272998970025
constant,920,0.8783,2.8108668469947755
ridge,920,0.89989,2.1918389079707477
rf,920,0.87242,1.6495330434714253
gbm,920,0.874875,1.6455199266224432
mlp,920,0.883465,1.7535748829166198
constant,921,0.91678,3.08103454018494
ridge,921,0.916585,2.3006728473049467
rf,921,0.920195,1.8958646818124625
gbm,921,0.921475,1.8886182465570847
mlp,921,0.921575,1.9700312943772613
constant,922,0.906585,2.9999016402203624
ridge,922,0.909555,2.2521084422578297
rf,922,0.90603,1.8135746051742885
gbm,922,0.90008,1.766841571948735
mlp,922,0.893415,1.8031427450792772
constant,923,0.89797,2.937315338072054
ridge,923,0.875555,2.056008364116103
rf,923,0.912015,1.848167693184752
gbm,923,0.9225,1.89538063598623
mlp,923,0.911645,1.9069469626548163
constant,924,0.92044,3.1115061723109507
ridge,924,0.904065,2.2168662128674375
rf,924,0.915865,1.8698895068332457
gbm,924,0.9105,1.8231559214939472
mlp,924,0.91971,1.9573452129053623
constant,925,0.90661,3.0000096414097657
ridge,925,0.898675,2.1838583839260406
rf,925,0.88777,1.7185565536891536
gbm,925,0.8791,1.6643608549856739
mlp,925,0.899095,1.835030450849473
constant,926,0.90623,2.9972788364976815
ridge,926,0.90666,2.2332976418162676
rf,926,0.898285,1.7706473451912006
gbm,926,0.881665,1.675405964589867
mlp,926,0.89378,1.805038613282513
constant,927,0.908575,3.015030703997228
ridge,927,0.89058,2.136948158474776
rf,927,0.84891,1.5524945270564185
gbm,927,0.867925,1.6162364326912813
mlp,927,0.88576,1.7654771070679276
constant,928,0.926615,3.1611375530370607
ridge,928,0.88991,2.132891330481626
rf,928,0.87716,1.6703256663222206
gbm,928,0.89355,1.7340976867655407
mlp,928,0.888425,1.778265834323793
constant,929,0.91878,3.0978594085899536
ridge,929,0.94188,2.501304835873131
rf,929,0.90889,1.8296085256699959
gbm,929,0.91555,1.8528485825299055
mlp,929,0.92778,2.0132082264765305
constant,930,0.87932,2.8163265974071967
ridge,930,0.89129,2.140565440094483
rf,930,0.90605,1.813828613265844
gbm,930,0.892665,1.7296592292332011
mlp,930,0.89875,1.8332993737078689
constant,931,0.904425,2.9837776020989386
ridge,931,0.90584,2.228153534734673
rf,931,0.898785,1.773427261748088
gbm,931,0.909555,1.8179482029961744
mlp,931,0.9171,1.9400697035583587
constant,932,0.897485,2.9338916588555266
ridge,932,0.869975,2.0284832331124503
rf,932,0.868185,1.6320379520678707
gbm,932,0.862075,1.5908063711204985
mlp,932,0.8868,1.7704780286447994
constant,933,0.900065,2.95284361982956
ridge,933,0.894995,2.162265476367601
rf,933,0.897815,1.7684713440254514
gbm,933,0.91262,1.834669680059926
mlp,933,0.898645,1.8326426816886432
constant,934,0.891975,2.8961972513693137
ridge,934,0.908005,2.2424623287413845
rf,934,0.90078,1.7843746812606591
gbm,934,0.90711,1.8050421080669363
mlp,934,0.89604,1.8173964392037447
constant,935,0.907855,3.0091870130282805
ridge,935,0.89467,2.1606024409579994
rf,935,0.901555,1.7881725690961907
gbm,935,0.895665,1.7448142423774184
mlp,935,0.889175,1.7816659224745075
constant,936,0.897735,2.935645554150651
ridge,936,0.908725,2.2471094387994843
rf,936,0.89387,1.7487879147464764
gbm,936,0.920685,1.8841514720009997
mlp,936,0.90571,1.8716292853658785
constant,937,0.903105,2.974688528612852
ridge,937,0.91214,2.2699262963154925
rf,937,0.90894,1.829906323068072
gbm,937,0.903795,1.7857938389206072
mlp,937,0.91535,1.9294667897376203
constant,938,0.881665,2.8324345687033743
ridge,938,0.903105,2.2111078279038745
rf,938,0.89782,1.7684776980278587
gbm,938,0.881575,1.6750069265368348
mlp,938,0.895,1.8119564884426183
constant,939,0.904795,2.986560517548741
ridge,939,0.92354,2.3496892821540714
rf,939,0.906445,1.8165333617535195
gbm,939,0.90483,1.791604503774216
mlp,939,0.88417,1.757220284108484
constant,940,0.889385,2.8802862110479213
ridge,940,0.897525,2.1771420355805184
rf,940,0.886055,1.7107223370247284
gbm,940,0.866435,1.6099875256131537
mlp,940,0.87844,1.7296226183083259
constant,941,0.904365,2.9831197528268008
ridge,941,0.912585,2.2730750915367444
rf,941,0.91303,1.853844511735456
gbm,941,0.90803,1.8101580967744964
mlp,941,0.911265,1.9046895923842433
constant,942,0.897355,2.9331342220712084
ridge,942,0.91666,2.301047794093435
rf,942,0.87621,1.6664304158070022
gbm,942,0.88794,1.7062217455182276
mlp,942,0.897415,1.825180844377008
constant,943,0.909265,3.021315337689595
ridge,943,0.911115,2.2632262268968644
rf,943,0.91003,1.8364735342703618
gbm,943,0.913115,1.8377592878722437
mlp,943,0.896835,1.8221216690327753
constant,944,0.908,3.010512952671614
ridge,944,0.90306,2.210967857764533
rf,944,0.89288,1.743923373089783
gbm,944,0.887205,1.702885141316695
mlp,944,0.88972,1.784312467416409
constant,945,0.892645,2.9014352186720163
ridge,945,0.925835,2.3663958509829683
rf,945,0.906205,1.8148081522349693
gbm,945,0.90086,1.7704141785097454
mlp,945,0.9097,1.8951181685584848
constant,946,0.908625,3.015390247262087
ridge,946,0.920635,2.329178969938352
rf,946,0.909855,1.835558760898273
gbm,946,0.898145,1.757702032178
mlp,946,0.89397,1.805952681358196
constant,947,0.89721,2.9321178246187882
ridge,947,0.899385,2.1887148989057006
rf,947,0.889545,1.7278753396451745
gbm,947,0.876445,1.6521151611445277
mlp,947,0.885535,1.7642537430445533
constant,948,0.89046,2.8875514098422137
ridge,948,0.88877,2.126429744190612
rf,948,0.89006,1.7302999624095372
gbm,948,0.892635,1.7295216784059355
mlp,948,0.906655,1.8773345966066495
constant,949,0.911075,3.035263097976574
ridge,949,0.897015,2.1742645194761314
rf,949,0.90423,1.8036064777504635
gbm,949,0.89674,1.7502656709971987
mlp,949,0.904765,1.8664869445585572
constant,950,0.91984,3.106748251359078
ridge,950,0.882025,2.0896847335282027
rf,950,0.887785,1.718637722280294
gbm,950,0.88503,1.692580291291877
mlp,950,0.890825,1.7901560551385713
constant,951,0.87832,2.811041027673996
ridge,951,0.897315,2.1759839260830907
rf,951,0.88845,1.721979216889977
gbm,951,0.905545,1.7955280292132336
mlp,951,0.892955,1.8013127729519431
constant,952,0.906355,2.9983007984303027
ridge,952,0.88453,2.103692595819069
rf,952,0.88098,1.6877064100871282
gbm,952,0.89199,1.7265333993012653
mlp,952,0.888955,1.7808758298070817
constant,953,0.86394,2.727152916714404
ridge,953,0.872655,2.0418737462724765
rf,953,0.89384,1.7486645360771287
gbm,953,0.894135,1.7373018573039474
mlp,953,0.869985,1.6914016062498298
constant,954,0.90465,2.985426206589172
ridge,954,0.880885,2.0835258826658416
rf,954,0.88894,1.724320678628721
gbm,954,0.896555,1.7494272629090801
mlp,954,0.887885,1.7754825753498258
constant,955,0.90737,3.005143198114923
ridge,955,0.91133,2.2646991621401495
rf,955,0.90468,1.8061859767689472
gbm,955,0.89762,1.7549586371152737
mlp,955,0.91833,1.9482235928102414
constant,956,0.88882,2.8763083956961095
ridge,956,0.891665,2.1428260622628086
rf,956,0.873975,1.6558076779343927
gbm,956,0.8828,1.6811171103020175
mlp,956,0.890845,1.7903260651754493
constant,957,0.881655,2.832380551150041
ridge,957,0.89212,2.145348007425655
rf,957,0.88622,1.7113393093853384
gbm,957,0.890785,1.7200191592638685
mlp,957,0.890595,1.7892481997802188
constant,958,0.90873,3.0164878652041685
ridge,958,0.885385,2.1081741305579067
rf,958,0.90233,1.792766292008091
gbm,958,0.91137,1.827921647022581
mlp,958,0.90096,1.8447639469685662
constant,959,0.931595,3.2050907072330395
ridge,959,0.90119,2.200278104939936
rf,959,0.910355,1.8380098082033713
gbm,959,0.91779,1.8668584408874835
mlp,959,0.91326,1.9175479653341378
constant,960,0.90052,2.9564973853598477
ridge,960,0.889405,2.130152267979709
rf,960,0.89047,1.7321463275705171
gbm,960,0.877785,1.6585489126804418
mlp,960,0.89397,1.8059474699079778
constant,961,0.92027,3.109959289793606
ridge,961,0.911315,2.264482088687619
rf,961,0.933645,1.9840934358787674
gbm,961,0.93386,1.972663353702045
mlp,961,0.91836,1.9484154963038955
constant,962,0.89519,2.918353423741541
ridge,962,0.89795,2.179741930045248
rf,962,0.91247,1.850644010353435
gbm,962,0.89567,1.7448538511690193
mlp,962,0.905635,1.8712923820196925
constant,963,0.902115,2.9674970825553046
ridge,963,0.90187,2.2041641337524815
rf,963,0.886665,1.7136967069045892
gbm,963,0.898515,1.7593930563325175
mlp,963,0.91624,1.9346197814615627
constant,964,0.904495,2.984515278967786
ridge,964,0.88686,2.11582819334278
rf,964,0.89819,1.7699130812473873
gbm,964,0.893165,1.7321224250703886
mlp,964,0.89976,1.838382715612542
constant,965,0.895905,2.9233600290760187
ridge,965,0.90629,2.231085939449615
rf,965,0.907715,1.8234886619237374
gbm,965,0.90249,1.7789439845374382
mlp,965,0.917175,1.940438643157139
constant,966,0.87488,2.7902569329147493
ridge,966,0.897275,2.175697788023677
rf,966,0.873755,1.65486998442411
gbm,966,0.87562,1.6487200572881586
mlp,966,0.88707,1.7714875065459943
constant,967,0.90439,2.9834285050316476
ridge,967,0.916915,2.3028659489298255
rf,967,0.9098,1.8354179781481639
gbm,967,0.904465,1.7891807005697329
mlp,967,0.90368,1.8605874581482966
constant,968,0.89793,2.9370222112483626
ridge,968,0.87742,2.065482178077562
rf,968,0.88467,1.7045078661760795
gbm,968,0.888955,1.710576612182035
mlp,968,0.903535,1.8598547335841913
constant,969,0.912085,3.042777252641118
ridge,969,0.897335,2.176049109195802
rf,969,0.88201,1.6921317578005348
gbm,969,0.88877,1.7098498395852486
mlp,969,0.889925,1.7854632520699065
constant,970,0.90171,2.9643180400461686
ridge,970,0.90847,2.24550183900377
rf,970,0.908545,1.8279173954652053
gbm,970,0.90409,1.7873318389083175
mlp,970,0.903735,1.8608930444586285
constant,971,0.92317,3.132809825717727
ridge,971,0.90667,2.2334296192035183
rf,971,0.89723,1.7653460415162554
gbm,971,0.906035,1.798852841057466
mlp,971,0.91469,1.925335243728957
constant,972,0.891335,2.8930883922270585
ridge,972,0.901285,2.2008491426286834
rf,972,0.903005,1.796907119032801
gbm,972,0.901075,1.7715644733440539
mlp,972,0.902385,1.8533326683313227
constant,973,0.91022,3.0281994394995646
ridge,973,0.916635,2.3009457925368064
rf,973,0.910855,1.8412823209451699
gbm,973,0.91041,1.8226672038990668
mlp,973,0.90439,1.8644208818970305
constant,974,0.91328,3.0512695169110904
ridge,974,0.91736,2.306498866674267
rf,974,0.90402,1.8022218068676374
gbm,974,0.922365,1.8944710101242863
mlp,974,0.926185,2.001803941348655
constant,975,0.88646,2.861130815915314
ridge,975,0.89095,2.1389864564077277
rf,975,0.87581,1.66483478460765
gbm,975,0.89375,1.7349744813745647
mlp,975,0.892815,1.800569333134326
constant,976,0.87688,2.802176645198042
ridge,976,0.90405,2.2166442192951132
rf,976,0.89737,1.7661310176395595
gbm,976,0.86918,1.6218792319460642
mlp,976,0.87453,1.7121166205463416
constant,977,0.92715,3.1661764455323995
ridge,977,0.912135,2.269804137526215
rf,977,0.905785,1.8120335920559705
gbm,977,0.92426,1.9073968235484244
mlp,977,0.919305,1.9546548111608912
constant,978,0.90445,2.984064342052723
ridge,978,0.91753,2.307656243991371
rf,978,0.901835,1.7899606370016172
gbm,978,0.923725,1.9035228634100037
mlp,978,0.892115,1.797261614121369
constant,979,0.89101,2.8910002532529644
ridge,979,0.91057,2.259465923096728
rf,979,0.909265,1.83193805781308
gbm,979,0.911845,1.8310269382199593
mlp,979,0.89989,1.8391409029866208
constant,980,0.869385,2.7584938874901104
ridge,980,0.902505,2.2075078049617116
rf,980,0.89714,1.7648074270534964
gbm,980,0.91553,1.8526480476551264
mlp,980,0.891795,1.7956616298555157
constant,981,0.86778,2.7496574818112203
ridge,981,0.867745,2.0171197440301607
rf,981,0.89136,1.7366655349404367
gbm,981,0.89269,1.730018218422771
mlp,981,0.90177,1.84960810981199
constant,982,0.89693,2.9299728441252455
ridge,982,0.894855,2.1617154003515466
rf,982,0.88347,1.6987072166299844
gbm,982,0.89069,1.7194645487106963
mlp,982,0.89571,1.8158267917662037
constant,983,0.914175,3.0590388811140548
ridge,983,0.9102,2.2569782779950778
rf,983,0.92162,1.9043580051477023
gbm,983,0.92661,1.9224079626765627
mlp,983,0.9269,2.0068568114658767
constant,984,0.889995,2.884183663115765
ridge,984,0.895195,2.163356887923407
rf,984,0.903255,1.7984775979076404
gbm,984,0.902975,1.781543101350951
mlp,984,0.88397,1.7563981278237413
constant,985,0.865905,2.7382435097371767
ridge,985,0.888855,2.126904362216199
rf,985,0.90892,1.8297780774135988
gbm,985,0.904575,1.7898532350982954
mlp,985,0.89439,1.8083572813062325
constant,986,0.914115,3.05851068498381
ridge,986,0.89827,2.1814011337099886
rf,986,0.914815,1.8643835076211297
gbm,986,0.904995,1.7925495798170021
mlp,986,0.91151,1.9062639189895456
constant,987,0.864785,2.7320789132706658
ridge,987,0.91084,2.2616160720622167
rf,987,0.90236,1.793083248222186
gbm,987,0.910925,1.8254868212683744
mlp,987,0.91746,1.9427288817590735
constant,988,0.8949,2.916479963920157
ridge,988,0.88468,2.104618543371333
rf,988,0.880525,1.6852291290728667
gbm,988,0.878795,1.6629351683494251
mlp,988,0.890875,1.7904241520563087
constant,989,0.91636,3.076538528886693
ridge,989,0.903205,2.2116199884164836
rf,989,0.899375,1.7766566605946847
gbm,989,0.89194,1.7262071572895823
mlp,989,0.886755,1.770312012597316
constant,990,0.898155,2.9386698654331855
ridge,990,0.900245,2.194178364688643
rf,990,0.899045,1.7746865548344402
gbm,990,0.892,1.726601043357629
mlp,990,0.881135,1.7419904498673549
constant,991,0.913475,3.053498527996406
ridge,991,0.89283,2.1497871933588284
rf,991,0.895155,1.755436968898605
gbm,991,0.899725,1.7648161643988667
mlp,991,0.89697,1.822788550158722
constant,992,0.910185,3.0279650290776816
ridge,992,0.900125,2.1933708560435172
rf,992,0.89731,1.7657837223145108
gbm,992,0.88979,1.7149496732725193
mlp,992,0.880485,1.7384544096403454
constant,993,0.91098,3.034383697723391
ridge,993,0.90428,2.218193780123018
rf,993,0.929345,1.9547099428024193
gbm,993,0.910225,1.8214886534992498
mlp,993,0.906635,1.877215368280897
constant,994,0.89995,2.951869689951275
ridge,994,0.904225,2.2177951664763182
rf,994,0.891185,1.7355512805937798
gbm,994,0.89056,1.7187842350988605
mlp,994,0.89837,1.8307643439726697
constant,995,0.901145,2.960184063113557
ridge,995,0.88741,2.1189639841486
rf,995,0.901725,1.7890135467510149
gbm,995,0.898605,1.7598115082504533
mlp,995,0.888835,1.7803690118217825
constant,996,0.899325,2.9467489378000593
ridge,996,0.901305,2.2009239753918135
rf,996,0.876605,1.6680369066964382
gbm,996,0.893,1.731429357333617
mlp,996,0.90261,1.8547017243364767
constant,997,0.90272,2.9720466135320995
ridge,997,0.90325,2.211832541744727
rf,997,0.9042,1.8032683781977235
gbm,997,0.90149,1.773875368945506
mlp,997,0.90395,1.8618472412288956
constant,998,0.932975,3.219175954258456
ridge,998,0.912475,2.272153565163662
rf,998,0.919445,1.891574349464506
gbm,998,0.912605,1.834582971805974
mlp,998,0.894895,1.8112141125792194
constant,999,0.893,2.904004506590775
ridge,999,0.91885,2.316567193490517
rf,999,0.89291,1.7441274841237309
gbm,999,0.90448,1.789262067674974
mlp,999,0.91095,1.9024327126076401
