method,x1,y,lo,hi
abs,0.833564634661071,1.8841599515849068,0.30537760583790274,2.403976518367423
abs,0.06887176018224672,-1.1217007354774602,-1.8244303829298434,0.2741685295996765
abs,0.8251067677490682,-1.267137776684235,-1.047808589085292,1.050790323444228
abs,0.06383571457289672,1.0768760334129792,-0.01645045849730975,2.08214845403221
abs,0.6629207035898416,1.3923108044250312,0.5307910126701401,2.6293899251996597
abs,0.8911641953367664,1.669816988702655,0.7209742114458251,2.8195731239753448
abs,0.508632621498726,0.32688910850734304,-1.061089965664787,1.037508946864733
abs,0.5937885142530589,0.3060050051733174,-1.376414190906973,0.722184721622547
abs,0.24410836684864068,1.0395634111533254,0.16581750715116028,2.26441641968068
abs,0.18858796229167363,-0.04978792148830006,-1.2659397804665302,0.8326591320629897
abs,0.43230321278355877,1.1093559707107405,0.3347926481153205,2.43339156064484
abs,0.04755250569435843,-0.13361251740063104,-1.1196489419472901,0.9789499705822299
abs,0.8796246430689235,4.4378442355745165,0.702363316244002,2.800962228773522
abs,0.147145241730813,0.4292584896355842,-1.007050647775035,1.091548264754485
abs,0.4921704253407553,1.1986542285517356,0.5123345455166639,2.610933458046184
abs,0.7939693762761445,1.299133948241254,0.4033585164576938,2.5019574289872137
abs,0.5422212469810694,-0.6348695892695808,-1.489589700283264,0.6090092122462558
abs,0.7090610110562686,0.3459757257596283,0.242101412238362,2.340700324767882
abs,0.2700045986950579,0.4620830518544241,-0.6706951099258796,1.4279038026036404
abs,0.5193101447497269,0.33289919665229895,-0.7052507621351161,1.3933481503944039
abs,0.5966327614565019,1.8301906617919599,0.14020945192826395,2.2388083644577836
abs,0.4397207622999375,1.0403895450555578,0.3047566243579989,2.403355536887519
abs,0.4963711753907192,-0.7514447745904671,-0.932357214545001,1.166241697984519
abs,0.5776495262090899,0.7944970219487436,-0.4553474519920534,1.6432514605374666
abs,0.5674148220955616,0.3419848711294351,-0.7125461433225695,1.3860527692069504
abs,0.677450705079481,0.02159770005860101,-1.388174592149134,0.7104243203803859
abs,0.2415686274380593,-1.180471119261126,-1.7493403921063448,0.34925852042317507
abs,0.8397620707115001,1.5139421473563572,-0.1260020818069182,1.9725968307226016
abs,0.3854217820974406,0.07342257360219928,-1.0094658736572704,1.0891330388722495
abs,0.4230220612963511,-1.0159068330755747,-1.5617151627588652,0.5368837497706547
abs,0.9779464545071325,0.12172804913097421,-1.1600371097787192,0.9385618027508007
abs,0.49219713843162494,1.3137160287514063,0.15894304843971274,2.257541960969233
abs,0.2790295612433873,0.5990530559153767,-1.249061680791825,0.8495372317376951
abs,0.2947841571985327,-0.2214878380840597,-1.7301784796709074,0.3684204328586126
abs,0.7320641015921572,0.5073773820876538,-1.3177276006088219,0.780871311920698
abs,0.5834311606096487,2.5055704618868693,0.3189790872541436,2.4175779997836635
abs,0.9862209060179652,1.8001156866169894,0.6813648097864669,2.779963722315987
abs,0.7401008640583588,1.028594317976704,-0.08359112901716947,2.0150077835123503
abs,0.1523745654874301,-1.0023757421129211,-1.3172964618684389,0.7813024506610811
abs,0.22415379834596372,0.4588338272917181,-1.3028420304565054,0.7957568820730145
abs,0.8611872740202704,2.7608100125510173,0.5629496860614089,2.6615485985909286
abs,0.8806315000599015,0.30072963072720826,-0.10304333354984685,1.995555578979673
abs,0.6930031602537108,0.9321884665413793,0.5934323967521953,2.692031309281715
abs,0.678745460481589,1.1513785961775018,0.15578302216787043,2.25438193469739
abs,0.6369793249530078,-0.2922206857966082,-0.9334309577700384,1.1651679547594815
abs,0.08909432764987524,0.9496472134248435,-0.0734581169123456,2.0251407956171743
abs,0.25162165572372786,-0.4686397180013935,-1.6634420730370478,0.4351568394924722
abs,0.03513016647000289,-0.04774647379097323,-0.8678318270965145,1.2307670854330055
abs,0.38525065271195136,-0.0913031781348771,-1.5525694750154924,0.5460294375140274
abs,0.08521010911613036,0.09474827524398732,-0.8906684258339848,1.2079304866955352
abs,0.5563567977050153,0.20677870927626624,-0.3176699698061779,1.780928942723342
abs,0.23474610147556607,-1.0191130286959986,-1.8895941963425673,0.2090047161869525
abs,0.20096473027315187,-0.8112356958462092,-1.7616709887424082,0.33692792378711167
abs,0.022575609415791398,-0.18430317305590938,-1.3560014851558466,0.7425974273736732
abs,0.8287677063104733,-0.5871806027552369,-0.9551229965859909,1.143475915943529
abs,0.6983692226391207,1.6735948850482303,0.6545834489060292,2.753182361435549
abs,0.6591834870843953,0.7546765493184915,0.03580045112617891,2.1343993636556986
abs,0.5826873925615521,1.1200295864147987,0.449520971841997,2.548119884371517
abs,0.12527968613169616,-1.1063927016664614,-1.9321267182279365,0.16647219430158355
abs,0.7288478628517475,1.492723400143055,-0.829573310304832,1.269025602224688
abs,0.7737634415027993,-0.005598399139283616,-0.2529409140258335,1.8456579985036865
abs,0.29591536309710365,0.6564821496864737,-0.08132516249209087,2.017273750037429
abs,0.8100355376546835,1.090821877241804,0.2346309774195834,2.333229889949103
abs,0.09309934939726494,-0.9628773777415418,-1.7984502431671032,0.3001486693624167
abs,0.8842608727712544,2.0120663054670107,-0.07043352799673264,2.0281653845327874
abs,0.11664817422493501,1.3924656978596393,0.020365080544187286,2.118963993073707
abs,0.5761997742661893,-0.6883148607007488,-0.8339420736496442,1.2646568388798756
abs,0.008111583634638153,-0.806337581687344,-1.6639755461937553,0.4346233663357647
abs,0.9749546004328288,2.570534420710193,0.6982673668786652,2.796866279408185
abs,0.9756440893804043,0.7723466150906881,-0.162416530056254,1.936182382473266
abs,0.9030252979193522,0.24463882621633892,-0.19188227269614655,1.9067166398333733
abs,0.7972552197127302,-0.20610188813610747,-1.2153958324722458,0.8832030800572742
abs,0.5597654575362981,0.9323753411089897,0.1286024283201046,2.2272013408496245
abs,0.5733505144563207,-0.11475927580994391,-1.2701482280302556,0.8284506844992643
abs,0.03459634179425841,-0.7601537815273585,-1.379708446038965,0.7188904664905549
abs,0.2516760741006834,-0.13377877571572944,-1.347864541507263,0.7507343710222568
abs,0.5224685852960692,1.1670816262694974,0.13881647414145704,2.237415386670977
abs,0.24821312165099818,-0.7886744687930447,-1.553394136746698,0.545204775782822
abs,0.8119380953954408,0.755831501300854,0.33595716369380857,2.4345560762233287
abs,0.1010878807276101,0.7555457999021249,-0.1974801222203536,1.9011187903091664
abs,0.46437858030874535,-1.3062818608054583,-1.4694739973240356,0.6291249152054843
abs,0.9270672871447301,-0.11573802618630813,-1.4741459149211353,0.6244529976083845
abs,0.7347083398990235,1.5521583770666683,-0.3226721753981455,1.7759267371313743
abs,0.7395961195468138,0.9542612850093942,0.41573255246806995,2.51433146499759
abs,0.5429312375468524,0.17235551026421508,-1.387592603889889,0.711006308639631
abs,0.9357501583622325,1.0109618385691594,0.37844853286275715,2.477047445392277
abs,0.8510863254809636,-0.09287511062381716,-1.0540377198272708,1.0445611927022491
abs,0.7472886413790035,2.8735485644039596,0.5501534621386439,2.648752374668164
abs,0.30104127074266573,-0.8520637875985123,-1.5494639516192705,0.5491349609102494
abs,0.4695777120951844,-1.564816170687547,-1.3478021754477139,0.750796737081806
abs,0.5673820060869926,-0.48413197783398276,-1.3094479490013564,0.7891509635281635
abs,0.7879590327766254,1.370162172074466,0.5968426787686651,2.6954415912981853
abs,0.9263817103764925,1.0954084326926048,-0.37260037231738574,1.7259985402121343
abs,0.3894916733121714,0.9936934775150628,-0.241722259045277,1.856876653484243
abs,0.6607335204196126,-0.19444079455795005,-0.8737482515562871,1.2248506609732328
abs,0.7034244331367987,1.1713180714657605,-0.19030364108786346,1.9082952714416566
abs,0.3449998594251904,0.665763151910737,-1.0573166715679587,1.0412822409615612
abs,0.4491379238834212,-1.177791312547051,-1.577553254502988,0.5210456580265318
abs,0.6402623636297582,1.8831065492171692,0.13571078809537696,2.234309700624897
abs,0.9534709297628446,1.5810304551486274,0.49640112889082477,2.5950000414203447
abs,0.4107011015204526,0.8533824842496589,0.28305620937243803,2.381655121901958
abs,0.552722640698454,0.973762055899096,0.1416848526474197,2.2402837651769394
abs,0.9620718667684961,1.172890558844644,0.5580405563626822,2.656639468892202
abs,0.576636587767739,0.5138209319230134,0.13819434281699716,2.236793255346517
abs,0.4896857140298887,-1.5222059779047434,-1.5004294832975453,0.5981694292319746
abs,0.8127407262860163,1.4887073498296837,-1.2425930706531723,0.8560058418763477
abs,0.6311730011892336,1.0201835507252086,0.15057491984257743,2.2491738323720973
abs,0.5427554383594888,0.9017466541154935,-0.21353376678771618,1.8850651457418037
abs,0.6967080762303359,0.864059549629984,0.13483607820381627,2.233434990733336
abs,0.3452999568965188,-0.1087875011407107,-1.041082669535017,1.0575162429945029
abs,0.7036565219558683,0.9641617659071647,-0.17096004617968497,1.927638866349835
abs,0.731883584115526,1.4896115956492744,0.1984174486072734,2.2970163611367935
abs,0.34928889888757186,0.3675175189185109,-0.7896821991173413,1.3089167134121786
abs,0.8272003317316676,0.8010790544150996,-0.7762209930228126,1.3223779195067074
abs,0.3881616335649839,1.6825194932686927,0.3391257807744916,2.4377246933040118
abs,0.9180413186238886,1.0916575981393737,0.41339662395569765,2.511995536485218
abs,0.6049818454106733,0.353734189510875,-1.2656771059031586,0.8329218066263613
abs,0.07285216215819124,-0.227762702499118,-1.1409828126768633,0.9576160998526567
abs,0.4157676325668086,0.6777956839859131,-1.6255896396712728,0.4730092728582471
abs,0.07702010049209251,0.3105295552676305,-0.8197403292538352,1.2788585832756847
abs,0.9640853032066231,3.1132542054134915,0.4910885051261267,2.5896874176556466
abs,0.2163196599466135,-0.16665447476808648,-0.7219854284639883,1.3766134840655315
abs,0.8916930492570166,2.594319265004297,0.3798363279882353,2.478435240517755
abs,0.690443529729389,1.547395350634591,-0.4830947615222957,1.615504151007224
abs,0.3206632846553982,0.8268698373828174,-0.5726991450468794,1.5258997674826404
abs,0.48172152217752173,0.1277850713743983,-1.0620147925608494,1.0365841199686705
abs,0.11524513691248761,-0.435131495343966,-1.6663270009920819,0.43227191153743794
abs,0.624342599555372,1.7616908627928223,0.4061690090385228,2.5047679215680425
abs,0.5884239355834914,-0.71643112194991,-0.22808716113319716,1.8705117513963228
abs,0.9291583799737174,2.362098164214477,-1.0271590008295617,1.0714399116999582
abs,0.7324038786482884,0.42146173814396426,0.4176305684281618,2.5162294809576817
abs,0.2789241016793016,0.1533539611960274,-1.606696267978425,0.491902644551095
abs,0.9363073038176606,0.7785714590948567,0.5828223938482175,2.6814213063777377
abs,0.7261989070345102,-0.356012934837594,-1.3266038531076203,0.7719950594218996
abs,0.9028402624669621,-1.4853148141655927,-0.35513124697289833,1.7434676655566217
abs,0.6889327708538698,0.8883896200706193,-0.28820392924976534,1.8103949832797546
abs,0.4372287560835475,-0.6944659521858911,-1.4744445238730792,0.6241543886564408
abs,0.7650970435712164,0.41164884440231414,-0.6882863912312029,1.410312521298317
abs,0.2610312014186339,0.21216815407073047,-0.7776206837801425,1.3209782287493774
abs,0.06680962702504234,1.0779598209993662,0.0023081628266541365,2.100907075356174
abs,0.8992816886239413,0.12279225789121098,-1.1835433000629556,0.9150556124665642
abs,0.10836723047744434,-0.6660611463738422,-1.8879582109506066,0.21064070157891324
abs,0.4585945322159506,-0.1748102920890078,-1.5673409834656122,0.5312579290639076
abs,0.5120537983217857,-1.0019559039754653,-1.6157793770417594,0.48281953548776047
abs,0.5789769830395203,0.6917405334021762,-0.6249875127303536,1.4736113997991662
abs,0.44207465055243755,0.9445698132879343,-0.7566721457966519,1.341926766732868
abs,0.23498890036436815,0.0433203277974617,-1.315316233510947,0.783282679018573
abs,0.2547955535257831,0.4247468657513538,-0.6482540362744587,1.4503448762550613
abs,0.6566799919919852,2.151729585821006,0.46039425839884296,2.558993170928363
abs,0.3779148400783531,-0.4901894999548461,-1.6357327274852018,0.462866185044318
abs,0.8671778908663107,1.559606759521035,0.17155565523425653,2.270154567763776
abs,0.48805950444346,-0.33011814960788366,-1.314684214362786,0.7839146981667341
abs,0.7996890400822911,0.29144202238522465,-0.1508486411999953,1.9477502713295247
abs,0.7070218455541754,0.434392033274837,-1.1331642002625528,0.9654347122669671
abs,0.009007661149280755,-0.540249713904993,-1.3831905059498857,0.7154084065796342
abs,0.2337802884111484,0.5498358467405612,-0.38671214207867466,1.7118867704508451
abs,0.44109146118602083,-0.07768121423669128,-1.0276116130596475,1.0709872994698724
abs,0.3635842605742282,0.7618039233931541,-0.21746813527838404,1.8811307772511359
abs,0.853330284894504,-1.162110690168329,-1.0237173379748774,1.0748815745546425
abs,0.36457009535502727,-0.0750843753066765,-0.855720609290069,1.2428783032394508
abs,0.24436257604098788,-0.6629499511256104,-1.5612498941201851,0.5373490184093349
abs,0.1718501099908719,1.3417988463227255,0.12560949305592217,2.224208405585442
abs,0.5741549777767408,0.34167574366561515,-0.21223084343944776,1.8863680690900722
abs,0.3793972861239583,0.1584554220926947,-1.5951707982164072,0.5034281143131126
abs,0.23031008960477617,-0.12133921275633713,-1.1700369350604178,0.9285619774691021
abs,0.07093351121302194,-0.39372469218506156,-1.9156447156896117,0.1829541968399082
abs,0.9422641880010856,0.4316940564956637,0.2950009605911281,2.393599873120648
abs,0.2965404111686939,-0.2808884600827475,-1.5906871735816508,0.5079117389478691
abs,0.03796099720128354,-0.9213946643500159,-1.7191420678018172,0.3794568447277028
abs,0.8296532461546395,0.5709845876683579,-0.038656279232711865,2.0599426332968083
abs,0.5190892256396575,0.3283493121548524,-0.6845779685831254,1.4140209439463947
abs,0.7165290458791228,0.1943492786827984,-0.04034102862004785,2.058257883909472
abs,0.8175843195027609,-0.060838421663924946,-0.7298841785904661,1.3687147339390537
abs,0.4695486061738149,-0.8110390443389461,-1.2727202129862139,0.8258786995433061
abs,0.8959107778099021,0.48650336575527664,0.7670811780068869,2.865680090536407
abs,0.11610195056302652,0.19674703650822997,-0.7069715034955217,1.3916274090339982
abs,0.6784306944635333,-0.4765682834606433,-1.4002329330495071,0.6983659794800128
abs,0.2449304664442965,-0.01100483399019997,-1.360232525888212,0.7383663866413078
abs,0.8218164011778737,0.23411080266283862,-0.8700002454971711,1.2285986670323488
abs,0.005356095231975,-1.0884918773497239,-1.8828559073519433,0.2157430051775766
abs,0.333697776861394,-1.1553348796740337,-1.452825965886154,0.6457729466433659
abs,0.9163032650834729,-0.28101824624060623,0.13098077996265323,2.229579692492173
abs,0.441423136467223,-0.649038506593608,-1.737652911285947,0.3609460012435731
abs,0.8796710491229377,0.9965921181245032,0.5225850053083163,2.621183917837836
abs,0.2249758911218518,1.0780624924903293,0.055751511509738894,2.154350424039259
abs,0.011169003979242365,-1.071337121225466,-1.8682903654629963,0.2303085470665237
abs,0.9073288408319155,3.6918490299422198,0.9044237160183066,3.0030226285478268
abs,0.11898768074067756,1.4887213930892644,0.02915023369731573,2.1277491462268356
abs,0.8344838525253196,0.8540499104568864,-0.596714855032948,1.501884057496572
abs,0.21183539281978125,1.2924539169052078,0.14889388146458993,2.24749279399411
abs,0.8257954966700869,0.41207123568164483,-1.4049614228896303,0.6936374896398896
abs,0.7175342365943017,1.5474985432490707,0.1487204765837662,2.247319389113286
abs,0.4693007744632185,2.1169659691613605,0.35783516291568307,2.4564340754452028
abs,0.060929226736526676,0.1620342310022525,-0.6729830948689469,1.425615817660573
abs,0.33550979076619314,-0.8202064579135446,-1.6239754126665944,0.4746234998629254
abs,0.6968872153396041,0.3831922251264521,0.5462736962310508,2.6448726087605707
abs,0.639129851711747,0.5452427407255893,0.43900820710141764,2.5376071196309375
abs,0.5779491119347452,-0.32585879445599186,-0.9846323422590597,1.1139665702704602
abs,0.3047376297347544,1.230722525638988,0.21669528624479484,2.315294198774315
abs,0.3080144285933073,0.37878586012770055,-1.6165275958470775,0.4820713166824425
abs,0.869589424259203,0.3198308543787446,-0.6225276335648544,1.4760712789646655
abs,0.9518410724259562,0.6238574855846246,0.639494222555695,2.738093135085215
abs,0.252774992210691,0.3032377670983222,-0.6264222033259893,1.4721767092035307
abs,0.18455841071341494,-0.5613199998884956,-1.2761267963780827,0.8224721161514372
abs,0.42119278574187957,-0.7162607294104018,-1.5859237231121766,0.5126751894173434
abs,0.07031748316869435,0.3255861968349599,-0.8287401769210351,1.269858735608485
abs,0.14384655193667484,0.9835456497372547,-0.12463703153981998,1.9739618809897
abs,0.3856636957946278,0.02565809991700472,-1.0909404101370257,1.0076585023924942
abs,0.10567750759205474,0.23201114462463165,-0.6374957949449289,1.461103117584591
abs,0.8977150685658795,1.9344547794824916,0.28375741026371015,2.38235632279323
abs,0.26856744712700775,-0.2966652157380228,-1.6986744506150115,0.39992446191450837
abs,0.07950526119274814,-0.4115726445885661,-1.462619648842439,0.6359792636870809
abs,0.19037452110542774,1.0546124470671956,0.18700689519653668,2.2856058077260566
abs,0.33051369551826504,1.0932685900220913,0.24730049000361798,2.3458994025331377
abs,0.48130893703976685,1.2947493534815306,0.40160033811800355,2.5001992506475235
abs,0.043205181740364584,0.165596113367893,-0.7079913962286796,1.3906075163008405
abs,0.9448390402141603,-1.086146500420329,-1.1831802494876575,0.9154186630418623
abs,0.9351168012961809,1.816474404221,-0.8511179581923466,1.2474809543371734
abs,0.4090369876616998,0.6561731970125607,-0.3124511713311747,1.786147741198345
abs,0.26225697890539335,1.1306422300396624,-0.09670246352483125,2.001896449004689
abs,0.922196004167748,0.6928826145274791,0.28716285933580177,2.3857617718653215
abs,0.036573391451652615,-0.9047298148089826,-1.8292567761648835,0.26934213636463655
abs,0.9050352103994121,0.673165115900632,0.14838592932433303,2.2469848418538527
abs,0.9873624707290983,0.620405613583384,0.3521158971971212,2.450714809726641
abs,0.2760925832411967,-0.1865375728520755,-0.6027956226189859,1.495803289910534
abs,0.15541475171241081,-0.7612240804360118,-1.88944165678217,0.20915725574735
abs,0.10966819666961669,-0.8271250223577546,-1.8060137303185924,0.29258518221092744
abs,0.8618509607685123,-0.9188715570802584,-0.5919892343719647,1.506609678157555
abs,0.20546673937719773,0.6134804441108259,-0.19137429448755838,1.9072246180419614
abs,0.1981583040527395,-0.22414370296078726,-0.6374424293307377,1.4611564831987822
abs,0.5873143931583359,0.5877872355156603,-0.2551804622065964,1.8434184503229236
abs,0.8328081915385489,-0.7540016538210065,-1.1133126432812732,0.9852862692482468
abs,0.1656708830863305,-0.7597892134441824,-1.8541119883350015,0.24448692419451834
abs,0.5243000695021234,0.40029880281307684,0.1287252696480896,2.2273241821776093
abs,0.2382468873510205,-0.6893244572410664,-1.7043884840145278,0.3942104285149921
abs,0.11696239751388615,-0.2564354092522351,-1.1061892077996391,0.9924097047298808
abs,0.0494338028203799,-0.3147166796377846,-1.3653691937326342,0.7332297187968858
abs,0.7862657019703642,1.4005819070119745,-1.0800208583509427,1.0185780541785772
abs,0.35449731294278364,1.130090637063175,-0.051434531955933394,2.0471643805735864
abs,0.5702945320590271,0.9836617802186575,0.231768357432389,2.3303672699619087
abs,0.9014455528551996,-0.9051349643862219,-0.502294443522042,1.596304469007478
abs,0.9702739862813899,0.872067573375678,-1.2216612368462867,0.8769376756832332
abs,0.2544668562712842,-0.19306559924394445,-1.3802381461779218,0.7183607663515981
abs,0.27465401068130424,-0.8992856364104942,-1.4931520532647833,0.6054468592647366
abs,0.9759235667850474,0.6691940591881645,-0.9472249564843074,1.1513739560452125
abs,0.17726264570526107,-0.7020783515763092,-1.833911362713112,0.26468754981640796
abs,0.15747290345560527,-0.91287326848528,-1.6902859820006892,0.40831293052883066
abs,0.7258652330353249,2.95911944344021,0.2727007908194672,2.371299703348987
abs,0.560532962804586,-0.41320059401952947,-1.3200494053822558,0.7785495071472641
abs,0.6241171947486173,-1.0328306789728192,-0.8837969249514798,1.21480198757804
abs,0.9550276930027478,1.6401517075709005,0.5554153966174127,2.6540143091469326
abs,0.9306006831449332,1.9095185889885646,0.3747341163925577,2.4733330289220774
abs,0.9400828867543191,2.338155853069758,-1.1457032584731963,0.9528956540563235
abs,0.622928273164893,1.3730868895960413,0.3938771888026067,2.4924761013321266
abs,0.5410109384893366,1.0153267825695016,-0.24225423899300103,1.856344673536519
abs,0.13825423668776127,0.8207219971096797,0.04999038458310778,2.1485892971126277
abs,0.7451356046919253,-1.3636757476410315,-0.3417109600291175,1.7568879525004024
abs,0.4057358763480864,-0.31128952266353077,-1.0707674661205977,1.0278314464089222
abs,0.5550038663351138,-1.1109329067447062,-0.904792219625908,1.193806692903612
abs,0.5986613121116232,1.5983736656770917,0.44269484236063406,2.541293754890154
abs,0.5043189412369449,-0.05164517235117627,-1.6822836749912304,0.4163152375382895
abs,0.27545221929674557,-0.7701450462602379,-1.381508459949667,0.7170904525798528
abs,0.5517880432009371,1.641499256839082,0.1394603303617845,2.238059242891304
abs,0.17682462143283295,1.4572654493237351,0.1308602447008278,2.2294591572303477
abs,0.08042011555203288,0.02106268207734771,-0.7681451220859126,1.3304537904436073
abs,0.4117526179311811,1.5029374961005522,-0.04493831110833946,2.0536606014211802
abs,0.2070065797281564,-0.10447696014963201,-1.3725773741396314,0.7260215383898885
abs,0.5829283007524696,1.2188201389798226,0.40158904720446875,2.5001879597339887
abs,0.5633612014402766,0.5507642079866871,0.3211003494883433,2.419699262017863
abs,0.8243156384213901,-0.3099755993003765,-1.0410897655042137,1.0575091470253062
abs,0.6989892993396281,-0.4130812769059586,-0.877813426458452,1.220785486071068
abs,0.7150232767354894,1.7856678041614902,0.5723860963678258,2.670985008897346
abs,0.1030879852341422,-0.17512504798702125,-1.33696159052581,0.7616373220037098
abs,0.5787386741783435,1.9915509038992139,0.035549298505038074,2.134148211034558
abs,0.9192979230918235,3.0232694775698454,0.5072250814717574,2.6058239940012773
abs,0.9725011583918075,0.18693770941973933,-1.0648212768435623,1.0337776356859576
abs,0.3692845474079519,0.7735570501671214,-0.5013319855974238,1.5972669269320963
abs,0.5888569211714308,1.5649079475270864,-0.2759732174287093,1.8226256951008106
abs,0.6269219194766635,0.811947971271674,-0.2262741350973183,1.8723247774322016
abs,0.04313433806254341,-1.0741875786015749,-1.8172007399588705,0.28139817257064936
abs,0.4581620135105824,-0.6783910236797709,-1.4893132528139403,0.6092856597155796
abs,0.8266483083998671,1.9442542486598358,-0.6148280442560258,1.4837708682734942
abs,0.8385418259906235,1.0657180411265743,0.6358759591393353,2.734474871668855
abs,0.5840547253719058,-0.8449717223236622,-1.332821919179502,0.7657769933500178
abs,0.020838447887086775,-0.4635664098254094,-1.7069929800442079,0.39160593248531206
abs,0.9148683490864523,1.0493225186319124,0.13471989451111033,2.2333188070406305
abs,0.9638049475062406,1.8107741828038588,0.3267384658477821,2.425337378377302
abs,0.7448626061181203,1.1148647930523792,-1.325482256694221,0.773116655835299
abs,0.7020729842133353,-0.4655761604289401,-1.75825231963338,0.3403465928961399
abs,0.21730234345145838,-0.6984403976628173,-1.5174463136344376,0.5811525988950822
abs,0.26865301941963793,0.6826087248592372,0.004556713500217802,2.1031556260297375
abs,0.5877801652264527,0.9796953211523497,-0.2672871792631075,1.8313117332664124
abs,0.38324688034550003,0.5634976145374269,0.4570090019861761,2.5556079145156962
abs,0.793044498737769,0.4328074140272542,0.30986804122931,2.40846695375883
abs,0.30087051075152094,0.22521954190173843,-0.9730753899064514,1.1255235226230684
abs,0.8176065511464343,1.3054186289638117,0.0925306170172977,2.1911295295468176
abs,0.4155915221511063,-0.5136789975328814,-1.4861793744564162,0.6124195380731037
abs,0.5195350859904783,0.19727132271167952,-1.1283773686468817,0.9702215438826383
abs,0.5280653579265537,0.537030725787626,-0.7393670949183433,1.3592318176111766
abs,0.31948772437951234,1.26205156126056,0.2385034903438652,2.337102402873385
abs,0.31305540942234966,-0.8682509820540607,-1.6822563745135373,0.41634253801598264
abs,0.8205085884621609,-0.3214021773938786,-1.1772621907531409,0.921336721776379
abs,0.3944435102628985,2.164800180164233,0.3124724334323403,2.4110713459618602
abs,0.31001303280083337,-0.13265719840974133,-1.2833784744764818,0.8152204380530381
abs,0.13964446482247128,-0.10953015287748272,-1.0586934172550861,1.0399054952744338
abs,0.4421961490429007,1.2848673800081731,0.3451316469311161,2.443730559460636
abs,0.08111485947454311,0.6378416127788117,-0.2719270196761786,1.8266718928533412
abs,0.9213686751659138,0.9422549129269284,0.2979672251076093,2.3965661376371292
abs,0.402168186409113,0.1465912475843577,-1.3548544565541756,0.7437444559753443
abs,0.3556257485275218,0.30941317529299445,-1.455237537175634,0.6433613753538858
abs,0.6017638028238574,-0.6922374091462479,-0.48855550422527383,1.610043408304246
abs,0.4584438550176725,-0.6278341751247611,-1.5727689016274042,0.5258300109021158
abs,0.506408508457945,-0.6220564404585442,-1.4102459734873602,0.6883529390421598
abs,0.6384033302281417,0.19733077779343894,-0.4083071280351135,1.6902917844944065
abs,0.4375488242266645,0.25614788927685245,-0.3927404644448148,1.705858448084705
abs,0.6596176549839862,1.5240253220579913,0.40349443402522867,2.502093346554749
abs,0.057691467414036635,-0.541631324521018,-1.3357456176777176,0.7628532948518024
abs,0.31722161383924086,-1.26495714905783,-1.62675821804603,0.47184069448348986
abs,0.6616478202603118,1.5697047214909676,0.25752237963812163,2.3561212921676415
abs,0.24703885363943034,-0.3373212155705267,-1.2947999513835065,0.8037989611460135
abs,0.44106745537089886,1.8030016552621513,0.053825303111667555,2.1524242156411875
abs,0.6416207938317239,1.1661883001438107,0.21201789083640477,2.3106168033659245
abs,0.5006064168223859,-0.44278174233696554,-1.2000994063801262,0.8984995061493937
abs,0.33561578335559183,2.2573139264698896,0.271136732110157,2.369735644639677
abs,0.6096448405008604,2.2210200115774605,0.3663985023055514,2.4649974148350715
abs,0.3411727131904573,0.7073228495966469,-0.6889405373266836,1.4096583752028362
abs,0.7769531761074444,2.2821485693850785,0.20837486205693567,2.3069737745864556
abs,0.700269028448649,0.8404925890628884,0.1158090040903339,2.214407916619854
abs,0.001966564401312376,-0.11062913359382867,-1.3901140805589467,0.7084848319705732
abs,0.44537178139194233,1.5856314637692186,-0.11869215838385183,1.979906754145668
abs,0.010189975309110588,0.9125199591690407,-0.02633103181358787,2.0722678807159323
abs,0.09763579511576725,-0.2720716999388509,-1.333172114839445,0.7654267976900748
abs,0.7855891765088597,0.33681683051120026,-1.4566098218211108,0.6419890907084091
abs,0.13798726893799507,-0.735503553923866,-1.735873196413662,0.362725716115858
abs,0.7193225913154603,0.007018024122792621,0.40291760253233266,2.5015165150618524
abs,0.8450559285712023,-0.6194981260275019,-0.9907893056262307,1.1078096069032892
abs,0.9539943822791541,0.9823243309511361,0.6993421754885656,2.7979410880180855
abs,0.5243472229008581,-0.7178296777501271,-1.0381879423422065,1.0604109701873135
abs,0.46203880749604587,0.3386645958740414,-0.086382298423891,2.012216614105629
abs,0.36530877132128314,1.315670882622867,0.08881395893182087,2.1874128714613406
abs,0.7634023527191003,-0.40382537807373087,-1.3671749867142942,0.7314239258152258
abs,0.2416283319635365,-0.4902236759180123,-1.4227873931641977,0.6758115193653222
abs,0.5541649542403626,1.5527887584356157,0.416358015813179,2.514956928342699
abs,0.08001105087083371,-0.3529444145764943,-1.5337215637800163,0.5648773487495037
abs,0.7956153858076993,0.8518009822958018,-1.2978258351961174,0.8007730773334025
abs,0.780618304814159,0.577937987134739,-0.5231718423722559,1.575427070157264
abs,0.42389232914131825,2.079785666824539,0.23602013841404457,2.3346190509435645
abs,0.2437154156142225,0.8611904536521479,-0.2594989008265629,1.839100011702957
abs,0.04909868426312092,0.8959504593759965,-0.1860212615457737,1.9125776509837462
abs,0.38802331682453406,-0.39890125424390765,-1.5816749268687744,0.5169239856607455
abs,0.028379550398354714,-1.0469335822630543,-1.8788975050213814,0.21970140750813838
abs,0.08509438553789395,0.8716523270178848,-0.006143864991645653,2.0924550475378743
abs,0.6985813583890144,0.22296600820709167,-0.30712166485192294,1.791477247677597
abs,0.6561253740090253,1.318345988439006,0.032471445748670114,2.13107035827819
abs,0.6158435777509348,0.375946620693158,-0.2409602913035901,1.85763862122593
abs,0.8206311633371671,0.09246796733613594,-0.7814784815816805,1.3171204309478393
abs,0.7991967089166456,-0.5938310282693715,-1.2815509310772277,0.8170479814522922
abs,0.49744213053863606,0.22573181468897474,-0.10953842109410905,1.9890604914354109
abs,0.875614579523277,2.426687511382432,0.7314207464902891,2.830019659019809
abs,0.11313288047044978,0.8607513824347006,0.008752863270207412,2.107351775799727
abs,0.41777928942304277,0.5547586149486491,-0.4601558873714725,1.6384430251580473
abs,0.15980633092504926,0.7975987843598601,-0.2212113007814498,1.8773876117480701
abs,0.28892986000613463,0.8130497839676519,-0.1559103754939708,1.9426885370355491
abs,0.5635717947331783,0.8800666742923198,0.17013452972758825,2.2687334422571084
abs,0.3793311059557327,0.0737018955819237,-0.6766971338014428,1.4219017787280772
abs,0.22411610102265367,1.6775185734004032,-0.025927792264720972,2.0726711202647987
abs,0.30457613174073517,-0.2894657444946621,-0.4462056539010619,1.652393258628458
abs,0.7808862658793088,1.4124634110719758,0.4086145471546119,2.507213459684132
abs,0.7012796189321833,1.27708766521061,-1.5220560224120507,0.5765428901174692
abs,0.32939140626121943,-0.0025234458488030825,-1.1020032902625445,0.9965956222669754
abs,0.3314572312216487,0.9081245478739776,0.015259945670570652,2.1138588582000906
abs,0.1690159076817308,-0.11675587453963432,-0.7169179410106064,1.3816809715189136
abs,0.5466687999095062,0.6839162705891139,-1.6450485215284472,0.45355039100107275
abs,0.6404898084094982,1.4720613319755183,0.48566001329657493,2.584258925826095
abs,0.11844380157136114,0.8294696873477667,0.07424554490755453,2.1728444574370744
abs,0.7617835104978931,1.0218224463694092,-1.0419108308578808,1.056688081671639
abs,0.6822869067318938,-1.6884595825986688,-0.9148739712343309,1.1837249412951891
abs,0.5951792219918098,0.13622397609197723,0.09973777545629114,2.198336687985811
abs,0.05311896140241823,1.013390805650801,-0.34298770907676956,1.7556112034527502
abs,0.3707276452992898,-0.9441617751591944,-1.5825709282288996,0.5160279843006202
abs,0.29920639642333824,-0.4094491251946686,-1.6605391424303237,0.43805977009919617
abs,0.1536894492982389,0.1576423198546127,-1.3569234622725983,0.7416754502569216
abs,0.6978454062624863,1.3974007568030122,0.37109039163996527,2.469689304169485
abs,0.36397295542555586,-0.09010941000381273,-1.148088617208215,0.9505102953213049
abs,0.40990372935727837,1.3279491116372233,0.17846691912770574,2.2770658316572256
abs,0.8944634479016884,0.5727576150336096,-1.0766528853084651,1.0219460272210548
abs,0.5430632033159484,0.04452701486076782,-0.25932298527514397,1.839275927254376
abs,0.17701412498315638,-0.5732366270109646,-1.72208306872202,0.3765158438074998
abs,0.7671737744386857,-0.48008420779798033,-1.3151549639746838,0.7834439485548361
abs,0.9673711991171544,-1.1858088174408672,-1.4940465258292264,0.6045523867002934
abs,0.33585569140059146,1.84073941718466,0.004121079891098445,2.102719992420618
abs,0.9887405601453795,0.6203775743007591,-0.9064680323120169,1.192130880217503
abs,0.05940206900022704,-0.5730758625195406,-1.4161378769689095,0.6824610355606104
abs,0.6027113501325781,-0.4480084260089545,-1.4187394260064026,0.6798594865231175
abs,0.7826937925190033,-0.07257742907524711,-0.37942266084690446,1.7191762516826155
abs,0.9864694606572472,1.9926252859140763,0.048092167286480025,2.1466910798159997
abs,0.8593281144954602,0.7461647006918761,-0.6339313060129064,1.4646676065166135
abs,0.03377992068815794,-0.15437059639500614,-1.420423754940292,0.6781751575892279
abs,0.8796498367736034,-2.40904945351981,-0.7135399064301954,1.3850590060993246
abs,0.3168644077053293,0.15966352806066447,-1.5209037102991199,0.5776952022304
abs,0.0931495250351746,-0.7864342577651713,-1.7572563974816713,0.3413425150478486
abs,0.7625079725182167,-0.3838347977125309,-1.3717946883843264,0.7268042241451935
abs,0.5961154221633664,2.66399996829938,-0.3080332100165395,1.7905657025129804
abs,0.553498945539062,-1.592234815545933,-1.4189442511603145,0.6796546613692054
abs,0.13781636911593487,1.2650189994973107,-0.05012038133434227,2.048478531195178
abs,0.9622629715535223,0.12434541997464268,-0.47710481593707676,1.6214940965924431
abs,0.3218326404942693,1.0010095431717072,-0.053972514697448015,2.044626397832072
abs,0.2931275201675593,1.5052063557175586,0.13154233854811448,2.2301412510776344
abs,0.8236204731344176,1.6483581744790519,0.6259921316892847,2.724591044218805
abs,0.827106400810795,-1.1132409195980468,-0.9497471040873764,1.1488518084421435
abs,0.9105225850030775,-1.2718480026533214,0.1955240487110559,2.294122961240576
abs,0.8534351509293117,0.5279819032714407,-0.826463866198452,1.2721350463310679
abs,0.6903294085810586,1.7660042282037058,0.33024876586520824,2.428847678394728
abs,0.08640973742996338,1.2531654776289656,0.002434416200418177,2.101033328729938
abs,0.822046342289939,0.3535016379933917,-0.406013305701457,1.692585606828063
abs,0.9495336896024695,0.5665228906968516,-0.48320567756053723,1.6153932349689826
abs,0.8445204018760923,1.1455469984140048,-1.141558430620659,0.9570404819088609
abs,0.07932150472009658,-1.3112867454084527,-1.9645572282451624,0.13404168428435737
abs,0.9171174835243728,-0.7939777928721606,-0.42165960095574784,1.676939311573772
abs,0.3911248567635466,-0.6762993544228266,-0.32027244353360096,1.7783264689959188
abs,0.7157435949717387,0.17555596953225194,-0.04344522635433279,2.055153686175187
abs,0.18454053883899135,-0.6906492998374214,-1.3272208290414493,0.7713780834880706
abs,0.8845222191864763,-1.739436480538549,-0.8379479344776409,1.260650978051879
abs,0.3595754831945416,-1.1785770128676853,-1.600556281899817,0.498042630629703
abs,0.8858768892030507,0.3031977296179017,-0.49143961633170863,1.6071592961978114
abs,0.9633267117762834,-0.8667422953657086,-1.0424946385127392,1.0561042740167808
abs,0.014279420707478452,-0.13276371373961487,-0.9443277794611289,1.154271133068391
abs,0.4814538952110181,-1.1001211637891646,-1.5127500463261594,0.5858488662033605
abs,0.5554384796772268,0.9694374442052337,0.1416848526474197,2.2402837651769394
abs,0.10186656006035288,0.5658758224227938,-0.6355475870823749,1.463051325447145
abs,0.015953773974474728,-0.8771196784921858,-1.7163782723054286,0.3822206402240912
abs,0.03183765275914585,0.011075392303371678,-0.8190341603501352,1.2795647521793847
abs,0.0019133442159487979,-0.9827148650767031,-1.8674181421700564,0.23118077035946338
abs,0.6143587432841533,0.3544540153091966,0.40653033843529607,2.505129250964816
abs,0.6369343447943641,-1.4510938098334636,-0.46639458206209705,1.632204330467423
abs,0.6466469091182365,-0.5999357092848877,-0.16038469104708364,1.9382142214824363
abs,0.39319208036362663,0.8242264601587475,0.11116225798161561,2.2097611705111353
abs,0.7525101711819843,2.090408958487703,0.2530090885552434,2.351608001084763
abs,0.8828118569485492,-0.45586154870216533,0.4733726324124916,2.5719715449420115
abs,0.6873985501086887,0.784980617610223,-1.4465216519262283,0.6520772606032917
abs,0.472534641969218,0.2540116717802174,-1.0478912020445905,1.0507077104849294
abs,0.45583202989857796,-0.9588490545055526,-1.4716082181494994,0.6269906943800205
abs,0.18391697912144545,0.1385355350312303,-0.7271482594897114,1.3714506530398085
abs,0.19924778636155316,0.3594738299848327,-0.9105830931146874,1.1880158194148325
abs,0.06033521113920559,0.5176719636571632,-0.29197321942822074,1.8066256931012992
abs,0.8340078806231221,1.2824534640776954,-0.460715970284183,1.637882942245337
abs,0.48895507620413414,-0.057272593021582385,-1.4829550536247325,0.6156438589047875
abs,0.7621836584961197,0.32360240344150815,0.2803320195352996,2.3789309320648195
abs,0.09539383056784512,-0.5010442496844976,-1.7295316091645292,0.36906730336499083
abs,0.5910830153468521,1.2714128866065273,0.17377640921740367,2.2723753217469236
abs,0.7745549009052413,0.8688010522672898,0.07514595296043347,2.1737448654899536
abs,0.41690155830300313,-0.20254685355605645,-1.3456123598241634,0.7529865527053565
abs,0.7558453562369534,1.4771506578729323,-0.6341777243859026,1.4644211881436173
abs,0.374280289502379,-0.14189076852824567,-1.079383231678972,1.019215680850548
abs,0.5342623569333416,-0.7526671761603962,-1.4782656766586713,0.6203332358708487
abs,0.4760285854121543,1.453890360212493,0.272761159006341,2.371360071535861
abs,0.2380098101417587,-0.578666465808601,-1.7096260588636698,0.3889728536658501
abs,0.3810252017162604,1.7143064318525196,0.05444096709832458,2.1530398796278445
abs,0.8267455305327169,-1.2487859057791906,-1.0421436860271387,1.0564552265023812
abs,0.6330076786589564,-0.29958713150199534,-1.5607330148175202,0.5378658977119997
abs,0.3108686291814625,0.7834222392183232,-0.031509684200071275,2.067089228329449
abs,0.5480055963310122,1.6459340265102282,0.03014586254007745,2.128744775069597
abs,0.3617325695188721,0.3117838768785909,-0.6492748665804189,1.449324045949101
abs,0.37224288012921747,1.7579978457862298,0.30599388743618605,2.404592799965706
abs,0.3954418942711473,-0.24161116016963433,-1.0988220537605715,0.9997768587689484
abs,0.18530240098402195,-1.4648339694297219,-1.8691162792707576,0.22948263325876228
abs,0.7884103953993479,1.2889196791842028,-0.7105804020734904,1.3880185104560296
abs,0.4276640950867795,0.8116459083245794,-0.6502133208111978,1.4483855917183222
abs,0.8648711349746978,1.855467161268316,0.36687059171364145,2.4654695042431616
abs,0.675809469657114,2.091881913110262,0.33925646982282953,2.4378553823523497
abs,0.06655683539792723,-0.5836313632028799,-1.4089483179348656,0.6896505945946543
abs,0.03488402783459699,-0.9213143585617143,-1.887595782694336,0.211003129835184
abs,0.41003778040284133,-0.8123942738300618,-1.5040540140332381,0.5945448984962818
abs,0.5076245929447913,-0.9415133578388672,-1.2775591898378589,0.821039722691661
abs,0.8922747887560524,0.5214028873264063,-0.6126094959195938,1.4859894166099261
abs,0.1871190350210573,-0.399176695403376,-1.3710792302776353,0.7275196822518846
abs,0.4033118603932119,-0.64239925850425,-1.5324104488915675,0.5661884636379524
abs,0.6912745158914018,0.31917743275559474,0.5692288055903381,2.6678277181198577
abs,0.053190540056636926,-0.1487666191903572,-1.3321901163064327,0.7664087962230873
abs,0.6769871945364745,1.4429166123628343,-0.8870633999300059,1.211535512599514
abs,0.10431273620843706,-0.9820211460335337,-1.8389310362372915,0.2596678762922283
abs,0.273196114079862,1.2819114696178455,-0.13939268947405015,1.9592062230554697
abs,0.29723006032394417,1.4037325497297006,-0.4073601310279158,1.6912387815016041
abs,0.8819558725022342,2.6600308406390587,0.17050098272624004,2.26909989525576
abs,0.2148541186532099,-0.4818397533342844,-1.402959359050773,0.695639553478747
abs,0.6626651578479082,-0.01672210618814257,-0.9132519388578235,1.1853469736716964
abs,0.30702399660884183,-0.1996740957278454,-1.5956497373068939,0.502949175222626
abs,0.8866279236824066,1.930916516397422,-0.9185765358853094,1.1800223766442106
abs,0.3902367995835647,1.7174174207792903,-0.11897366782848051,1.9796252447010394
abs,0.08725872000720025,-0.4291706582235984,-1.8439770188103037,0.25462189371921606
abs,0.2902948856420632,-0.6111181816418588,-1.6989314979019206,0.39966741462759925
abs,0.6391136953360431,2.196652509538379,0.4861003489371143,2.584699261466634
abs,0.6972320188899018,3.1673317431029844,0.6168427546554731,2.715441667184993
abs,0.5970318566021365,-0.6416678998051684,-1.1132804983739164,0.9853184141556035
abs,0.2293681254590323,-0.7949483233739429,-1.7959253695522595,0.30267354297726057
abs,0.6591557906714303,2.5471540432409023,0.27050050601695363,2.3690994185464733
abs,0.25271549735818155,0.5898731340176719,-0.14829601663186864,1.9503028958976514
abs,0.47258840188629825,-0.02361386978650648,-0.45748827643233547,1.6411106360971845
abs,0.4399467342718001,0.36953915139990645,-1.0784813649319702,1.0201175475975497
abs,0.2265280077170122,0.8876138941919565,-0.6230491623328345,1.4755497501966854
abs,0.5738775195712186,2.010332890973084,0.39119935781529147,2.4897982703448114
abs,0.8230124612550209,-0.3224039194837175,-0.34597923431222943,1.7526196782172905
abs,0.8089948061483738,2.7782988953246663,0.5296218279515426,2.6282207404810625
abs,0.24282294800997462,0.4171604620503815,-0.3914184218407911,1.707180490688729
abs,0.48007884101036524,0.1726139230879512,-0.007840869781486903,2.090758042748033
abs,0.13758042051331953,-0.6979783209733037,-1.720195891587577,0.3784030209419428
abs,0.3842560962283129,-0.35124972860341647,-1.071353784097151,1.027245128432369
abs,0.9864709705819332,0.9079267356401868,0.7655306074165162,2.864129519946036
abs,0.5170223045494553,0.6495204458266224,-0.9206214301705948,1.177977482358925
abs,0.3316441362068856,1.108365396663683,0.1749089824980461,2.2735078950275662
abs,0.8680278467024894,4.041486435455111,0.2940673116793271,2.3926662242088472
abs,0.8909101025939119,1.139852273383355,-0.7856855298580672,1.3129133826714527
abs,0.9471450624927487,0.8078126488896693,-0.14931603682735706,1.949282875702163
abs,0.21158298285045718,0.8273901529323626,-0.12730004119116245,1.9712988713383575
abs,0.8595722125979584,-0.524062351834515,-0.5369036435459238,1.5616952689835961
abs,0.804118994025596,1.3915428526441485,-0.6588959498431359,1.439702962686384
abs,0.569775309659265,0.7645922845373285,0.46779941135949366,2.566398323889014
abs,0.21325797829604176,0.05826147220432061,-0.7955934660606881,1.3030054464688319
abs,0.363697354315936,1.619344895411161,0.23845883803194123,2.337057750561461
abs,0.02696295213152089,-0.7367735377467787,-1.6674038675314558,0.43119504499806427
abs,0.42096564794661584,0.16414068097291912,-0.03364112842180145,2.0649577841077185
abs,0.6900160561384598,0.20443476913462866,-0.7417875244757554,1.3568113880537647
abs,0.34281168248416805,1.6099187594226196,-0.08840688623555848,2.0101920262939617
abs,0.06307481649740276,-0.25163487212794067,-0.9106250828037461,1.1879738297257738
abs,0.10491459488925592,-0.7881353590688814,-1.4363989827601331,0.6621999297693868
abs,0.4152984161958003,1.814183202026077,0.2183117777993906,2.3169106903289105
abs,0.6965211192537616,1.8951257043427199,0.5653007703445332,2.663899682874053
abs,0.30919067815172474,-0.8787095062568855,-1.7291805138437804,0.36941839868573956
abs,0.4355955105794177,0.4140549145204238,-0.47024709186484037,1.6283518206646797
abs,0.1674642862820852,1.2996509088848216,0.07818381299603194,2.176782725525552
abs,0.9813430861396734,2.327099264510405,0.9045670041106388,3.0031659166401585
abs,0.6725560070998894,1.1195551896430795,0.5387546672153463,2.6373535797448664
abs,0.8539318947293115,0.5204950130154171,0.3635123945033718,2.4621113070328917
abs,0.8465178040384503,1.5062886267186584,-1.3526733254043348,0.745925587125185
abs,0.10841486190938299,-0.8667453876202132,-1.8120848012287294,0.2865141113007905
abs,0.5502195558613302,0.17166265914463985,-1.2660518909457534,0.8325470215837665
abs,0.36601511503066975,-0.2597832343031723,-1.5303247586246178,0.5682741539049021
abs,0.8707338782914442,0.7129330872557498,-1.2906473410146333,0.8079515715148865
abs,0.2795356689133347,-0.42456640622380104,-1.5338422549978266,0.5647566575316934
abs,0.754025231549901,-1.2503570661659373,-1.2988238382319257,0.7997750742975941
abs,0.33246098213532926,-0.16754546855063832,-1.1403841145817404,0.9582147979477795
abs,0.7654028048983712,0.9087430426826436,0.3748418085448455,2.4734407210743656
abs,0.5791144234746736,0.6496655207958416,0.42020799195592184,2.5188069044854418
abs,0.8366453072584358,1.9588121621214363,0.490842204895513,2.589441117425033
abs,0.4315868997856882,-0.6836354179248341,-1.4744445238730792,0.6241543886564408
abs,0.8896980074632287,-0.7099275868626849,-0.4829041928490564,1.6156947196804636
abs,0.49611248241690664,-0.12261013294028117,-1.4892117865445136,0.6093871259850062
abs,0.2713118645453867,1.0844009870599685,0.0932099380628102,2.19180885059233
abs,0.7162912849197797,-0.2824559179478746,-0.8611332953225452,1.2374656172069747
abs,0.043743611354022605,0.7734260596687127,-0.02363643621213063,2.0749624763173893
abs,0.09541089198327968,0.11054974920547202,-0.8667161437028822,1.2318827688266376
abs,0.20017570049504096,-0.010523885256233545,-0.6163627678671045,1.4822361446624153
abs,0.2706563719003088,0.31482502750162367,-0.5253899988014442,1.5732089137280756
abs,0.6547216699195724,0.3575424325331402,0.5535241752668139,2.6521230877963338
abs,0.06576045178422396,-0.4972155706204611,-1.3542519785828513,0.7443469339466685
abs,0.5874851862881343,-0.26987997210256687,0.32703822460514,2.42563713713466
abs,0.10833694698964935,0.9394832818413258,0.018728253350531965,2.117327165880052
abs,0.7659605894800378,1.4388588726242728,-0.04384793462142178,2.054750977908098
abs,0.8197833183362835,0.3303983641142769,-0.13862133586086056,1.9599775766686593
abs,0.8107452943694539,1.0258514236396707,0.6270806804513485,2.7256795929808684
abs,0.6441033305341907,1.0992321448370306,0.22438354151206852,2.3229824540415884
abs,0.4280908200062531,-0.7453027101348634,-0.8378507424976457,1.2607481700318743
abs,0.5119169723624762,1.3284703901349924,0.2074639501269826,2.3060628626565025
abs,0.4411701055252444,2.1365634440665318,0.28177562557644564,2.3803745381059658
abs,0.4503892641760593,0.17926435447844075,-1.0599235613170392,1.0386753512124807
abs,0.7733705385222831,0.7880965544309484,-1.3501421128892659,0.748456799640254
abs,0.4684907369667296,-0.4229823586606098,-1.7551712948411136,0.34342761768840646
abs,0.9836711663370551,-0.33604115763538345,-0.9835712400904894,1.1150276724390307
abs,0.5971091720228828,-0.17221886319466717,-0.8467469184830307,1.2518519940464892
abs,0.5491204978155741,1.9648908677960488,0.22737837978969955,2.3259772923192195
abs,0.686243765696678,1.1605368071754603,-1.065348368090671,1.033250544438849
abs,0.3236886954621926,0.3089489300014137,-1.1396534762205488,0.958945436308971
abs,0.9458150045848925,0.33137922053598395,-0.9462585964025603,1.1523403161269596
abs,0.6077687254025681,0.20400806758724196,-0.5152577804948494,1.5833411320346706
abs,0.9707395338911609,2.8176312640439245,0.7749183152657886,2.8735172277953085
abs,0.8184552442599338,-0.6155258675540235,-0.9456709221162475,1.1529279904132723
abs,0.9546072232554459,-0.12090898196143907,0.3126236850397963,2.4112225975693162
abs,0.5725788892638167,-0.7091463160177282,-0.9965362008093859,1.102062711720134
abs,0.1467222208012834,0.8551033814569846,-0.22101756310543896,1.877581349424081
abs,0.49493121092941816,0.5234165486960443,-0.5647705288907212,1.5338283836387987
abs,0.1445401312412118,1.0275865527681174,0.05384817448044621,2.152447087009966
abs,0.813088989746901,1.0013765985685366,-0.40674302977854726,1.6918558827509727
abs,0.03526204975700331,-1.0372418469111906,-1.8373348794894868,0.2612640330400331
abs,0.41858086648868054,1.3825147905351547,0.06384187910191441,2.1624407916314343
abs,0.32755194273222676,-0.5036066780933515,-1.4265787019910134,0.6720202105385065
abs,0.5241245645571754,1.7279868439672508,-0.23539637723828544,1.8632025352912345
abs,0.7910217835953748,-1.1544474000574838,-1.2065195799734476,0.8920793325560724
abs,0.6444126315481582,1.2882392957168145,-0.8321603475983003,1.2664385649312195
abs,0.430399357412235,0.3770061492385395,-1.5811712062324923,0.5174277062970277
abs,0.33823298820903136,0.08682972858952842,-0.07538457795553377,2.023214334573986
abs,0.40981999633063226,0.028840659030190605,-0.9904958092911771,1.1081031032383428
abs,0.012946451690333927,-0.8721443132594616,-1.7382335053138114,0.3603654072157084
abs,0.9206992367800346,-0.13388924994821627,-0.4175808064483303,1.6810181060811895
abs,0.579552648467877,1.448459360121861,0.10783916435322127,2.2064380768827414
abs,0.2802183945866754,0.4380077384474371,-0.3876040935481254,1.7109948189813946
abs,0.7866978298638273,-0.4989754884752166,-1.4184513165402455,0.6801475959892744
abs,0.6665289218926189,1.4805602948180243,0.38547985355165637,2.4840787660811765
abs,0.5691711866821761,1.1442138406256754,0.15955623831439714,2.2581551508439173
abs,0.4241729827916364,-0.764397392764699,-1.6575223415132605,0.4410765710162593
abs,0.9820498033192301,-0.7161669305401533,-0.906716653475453,1.1918822590540668
abs,0.933077473044288,1.8063753512999532,0.5845774718914338,2.6831763844209537
abs,0.7683998666080796,-0.6483448289989149,-0.46471918481320884,1.633879727716311
abs,0.615041632411638,0.8927144617002462,0.13411729195423083,2.2327162044837507
abs,0.5210001457546919,-0.3168917446166839,-1.4405182024704906,0.6580807100590294
abs,0.09013543346013642,0.5428568231172115,-0.6216644303395042,1.4769344821900157
abs,0.6063299483557303,-0.9356349612518682,-0.8869168860358893,1.2116820264936305
abs,0.9767360817795574,2.0996548339368957,0.6619320465246303,2.76053095905415
abs,0.555902070400838,0.735893623965052,-0.8543232423965327,1.2442756701329873
abs,0.18987961878703552,0.21495248329614344,-0.6154690842944808,1.4831298282350391
abs,0.5972192465725252,-0.44281823040608176,-1.43984428216223,0.65875463036729
abs,0.5863127899555852,-0.08690668381770666,-1.4290617402051482,0.6695371723243717
abs,0.4419312113881817,-0.7462318518638218,-1.5242269580496661,0.5743719544798538
abs,0.41070061607760355,-0.340018947268092,-0.5917668731787813,1.5068320393507386
abs,0.5091961543071849,1.2683054499543336,-0.05794764599123525,2.0406512665382848
abs,0.6597620802945615,1.7941179672752268,0.5548944715804398,2.65349338410996
abs,0.8527392301374687,0.7605038238127554,-0.8600454756067558,1.2385534369227642
abs,0.08647540230669959,-0.15490320159485163,-0.938017695505142,1.1605812170243779
abs,0.2474333630637724,0.4939563732428553,-0.20669901272813063,1.8918998998013894
abs,0.6422721374984558,1.2358860677358907,-0.9255943585312634,1.1730045539982565
abs,0.35812084677111866,-0.6044604315594796,-1.51555525057315,0.5830436619563699
abs,0.2282683364199526,-0.9376177893313626,-1.6467838113917543,0.4518151011377657
abs,0.31808658971463655,1.2322703381929418,-0.13346841648875085,1.9651304960407692
abs,0.24084294801083606,0.5516453226564377,-0.25833938742246243,1.8402595251070575
abs,0.9899764128031259,2.8250158792214224,0.9102561981575827,3.0088551106871027
abs,0.9321709486395547,2.605330916985594,0.2019114634900836,2.3005103760196035
abs,0.2974693832443204,0.7233195934148047,0.23082958859330294,2.329428501122823
abs,0.5812866175280033,0.17735759070202706,-0.25817711537219834,1.8404217971573216
abs,0.03749043690478182,0.8648033338617445,-0.14072621135414032,1.9578727011753796
abs,0.7727997106634107,0.1367433332910848,0.20782005603195275,2.3064189685614727
abs,0.34409318598176464,1.1139249126083084,-0.08716484171138394,2.0114340708181357
abs,0.843624382471204,0.7774246415808448,-1.1940676171187214,0.9045312954107984
abs,0.9113477344609485,1.944972803490618,-0.10637110890614465,1.9922278036233751
abs,0.559525283124831,0.5090469036708123,0.4009919750072266,2.4995908875367467
abs,0.11044062316335168,1.0421068388427759,0.019273718053734568,2.1178726305832543
abs,0.38240982417002445,-0.5999323952171701,-0.5683990684035689,1.530199844125951
abs,0.4675879559359666,0.4560636374901833,-1.2852027591964323,0.8133961533330876
abs,0.37575123448505676,-0.050623424450504495,-1.602825889458936,0.4957730230705839
abs,0.8724884114707153,0.7671511331714328,-0.6403984871835808,1.458200425345939
abs,0.36274589089777143,1.3580912985395506,0.016050809773896058,2.114649722303416
abs,0.9724081512886666,1.7495910658644216,-0.1804400399493057,1.9181588725802143
abs,0.08377604114846382,-0.07111979547877609,-1.3581063299970149,0.740492582532505
abs,0.1945326247725342,0.910231760093797,-0.6613535670757783,1.4372453454537415
abs,0.8637878626389914,-0.332489109362192,0.12176710691037185,2.2203660194398918
abs,0.4836065272518435,1.887664962033237,0.3554663824909927,2.454065295020513
abs,0.6123868402192428,1.3400778984823238,-0.09955500083525837,1.9990439116942615
abs,0.038697213830086286,0.6840349305303954,-0.26815085367868496,1.830448058850835
abs,0.09834014699572735,1.0227274652339418,0.01603167978780129,2.1146305923173214
abs,0.015019227700387217,-0.443415432299915,-1.4084879116915685,0.6901110008379514
abs,0.15751947014591128,0.2727664436912456,-0.8775964108832315,1.2210025016462884
abs,0.10665481609981986,0.8961465725645608,-0.1095078869582442,1.9890910255712757
abs,0.7062757746715043,0.20247394863650992,-1.0379543138096852,1.0606445987198347
abs,0.10966878194752305,0.8732207105914865,-0.23249127741230524,1.8661076351172148
abs,0.11270356827529715,0.1360333845251746,-0.640998599907174,1.457600312622346
abs,0.674113117906121,0.743831835888544,-0.8358669755242492,1.2627319370052708
abs,0.8181343880692002,1.9788212835607606,-0.14171687604582717,1.9568820364836927
abs,0.8472326341270939,1.1934297714088158,0.09479762319505047,2.1933965357245704
abs,0.9105488404738968,2.8550601710569046,0.27610974518577636,2.3747086577152965
abs,0.9380708505350771,1.5848874662557515,0.5706387859423856,2.6692376984719055
abs,0.9232983533184985,-0.038630243192242286,-1.0121824675990838,1.086416444930436
abs,0.22345695499889862,0.5222627080249129,-0.6662513091606375,1.4323476033688824
abs,0.440106974869511,1.2397691559129516,-0.0539100351434707,2.044688877386049
abs,0.08973933637680487,0.6264745397938898,-0.6591076607799079,1.4394912517496121
abs,0.3985653029300962,1.2104713485071,0.35482423074300895,2.453423143272529
abs,0.1336951638317363,-0.26734570851936845,-1.3580041127500864,0.7405947997794335
abs,0.7383404025560476,0.8653468737741381,0.48549058497327024,2.58408949750279
abs,0.8921930951985858,-1.0377838802196964,0.7118266451433373,2.810425557672857
abs,0.4187352855614238,-0.701371284842586,-1.3479140610881803,0.7506848514413396
abs,0.11924495842836291,1.2501440073257963,0.02582160955235069,2.124420522081871
abs,0.5403803244100269,0.2216443370056121,-1.0618451998975422,1.0367537126319777
abs,0.715323760828548,-0.017137610847737295,-0.776956769568644,1.3216421429608758
abs,0.5174568740791986,-0.5089991340158051,-1.5063164845884316,0.5922824279410883
abs,0.9238496006279536,-0.6924334277396131,-1.0110438573580744,1.0875550551714455
abs,0.2684442380675317,-0.42678364476397285,-1.7093901558028832,0.3892087567266367
abs,0.03819454810531919,0.709696545418474,-0.28912201933208537,1.8094768931974345
abs,0.6397987589688332,-0.01125007058244848,-0.5824797066211896,1.5161192059083302
abs,0.8902115915010931,0.3735347378325452,-0.898688630827894,1.1999102817016258
abs,0.2566295255359461,-0.39366847740113287,-1.6549958055707057,0.4436031069588142
abs,0.9127466027412214,0.5792574069513525,-0.10833154330760897,1.990267369221911
abs,0.1651882392266939,-0.014345915217516672,-1.0275425114597505,1.0710564010697694
abs,0.2099945845709026,0.7670593676665992,0.11931795913263876,2.2179168716621587
abs,0.6046462785531074,1.485079280098897,0.37102641379886325,2.469625326328383
abs,0.43545804095738916,-0.8651021305985139,-1.0525879030553285,1.0460110094741915
abs,0.1819594254650645,-0.3592021068427894,-1.270187340257736,0.828411572271784
abs,0.06960297140184835,0.4082873300183024,-0.7328886028865522,1.3657103096429677
abs,0.9166539477232793,0.5138118094089905,0.6553836179789492,2.753982530508469
abs,0.10452163712855655,-0.5931355012573016,-1.775915557675952,0.3226833548535679
abs,0.7539667893156963,1.3947559234355627,0.536998481341179,2.635597393870699
abs,0.5194404904845812,0.4235679068588591,-0.3138711673815314,1.7847277451479884
abs,0.03301052590858622,-1.2666610330998669,-1.8198584474872668,0.27874046504225325
abs,0.4416933463586764,0.6248638627254504,0.03696923565177568,2.135568148181296
abs,0.07536520935453561,1.139037571128047,-0.003364577995141671,2.0952343345343785
abs,0.9842873141539932,2.4854518844078037,0.5409917614887798,2.6395906740183
abs,0.7543062583270369,1.437673770374351,-0.8549631614447045,1.2436357510848153
abs,0.01632230260389811,-0.4815174379633964,-1.3183804845500677,0.7802184279794522
abs,0.06622877506512526,-0.4684850612251875,-1.3660571725286064,0.7325417400009135
abs,0.8904712254661115,0.585355228334757,0.7494542464001743,2.8480531589296945
abs,0.022646218334540613,-0.7058636212959829,-1.9216778411311077,0.1769210713984123
abs,0.3211964552393768,0.7770407421754018,-0.0349454405839662,2.0636534719455537
abs,0.1501703283520176,0.8349166052703012,-0.14241925584598425,1.9561796566835357
abs,0.9539431438126299,1.1150454575057767,-0.8812597376700064,1.2173391748595135
abs,0.15561023813693964,-0.4175748984423449,-1.0721567767149194,1.0264421358146005
abs,0.5535901076495906,0.6894021793912462,0.08611908358210818,2.184717996111628
abs,0.9294455173896051,0.4689590338261248,-0.9766703803587622,1.1219285321707577
abs,0.4660754054290488,-0.8518224974367127,-1.4516232191427405,0.6469756933867793
abs,0.06260450354319613,1.2937941374304984,-0.008832163075331412,2.0897667494541885
abs,0.9660877800447057,-0.1577653675535321,-0.7114210213359349,1.387177891193585
abs,0.9196996115500286,-0.26973084520309176,-0.9988691108639637,1.0997298016655561
abs,0.7466266243458513,-0.04580507489789698,-0.2682564593195482,1.8303424532099717
abs,0.5629664674939705,1.5340468220407142,0.23648223285121506,2.3350811453807347
abs,0.6788229619560067,0.07817887813307156,-1.2454357822242643,0.8531631303052555
abs,0.9632862691188501,-1.2873651587637065,-1.3099559930456781,0.7886429194838418
abs,0.5824552958755944,1.293985284507797,0.47134507102645107,2.569943983555971
abs,0.09748045261242377,1.0434915707557053,-0.0019817876162919745,2.096617124913228
abs,0.12190311423757427,0.6205961988882952,-0.4251112561023701,1.6734876564271497
abs,0.9786128380962257,3.249927297131343,0.8591966280141898,2.9577955405437097
abs,0.07961482553269905,-0.34213917324818904,-1.4637693595650731,0.6348295529644468
abs,0.5959546118387765,-0.5830413861889531,-0.5426440237363623,1.5559548887931576
abs,0.128249101124002,-0.4427198170811538,-1.3326295569618374,0.7659693555676825
abs,0.6892429306124402,0.3323696374629762,-1.3941934651083376,0.7044054474211823
abs,0.06337022889497546,1.213476958467907,-0.0417335095258351,2.056865403003685
abs,0.8840973107254443,0.2194786267695854,0.499999504122675,2.598598416652195
abs,0.8395161062664984,0.2327180444558425,-0.7770972405908563,1.3215016719386636
abs,0.142220989364086,0.2377150896458564,-0.7217833478368956,1.3768155646926243
abs,0.8532265145752839,0.06660391805388333,0.318201654061407,2.416800566590927
abs,0.34249165284784655,0.5666965689345069,-0.7763306084744275,1.3222683040550924
abs,0.7173675618830669,0.6287666823004403,-0.16237604098603653,1.9362228715434835
abs,0.6671150008399275,-0.22201589205898925,-0.8606861682184525,1.2379127443110676
abs,0.8296792080756238,2.7768268551642414,0.22266941880839486,2.3212683313379148
abs,0.7309700002728414,-0.3896127647328432,-1.3841083949353794,0.7144905175941406
abs,0.22693209121937397,1.1507005956652125,0.14150345715569101,2.2401023696852107
abs,0.39632710348767175,0.20950902715277975,-1.5286428685662858,0.5699560439632341
abs,0.9670428648394658,-0.5087303160486292,0.24988172250269924,2.348480635032219
abs,0.235745160875374,0.765078477590458,0.1327923248223446,2.2313912373518647
abs,0.2837579420790204,1.1703368586502578,0.1744907636327715,2.273089676162291
abs,0.3080543497095083,0.9910147978708026,-0.22111320582090999,1.87748570670861
abs,0.05032844900071631,-0.11348553625018527,-1.1636887192489964,0.9349101932805236
abs,0.5341466258748971,1.9222328879056563,-0.11122031115244091,1.987378601377079
abs,0.8734508958277812,3.3124011827913624,0.2964097830589143,2.395008695588434
abs,0.7455604690968269,1.114629819851987,-0.09704192356980856,2.0015569889597113
abs,0.20078127294364012,0.16161487186888962,-1.2151792378112947,0.8834196747182252
abs,0.5802566393184214,0.3934764673043172,-1.2125044461611527,0.8860944663683672
abs,0.4677566965766605,-0.31923487856514443,-1.001991057459529,1.096607855069991
abs,0.21144734241153307,1.157118453625571,-0.2629905353480336,1.8356083771814862
abs,0.5406424111569212,0.3645959083916819,-1.4166864905733874,0.6819124219561326
abs,0.392031240692726,-0.7253761780620835,-1.6121944677035565,0.48640444482596357
abs,0.358969664617397,0.6916606075214964,-0.5819619115300931,1.5166370009994268
abs,0.06793025988344326,0.9371625295030717,-0.3161009347821546,1.7824979777473653
abs,0.4895405057261166,2.061043339076959,0.07357147178017209,2.172170384309692
abs,0.8927073673153918,2.0832852437219698,0.5926248180586011,2.691223730588121
abs,0.1183213425602827,-0.6304219111443076,-1.780538912179704,0.31806000034981596
abs,0.7514189852235972,1.6695937640258252,-0.024621560897852834,2.073977351631667
abs,0.10289290352820224,-0.40650376261153665,-1.657343288775541,0.44125562375397887
abs,0.629240281103729,1.6600727411258245,-0.2557297993550577,1.8428691131744621
abs,0.30914483938393233,1.2608255710785328,0.1272114908039612,2.2258104033334813
abs,0.006181550361945343,-0.24747946675684773,-1.448261981797197,0.650336930732323
abs,0.5610583286549818,-1.1277872471744375,-0.9548737679523699,1.14372514457715
abs,0.5943622949039302,1.6021804259279295,-0.003721983132472406,2.0948769293970475
abs,0.9249941923474632,1.4485655173364445,-0.1472803191257529,1.9513185934037671
abs,0.3149171982032819,-0.24770430496097295,-1.660565299058106,0.438033613471414
abs,0.5174573938867204,0.6151886386215486,-0.6786603504528173,1.4199385620767027
abs,0.3862527457563726,1.1232061521500916,0.400487655792922,2.4990865683224417
abs,0.45982771964085056,-0.02653243503917252,-1.224689917965212,0.8739089945643079
abs,0.012196985851553266,-0.7996403103959762,-1.7353342571648647,0.36326465536465524
abs,0.5396996505058763,1.1986824323969558,0.3135082620714926,2.4121071746010125
abs,0.7080248166304112,1.7555557062946414,0.6057798745299543,2.704378787059474
abs,0.028834439610477935,0.5251797228270645,-0.8401859680083015,1.2584129445212184
abs,0.8401823382727698,-1.3161693582425178,-0.2729801144163576,1.8256187981131622
abs,0.906306316811647,0.16780857719833914,-0.8586483054083403,1.2399506071211797
abs,0.09630318448065045,0.8780924087067193,-0.10547456518148945,1.9931243473480305
abs,0.876344012092419,0.6838215472720031,-1.1719077802692854,0.9266911322602346
abs,0.8950262127271709,1.9146123226016563,0.6836920911862279,2.7822910037157476
abs,0.3885923889744335,-0.3323050246151888,-1.617665871567627,0.4809330409618927
abs,0.9855485393215002,0.5741288872533576,-0.7689180728518117,1.3296808396777082
abs,0.9858519946289734,-0.3370882565068676,0.31753388808668115,2.416132800616201
abs,0.5324547921127716,1.8218171972709627,0.41455991202063247,2.5131588245501524
abs,0.5837500892594534,0.49985326744201786,-1.2183499241602027,0.8802489883693172
abs,0.0002823753410637897,0.5573752977555892,-0.30104681881874806,1.7975520937107718
abs,0.22969527771320275,-0.17224725151239928,-1.347864541507263,0.7507343710222568
abs,0.8737122348471908,1.984947675516155,0.4708579253669878,2.5694568378965075
abs,0.13002542322694,1.0621066631528429,-0.23605613716708718,1.8625427753624328
abs,0.35471037045229314,-0.8173364143277607,-1.3645843316507698,0.7340145808787502
abs,0.6513850909611322,0.24812908510104315,-1.3549653325809687,0.7436335799485512
abs,0.26883730795519456,-0.32307256194876177,-1.5573803980662442,0.5412185144632758
abs,0.08103918338357263,0.7421803230521287,-0.17856732465983316,1.9200315878696868
abs,0.3152362965552167,-0.7515426509401193,-1.6058662027330377,0.4927327097964821
abs,0.7050468395415732,1.4356937556326734,-0.1683288140994582,1.9302700984300616
abs,0.9425339502486502,1.408111232254457,0.4815872279308173,2.580186140460337
abs,0.05514169821711312,-0.9035340770703774,-1.5057907565647166,0.5928081559648033
abs,0.1452541211570615,-0.4709438709506339,-1.8603307717386013,0.23826814079091851
abs,0.2666992691169786,0.7696152116511661,0.05128074869915622,2.149879661228676
abs,0.6949062854235424,0.7179498327866526,0.6138723203073693,2.712471232836889
abs,0.1628207103419237,0.7853792245011528,-0.4762771594105024,1.6223217531190175
abs,0.7559019157060451,1.153694856665037,-1.2422018465793243,0.8563970659501957
abs,0.5050827908933591,1.3420777272818674,-0.39248199757196134,1.7061169149575586
abs,0.5982439080226876,-1.288803933777809,-1.4112219185203243,0.6873769940091956
abs,0.3211728562984498,0.45645214465636424,-0.4412535780329898,1.65734533449653
abs,0.8608673178884175,1.0241515190779034,0.11489146168447206,2.213490374213992
abs,0.42155748780657143,-0.18775928709340683,-1.5496904360171997,0.5489084765123201
abs,0.623440356820103,1.7718029914330171,0.10985513947061065,2.2084540520001306
abs,0.2824463528584361,0.6077026782589025,-0.7068528179672864,1.3917460945622335
abs,0.5568046961068751,0.2592512187584746,-1.547825112755018,0.5507737997745019
abs,0.4876320306756873,0.22986008093064125,0.02935103538242334,2.1279499479119433
abs,0.239136121237015,0.023890506656291277,-1.162072741072454,0.9365261714570658
abs,0.9790135307026325,1.3196336970229707,-1.740376967564409,0.35822194496511095
abs,0.8290960109167534,1.7717598494202256,0.35130492188228724,2.449903834411807
abs,0.24779617330123593,1.18155527694684,-0.13868582160279752,1.9599130909267224
abs,0.1927394297300562,-0.28817080242131554,-0.535039748391816,1.563559164137704
abs,0.523970604590404,0.941950346038233,0.22959357002339886,2.328192482552919
abs,0.361859792748768,1.2043204960195792,-0.030400096737131177,2.068198815792389
abs,0.9905351932429375,2.2491863544394755,1.1970646939236185,3.2956636064531386
abs,0.1857767235849782,-0.2974379709527939,-1.384501317563486,0.714097594966034
abs,0.21433193666868589,-0.7881222444228099,-1.7373574074793536,0.3612415050501663
abs,0.4667630192133523,1.2147920263841705,-0.5361544747268818,1.562444437802638
abs,0.508787160083111,-0.8673740410879186,-1.3276292314312859,0.770969681098234
abs,0.0315058167236969,-0.5538325990870572,-1.4662313775785445,0.6323675349509754
abs,0.8852118642802896,0.5148832724112684,0.5898478625076573,2.6884467750371774
abs,0.7150073814395862,0.033342958412664964,-0.8131257427204861,1.2854731698090338
abs,0.8335037806839151,-0.6450717439582955,-1.1353634051136443,0.9632355074158756
abs,0.04725829631688039,0.35891996574973484,-0.7863202477342786,1.3122786647952414
abs,0.6410802636746543,1.6757410276146194,0.503559972455454,2.602158884984974
abs,0.581764349647919,-0.6212682614644268,-1.5783873883329982,0.5202115241965217
abs,0.5906944929582886,1.093169509040139,-0.11786579164157585,1.980733120887944
abs,0.34952959267604633,0.8634858169864705,0.29600209578053716,2.3946010083100573
abs,0.7547789308850115,0.21279103550990364,-1.3888609118150639,0.709738000714456
abs,0.9947150201663328,-0.5857596561034307,-1.0881610254667893,1.0104378870627306
abs,0.47051532871177315,0.7264744193780948,-0.2973097175967083,1.8012891949328116
abs,0.47390446528418917,0.40375703250741596,-0.5664991067907483,1.5320998057387716
abs,0.01729678885601571,-0.4181555650404363,-1.6494905094241015,0.44910840310541844
abs,0.8610800190696394,0.15831006390130992,-1.1202531836116771,0.9783457289178427
abs,0.04831058405974331,0.34039860354519924,-0.7831870670904246,1.3154118454390953
abs,0.16668576641557864,1.1862472895822875,0.054163830913229294,2.152762743442749
abs,0.8295185555996336,1.5847494932791157,-0.3500986341523068,1.7485002783772132
abs,0.3137579843094104,0.017739306495217044,-1.3144681750703928,0.7841307374591271
abs,0.22458333540722974,0.45026922988320567,-0.2794763148766102,1.8191225976529097
abs,0.38068416806057814,-0.4587675795482484,-1.5655594230039562,0.5330394895255636
abs,0.21393999035870404,-0.8481373181933825,-1.2826304907042552,0.8159684218252647
abs,0.5643675158264885,0.3575989085526945,-0.28678973418211473,1.811809178347405
abs,0.8379934477088707,1.2900054141450976,0.5755386961404085,2.6741376086699287
abs,0.5477333286373027,-0.8435865016480666,-1.4609130406846038,0.6376858718449161
abs,0.7391649137014499,1.7717761054729781,0.3965978052117487,2.4951967177412686
abs,0.08477462554551751,0.8512765158833335,-0.06053442468172143,2.0380644878477985
abs,0.5768238991143179,1.3898112025754874,0.12151190863099148,2.220110821160511
abs,0.4734301430419664,0.745177419322141,-0.962826933929229,1.1357719786002909
abs,0.06603907727589209,0.5938327351160746,-0.049735698169343756,2.048863214360176
abs,0.2797878161286427,-0.25003359551199356,-1.223324992949125,0.875273919580395
abs,0.6431769360435361,0.11722963581136892,-1.0958141212603034,1.0027847912692165
abs,0.03573387117271154,0.5935464788336413,-0.43088757425737123,1.6677113382721487
abs,0.36407580176553833,0.9850474593133984,0.20777831288592985,2.3063772254154498
abs,0.11928641194483303,-0.7016640367432875,-1.7388521470682385,0.35974676546128126
abs,0.678254532633694,0.18166584532310975,-0.8565779082905716,1.2420210042389483
abs,0.959403638502343,0.960951530040419,-0.7357362725086742,1.3628626400208457
abs,0.12629740555556734,-0.1902824344477997,-1.6847858254126917,0.4138130871168282
abs,0.84186077576646,0.7110587368182308,0.43872940215148315,2.537328314681003
abs,0.2245569360015559,-1.050314692717758,-1.5905404366488636,0.5080584758806562
abs,0.6214829561769301,0.010360708296827337,0.4934345083899834,2.5920334209195035
abs,0.8848599253587923,-0.10229630455800853,0.577276912517549,2.675875825047069
abs,0.14528213842087867,0.4424280084600208,-0.27488325285012316,1.8237156596793969
abs,0.9604173737892633,-0.6694043112481303,-1.2329738973589826,0.8656250151705372
abs,0.7602808047664105,2.075495240544962,0.3064590685908426,2.4050579811203625
abs,0.39500726526384,0.13945983723217892,0.3146197040988923,2.413218616628412
abs,0.17420479055160454,0.3324797126783261,-0.49353398100854506,1.6050649315209748
abs,0.23679650879473502,-0.9645512391993949,-1.65725377203001,0.44134514049951
abs,0.11717745517747247,1.1031857683602362,0.0023061901695062836,2.100905102699026
abs,0.5268136201096155,-1.0290837321902815,-1.4405182024704906,0.6580807100590294
abs,0.16208463698214848,-0.020818527238223583,-1.445615583316151,0.6529833292133689
abs,0.33327229276998094,0.18598167435133708,-1.1408724299902264,0.9577264825392936
abs,0.4752701192277151,-0.7039934303402496,-1.4405182024704906,0.6580807100590294
abs,0.7918542580616366,2.082229254753634,-0.8641756105900824,1.2344233019394375
abs,0.09716335829604228,-0.43215945327109945,-1.3862298030057238,0.7123691095237961
abs,0.2702546842618644,0.36841970305804633,-1.1099339057870083,0.9886650067425115
abs,0.573714179260301,2.2490733927093842,0.1637326657651168,2.2623315782946367
abs,0.4829434973727118,-0.28482533542896593,-0.7288277076654421,1.3697712048640778
abs,0.9489541381429047,-0.24478113335162122,0.5969468084996807,2.695545721029201
abs,0.8393100463680054,2.3256403437096136,0.3851176577151758,2.4837165702446957
abs,0.9065663140895851,-0.06161335901864884,-0.2852168526706037,1.8133820598589163
abs,0.33867061716789215,-0.054503650981747476,-1.3746281594296987,0.7239707530998211
abs,0.9750302121649187,-0.25333867022625167,-0.6505965512705678,1.448002361258952
abs,0.8923210309066283,-0.37283657848548646,-0.773445287290472,1.325153625239048
abs,0.9465116201403113,2.3571018446882004,-0.7100309154369435,1.3885679970925764
abs,0.07542419996749039,1.2734505976124693,-0.013019103901047213,2.0855798086284727
abs,0.04456189826054602,-0.965175167876973,-1.7875912497987119,0.31100766273080815
abs,0.9442059158691292,-1.1733358348617502,-0.9418740743277348,1.1567248382017852
abs,0.9838996526239204,2.205613823196126,1.2828876966044687,3.3814866091339884
abs,0.8557056245993668,1.7199714390815373,0.6371151907251336,2.7357141032546535
abs,0.3558538441694602,1.3326397368936092,-0.5038187575260357,1.5947801550034844
abs,0.2610633156914317,-0.31364497464640156,-1.4843447868377324,0.6142541256917875
abs,0.08040339229601634,0.9115198200275197,-0.16652550325413185,1.9320734092753882
abs,0.417485116185882,1.6139813962468794,0.009778586252144672,2.108377498781665
abs,0.4022976589876509,-1.131861807763578,-1.617665871567627,0.4809330409618927
abs,0.5448487001004128,-1.3461278099890892,-1.472991803921618,0.6256071086079018
abs,0.9160885727452759,0.3047611788345561,-0.9464556908423898,1.1521432216871301
abs,0.07472419146378007,-0.2853564175237464,-1.371301975173417,0.7272969373561028
abs,0.5837661994569547,-0.3664466875221374,-1.4623448384308415,0.6362540740986783
abs,0.8279024040863584,0.5419325998736295,-0.7397912321469833,1.3588076803825366
abs,0.1603954523326041,1.0518668610799458,-0.07921042155097202,2.019388490978548
abs,0.193161010857404,0.25756394848015707,-1.021472707639763,1.077126204889757
abs,0.442871070660411,-0.5978838072924222,-1.1283676071559778,0.970231305373542
abs,0.9200972969378612,-1.2595451191988754,-1.3131143110825283,0.7854846014469916
abs,0.607117490263487,0.7851155770958343,-0.26826808019973214,1.8303308323297878
abs,0.5595341176536711,-0.018212725945927044,-1.255378719978788,0.843220192550732
abs,0.9505681259524819,0.40578853162559836,0.16500586766316427,2.263604780192684
abs,0.9589617310001548,-0.7249873311460795,-1.023258873763482,1.075340038766038
abs,0.2436977369410699,0.6756071843629385,-0.14864973286792227,1.9499491796615978
abs,0.951826456726536,-0.06384053127720879,-0.3607107715894218,1.7378881409400981
abs,0.4767448454665594,1.0417657949237138,-0.4490884887596198,1.6495104237699
abs,0.7454054877714422,0.6342241590357781,-0.7613730313850583,1.3372258811444615
abs,0.7315057746477246,-0.0074260355610646644,-1.045390461389096,1.0532084511404238
abs,0.40500705554035665,1.2440161743391889,0.1420362658611518,2.2406351783906717
abs,0.9624522450122918,-0.7436323418777631,0.6868333476159798,2.7854322601455
abs,0.5728358681001704,0.17842722510684306,-0.13084391802040762,1.9677549945091122
abs,0.2197106206729762,-0.35668745407573715,-1.7087649696743168,0.38983394285520323
abs,0.16595137214556277,-0.37165150095132626,-1.3850350892395922,0.7135638232899277
abs,0.12711958207372898,1.0118681971644066,-0.3707595063246021,1.7278394062049178
abs,0.9695709474187504,3.612504181265285,0.8292613256622516,2.9278602381917715
abs,0.3020284659365031,-0.22182569922138906,-0.6972722123493369,1.401326700180183
abs,0.6238875594207681,-0.03264101720639129,-1.3768288036008902,0.7217701089286297
abs,0.43206341184249386,1.4247366647418938,-0.04084423163846718,2.057754680891053
abs,0.9483681920574761,0.5990943489548123,0.1802292569881372,2.278828169517657
abs,0.6958895840835092,1.6712942140994538,0.004356425152109544,2.1029553376816295
abs,0.7581592922687955,-0.16267223315136037,0.3643584384286038,2.4629573509581237
abs,0.8036051831330396,-0.10973478184125834,-1.1613078453384476,0.9372910671910722
abs,0.12444659228321253,1.1193941442055495,-0.26814437833323024,1.8304545341962897
abs,0.5345390876820666,1.1223393072229566,-0.08790179901201678,2.0106971135175034
abs,0.5360024396532045,0.2569132532873081,-0.6476830406645817,1.4509158718649382
abs,0.36396128820758966,0.5597737917660708,-0.2989015405931613,1.7996973719363587
abs,0.680746046685612,1.9541237751167744,-0.01479092713490382,2.083807985394616
abs,0.7154149098896188,1.1458676356746853,-0.11114465998899381,1.987454252540526
abs,0.6581226644000491,2.460150422458408,0.6778146061220895,2.7764135186516095
abs,0.14125989713289644,0.38943298948878285,-0.6969220160550711,1.4016768964744488
abs,0.012556268769121415,-0.6929733693685539,-1.6311091004689686,0.4674898120605514
abs,0.1990093038407743,1.2895615648028507,-0.08362910195680018,2.01496981057272
abs,0.5325855916301447,1.2564022603019522,0.22101067318137635,2.3196095857108965
abs,0.5312873299297654,0.8504031904740373,-0.2779057683204177,1.8206931442091023
abs,0.3794581802914141,-0.5867827348752197,-1.6068615057958195,0.49173740673370037
abs,0.06496615259301586,-0.5725518716536302,-1.4238037979610498,0.6747951145684701
abs,0.4298310949703963,-0.3509582450887254,-1.5688549768300337,0.5297439356994862
abs,0.49467794381996755,1.0948372124441874,0.13432308885112,2.23292200138064
abs,0.7426461313731626,0.863188148928852,0.5923511447895144,2.6909500573190344
abs,0.3003572265388068,-0.16151367104941405,-1.541331137629813,0.5572677748997068
abs,0.5395655976924243,-0.04063618274751049,-1.3893328841905257,0.7092660283389942
abs,0.161481768746077,1.2687447047149498,-0.3103255869085564,1.7882733256209635
abs,0.9040679059617419,0.10751856840919126,-1.2247031616591262,0.8738957508703938
abs,0.7581943883190569,0.010980219685992387,-0.8632714343651624,1.2353274781643575
abs,0.44565310953785575,-0.3078074202850065,-1.4493550085896558,0.6492439039398641
abs,0.9847549422379193,1.3996621613540827,0.6575235049587134,2.7561224174882333
abs,0.1809354344511659,1.0471209784646447,-0.12942820222135498,1.9691707103081648
abs,0.8336680890754578,-1.1940875429995492,-0.8243487360872737,1.2742501764422463
abs,0.5655930407991556,-0.4522341471118652,-1.2766345582657221,0.8219643542637978
abs,0.21559264111474585,-1.4393002055675348,-1.8127053418463843,0.2858935706831355
abs,0.3487167050399891,0.5111205268404476,-0.3564607455101779,1.742138167019342
abs,0.1965583398475349,0.6827838324917919,-0.0976474748978543,2.0009514376316657
abs,0.5772935726788426,1.6235397826124431,0.29136121484170063,2.3899601273712205
abs,0.2068378428019766,0.6605460509700314,-0.4611252488646872,1.6374736636648328
abs,0.8977797008254284,-0.4516057548880735,-1.0327428685889652,1.0658560439405547
abs,0.3311080299252879,-0.5293718622108989,-1.5778854815311125,0.5207134309984075
abs,0.9219343286580709,1.298277891788488,0.4143016587657449,2.5129005712952646
abs,0.46200517435469457,-0.009398125217884079,0.12176909004153336,2.2203680025710533
abs,0.42062164006347513,0.6856643997042914,-0.150749440324616,1.9478494722049038
abs,0.8562521279733383,-0.14361577245786267,-0.8533339390273129,1.245264973502207
abs,0.14504915221780235,-0.8608812864893811,-1.8065546333776992,0.29204427915182074
abs,0.25963206069211475,0.6733479704122564,-0.23328816974851563,1.8653107427810043
abs,0.7501669192676728,-0.4673468702557999,-1.351037439711929,0.7475614728175911
abs,0.9795620629542624,0.2903795515794537,-0.5274093399583407,1.5711895725711793
abs,0.7588382256747316,-0.311532371643964,-0.8988618156776128,1.1997370968519072
abs,0.33635480411805263,-0.20425698352456192,-1.098913564793806,0.999685347735714
abs,0.25355920464655946,0.7299655933675131,-0.6156758045691763,1.4829231079603438
abs,0.16653258433261697,0.7426398510233567,-0.2664653666672657,1.8321335458622543
abs,0.7738559319721093,1.7964613250249941,-0.8216761385824646,1.2769227739470552
abs,0.8552625163537663,0.8045197831084208,0.6236725649024502,2.72227147743197
abs,0.5392537668030708,1.2124148770120398,0.30242409496721945,2.4010230074967396
abs,0.20002014416237646,-1.3810984510778832,-1.7477602837325463,0.3508386287969737
abs,0.4848248561010954,0.5541609559054805,0.41748106283064956,2.5160799753601695
abs,0.07184521538144784,0.5717145036665494,-0.3260301666725818,1.7725687458569381
abs,0.11600406545500963,-1.0206281471334324,-1.7550326704439532,0.34356624208556674
abs,0.27008398532856015,-1.2416843193323897,-1.635398087662672,0.463200824866848
abs,0.7040106556904132,1.488534052187362,0.6463501889734908,2.7449491015030105
abs,0.7698993539042881,2.385744453202201,0.5645775827216855,2.6631764952512054
abs,0.8129316805599519,-0.5478323158633899,-1.2300094391222867,0.8685894734072332
abs,0.9989446807400606,0.33499744247670704,-1.4067914463950912,0.6918074661344288
abs,0.7044296016358768,0.023751110763196637,-0.44713891919644755,1.6514599933330723
abs,0.27849310809217886,0.044462336768436306,-0.6044674781282595,1.4941314344012604
abs,0.21861157499901263,-0.7626535663955131,-1.4320763859077725,0.6665225266217474
abs,0.19397338867550795,0.7335741026697192,-0.609036563864713,1.4895623486648069
abs,0.2489147413730891,-1.1270010163095794,-1.6852891660482956,0.4133097464812243
abs,0.3945296518685596,0.9193203896397325,-0.3091386343858946,1.7894602781436253
abs,0.41715139184468897,0.22469943104483203,-0.4556056188071781,1.6429932937223417
abs,0.3971778838450025,-0.14745139471288027,-1.3975831948817017,0.7010157176478182
abs,0.8180224900355451,0.8059839029467435,-0.5924933624431911,1.5061055500863287
abs,0.4625558378536019,-0.6877767472745838,-0.9271298029841019,1.1714691095454182
abs,0.9288765195379894,-0.1011257357087546,-1.061418764364399,1.0371801481651208
abs,0.8911894905878837,2.6722294612888957,0.5267441680963185,2.6253430806258384
abs,0.3732715539485667,0.9336270199676263,0.05566183352834986,2.1542607460578695
abs,0.8331112046598447,0.5427670238662727,-0.19208274328155628,1.9065161692479635
abs,0.4356469453418528,0.7749767682620745,0.3535486098150036,2.4521475223445233
abs,0.19149818468658453,-0.5247072383193699,-2.076036095927816,0.022562816601703783
abs,0.6549136053878333,2.4674406983506936,-0.055927466000049164,2.0426714465294706
abs,0.6554661152547755,1.3581113483489256,0.5179421088664073,2.6165410213959275
abs,0.5007167581157731,0.9980276642570844,0.4154899353822117,2.5140888479117316
abs,0.9156036832919585,2.3404424131545865,0.08044733702665452,2.1790462495561744
abs,0.9117698417070059,1.6216641369262348,-0.8213980484909361,1.277200864038584
abs,0.22794258466278283,-0.5764410596910239,-1.597943282297053,0.500655630232467
abs,0.4352028683986868,-0.12398269005302492,-0.544159021717794,1.554439890811726
abs,0.5970947238374633,1.2929104784326446,0.299635492345965,2.3982344048754847
abs,0.8621422417971013,0.22307910058515146,0.21273284089424438,2.3113317534237643
abs,0.6843169806428375,-0.30903359315758405,-1.2653931023438958,0.8332058101856241
abs,0.8100470805004522,-0.646316377574979,-0.9331296729645601,1.1654692395649597
abs,0.9023930212795085,2.5670583878467483,-0.3291576826178274,1.7694412299116924
abs,0.7966532354392304,-2.2703184187793073,-0.6825117999732413,1.4160871125562786
abs,0.613473668670956,2.0068916717581695,0.0076027983461888216,2.106201710875709
abs,0.06348774594114803,-0.001656451255866177,-0.968093270882396,1.130505641647124
abs,0.7606193795895314,-1.3786761094430617,-1.513968352998631,0.5846305595308889
abs,0.8335173309505698,1.7881863021750455,0.5892196554298124,2.687818567959332
abs,0.13780312390437466,-0.9006606049029623,-1.8375418486812394,0.26105706384828054
abs,0.4649081355041189,0.23993763782779565,-0.3109695488692671,1.787629363660253
abs,0.9761456312786861,1.677459077443455,0.576944846702832,2.675543759232352
abs,0.3747149094835117,-0.2002791213103121,-0.8580236865140737,1.2405752260154463
abs,0.08849524247656315,1.1384275383634055,-0.0888502159724891,2.009748696557031
abs,0.7397534311749286,0.3536938423562769,-0.31453378659689113,1.7840651259326288
abs,0.20769772838337108,1.367556699359603,0.06273435582353515,2.1613332683530553
abs,0.16819410827075576,-0.05976618036964258,-1.0639364890854475,1.0346624234440724
abs,0.473467503457249,1.394958709875997,0.17941973866347416,2.278018651192994
abs,0.2773710569599369,0.755467231566475,-0.16224551033860468,1.9363534021909152
abs,0.6995855568542214,0.6075372223174789,-1.0768910232674784,1.0217078892620415
abs,0.4575108465583866,-1.356788536754601,-1.6103313745252357,0.48826753800428424
abs,0.09399345579185614,0.7682072008254044,-0.3647501716123662,1.7338487409171537
abs,0.3304440490043712,1.0288860241266515,0.0742116465546887,2.1728105590842084
abs,0.5228977486435876,-0.35317531351858733,-1.0375446052262365,1.0610543073032834
abs,0.9229410563630005,1.6585353518857373,0.2794681201670981,2.378067032696618
abs,0.13524635862358503,0.019499364918848627,-0.5869119469294326,1.5116869656000873
abs,0.3581770233557856,1.423765909082714,0.3143677577492505,2.41296667027877
abs,0.4634601087263317,1.0767694006901634,-0.1939151597746681,1.9046837527548517
abs,0.6617022901262629,-0.37904352033931854,-0.2966242524476487,1.8019746600818713
abs,0.9984755749194663,1.536427048816555,0.5068067906127296,2.6054057031422495
abs,0.6570230495640829,-0.6946192083453122,-0.49967630150360054,1.5989226110259194
abs,0.2139206477118426,0.7534044491798888,-0.48650020899532487,1.612098703534195
abs,0.9550522335996595,5.226983288426533,0.7487483884676682,2.847347300997188
abs,0.7688674256708028,1.6510854199491223,0.20071781462858773,2.2993167271581076
abs,0.4865091755040365,1.072508613465716,0.037942827502966514,2.136541740032486
abs,0.3349272040210638,-0.8808885255073076,-1.0989840388510295,0.9996148736784904
abs,0.2735729528908577,-0.6649462907393183,-0.9916519413432154,1.1069469711863045
abs,0.39056250797478076,-0.5296396684517009,-1.6571092471672488,0.4414896653622711
abs,0.22335368672268263,-0.5104605478897649,-1.2706705894449652,0.8279283230845547
abs,0.4723277457621101,-0.7452405770364608,-0.9871510753508377,1.1114478371786822
abs,0.19689727724935902,0.9367769075975846,0.04658576937396308,2.145184681903483
abs,0.14554292414338266,0.7281105504123571,-0.13044916002043327,1.9681497525090865
abs,0.7713848310193251,-0.8720025434372725,-1.3841083949353794,0.7144905175941406
abs,0.17945212401829003,1.0546925246503285,0.038030417441928144,2.136629329971448
abs,0.6306128201617963,1.181787275623552,0.2884186547757448,2.3870175673052647
abs,0.4519393624675093,0.5866324446316433,-0.44244752675681875,1.6561513857727013
abs,0.8729722805663725,1.3810473555737275,0.13622962019067208,2.2348285327201918
abs,0.7132595153669183,-0.9906896566399818,-1.2976056760120493,0.8009932365174705
abs,0.9968672322349393,0.755375075982437,-0.19414165461797284,1.904457257911547
abs,0.13011172908029478,0.3270667015346958,-0.7701009474081537,1.3284979651213662
abs,0.3966344632789217,2.2117919817012575,0.3470899747624552,2.445688887291975
abs,0.7677737746660973,0.3181461101456883,-1.5065994200739286,0.5919994924555915
abs,0.9608398953577026,3.5187392461736042,0.6163627181350038,2.714961630664524
abs,0.8517531992064277,-0.2923166489503408,-0.46315103252741585,1.6354478800021042
abs,0.6206692205101966,0.6423835901286272,-0.975916523037883,1.122682389491637
abs,0.9468850110798097,2.4584036374133245,0.19499876503960478,2.2935976775691245
abs,0.5184029555472355,2.3285623613397464,0.3786331755572441,2.477232088086764
abs,0.2893640216516491,1.3963217397382637,0.21903275959580437,2.3176316721253243
abs,0.10422427973731863,-0.7124517000154129,-1.6524539330866355,0.44614497944288445
abs,0.19437282615771412,1.066843194837789,-0.15975074239524412,1.9388481701342757
abs,0.45108883919458853,0.11614019086455628,-1.0128421050081797,1.0857568075213402
abs,0.749281192429061,1.5190086656203334,-1.3740209297063726,0.7245779828231473
abs,0.72084171412141,1.392270210270505,0.5692519235966205,2.6678508361261404
abs,0.4984025183254964,-0.6946435657839796,-0.5591220171300606,1.5394768953994593
abs,0.43368014636013885,0.827116250398937,-0.5464092760538694,1.5521896364756507
abs,0.0027292331624558797,0.9686273948736299,-0.028530956736323,2.070067955793197
abs,0.22155791826807458,0.9844487504769094,0.1636648843745796,2.2622637969040995
abs,0.9397011850255997,0.3640330999061302,-1.029177254701425,1.0694216578280948
abs,0.9976061630194605,1.9569831887992633,2.300584223581697,4.399183136111217
abs,0.6648462206068516,-0.7006985695802321,-1.3639841974240274,0.7346147151054925
abs,0.7894044257818147,1.3364493231835781,-0.22483244171108974,1.8737664708184303
abs,0.6867767766150328,0.9382274640305466,0.5110180568008567,2.609616969330377
abs,0.7250034544473067,0.38715654167561314,-0.21506127605339065,1.8835376364761292
abs,0.08043785588201369,0.8842412092068959,-0.5780512118419525,1.5205477006875674
abs,0.35231541583435777,0.9960187428251308,-0.22172570134039882,1.876873211189121
abs,0.2608449483875893,1.1309868751037009,-0.0685322060736715,2.030066706455848
abs,0.5677160335881564,2.092898577189563,-0.10649454655325952,1.9921043659762603
abs,0.401873452081843,-0.42298916699613276,-0.19250745411563763,1.9060914584138824
abs,0.5050825646526728,-0.6145883456025438,-1.496806580881,0.6017923316485199
abs,0.06553455620707738,-0.6481749758173672,-1.742245792725194,0.35635311980432605
abs,0.5032444427886325,-0.6171403145545019,-1.668912555780961,0.42968635674855893
abs,0.7169192386450778,1.9237126942493483,0.5586817033530425,2.6572806158825624
abs,0.6421193281955451,0.46845492823982104,-1.4217539729097552,0.6768449396197646
abs,0.1307874640799962,0.8858079734350475,-0.052379918983555096,2.0462189935459647
abs,0.7151116389135372,1.4770578658493867,0.6071501708435803,2.7057490833731004
abs,0.6762987071445838,1.4334921175819775,-0.22058451336259888,1.8780143991669211
abs,0.8258194795944852,1.182110248108418,0.3379138598214111,2.436512772350931
abs,0.6608670374557433,-0.6329343678851035,-1.2755257364632657,0.8230731760662543
abs,0.16334716419702122,0.44154646770205164,-0.5116683406403731,1.5869305718891469
abs,0.4852806343875298,0.20197578378777836,-1.469567398985717,0.629031513543803
abs,0.48816438898077474,1.2216639485092111,0.09254702174251639,2.1911459342720363
abs,0.13303768482585565,1.3403657633619916,0.011441873082661758,2.1100407856121817
abs,0.9670757833779041,2.981431378447143,0.6287892456138386,2.7273881581433583
abs,0.8908763538256103,2.695383055205814,-0.5001736772611088,1.5984252352684112
abs,0.8703466598649628,-1.2433169940503588,-1.0407491954013532,1.0578497171281667
abs,0.6171400459484916,1.4901431901402804,0.30915140987626066,2.4077503224057804
abs,0.7449825022757632,-1.4082673967411665,-1.5895217302756657,0.5090771822538541
abs,0.19451303832502853,-0.23970093013072777,-1.643053525080166,0.4555453874493539
abs,0.035662699157141264,-0.8720472777364368,-1.8969021054375492,0.20169680709197058
abs,0.640973371626456,0.4699415575672504,-0.07663915968174018,2.0219597528477795
abs,0.8992769610128962,1.9589669439716917,0.7275055714949066,2.8261044840244267
abs,0.013505625181711278,0.8211246636878002,-0.1855048041254661,1.9130941084040538
abs,0.15351706192104042,-0.19928538421176384,-1.3678565133102631,0.7307423992192568
abs,0.15893173370428093,-0.6433944228587446,-1.7610933462536393,0.3375055662758806
abs,0.3345067444237323,2.3475139751921716,0.2585682073762958,2.3571671199058155
abs,0.7409517275723284,0.8769000485971398,-0.6315288923953741,1.4670700201341458
abs,0.5915382740609283,0.24937608833563912,-0.33473270548954115,1.7638662070399787
abs,0.33744459010130234,0.19978549991986794,-0.5400446691947437,1.5585542433347763
abs,0.604019274156817,0.12433223236144528,-0.9493676764645959,1.1492312360649242
abs,0.04509163145813955,0.914269853154078,-0.21439651216561717,1.8842024003639026
abs,0.9186003044804201,0.08348824998741322,0.1637225085316263,2.262321421061146
abs,0.6129792290910785,0.33770177828731673,-0.27343815996971144,1.8251607525598086
abs,0.06439836676083788,-1.2080186027760993,-1.8189992707632,0.27959964176632
abs,0.0009176138062261252,-0.9313696574458792,-1.9425636586966508,0.1560352538328692
abs,0.49001424304108976,2.114828856360109,0.43560951633734146,2.5342084288668616
abs,0.332564841005058,0.334462207416959,-1.566159492512183,0.5324394200173369
abs,0.8474024115588231,1.7149539298556262,0.368090078905976,2.466688991435496
abs,0.11504880426796038,0.5245067761361072,-0.5317078856713964,1.5668910268581235
abs,0.6965373679474597,1.1542360871519803,-0.1629958521917214,1.9356030603377985
abs,0.1639346857583881,0.052564291393679415,-1.0204034201083516,1.0781954924211683
abs,0.1766935444380351,-0.6838456600258227,-1.6442442072202441,0.4543547053092759
abs,0.2523354498118692,-0.2520482234924874,-1.397350945694332,0.7012479668351879
abs,0.1679302089436452,0.0256789081976736,-1.1944557610761173,0.9041431514534026
abs,0.1534240847646523,-0.46931186132534997,-1.7736316270983137,0.3249672854312061
abs,0.4906374917638554,1.1726996606018467,0.3624281170751187,2.4610270296046384
abs,0.3309200549785015,0.38952020585259045,-0.19463409768795592,1.903964814841564
abs,0.40152204145783155,0.23609752418635535,-0.8367956091098049,1.2618033034197151
abs,0.8402255333378772,0.8889849569559581,-1.7362493549069673,0.3623495576225525
abs,0.6637797020272846,0.23867687385900932,-0.8029371839869169,1.2956617285426029
abs,0.36571115716417524,-0.5344473724043903,-1.5303952326818413,0.5682036798476786
abs,0.424178942908228,1.5522275775303107,0.35482423074300895,2.453423143272529
abs,0.4381520556305817,0.5825029556927841,0.06365733473221624,2.162256247261736
abs,0.05203001171473809,1.08701943889765,-0.07201910633851394,2.026579806191006
abs,0.5116748139828865,-0.14645302700976603,-0.6633251189001204,1.4352737936293996
abs,0.18863187301158957,1.4302530746270126,0.11901050736329788,2.217609419892818
abs,0.3430689063795195,1.6504103800392782,0.25426504669586225,2.352863959225382
abs,0.16402263244150117,-0.1976586288560833,-1.024461354074457,1.074137558455063
abs,0.6789955894422691,1.3009138134935525,-0.5123120835901515,1.5862868289393686
abs,0.5107507398833409,1.8753780839122078,-0.2757166836035697,1.82288222892595
abs,0.6063625037620705,1.9078165613524662,0.3414290378834943,2.4400279504130142
abs,0.07921685118916266,-0.9694979158440282,-1.8953556579531874,0.20324325457633252
abs,0.05911092810656071,-0.5063869290674226,-1.7052644446781726,0.3933344678513473
abs,0.09415043278605284,-0.5891856406825363,-1.6485783487087018,0.4500205638208181
abs,0.9121434809715595,1.2551804806244022,-0.9712777562454764,1.1273211562840435
abs,0.39635171013422843,0.9107970318751768,-0.17828728321263132,1.9203116293168887
abs,0.7863696196505832,0.4860528584927291,-1.388707460563605,0.709891451965915
abs,0.05736770847311168,-0.5788813580347474,-1.4364916789280864,0.6621072336014335
abs,0.020327816411665145,0.6294912288523501,-0.4346646762405436,1.6639342362889762
abs,0.6275241479291913,1.459826914576341,0.31765726188148347,2.4162561744110036
abs,0.08336000975754954,-0.9832177594922681,-1.7837991718758246,0.3147997406536953
abs,0.05823649895114491,-0.31590034314980514,-1.4078617503295563,0.6907371621999636
abs,0.596450081858689,1.8946157072367256,0.14925722294251598,2.247856135472036
abs,0.6734128584634679,-0.21898386725464214,-0.9146053707329564,1.1839935417965635
abs,0.6736531117663622,0.9171201182215765,-0.6470336178372851,1.4515652946922348
abs,0.28449859986336345,0.6342235702405905,-1.1569290624313329,0.9416698500981869
abs,0.6154400576150233,1.1592784754269088,0.4449609802148393,2.5435598927443595
abs,0.7137125362598177,1.4966359871681467,-1.1119855707250976,0.9866133418044224
abs,0.07532688509717889,-0.058797058273796915,-0.9504085142006741,1.1481903983288457
abs,0.9239518054372878,2.8109169725438155,0.5411336879774815,2.6397326005070014
abs,0.24450937271188433,1.6597335012949312,-0.14653880350355875,1.952060109025961
abs,0.6865541970590736,-0.22840501358434206,-0.022761191323904528,2.075837721205615
abs,0.6853846685134422,-1.0761719124325544,-1.1710041026624791,0.9275948098670408
abs,0.013901402699920906,0.610979617714938,-0.28682278110141,1.8117761314281098
abs,0.6994042236319652,0.3152233034996069,-1.2847429402665496,0.8138559722629705
abs,0.14354512481237502,0.6938359915265143,-0.45275667031523537,1.6458422422142847
abs,0.7915317956494554,2.438971543524777,0.338249372756648,2.436848285286168
abs,0.820340627982007,1.356267556732688,-0.18472097948525645,1.9138779330442635
abs,0.0054179680316638335,1.0204311246325104,0.024613593831819047,2.123212506361339
abs,0.8635882375277301,0.14525980208930045,0.1480466903971296,2.2466456029266495
abs,0.02797911160587463,-0.6870028009074038,-1.7416646834350047,0.3569342290945151
abs,0.8542736755624792,-0.9967719957413509,-1.120118826688415,0.978480085841105
abs,0.01067689149242812,-0.6670442263940228,-1.8205012574347295,0.27809765509479045
abs,0.3246568005718655,0.11366507339236928,-0.9238579530821427,1.1747409594473772
abs,0.808267815472433,-1.0726050601175703,-0.8529240063415011,1.2456749061880188
abs,0.17449847670227214,0.8164168276406356,-0.7204759261514535,1.3781229863780664
abs,0.726972427172918,-1.2692675248915066,-1.0153333372126028,1.0832655753169171
abs,0.8369398790772807,1.5683087971399514,0.368090078905976,2.466688991435496
abs,0.855126205243076,-0.4669724361708769,-0.9395436378171154,1.1590552747124045
abs,0.7580664470359918,3.188560867888868,0.44063717089563803,2.539236083425158
abs,0.020306286402540952,0.9689639040668008,0.02728577911406771,2.125884691643588
abs,0.3955627077365145,0.17000892481826516,-1.0672261833657477,1.0313727291637722
abs,0.5065536300251515,-1.0071582175792182,-0.9207449972710209,1.177853915258499
abs,0.9351580696774291,0.7804445785452236,0.7386887267641158,2.8372876392936357
abs,0.3625525441858246,-0.18494245727017894,-0.6378432982986668,1.460755614230853
abs,0.0006378440396831442,-0.7566025791545072,-1.808144865750057,0.29045404677946296
abs,0.7043245772642021,1.1907324776051171,-1.281127511388451,0.8174714011410689
abs,0.0372918554001751,-0.3202730871764732,-0.9426380015823768,1.1559609109471431
abs,0.1127563553054185,0.31634773298496616,-1.0410681314772872,1.0575307810522327
abs,0.3199110780092098,1.1760363469149904,-0.09401911002716834,2.0045798025023513
abs,0.1099822240411863,-0.9927702865496114,-1.761075575567261,0.3375233369622591
abs,0.11204448291441449,-0.7002296319201947,-1.7187497333365667,0.37984917919295325
abs,0.27541556128268596,0.20695274470132674,-0.6366626788411598,1.4619362336883601
abs,0.33581106977105724,0.8734441398411137,-0.6310171688173036,1.4675817437122163
abs,0.9355535550210003,-0.2624148059906687,-1.105286566642698,0.9933123458868217
abs,0.6292186674626564,0.31028717395348737,-1.4290044991479487,0.6695944133815712
abs,0.5037878469383437,1.0288214854840594,0.11991071947271936,2.218509632002239
abs,0.43842821456734615,0.43623142188972885,-1.3952697509807315,0.7033291615487884
abs,0.2778252850333306,0.34464325662710316,-0.6784544973786489,1.420144415150871
abs,0.17576478273325236,1.5532943401922268,0.08299071620650778,2.1815896287360275
abs,0.25559390983633046,-1.0421393958683027,-1.6865416946197311,0.4120572179097888
abs,0.9608985227547919,-1.1848190207890612,-0.8672128164948512,1.2313860960346688
abs,0.07755269369343054,-1.228963688170413,-1.8123299553035155,0.2862689572260043
abs,0.19035735851971747,0.30024084557982195,-0.7185645195430823,1.3800343929864376
abs,0.4734415218907745,0.47097420837031434,-1.4374140047362056,0.6611849077933143
abs,0.5245407874968766,0.6774778089537993,-1.446507572492969,0.652091340036551
abs,0.012292459024734859,0.45916825820432494,-0.45795915603640003,1.6406397564931199
abs,0.6813733464335189,0.4568730592526833,0.518581723198918,2.617180635728438
abs,0.9906732538487453,2.0146429460136384,0.8629075850153558,2.9615064975448755
abs,0.7524926856031713,0.4860873083786753,-1.3588594586016567,0.7397394539278632
abs,0.9734038530873257,1.0737280878293456,0.5043003773370629,2.602899289866583
abs,0.16683774215790848,-0.7881765638975906,-1.9232235740707535,0.1753753384587664
abs,0.507587794297879,-0.22255210235298742,-1.3391775474566705,0.7594213650728494
abs,0.4834422035442868,-0.08317914480995503,-1.2488246674298198,0.8497742450997001
abs,0.03432614848681326,-1.0470030084346584,-1.8255951455099733,0.27300376701954654
abs,0.0025127055186340286,0.5150049389097549,-0.3754722180941785,1.7231266944353414
abs,0.7961505126343288,1.5254993818361475,-1.075353132568384,1.0232457799611359
abs,0.374022825243327,0.024642352307932214,-1.5451647407333091,0.5534341717962108
abs,0.29373394806430575,1.1790046090603556,0.16171568833558725,2.260314600865107
abs,0.6379115736413323,1.721463754832285,0.18846240651767876,2.287061319047199
abs,0.4376057081060628,0.7501883677954986,0.18722838436496692,2.285827296894487
abs,0.6758717814237848,2.0422681765359045,-1.3952731146091766,0.7033257979203433
abs,0.5199016820357728,0.08265339399601317,-0.9236931998179819,1.174905712711538
abs,0.12011491787896844,-0.7664158349851776,-1.6803202132441726,0.4182786992853472
abs,0.7812796820948039,0.7338623368395055,-1.1238586470744978,0.9747402654550222
abs,0.29145721743225306,0.9133471992663491,-0.02162123959922657,2.076977672930293
abs,0.9113742739151202,-1.2771862707399717,-1.2766809390036484,0.8219179735258715
abs,0.4312926859463623,0.9722954764680556,0.07233653193432876,2.170935444463849
abs,0.8658179029999113,1.0747695138536884,-0.874267935846087,1.224330976683433
abs,0.5291307164923355,0.4082647780764194,-0.6241807206343949,1.4744181918951251
abs,0.5836878868490981,1.121615012421231,0.3961850717967508,2.4947839843262707
abs,0.7725754668348023,1.3083201643552234,0.34292251230539206,2.441521424834912
abs,0.3005090487080534,0.726887372906881,-0.8161785092481103,1.2824204032814097
abs,0.892652751226949,1.6446568951180474,0.35313280312600126,2.451731715655521
abs,0.38035456893932096,0.9962919237277843,0.28559651700907773,2.3841954295385976
abs,0.11941502617459199,0.8353700630848327,-0.011144604383132917,2.0874543081463868
abs,0.9387251866745052,1.8169476144731673,-0.0741781283003875,2.0244207842291324
abs,0.13980746531923405,-0.18425165663250087,-0.8894081148867641,1.2091907976427558
abs,0.8511262440207783,0.4571909936766412,-0.6239747020610547,1.4746242104684653
abs,0.39360057855188113,1.577666887380864,0.045774037697333236,2.1443729502268534
abs,0.9550186638653891,2.070297173219111,-0.09421834614256219,2.0043805663869576
abs,0.3014505286912731,0.23567895609333575,-0.4282858780987514,1.6703130344307686
abs,0.33279286330768987,1.3326186125573911,0.24511741282365662,2.3437163253531765
abs,0.7355128853165556,-1.9771207215479771,-1.4000061408261701,0.6985927717033498
abs,0.29479113359357745,0.17371180185904617,-0.7602642214547624,1.3383346910747576
abs,0.5188877632776641,1.1071398604598939,-0.6432885790369747,1.4553103334925452
abs,0.2238251228572382,0.48001220671278244,-0.6854651277230472,1.4131337848064727
abs,0.6862699485528159,-0.2835575604105034,0.22691981232583247,2.3255187248553524
abs,0.6911976245047323,0.7397884635884713,-1.2519462089010682,0.8466527036284517
abs,0.2782782901046652,0.8653870002217106,-0.46528113022045425,1.6333177823090657
abs,0.32148268336097674,1.1678643100150696,-0.15951861815959134,1.9390802943699286
abs,0.7961493402470035,-0.1324891014296241,-1.331788908976743,0.766810003552777
abs,0.9975119780296448,0.0366645553365996,-0.4311364330685137,1.6674624794610062
abs,0.06557588962305894,-0.9096792747322497,-1.819495057804663,0.279103854724857
abs,0.39487612837226016,0.4352031099598195,0.21231508410745326,2.310913996636973
abs,0.027665260362619404,0.19495617090790798,-0.9695250104319655,1.1290739020975544
abs,0.36894447801484553,-0.0635654518245915,-1.4693196019783104,0.6292793105512096
abs,0.24589786260811852,-0.3990403720452921,-1.5988699573615532,0.49972895516796667
abs,0.36901258335957055,1.8659852091114462,-0.027246661570981212,2.0713522509585385
abs,0.8895799487154306,-0.07585133916761011,-0.6205272713865215,1.4780716411429984
abs,0.08810709095058156,-0.5345123953881822,-1.4072798071325776,0.6913191053969423
abs,0.836385719537648,-1.5752159801771013,-1.1354078285039104,0.9631910840256095
abs,0.19793302580883532,0.8409155369367759,-0.15975074239524412,1.9388481701342757
abs,0.6251982677731172,2.262165348221475,0.47276769588472045,2.57136660841424
abs,0.21285893304675296,0.26410702200818076,-0.6289911132412067,1.4696077992883132
abs,0.9965040657889324,0.8732492594371081,2.595360719948652,4.6939596324781725
abs,0.8875382820921803,1.5772425235600436,0.6010911613885381,2.699690073918058
abs,0.48298196751377365,1.3616881514094976,0.0870222663328113,2.1856211788623314
abs,0.8679353036838304,2.8917060196868736,0.36660909528042596,2.465208007809946
abs,0.041840211488501144,0.7461873337669089,-0.33173673771458156,1.7668621748149382
abs,0.6844440017257925,0.7212580186332532,-1.27264083626603,0.8259580762634898
abs,0.5046218151741715,-0.1235636310390692,-1.0261757549218218,1.0724231576076981
abs,0.7906413238155324,-0.2450353146623847,-1.200566806860026,0.8980321056694941
abs,0.032114510966085086,0.30879928578747284,-0.42985777303006756,1.6687411394994522
abs,0.426622935040185,1.7063084720206505,0.33785193766975374,2.4364508501992734
abs,0.23669780057611345,-0.48936456528792605,-0.9303567450822638,1.168242167447256
abs,0.9505593265612059,2.5897835287515436,-0.03785387785030192,2.060745034679218
abs,0.45808897188563547,-0.35874587458887397,-1.4925114505157338,0.6060874620137862
abs,0.014636323166220655,0.27029048858589083,-0.8048374036931365,1.2937615088363834
abs,0.7692305015566524,0.8661703761344884,-0.8590182885957933,1.2395806239337266
abs,0.08916390329529467,-0.09991252407854365,-1.371825402037063,0.7267735104924568
abs,0.13240979679096299,1.527795937893496,0.016219589478480456,2.114818502008
abs,0.2662003565431744,0.762738159872326,-0.6599571586370161,1.4386417538925038
abs,0.07006748232870696,-0.048455623361653294,-0.7380120268917241,1.3605868856377958
abs,0.4728073991442129,0.23522123848017334,-1.0121281894487253,1.0864707230807946
abs,0.8180981765945792,2.2428421088384285,0.6407616397407523,2.739360552270272
abs,0.5690989242768684,0.11841305761953658,-1.386168886743771,0.712430025785749
abs,0.34882328768791393,-0.4312901902089734,-1.3756472117762886,0.7229517007532313
abs,0.2572623849915713,-0.18603099926799221,-0.6640349872336465,1.4345639252958735
abs,0.7434113045147615,1.7587440585976972,0.27379212961387256,2.3723910421433922
abs,0.030499672277496725,0.2214179381268186,-0.6314471785301161,1.4671517339994038
abs,0.051483756482574417,-0.27348054279147127,-0.8512488481338203,1.2473500643956996
abs,0.6670733159083212,0.6480208930894238,-0.825121633791565,1.273477278737955
abs,0.06471565045112071,-0.5141107960880997,-1.3434427026334843,0.7551562098960355
abs,0.8024836390578423,1.0500118726257859,-0.7366062350160506,1.3619926775134692
abs,0.45451365925071685,0.4935649703627236,-0.7451281970186001,1.3534707155109198
abs,0.4901415504397627,-0.8479888710740933,-1.53967172699439,0.5589271855351299
abs,0.043820717897077754,1.155578734522817,-0.0027763706089918294,2.095822541920528
abs,0.03531782324916033,-0.9876637042019011,-1.8788975050213814,0.21970140750813838
abs,0.3107773048800474,0.7451761199844189,-1.0249652590537297,1.0736336534757902
abs,0.04935136825054909,0.5358243671404638,-0.5250136311243305,1.5735852814051894
abs,0.706255879413207,2.164558989879033,0.7322480353493286,2.8308469478788485
abs,0.7114426083848732,1.4211656346604842,0.6119570740540561,2.710555986583576
abs,0.9511578306085555,0.999417309056904,0.21988397268742665,2.3184828852169463
abs,0.560339074230596,-0.6656140624147309,-1.3594994616576719,0.739099450871848
abs,0.5205228871876825,1.0143299445641718,0.41325381807889405,2.511852730608414
abs,0.24159023708660377,1.402109483464593,0.22294436969677767,2.3215432822262976
abs,0.5046847500480367,1.1649813584767617,-0.31009406539835904,1.7885048471311609
abs,0.27769537832740643,1.2584023197101069,0.13794660831024608,2.236545520839766
abs,0.11620204063248718,0.5095991795933054,-0.19011460272044556,1.9084843098090745
abs,0.9833173330054058,-0.2595989934530044,-0.7399216016678339,1.3586773108616859
abs,0.4868841566782812,1.4085627586390252,0.21167999237667945,2.310278904906199
abs,0.9413111721059749,0.8926138806361403,-0.6878550704637195,1.4107438420658003
abs,0.17549513550404805,1.1286995232597754,0.13667997118399966,2.2352788837135193
abs,0.6837532053747125,0.1605968762118104,0.04931981693111198,2.147918729460632
abs,0.9559382369103211,3.877683835926821,0.3750505075759003,2.47364942010542
abs,0.42935300664818254,-0.7901301347825795,-0.5182935868244944,1.5803053257050255
abs,0.9738496030852719,4.233878200776651,0.44220811664850146,2.5408070291780214
abs,0.8477998793510514,2.7090331932684633,0.6912586505570546,2.7898575630865743
abs,0.2578878735145942,-0.13302505792749364,-1.680470464241218,0.418128448288302
abs,0.6051946721342966,-0.7992883905481092,-1.4487409139558687,0.6498579985736511
abs,0.2864059813323896,0.9901278807975613,0.20167027650125702,2.300269189030777
abs,0.5599354402973262,-0.03483630046331021,-1.299879348010888,0.798719564518632
abs,0.11760597410049267,-0.6614406030292679,-1.8654777605576247,0.2331211519718951
abs,0.30393262992362713,-0.24129418975687517,-1.7070181336280124,0.39158077890150755
abs,0.07197146711746638,-0.22349462628793348,-1.339501606231373,0.759097306298147
abs,0.22712144045429095,1.1717502743211121,-0.12727287372912277,1.971326038800397
abs,0.23406987174755123,0.7050685377298285,-0.047974256559211614,2.0506246559703083
abs,0.34124862484577434,1.0829736768836036,0.38378799349996395,2.482386906029484
abs,0.8702596358106447,1.623404115597971,0.290058688532401,2.388657601061921
abs,0.13766573549040584,-0.8338585948466986,-1.5875396546715268,0.5110592578579932
abs,0.606705106735389,0.7359011895963282,-1.1174078758832047,0.9811910366463151
abs,0.46416590102713995,0.21164373361593825,-0.027231120454472846,2.071367792075047
abs,0.8224366537215146,0.9722703585767181,-0.24252048665594395,1.856078425873576
abs,0.35187298404547596,-0.29541438748131205,-1.5334289563589028,0.5651699561706172
abs,0.17002794045099912,0.4660731629413398,-1.3742793753124654,0.7243195372170546
abs,0.12171022099790962,-0.4452969087363093,-1.8207654676836815,0.2778334448458384
abs,0.8968237148128051,2.227382067843323,0.6157351386653873,2.714334051194907
abs,0.12070507435271027,1.2219132691406596,0.029446923234729194,2.128045835764249
abs,0.9783091474309158,0.8288369211182542,-0.834613492279163,1.2639854202503569
abs,0.003959720250628962,0.4409209657854675,-0.3737447912418501,1.7248541212876698
abs,0.6369383199215465,0.3290993984812922,-0.899779892515221,1.198819020014299
abs,0.8538221970600154,1.1381493884241423,0.08945150837097193,2.188050420900492
abs,0.2893676233410367,1.1430946713808245,0.04608437202463733,2.1446832845541572
abs,0.125633470486187,0.038294781056596866,-0.7164103384416252,1.3821885740878948
abs,0.08662934492048147,-1.2020136083686555,-1.8171818895022822,0.2814170230272377
abs,0.9184943946342121,0.3018956799128344,-0.6835799698718373,1.4150189426576825
abs,0.7782664717073455,-0.7325385686194315,-0.3175084569328884,1.7810904555966314
abs,0.6706036839677268,0.4702754986242117,-1.1270722388133114,0.9715266737162085
abs,0.44424517907261096,-0.11418213581533576,-0.8259851635315768,1.272613748997943
abs,0.43349794866944946,1.7283155410779112,0.13469245481641834,2.233291367345938
abs,0.8151043860805476,-1.0169681320622634,-1.304774665356141,0.793824247173379
abs,0.35875035421109414,0.7929056735112758,-0.35848548337779484,1.740113429151725
abs,0.9271024348560418,1.0926655491671078,0.21360580413992847,2.3122047166694486
abs,0.05160642858143527,-0.7584534058088963,-1.7518836189105027,0.3467152936190171
abs,0.0756189953375026,0.8222090225400511,-0.03208321954586557,2.0665156929836543
abs,0.9034114695015028,0.11337205015592372,-0.9027681743749572,1.1958307381545628
abs,0.9901652845695036,2.118695692808492,0.3191933630524697,2.4177922755819896
abs,0.6021095072022348,1.6299606544049323,0.3624281170751187,2.4610270296046384
abs,0.05950625266878762,0.5529036980879314,-0.7648602956912374,1.3337386168382825
abs,0.9157471904684364,2.1507251759634385,-0.4035032474052427,1.6950956651242772
abs,0.6685634396806428,3.0859752860512843,0.7185913304003226,2.8171902429298425
abs,0.3318122599235578,0.49563893298444883,-0.0003606404167937338,2.0982382721127264
abs,0.9579629116494424,5.545849113562822,-0.021814251040617183,2.0767846614889027
abs,0.12496104986349976,-0.5924008048029987,-1.3830446214422485,0.7155542910872714
abs,0.6694253467211218,3.3390270263703483,0.4928721270649645,2.5914710395944844
abs,0.5866549885397153,1.5462443868860143,-0.1267244741195297,1.9718744384099902
abs,0.9275431665060884,0.9220172022112774,0.7100625861124592,2.808661498641979
abs,0.568357605436242,0.9649654082431436,-0.3556715039346585,1.7429274085948614
abs,0.6485037727112701,3.943130327572021,0.3550989258574302,2.45369783838695
abs,0.3656749108719092,1.4377406334701988,-0.19836721067911045,1.9002317018504096
abs,0.7208600610811731,-1.2899804042151186,-1.2570418286880156,0.8415570838415044
abs,0.002290882707654207,-0.321280394882984,-1.4523169996552456,0.6462819128742743
abs,0.02623618593358168,0.9123566840531789,-0.0070131212531476805,2.0915857912763722
abs,0.4826100650555465,1.3351569532117966,0.0795874387431863,2.178186351272706
abs,0.5959662154965683,1.0578783666634215,0.3937971573696304,2.4923960698991503
abs,0.8890656428011364,1.9904123988784663,-0.9548486992446907,1.1437502132848292
abs,0.947860763467279,1.2739530775176666,0.30961496150722523,2.408213874036745
abs,0.638354487691009,0.7738296592213573,-0.8226132796955985,1.2759856328339214
abs,0.7437786045750693,1.0104896318536198,0.48957280128128877,2.5881717138108087
abs,0.010841544895261901,0.058667437418760376,-0.9773446344219499,1.12125427810757
abs,0.803434769937672,-0.6377076821548495,-1.2385795725612776,0.8600193399682422
abs,0.9896540416261742,0.5524544939890689,-0.14650315261934432,1.9520957599101756
abs,0.2575582774672057,0.4263841252400269,-0.24387058579519205,1.8547283267343277
abs,0.5079843639844845,-0.3532055007249405,-0.6407357129213189,1.457863199608201
abs,0.10633661780885528,-1.004368725579894,-1.7384085175866575,0.3601903949428624
abs,0.07862360271602842,-0.4501922071504495,-1.60665436782486,0.49194454470466
abs,0.3696006606006995,1.5923165545092914,0.2665268897675297,2.3651258022970496
abs,0.49082861998465854,0.12024654913888327,-0.333247477592427,1.765351434937093
abs,0.5317309405558419,1.742750226162499,-0.08047710049528667,2.0181218120342335
abs,0.050937487438711515,-0.5566650679604424,-1.3432141058624254,0.7553848066670945
abs,0.8688678956178439,0.04757968569641191,0.5519580940994269,2.6505570066289468
abs,0.32736337295462736,1.556455341243206,0.2935551994003116,2.3921541119298313
abs,0.3065724436146492,0.8711131394832788,-0.3481706258216549,1.7504282867078649
abs,0.16899848301095377,-0.08910585415235514,-1.2966761996792349,0.801922712850285
abs,0.8908028752524677,0.4553094425763198,-1.3925990500990226,0.7059998624304973
abs,0.8165883400134574,1.1878923582970116,-0.14612527350417726,1.9524736390253428
abs,0.9767310614214366,-0.4376422945604308,-1.1350246682992353,0.9635742442302847
abs,0.46990968693640434,0.1802283468036686,-1.2298460929810464,0.8687528195484735
abs,0.8761204827192985,-0.037347955407622146,0.35583058107933896,2.454429493608859
abs,0.9182072648496874,0.6865174591600683,-0.5506783922767104,1.5479205202528095
abs,0.4777622718160991,1.074323664109282,0.21499166258591762,2.3135905751154375
abs,0.16114375236129552,-0.7484795774277162,-1.7906850657274196,0.3079138468021003
abs,0.610253795106323,-0.9407938051544591,-1.0133661604827413,1.0852327520467786
abs,0.6061380416649094,0.49881146984378993,-0.647401439069625,1.451197473459895
abs,0.5754386584211565,1.7222484853320466,0.1473442968079779,2.245943209337498
abs,0.49878549763366786,0.18390913902237993,-0.33805438080290307,1.7605445317266168
abs,0.41710632382498947,-0.6221616114068771,-1.5017523127692212,0.5968465997602987
abs,0.6703199317254861,-0.2894262532121778,-1.5562944172291397,0.5423044953003802
abs,0.10875034756093749,-0.07357236224109476,-1.7126638235070208,0.38593508902249896
abs,0.06054014210315173,0.5160169852782527,-0.31175912912704173,1.786839783402478
abs,0.7151327216585858,1.0805205435847114,-1.1801679897218256,0.9184309228076943
abs,0.1063556216161694,0.7695575511366897,-0.37157407953346633,1.7270248329960536
abs,0.5097862003236412,-0.24434329586197867,-0.49683868466463144,1.6017602278648884
abs,0.8132012827047924,-0.06841225821045105,-0.17958079766082957,1.9190181148686904
abs,0.6560798561171473,-0.6853296301769913,-1.2750076488418909,0.823591263687629
abs,0.40178817465356,0.09357402473748427,-1.5376842490431901,0.5609146634863298
abs,0.22992661748123533,1.0838985742492582,-0.011830377652368274,2.0867685348771516
abs,0.6343189454741032,0.6062752566480405,-0.2380991053855781,1.8604998071439418
abs,0.9495035416766041,-0.3250437833285802,-1.4720100085213925,0.6265889040081273
abs,0.3760966579918974,-0.06646189147401886,-1.1168577446367822,0.9817411678927378
abs,0.14484522542316836,-1.0586024713106414,-1.78247040944178,0.3161285030877399
abs,0.5401261881547647,-0.30968622776839716,-1.3553964251905988,0.7432024873389211
abs,0.22327167150230454,0.9664355899057069,-0.12088818061100637,1.9777107319185134
abs,0.9797251307235426,2.1816524672597204,0.7715647492561128,2.8701636617856328
abs,0.26048921196653063,-0.8751227749132515,-0.9188942730471513,1.1797046394823685
abs,0.5516890301540966,0.6515456721087697,0.04065542818366907,2.139254340713189
abs,0.15148252563259024,1.0823328319047136,-0.23540430422241643,1.8631946083071034
abs,0.6414849913772078,0.19591068297972103,-1.3695782773626968,0.7290206351668231
abs,0.6259211374339964,1.1904363537370288,0.41998113298793527,2.518580045517455
abs,0.7434078640449407,-0.4981912018969599,-1.325482256694221,0.773116655835299
abs,0.4000893188694187,1.2998931745517082,0.24768544873122722,2.3462843612607474
abs,0.16529941795288994,-0.3931195693636788,-1.425400661446843,0.6731982510826768
abs,0.8968451203976641,0.017850567652478055,0.7311034120099664,2.829702324539486
abs,0.626613369767749,-0.39137600641109266,-0.9516613627134365,1.1469375498160834
abs,0.18456626344450733,1.1381422736638283,-0.027742112392634466,2.0708568001368857
abs,0.45781134461493533,1.274979608148646,-0.010597432445267785,2.088001480084252
abs,0.5864127244946383,1.9715056433874638,0.1404641981455561,2.239063110675076
abs,0.1490128399738324,-0.10035619949140726,-1.3718593001850121,0.7267396123445077
abs,0.8192897562367162,2.8473371875575575,0.6146529914652876,2.7132519039948075
abs,0.799379306047697,1.7006268234817266,-0.1793613675864567,1.9192375449430632
abs,0.749250211397506,-0.3160138920841648,-1.8528916003159628,0.24570731221355713
abs,0.4306924881970947,0.44640150215482927,-0.3601474514997235,1.7384514610297965
abs,0.19728849139378268,1.2011296552529582,0.12028220629109954,2.2188811188206197
abs,0.03759671540097531,0.8851307480693426,-0.29462610698857483,1.803972805540945
abs,0.9716972780626709,-0.5664450472601852,0.7694795786693274,2.8680784911988475
abs,0.850310785241778,1.799237576955299,0.5755386961404085,2.6741376086699287
abs,0.6858059964575464,-0.6752504513861746,-0.3473972778897352,1.7512016346397847
abs,0.09789118897204174,-0.671726373405664,-1.7509450097305048,0.3476539027990151
abs,0.41239802071743936,-0.0849237108142909,-1.3214087686623064,0.7771901438672135
abs,0.5266407477169311,1.8443824878809536,0.43538508992666136,2.5339840024561813
abs,0.44767992538030865,-0.4808609765570184,-1.5765551448675563,0.5220437676619636
abs,0.8605048202869052,0.267071146753288,0.6452865222718267,2.7438854348013466
abs,0.2825626543268165,-0.2937135599682552,-1.5308016137840132,0.5677972987455067
abs,0.5404060624170522,-0.4363615564726044,-1.5977173853839672,0.5008815271455527
abs,0.8188204547049848,-0.7417137573493965,-1.0410897655042137,1.0575091470253062
abs,0.5864900467282448,0.43311913149039716,-0.33757080789790916,1.7610281046316107
abs,0.7967172985966213,-1.1392209123783257,0.39164442314792547,2.4902433356774454
abs,0.17973252751293167,0.6208516754585902,-0.6035944962311728,1.4950044162983471
abs,0.41604306405779434,-0.37089194960549066,-1.3576457754977187,0.7409531370318012
abs,0.761984931609118,-0.3736480816724198,-1.401538552003371,0.697060360526149
abs,0.46009217204522346,-0.1866117537424179,-1.5188772627878544,0.5797216497416655
abs,0.1938946456900844,0.3384515150607,-0.7046134110903912,1.3939855014391287
abs,0.26684942317592164,-0.6777547885948245,-1.6501115623944964,0.4484873501350235
abs,0.7725860881298805,1.347732417378473,-0.8723283891196089,1.2262705234099112
abs,0.5522529807708643,0.6211285894574681,0.17196522487106525,2.2705641374005854
abs,0.7779191427328377,1.3549157947290846,0.49263440013167337,2.5912333126611933
abs,0.23805758754414652,0.5000328016268554,-0.6062674002539878,1.492331512275532
abs,0.9203971092194203,0.6252387053068043,0.004540733653673357,2.1031396461831933
abs,0.7057898151420066,-0.037779642829934866,-1.0793679073510534,1.0192310051784665
abs,0.1838306775271663,-0.9975750788426151,-1.8580862803066482,0.24051263222287178
abs,0.8302651895572933,0.6941394042117299,0.48697626089779855,2.5855751734273182
abs,0.5329344755092406,-0.04034887320522984,-0.2619721344854756,1.8366267780440442
abs,0.3811967876474368,-0.45372722655346875,-0.6225077785105626,1.4760911340189573
abs,0.2741897334968908,-0.7628445250116126,-1.563027722000188,0.535571190529332
abs,0.18325287424706393,0.8582773998002147,0.10391304563818715,2.2025119581677073
abs,0.004874625890171291,0.981802007427668,-0.042922461006806856,2.055676451522713
abs,0.8675553735908259,-0.7389147383616805,-0.9882180765067174,1.1103808360228025
abs,0.2145723377863411,1.0705929779761931,-0.45826484135491996,1.6403340711746
abs,0.22373351966362154,-0.7039633360148888,-1.7228749015694795,0.3757240109600405
abs,0.06204841756426649,-0.40577515207291504,-1.3923248914459982,0.7062740210835217
abs,0.03558086726730825,-0.43923793516189646,-1.4402572124256297,0.6583417001038903
abs,0.8013678969933108,1.1664691821858164,0.6570795390486839,2.755678451578204
abs,0.45926222774072023,0.9366620805124224,-0.6976655865762611,1.4009333259532588
abs,0.2656629192785547,1.214797091966882,0.015619593625736616,2.1142185061552565
abs,0.4928570347274964,0.5658150831333579,0.1294013180200373,2.228000230549557
abs,0.9805568314374938,1.459040698955926,-0.4779861501050383,1.6206127624244817
abs,0.5242224364620603,1.188559940909113,0.44334377231789523,2.541942684847415
abs,0.5694463664555908,0.45572169326462675,-0.2557297993550577,1.8428691131744621
abs,0.7920868276124295,1.4021601689532779,0.45157455495069665,2.5501734674802163
abs,0.19757825873113644,-0.08587027785696924,-1.2191888122543189,0.879410100275201
abs,0.04209190187705936,-0.5920177747491567,-1.496321331817546,0.6022775807119741
abs,0.16835210839035541,0.10753950727666912,-0.8371787707659898,1.26142014176353
abs,0.32945494516703067,0.047535678377456925,-1.419621070419705,0.6789778421098149
abs,0.28107886890421574,1.2333210143228686,0.15852824484232686,2.2571271573718468
abs,0.8420658202225879,1.0238620385195363,-0.5334174327291604,1.5651814798003594
abs,0.8406293048371776,2.8379349075819604,-0.11501340555954953,1.9835855069699704
abs,0.7318316890310489,1.2626139951855837,-0.7525604945177278,1.3460384180117921
abs,0.20077077656440823,0.102632724999423,-1.2049010872040007,0.8936978253255192
abs,0.13487265797538284,-0.8547900289624106,-1.7370057493235325,0.36159316320598744
abs,0.9407304768784558,1.1163689814153732,0.5248863135122428,2.6234852260417627
abs,0.07337460108820337,-0.44574999097868906,-1.4180276698928544,0.6805712426366655
abs,0.8661637790040139,-1.109221031305375,-1.1133106210454669,0.9852882914840531
abs,0.8330259550513269,-0.24679249460441088,-0.6884231893166695,1.4101757232128505
abs,0.8320473509821331,0.16293737491624363,-1.0429702029406605,1.0556287095888595
abs,0.8323626275132601,0.2968021307606872,-0.2024293400999102,1.8961695724296097
abs,0.44865495073262784,-0.1571764882666602,-1.5344321165627361,0.5641667959667838
abs,0.3347263765708077,-0.6786714161312535,-1.042669416116767,1.055929496412753
abs,0.723888181732488,0.25919661720542814,-1.1818943354840274,0.9167045770454925
abs,0.9173363657772937,1.9993567506562602,-0.20255351415757328,1.8960453983719465
abs,0.4029758890738323,-0.30125660898186907,-1.6423397391157812,0.4562591734137387
abs,0.3703299085838947,0.7585264313852076,-0.6277894039825926,1.4708095085469273
abs,0.8444571825828557,-0.6968748482100418,-0.9982152714075637,1.1003836411219563
abs,0.3262952603469933,0.48744765551607383,0.18791375333348914,2.2865126658630093
abs,0.20293485182668292,1.274902772103487,0.1587966298485144,2.2573955423780343
abs,0.26622300167250434,0.23794724548973878,-0.6361119947858591,1.4624869177436608
abs,0.945173797143134,-0.7694809793657437,-1.1488074562074815,0.9497914563220384
abs,0.25647100002304357,-0.29992650618227124,-1.6784458206087491,0.42015309192077077
abs,0.5297926650990851,1.5095901930246955,-0.2973325279446004,1.8012663845849195
abs,0.2735285895956099,-0.13373889437759123,-1.6319662880638215,0.4666326244656983
abs,0.696049818031643,0.31861224376981556,0.33982495156223735,2.4384238640917575
abs,0.8616561425523427,-0.9333933156894176,-1.309506189842315,0.7890927226872048
abs,0.17328849265173107,0.8162104176458623,-0.2343670038932455,1.8642319086362744
abs,0.22218521952254744,0.8632554439009701,-0.1076093321867444,1.9909895803427755
abs,0.7265819092568198,1.3924559811635395,0.4429364091263137,2.5415353216558336
abs,0.16317239071477363,-0.687510859833409,-1.3820766842132692,0.7165222283162506
abs,0.7339041973114856,1.1929626941316234,0.20867794584208732,2.3072768583716075
abs,0.6118576211833361,0.005108281047227992,-1.452164845190844,0.6464340673386759
abs,0.3062136640957628,-1.2192894165157975,-1.7639632906168567,0.33463562191266316
abs,0.04892968821818944,1.03344623651637,-0.11599769571226937,1.9826012168172507
abs,0.3571434632639523,-0.03916752161110626,-1.6867046973535904,0.4118942151759295
abs,0.683623927247099,-0.12760165657897948,-0.8321603475983003,1.2664385649312195
abs,0.9611309621264452,2.4395633932984104,0.06165082873631911,2.1602497412658392
abs,0.6917535357830901,0.5013702078053602,-1.6127525214644944,0.4858463910650255
abs,0.7263593053795531,-0.41486840742968467,-1.5133215695377173,0.5852773429918026
abs,0.16047872467638535,-0.868609631141703,-1.7896795118917557,0.30891940063776413
abs,0.7630830990581007,0.36030457482599,-1.2975546565923939,0.801044255937126
abs,0.7039803980833169,-0.24118598536323366,-1.2757962137105276,0.8228026988189923
abs,0.030270730669755275,0.7253342660166942,-0.11008138709922954,1.9885175254302903
abs,0.9319616896588603,-0.3577896602738503,-1.1166391880002517,0.9819597245292682
abs,0.3715683374911798,1.0513666061187903,0.03743863085245902,2.136037543381979
abs,0.7326149132911343,1.417872170789545,0.26291181559069976,2.3615107281202197
abs,0.005136462354366822,0.548378344370193,-0.3909785750140906,1.7076203375154293
abs,0.718036752893445,1.7141173934700262,-0.00986374575089699,2.0887351667786227
abs,0.7674217033952235,-0.5108924211830497,-1.3675880983726971,0.7310108141568228
abs,0.2368808764678626,0.10661795103244404,-0.9282914537293412,1.1703074588001787
abs,0.44990272765571204,1.7426068888977926,0.25404758956193674,2.3526465020914564
abs,0.9884898158831644,1.2908614109453749,-0.04997567333501929,2.0486232391945007
abs,0.5360348831056945,1.2301626864207127,-0.25391954931018357,1.8446793632193363
abs,0.8477205250528788,1.0176166650317904,-0.19117592750924595,1.907422985020274
abs,0.279486112106479,0.9798058688536951,-0.10764369789924144,1.9909552146302785
abs,0.6500547984484569,1.416816915904465,0.3475577055349073,2.4461566180644274
abs,0.6551439624256141,0.04246959628981495,-1.4045207294305926,0.6940781830989273
abs,0.27191613762304057,0.9624309079633082,0.002893093384747525,2.1014920059142677
abs,0.437312186371675,1.524623087804993,-0.1079107877029617,1.9906881248265582
abs,0.8660425895301804,0.3075049925308333,0.5356340241186606,2.6342329366481803
abs,0.2628742306577909,-0.07822760943341867,-0.6355626576373976,1.4630362548921223
abs,0.23854708878171738,-0.062001432290610115,-0.6680862556743444,1.4305126568551754
abs,0.7415597249268224,0.7695173211632307,-0.10046563413029097,1.998133278399229
abs,0.3800792809754877,-0.23028565799636602,-1.535728194589578,0.5628707179399419
abs,0.44938510213044136,0.17713570414321,-0.3561875551568532,1.7424113573726667
abs,0.44545580841758525,0.29331749929679274,-0.031340238968753154,2.067258673560767
abs,0.06739986684794752,-0.34138718215416186,-0.980683438123849,1.117915474405671
abs,0.9800788636504161,-0.01661958418324949,0.7210794227147799,2.8196783352442996
abs,0.1304940776068202,-0.2934881474662441,-1.394425011466262,0.704173901063258
abs,0.8551928658417413,1.8684143941572167,0.4788817000326149,2.577480612562135
abs,0.8704237492359594,0.0015104225725720288,-0.9820302977230149,1.116568614806505
abs,0.123904435167276,-0.9548233287380998,-1.7345204290038632,0.36407848352565675
abs,0.0038956413035676762,0.8776852747328387,-0.08221261371125543,2.0163862988182646
abs,0.4963468066379402,0.017679727427187986,-1.0835739140824785,1.0150249984470414
abs,0.15953573584223657,-0.16917711680230463,-1.8522986993341028,0.24630021319541706
abs,0.45680031161190593,0.18740911681841033,-0.3700099844567064,1.7285889280728135
abs,0.43667204496050605,1.733809628792183,0.34584793023828064,2.4444468427678006
abs,0.6411227433374556,0.5944750834101211,-0.9438421910176831,1.1547567215118368
abs,0.7629172571323506,2.0333843306975448,0.060764676144491325,2.1593635886740112
abs,0.2916205997257184,0.8155567654599526,-1.3040006396881723,0.7945982728413477
abs,0.8926260897157096,-0.5063905122105472,-0.34084412188046764,1.7577547906490523
abs,0.7410075553505496,1.2820387212391873,0.5248397871558743,2.6234386996853942
abs,0.5776836399063167,0.18026993323859275,0.16526449430023837,2.263863406829758
abs,0.10778613971289097,0.04835872401727924,-0.8729860517057384,1.2256128608237815
abs,0.6001501148798163,-0.25696873440269086,-0.31889848823242917,1.7797004242970909
abs,0.1643229492632422,0.6486945678186734,-0.5087550280766238,1.5898438844528961
abs,0.5594321573107335,1.409209821407009,0.42020039395336317,2.518799306482883
abs,0.3087300082065204,-0.7357904891031376,-1.7212918399435497,0.3773070725859703
abs,0.55074986295892,0.15161606507676934,-1.5826748484370339,0.5159240640924859
abs,0.8666614839088909,0.48668138860384536,0.2224944845561636,2.3210933970856837
abs,0.9382510861794388,1.5492313107113458,-0.032424384712075316,2.0661745278174446
abs,0.3109646123133075,0.9322628331121452,0.27167677637989507,2.370275688909415
abs,0.34575159066179695,0.9063859283723625,0.2979014416587711,2.3965003541882908
abs,0.4974581093258533,0.6288272089631902,0.042354612568542116,2.140953525098062
abs,0.8726096296205821,-0.025960474708499715,-0.298485207463,1.80011370506652
abs,0.10533857945303282,-0.5406480956537121,-1.6687216931982196,0.4298772193313003
abs,0.7343442013353662,0.6512012670653641,-0.43007610729316825,1.6685228052363517
abs,0.4982591638841465,0.5063526805681917,-1.014954701912935,1.083644210616585
abs,0.8798698798755286,0.972986163832006,-0.7404527183447276,1.3581461941847923
abs,0.5687676377262428,0.493807572248518,0.43790875456801714,2.536507667097537
abs,0.8229051142811822,1.5438293207671632,-0.8422280745041735,1.2563708380253464
abs,0.7086504887116727,1.8132669340567427,0.3237856538064616,2.4223845663359818
abs,0.24591291586334918,-0.23175525320579582,-1.7607395701398096,0.33785934238971016
abs,0.6126023691632542,1.5113548100988823,0.42765043771825995,2.52624935024778
abs,0.6557542008201026,-0.3738458702826899,-0.08758884108852405,2.011010071440996
abs,0.7969938326445156,0.13636060946456743,-0.8084501115197559,1.290148801009764
abs,0.5328382686540487,-0.06831786071500132,-1.3618882507067078,0.736710661822812
abs,0.8743451191771797,1.0159734265577034,0.10823758334175748,2.2068364958712774
abs,0.715926975926354,-0.49093082972821245,-0.18782071032153957,1.9107782022079802
abs,0.2427272620866705,1.0864866072337271,0.2045272024347724,2.303126114964292
abs,0.24749352471530262,0.5295995135458335,-0.9551610519728577,1.1434378605566622
abs,0.2823016619845562,-0.4437809182255783,-1.6926137748053254,0.40598513772419453
abs,0.19269892558539392,0.8763280407096968,0.22777195556325092,2.326370868092771
abs,0.12798955433978854,-0.241164650955206,-0.7510595799611157,1.3475393325684042
abs,0.6131406640329687,0.6267444123755082,-0.057868723078988826,2.040730189450531
abs,0.4805192640842125,0.22363573461180847,-0.9882969452537833,1.1103019672757366
abs,0.4768291011827489,-0.05959536065991078,-0.31984552392647614,1.7787533886030438
abs,0.5760322132232196,0.25486431241550833,-1.382161765508627,0.716437147020893
abs,0.9068651509720009,2.8502426487540213,0.3901631005055417,2.4887620130350614
abs,0.36181200523359536,1.5654376612990273,0.28559651700907773,2.3841954295385976
abs,0.5921107428403919,-0.2767110066030299,-1.2182806484659734,0.8803182640635465
abs,0.14745107526003298,0.9687757801277176,0.029334499802288194,2.1279334123318083
abs,0.1218662833599401,0.6076034664021411,-0.4121190620014227,1.6864798505280971
abs,0.7157475844452287,-0.17958013630761774,-1.3187092223126629,0.7798896902168571
abs,0.4768686370013069,1.546173726990298,0.2986107181346098,2.39720963066413
abs,0.8565326496984863,2.6324688863129437,-0.06925122568334852,2.0293476868461715
abs,0.9297776372325061,-0.7942657752060807,-1.0909400245095124,1.0076588880200075
abs,0.047897824767491604,0.9559778206178079,-0.07730708005640863,2.0212918324731115
abs,0.481062914167792,1.185385730458618,0.33356111721238735,2.4321600297419073
abs,0.860151620225672,0.25054593335918135,-1.0947455073388976,1.0038534051906223
abs,0.34826852352132875,0.11919444811923491,-0.9759279455454974,1.1226709669840225
abs,0.566712696426933,-1.0691716450963704,-0.926309327980865,1.172289584548655
abs,0.18055749411308264,0.7553814369844007,-0.21695169249184576,1.8816472200376742
abs,0.5905476492124483,0.6977781214745788,0.0312917324430233,2.1298906449725434
abs,0.3226085409573305,-0.11951727625154707,-1.6544834527433314,0.4441154597861885
abs,0.9269390242752393,-1.0663853831326986,-1.0249348121028,1.07366410042672
abs,0.5037670459620366,-1.0357234295779978,-1.4928235070634919,0.605775405466028
abs,0.9338287113112648,1.7296821495725214,0.6579904101136325,2.756589322643152
abs,0.39189369538967056,-0.5950562701584974,-1.5421977080890807,0.5564012044404392
abs,0.6819197777231579,1.297922973000319,-1.5955835531297433,0.5030153593997765
abs,0.47219151819915917,-0.23165307787238976,-0.6356372743268872,1.4629616382026327
abs,0.11811619483910496,1.2917136853549542,0.02969957084577679,2.1282984833752967
abs,0.09508636701065953,1.118083685420719,-0.037308231661550284,2.0612906808679696
abs,0.619477775024937,0.36471492733889577,-1.746717396567143,0.35188151596237693
abs,0.43882825052544705,1.5281739316079044,-0.5461483402834171,1.5524505722461028
abs,0.27197164051444167,0.9571112381332202,-0.09182381806540052,2.0067750944641194
abs,0.055773495372751336,0.6995557790048362,-0.2643774421221776,1.8342214704073423
abs,0.07685619889876749,-0.6806051258976127,-1.483587269703973,0.615011642825547
abs,0.8273201859609036,-0.3697551066135709,-0.20606766241161478,1.892531250117905
abs,0.526030790555456,-0.5310858650857084,-0.8895218966840456,1.2090770158454742
abs,0.7198623596558671,1.1889464892665,-0.7886263595724241,1.3099725529570958
abs,0.7471885468904748,1.5636952135504525,-0.2521746158076046,1.8464242967219153
abs,0.7425427053669635,-0.4171035618160169,-1.3397024275972271,0.7588964849322928
abs,0.7571037060898763,0.09208915934841266,-0.4959114310114573,1.6026874815180627
abs,0.06268539829398767,-0.7278014843807733,-1.866901177906944,0.23169773462257592
abs,0.07466865366072983,0.7519701249373878,-0.1275511281492907,1.9710477843802292
abs,0.6144930261020939,0.5482400090385332,0.16263001834069235,2.261228930870212
abs,0.9499626992484796,3.611711456664275,-0.617148044411679,1.4814508681178409
abs,0.9716318331091919,-0.042851872061739654,-1.2754545166142344,0.8231443959152857
abs,0.9863805186659319,2.1420207547939767,0.4894092710591025,2.5880081835886224
abs,0.3905107924702076,1.1883224128695216,0.07844604198228344,2.1770449545118034
abs,0.6407406971730922,0.4649875418305339,0.14298244183960507,2.241581354369125
abs,0.3052033040265446,0.23687612020326537,-0.6370489035605693,1.4615500089689506
abs,0.7034877725107475,-1.3925187589788837,-1.6262907285048258,0.4723081840246941
abs,0.6581859293530268,1.682856148483028,0.5806046071571507,2.679203519686671
abs,0.7793230341152256,1.427564388271585,-0.30689870619566506,1.791700206333855
abs,0.8980894651533963,0.11138540368127336,-0.09016979940182357,2.008429113127696
abs,0.3770629506642562,0.17550408036552678,-1.1006271590305616,0.9979717534989584
abs,0.760251576339249,2.380061524962336,0.02433594759674773,2.122934860126268
abs,0.5701076383246495,1.0906019354747405,0.05031880655650567,2.1489177190860254
abs,0.5709706001144839,-0.9214194099181043,-0.9519691631847069,1.146629749344813
abs,0.01574614926417084,0.07524743042085766,-0.8031448609401697,1.2954540515893502
abs,0.6211789971978731,0.8050581654770252,-0.3782323623782067,1.7203665501513132
abs,0.5624481413830269,0.6627738198769667,-0.888287188213092,1.2103117243164279
abs,0.16811953206528762,0.24566623837258544,-1.2852302773624193,0.8133686351671006
abs,0.5169848476656363,0.4225782688957279,-1.4724584410622674,0.6261404714672525
abs,0.16459753410017441,0.4300389629820056,-0.6788396898224978,1.4197592227070222
abs,0.27999907750689745,0.049650880296753075,-1.235833801104486,0.8627651114250339
abs,0.8056513064797045,0.26361872448988166,0.09710985425973773,2.1957087667892576
abs,0.3247488281729509,1.1100244075586962,0.42230064513893995,2.52089955766846
abs,0.34354761779668797,0.5960877144782902,-0.6437827544190137,1.4548161581105061
abs,0.16126636100485847,-0.43674192254331834,-1.7442991945697028,0.35429971795981696
abs,0.6077785310294336,-0.25495040185816686,-1.0016459573090117,1.0969529552205082
abs,0.448130275926348,0.6951903233474799,-0.09935950289013495,1.9992394096393848
abs,0.11734976299960376,1.0469052728331376,-0.1638070769245471,1.934791835604973
abs,0.3031825685624392,-0.6984743371799857,-1.161294303360781,0.9373046091687388
abs,0.2585699459040113,0.446890321142733,-0.21403530562051232,1.8845636069090075
abs,0.7434135437925314,-0.4640637799870949,-1.2953098361822466,0.8032890763472733
abs,0.7322932515771776,1.2131025483874809,0.5125000092272032,2.611098921756723
abs,0.9732940654116864,2.7267675659193373,0.219444155160462,2.318043067689982
abs,0.05172388788113691,0.7412503673500699,-0.39898055248954734,1.6996183600399726
abs,0.1645062491043353,-0.031257065720410676,-0.7079891412919865,1.3906097712375334
abs,0.9461061430282127,0.6455070526373018,-0.44728200245869254,1.6513169100708274
abs,0.1689913847302854,-0.9646382443806766,-1.7326260820661095,0.36597283046341045
abs,0.5434742997727724,0.6632276363444579,0.2276561536705115,2.3262550662000314
abs,0.628947500036356,1.3652247233488468,-0.597539296193561,1.5010596163359589
abs,0.6412567400014245,0.8429283812627753,-0.09459136862807382,2.004007543901446
abs,0.6573000557480642,-0.5367712379759294,-1.337141304406904,0.7614576081226159
abs,0.3331670206685793,-1.175792505761411,-1.6867046973535904,0.4118942151759295
abs,0.7098182057567852,-0.2415032061705651,-1.2539413796357677,0.8446575328937522
abs,0.17960822555783462,-0.10327893168889593,-0.695289876096216,1.403309036433304
abs,0.6004457347453933,0.36573603057092163,-0.511480678511677,1.587118234017843
abs,0.17710790778759922,-0.847159235505276,-1.3688349180328108,0.7297639944967091
abs,0.1606916523168569,-0.581298193553509,-1.3215123859498787,0.7770865265796412
abs,0.45592107330283227,1.366676957311975,-0.9492143125456051,1.1493845999839147
abs,0.7445353326790817,-0.8796873648375207,-1.4398596986881702,0.6587392138413497
abs,0.36356883761329484,0.5896706993140347,0.14580138711174095,2.244400299641261
abs,0.028325225483758487,0.9083184386731561,0.01467791078229097,2.1132768233118107
abs,0.4264834792006238,-0.15235082541504855,-1.4499983457056258,0.6486005668238941
abs,0.11444240679336204,0.8365257828140078,-0.16266851433284346,1.9359303981966764
abs,0.5887522962737654,1.4436789899853082,-0.1509718580677074,1.9476270544618126
abs,0.9226410818373386,1.5721647324329875,0.5366155184230472,2.6352144309525674
abs,0.2756935757149458,0.22768619783346125,-0.6155303582537782,1.4830685542757416
abs,0.6082888113038771,0.7741698236368647,-1.464440305725975,0.6341586068035449
abs,0.6387797406790526,0.981559154731781,-0.9237003713819039,1.174898541147616
abs,0.3517233426516376,-0.20433284288219217,-1.6357327274852018,0.462866185044318
abs,0.640384700289493,-0.8141387549126109,-1.647758401285461,0.4508405112440589
abs,0.8732818397623789,-1.3708844821738784,-0.44449301284578346,1.6541058996837363
abs,0.973819900360164,2.2434323869655537,-0.8306742553196129,1.267924657209907
abs,0.33614174345180803,-0.9055636912089766,-1.602825889458936,0.4957730230705839
abs,0.9294940973926773,2.5310541853974673,0.28900561199610664,2.3876045245256265
abs,0.8892496375607579,3.5322980149196272,0.8135650605656355,2.912163973095155
abs,0.4472126028860427,0.20840167078792549,-1.5284184734796868,0.5701804390498331
abs,0.7591904529674433,3.4706210226294902,0.5256303172833399,2.62422922981286
abs,0.2142242187383161,-0.05173810911228546,-1.1662598330772453,0.9323390794522747
abs,0.41434001724877223,0.4026179021615944,-1.019872420028566,1.0787264925009539
abs,0.5751137125544037,1.4919605904785003,-0.3187094440389926,1.7798894684905273
abs,0.3028309660958166,-0.652441815725513,-1.3067745752099722,0.7918243373195477
abs,0.6949592864368217,0.33186321757688125,-0.7161152268259597,1.3824836857035603
abs,0.36135538027205705,0.8357917799400192,0.0675285850914602,2.1661274976209803
abs,0.8521415417312007,-0.8243427778457194,-1.1101698169495358,0.9884290955799842
abs,0.635038978215884,-1.1699307550970999,-1.292076395124034,0.806522517405486
abs,0.7543239270050405,1.148856802904604,-0.3341623443883506,1.7644365681411693
abs,0.47033235342948754,-1.2572092950312137,-1.3154225240241928,0.7831763885053271
abs,0.7824499038684216,0.4271300592548193,-0.3483956449682284,1.7502032675612915
abs,0.10187993955431773,-0.2687372548100981,-1.346353082115299,0.752245830414221
abs,0.24360571978106083,1.1581040363059993,-0.0850060099527008,2.013592902576819
abs,0.8770377728787578,0.2917009015955747,-1.402609233190983,0.695989679338537
abs,0.7299663120500947,2.761579867074002,0.2920498273769876,2.3906487399065073
abs,0.7051631049536674,0.8966590190299679,0.35327574611487655,2.4518746586443965
abs,0.1955466266767928,-0.15537599483208478,-1.3248476254871648,0.7737512870423551
abs,0.7300503723426867,0.9060992141233142,-0.888878395418762,1.209720517110758
abs,0.7719474272045393,1.091608296767316,-0.7025501941156072,1.3960487184139128
abs,0.6656958203841976,0.9892647403228858,0.2917037827258182,2.390302695255338
abs,0.9483676129146019,0.44324964310239684,-0.7234939411529387,1.3751049713765813
abs,0.545009437855255,1.417003057964032,0.4276453223493779,2.526244234878898
abs,0.6599927569852788,-0.083144701302258,-1.3227894836530387,0.7758094288764811
abs,0.47291722262646685,-0.3833637540046617,-1.275876869934827,0.8227220425946928
abs,0.4761626755749898,-0.6886794129441254,-0.6253265905373403,1.4732723219921797
abs,0.07396676457461315,0.758921369996765,-0.24645847060119974,1.85214044192832
abs,0.5143591890641159,0.9474051763530629,-1.633910586152313,0.4646883263772067
abs,0.9671236633502167,2.416857649133555,-0.39653689621357757,1.7020620163159423
abs,0.3361595113188818,-0.3243228687560797,-1.6270344498122475,0.47156446271727237
abs,0.9363422565111069,0.03789940795720022,-1.3463807975467064,0.7522181149828134
abs,0.825722016552432,1.0965031131302214,-0.6515134926927235,1.4470854198367964
abs,0.41679886982633296,-0.5095299806848642,-1.479763436466318,0.618835476063202
abs,0.410356017194206,0.22951574257948615,-0.782015169583059,1.3165837429464609
abs,0.6434391389557439,1.2498334065985768,-0.9134240835875373,1.1851748289419826
abs,0.4937758590753478,0.4555533735564086,-0.5382497946218143,1.5603491179077056
abs,0.2614608591896662,-0.17562270898958077,-1.7728170282007318,0.32578188432878796
abs,0.6926932017749664,0.2428008494133384,-0.8597188828038944,1.2388800297256255
abs,0.08934616452327526,-0.6219950666565142,-1.4114300940509579,0.687168818478562
abs,0.4285275367323077,1.4991728100951545,0.3754961787114217,2.4740950912409416
abs,0.5891038204854617,0.7293569279517593,-0.2705697814637489,1.828029131065771
abs,0.6860339237617126,1.6643188883326838,0.47507769848245074,2.5736766110119706
abs,0.8222944849498394,-0.4600917977532104,-0.8280962709375287,1.2705026415919913
abs,0.05565931057411022,-0.3874490416454013,-1.0246665764716516,1.0739323360578683
abs,0.5539990545918468,1.6702021415252093,0.4284746714576275,2.527073583987147
abs,0.8794243565742316,2.5328563283350487,0.7383913662746555,2.8369902788041754
abs,0.10981136101401079,-0.06857610930708541,-1.38442519007451,0.71417372245501
abs,0.22877549810853737,0.4570818527043745,0.18517197660434426,2.283770889133864
abs,0.996046141906388,2.3566973931660202,2.053858215673131,4.15245712820265
abs,0.2964251203081788,0.6511674084158963,0.18712785894918893,2.285726771478709
abs,0.9118198972302413,0.1684374917808365,-0.9023086394328671,1.196290273096653
abs,0.8312801144110852,0.38235037178381726,-1.1591692837158047,0.9394296288137151
abs,0.8790954081557889,0.5084101325651611,0.14452957471534145,2.2431284872448614
abs,0.8653853433350954,-0.4461922267581242,-0.10857218924288448,1.9900267232866353
abs,0.8910974802530605,-0.38771314848098365,-0.9862075746311704,1.1123913378983497
abs,0.7650081364927173,1.1712726069097918,-1.2220289025628963,0.8765700099666237
abs,0.06784246956832063,1.2211747515921771,0.04429196007131786,2.1428908726008378
abs,0.9926194889045674,0.7277533698439321,-1.0194997535577313,1.0790991589717887
abs,0.3519261307732656,0.8567029204164237,-1.1311691702878424,0.9674297422416777
abs,0.08769693573749293,0.35382195377611714,-0.6042909149084758,1.494307997621044
abs,0.6369245987536915,-1.4802699768765182,-0.8029371839869169,1.2956617285426029
abs,0.5453894628103134,1.0842883089879618,-0.2770049323921532,1.8215939801373668
abs,0.5968251486796327,-0.9622754942027317,-1.636880217327222,0.4617186952022978
abs,0.6031020207309481,0.9648624851689325,0.14673270535624283,2.2453316178857627
abs,0.6472654247874057,-0.4684581527640854,-1.391612203759876,0.706986708769644
abs,0.010029264689283668,-0.48301487088297995,-1.7382335053138114,0.3603654072157084
abs,0.11577203988235141,-0.805498918790892,-1.7136105576702592,0.38498835485926075
abs,0.9491200060874073,-0.4250416780200412,0.06835109263148897,2.166950005161009
abs,0.2224738898566414,0.7069336141915932,-0.666800646309099,1.431798266220421
abs,0.6780277529847183,0.3673605799400279,0.2757727418987199,2.3743716544282396
abs,0.7339929394368899,2.0674036636309356,0.2874702988709348,2.3860692114004545
abs,0.7637055997747342,2.009238814130805,0.3065082801729728,2.4051071927024927
abs,0.42398506747764475,1.2860830133432626,0.37927986978460737,2.4778787823141273
abs,0.07774529926130658,-1.0300348961634813,-1.6463316290472458,0.4522672834822742
abs,0.015173104571969076,-0.0365672877318971,-1.0118725211027215,1.0867263914267984
abs,0.7788954988731276,2.9385994956823724,0.4784673222718696,2.5770662348013893
abs,0.8446775033774949,0.8980406024456544,-1.1199596912989456,0.9786392212305743
abs,0.38504731279668747,-0.2974147940813595,-1.5504977026410458,0.5481012098884742
abs,0.7275002575183334,2.05729668242192,0.10343718946873581,2.2020361019982557
abs,0.2424671253517402,-0.5726339557430895,-1.5815749307331128,0.5170239817964071
abs,0.09390917908312446,0.39697293062774375,-0.4816974273086343,1.6169014852208856
abs,0.1326752364254895,-0.3840832812749454,-1.2713156143510511,0.8272832981784688
abs,0.7269181800155148,1.3216762329885108,0.47889799786744147,2.5774969103969614
abs,0.27793401533682227,1.4493995936863262,0.0830039950899728,2.1816029076194927
abs,0.5432533308135042,0.07623962823716818,-0.8845488015522563,1.2140501109772637
abs,0.638431026080718,-0.24948932033904908,-1.4225062906950299,0.67609262183449
abs,0.8443330628510987,1.2698165962319075,0.5983094397111757,2.696908352240696
abs,0.3243375272337753,1.7700720951125075,0.226806679602352,2.325405592131872
abs,0.6872164497807461,-0.18537210102556054,-1.395661973351968,0.702936939177552
abs,0.8715105075991293,-0.47131188093278586,-0.7579173544649638,1.3406815580645561
abs,0.6595811029988026,0.8942750217398104,0.49390719357653556,2.5925061061060557
abs,0.5258547312131346,0.11177656964509963,0.334901963633341,2.433500876162861
abs,0.8009968077718984,0.24599397489519648,0.4069489263867758,2.5055478389162955
abs,0.22556317709721385,0.17690759300498454,-1.2152693522474145,0.8833295602821054
abs,0.788185590389334,0.15075403986601452,-1.1086418682556638,0.9899570442738561
abs,0.519528085896993,1.1117167139940336,0.13327868410582844,2.231877596635348
abs,0.27455561610920465,1.006964990425793,-0.31561706857541927,1.7829818439541008
abs,0.15867592819988474,0.8608495269243703,-0.04943460152986756,2.0491643109996525
abs,0.19631375900647907,-0.8260795538963364,-1.4159114948624874,0.6826874176670326
abs,0.026345655655492628,0.5369968707563966,-0.3519461186373044,1.7466527938922156
abs,0.6346445600909183,-1.7206544854811217,-0.870644082421046,1.227954830108474
abs,0.5728144274302355,0.6201018472520963,-0.8738673935631862,1.2247315189663337
abs,0.6611483973551973,-0.8207380889991609,-0.9128675105083568,1.1857314020211631
abs,0.5778749364065818,0.3638695374648081,-1.4034007870595973,0.6951981254699227
abs,0.6316506739948539,0.027619221835677443,-1.6921345801702863,0.4064643323592335
abs,0.38772391688611174,1.1247775307354033,0.018391719856657662,2.1169906323861776
abs,0.2817103614293557,-0.09798623940658469,-1.7862847970950813,0.31231411543443877
abs,0.5524442570862304,-0.7235722543456203,-1.5586177576553553,0.5399811548741648
abs,0.46445670713360965,0.027234634019322468,-1.504051768653205,0.594547143876315
abs,0.3832956342378455,0.6802288732924522,0.18896611713266398,2.2875650296621837
abs,0.9070047805008653,1.35781622689264,0.3595806976531899,2.45817961018271
abs,0.9831812507386216,0.7409625180647201,-0.42019560601523387,1.678403306514286
abs,0.470820644474763,0.5499086361434348,-0.7549433643819099,1.34365554814761
abs,0.9405393414037448,1.2748370081067613,-0.8284799019333073,1.2701190105962126
abs,0.9655099857518266,1.977073954230125,0.3989391699513989,2.4975380824809186
abs,0.8833121128025467,0.41943996014965745,0.594985273132203,2.693584185661723
abs,0.0385302654687979,0.7886063497331449,-0.32278311868303455,1.7758157938464854
abs,0.9886334001420095,0.3165778187655609,0.9566504311736572,3.055249343703177
abs,0.3919804480767899,0.5974044908532834,-0.6887937810320852,1.4098051314974347
abs,0.09366761511023369,-0.2727026258162023,-1.0164999358329934,1.0820989766965265
abs,0.8480382687487223,0.7128938383283305,0.26293124348073427,2.361530156010254
abs,0.1783721279300785,1.5681505274193073,-0.019962373073743933,2.078636539455776
abs,0.5623758699910182,1.6400855131010001,0.3937971573696304,2.4923960698991503
abs,0.19707710280694846,0.9422925736627829,-0.26702615168491717,1.8315727608446029
abs,0.2752243384678136,-0.041463823897392754,-0.9873943752812007,1.1112045372483192
abs,0.08092583438150847,0.9046511453647575,0.009766180953181491,2.1083650934827016
abs,0.7266374913642308,-1.1930275040179898,-1.2206052010023916,0.8779937115271284
abs,0.3866455887100705,-0.05887159629766567,-1.1129821732116159,0.9856167393179041
abs,0.6836211915993331,2.113885980550762,0.5253870372624221,2.623985949791942
abs,0.4658504912663213,-1.7594789373677242,-1.4925771023097314,0.6060218102197885
abs,0.2721988791749739,1.0413104539002767,0.08119031171627245,2.179789224245792
abs,0.5093717483153679,1.7345914580041417,-1.0478912020445905,1.0507077104849294
abs,0.6609630940291882,1.66482851362621,0.3851255460427445,2.483724458572264
abs,0.05324739934571476,0.7315305954452221,-0.16149794898454517,1.9371009635449747
abs,0.247506734528126,0.3270704608908662,-1.3230907280448367,0.7755081844846832
abs,0.048010064313055434,0.15086626722172003,-0.8405444373060222,1.2580544752234977
abs,0.49241333804711684,-0.42508661111992724,-1.5381846940072186,0.5604142185223013
abs,0.5813176414048657,1.9545741627202287,0.14595921129259426,2.244558123822114
abs,0.027876519305365388,-0.5361295177444624,-1.9403599965625355,0.15823891596698425
abs,0.03616059658129189,-0.8037815975860366,-1.7039552085899237,0.39464370393959625
abs,0.8537298457473814,0.993467375767751,-1.3484115696182484,0.7501873429112715
abs,0.3533961002747509,0.9215680658331,0.2208433671203609,2.3194422796498806
abs,0.7000940118260262,-0.31175359756816223,-0.7982622664949426,1.3003366460345773
abs,0.8109518624399156,0.7120365778774621,0.35495845676503324,2.453557369294553
abs,0.21919406620451964,0.21415630294609905,-0.5549257854974767,1.5436731270320432
abs,0.8545649281477078,0.7316618246738957,0.14868015869010742,2.2472790712196273
abs,0.08041490282253538,-0.9600087277290783,-2.0074358100755973,0.09116310245392245
abs,0.34690017409624707,1.57872724950463,0.3180743856751993,2.416673298204719
abs,0.5088876656612019,0.09467756390392457,-0.9311127911433189,1.167486121386201
abs,0.6712794380834164,0.18781250369068003,-0.9655887625211008,1.133010150008419
abs,0.9749531721952212,0.48887556529033405,-0.7382919126447798,1.3603069998847401
abs,0.7591706978673225,1.901132228920256,0.4951107764485574,2.5937096889780773
abs,0.9246155636140103,0.28953308193559857,-0.23219479951880084,1.8664041130107192
abs,0.5334252698328341,-0.1360822039674429,-0.9676334390194232,1.1309654735100967
abs,0.03651125292047097,1.1614601523202126,-0.0027763706089918294,2.095822541920528
abs,0.05586148972824578,-0.9587847406876224,-1.8281177206609693,0.2704811918685507
abs,0.695127898053552,0.023431153101570845,-1.3408582945382563,0.7577406179912636
abs,0.4641724397178082,0.1263468896648574,-1.4491539653149945,0.6494449472145254
abs,0.6351055805157101,0.11196788095492743,-1.3460400175810512,0.7525588949484687
abs,0.8573420528708801,2.432872788453819,-0.6274767770014424,1.4711221355280775
abs,0.21677696562268745,0.38158820737493004,-1.1275692174213845,0.9710296951081354
abs,0.5442815876285256,1.488770474626976,-0.5467454186303694,1.5518534938991504
abs,0.027746563197360907,-0.9112265030241196,-1.771071290324235,0.32752762220528486
abs,0.37448811298273876,0.3998810786071706,-1.1513421143042704,0.9472567982252496
abs,0.8588918823396761,3.4752056092968093,0.348900734665772,2.4474996471952917
abs,0.7533474821624161,0.8898233692704415,-1.330268344486838,0.768330568042682
abs,0.482364640219466,0.9496421430638745,0.2684362037266359,2.367035116256156
abs,0.8054484430140261,2.583109446397194,-0.3627519397082072,1.7358469728213128
abs,0.5495887059568999,0.24002422859687675,-1.040395925824828,1.0582029867046918
abs,0.7948444576048656,1.3809360700113398,-1.2098848957386652,0.8887140167908547
abs,0.6052337291969402,0.5797582089357463,-0.5735504930820243,1.5250484194474956
abs,0.19632380980291386,-0.3299147062522989,-1.2042281419672953,0.8943707705622246
abs,0.18203083699233935,0.5464234239449486,-0.2204014871957185,1.8781974253338014
abs,0.10255150150396719,-0.8628640449140216,-1.7060091974229683,0.3925897151065516
abs,0.5375127666909669,0.38155204600979026,-1.0478912020445905,1.0507077104849294
abs,0.6536467672919763,3.168765400866566,0.7329892451669768,2.8315881576964967
abs,0.02613368911212932,0.8988936537262767,0.013550713706300233,2.11214962623582
abs,0.9788995545424435,0.7227927625736679,1.0266957753422787,3.125294687871799
abs,0.6415888201618847,-0.9220221045827185,-1.2736184612858386,0.8249804512436814
abs,0.5149769331988048,1.35999539936463,-0.7585046031889127,1.3400943093406072
abs,0.7231474389318595,0.6661590297869869,0.2688512717110465,2.3674501842405666
abs,0.8304250900346585,1.2338085280316742,0.7689866700244388,2.867585582553959
abs,0.8284510285939066,-0.025322120540269333,-0.5165924638115992,1.5820064487179208
abs,0.3916348828010079,1.6066054802401415,-0.3668696009635125,1.7317293115660073
abs,0.2824737227690728,1.5694145922244782,0.16495874107333086,2.2635576536028506
abs,0.22131866069515327,-0.004887574753219243,-1.2118526120671744,0.8867463004623455
abs,0.7226316501464849,0.8687204532845147,-0.3681782072738903,1.7304207052556295
abs,0.8991569429195607,0.6849069310164602,-0.7370835726644865,1.3615153398650333
abs,0.49797431941897863,-0.8607565738657349,-1.5138802778501843,0.5847186346793356
abs,0.5592055337100466,-0.9141247606556918,-1.383326095815041,0.7152728167144788
abs,0.5020904769494928,-0.2707387313411022,-0.9538862777393227,1.1447126347901972
abs,0.4515133349588235,1.210443915044362,-0.5129408854971081,1.5856580270324119
abs,0.026287308842724233,-0.8616536252983478,-1.834584626156914,0.2640142863726058
abs,0.7926635249750672,2.3580561864742133,0.6802436629844286,2.7788425755139485
abs,0.8851557773470073,1.0093521101012126,-0.11366249571489762,1.9849364168146222
abs,0.7219430305691907,-0.3273605225370193,-1.440124595247757,0.6584743172817629
abs,0.7659367189368345,0.03415972222970026,-0.8125773790333695,1.2860215334961504
abs,0.1662077087757733,1.313168534101837,0.05783119725343888,2.156430109782959
abs,0.6897602285923111,1.7459235947364435,0.0037784560173101944,2.10237736854683
abs,0.13963329442697459,-1.0662857117728373,-1.752395068580685,0.34620384394883497
abs,0.5226955329397918,0.2416825630823869,-1.4278929352207532,0.6707059773087667
abs,0.44413959786233703,0.49141421953985376,-0.334480408493836,1.764118504035684
abs,0.06503846751705344,0.40444004316703797,-0.39816607672642523,1.7004328358030947
abs,0.057674333198359684,-0.27357649469685086,-1.4305713285370607,0.6680275839924591
abs,0.583921013049921,-0.3819657869927924,-0.9672647159372469,1.131334196592273
abs,0.19554707682789252,-0.05114464440517531,-0.8696019949084985,1.2289969176210214
abs,0.013732398310712601,-0.5187331910067089,-1.619348963378152,0.47924994915136787
abs,0.4672252212154453,1.042251318899705,0.292675567525432,2.391274480054952
abs,0.9300662840462,0.42881426339313705,-1.1503063366378392,0.9482925758916807
abs,0.4934231192151599,2.218257129981361,0.4233045916876481,2.521903504217168
abs,0.974264959375928,0.19253944590358307,0.4786457980099248,2.5772447105394445
abs,0.35187857050863236,-0.5044453754587512,-1.5446154035848476,0.5539835089446724
abs,0.8926774724133731,-0.3852369493348252,-0.4940030010476839,1.604595911481836
abs,0.3108153526776618,0.5542781427333126,-0.07049965207186593,2.0280992604576538
abs,0.6685158469021272,-0.9470603679647358,-1.3608799996897425,0.7377189128397774
abs,0.8768788611036008,0.4849739760550224,-0.140874674760186,1.9577242377693338
abs,0.9696169176083721,-0.059867131216476355,-0.7565486525844983,1.3420502599450215
abs,0.5939879551429774,1.1842642116965045,-0.8734631607674486,1.2251357517620713
abs,0.4642326970963655,0.2578574282637045,-1.4805053973285942,0.6180935152009257
abs,0.4922695971725686,0.20785653443703073,-1.1188142698467707,0.9797846426827491
abs,0.29256246185506496,1.306971827484717,-0.8655419862978267,1.2330569262316933
abs,0.7491530647847492,0.5562621961917872,-0.8525284196641191,1.246070492865401
abs,0.4964561672194928,-0.19433631035608304,-1.363633580457796,0.734965332071724
abs,0.41996355885037995,1.3180271244314854,0.27080437776594746,2.3694032902954674
abs,0.1258427147500476,0.21046889561884802,-0.6043893857272287,1.4942095268022912
abs,0.29780531057028714,-0.8495928364152336,-1.4480778184115592,0.6505210941179607
abs,0.566568354220698,0.6929266730868684,-0.16660823994341623,1.9319906725861036
abs,0.9501328967529621,1.652389294989564,0.7887691455290886,2.8873680580586085
abs,0.5105809262622797,-0.9260217344765275,-1.5381846940072186,0.5604142185223013
abs,0.06298915334103883,-0.17451203546104185,-1.1495093627897426,0.9490895497397773
abs,0.6563647520968978,0.006275652976446555,-1.477021860264911,0.6215770522646089
abs,0.3808297062243181,1.233727828735044,-0.2664123200349846,1.8321865924945353
abs,0.9940535768319484,1.6795269828682657,0.9474742344948286,3.0460731470243485
abs,0.05166446083858112,-0.30604815831225685,-1.3797886269561042,0.7188102855734158
abs,0.7728142018969221,1.1922393117601615,-0.4714002498736626,1.6271986626558572
abs,0.005461656402120152,0.6537998746593019,-0.4291525382532617,1.6694463742762582
abs,0.602219216277063,1.3363450045284844,0.20639561866567058,2.3049945311951907
abs,0.5155715696412941,-0.6802493041206682,-1.5169844755844692,0.5816144369450507
abs,0.6548756843084012,0.9114119122809616,-1.3809824696489468,0.717616442880573
abs,0.4273145241720424,0.26355631007160435,-0.5367299924269763,1.5618689201025435
abs,0.28419413064748855,0.09249215997979543,-1.5145482465705087,0.5840506659590112
abs,0.15952232443466963,0.3096279753709835,-0.3724398772986358,1.726159035230884
abs,0.1359229785464895,-0.037370639155851815,-0.7703225029943678,1.3282764095351522
abs,0.1466824456375525,-0.6975173078210798,-1.7117357292381357,0.38686318329138414
abs,0.44660274088408336,0.8840647117014919,-0.3490845713742047,1.7495143411553151
abs,0.3346524439957653,1.3588373814010017,0.25618029294917544,2.354779205478695
abs,0.10298992036975574,-0.9379139229448402,-1.8353130845077876,0.2632858280217323
abs,0.20926788997150958,-0.5915791374998053,-1.6430747029003088,0.45552420962921114
abs,0.7206100008601726,1.1781920924546263,0.14913158470887122,2.247730497238391
abs,0.8827536666772439,-0.6102152789502242,-0.986094418213453,1.112504494316067
abs,0.7966283084170646,-0.5683527327534568,-1.2126452210122638,0.8859536915172561
abs,0.8722563641632379,1.8953643336990047,0.31143242481024136,2.4100313373397615
abs,0.9767272962752543,0.8671965946202709,0.6536911362353488,2.752290048764869
abs,0.8319879821451406,0.5780492013023159,-1.2423159429990382,0.8562829695304817
abs,0.1274388555043119,-0.5872865480073877,-1.843780113077833,0.25481879945168684
abs,0.6495817171669223,0.5187694089203685,-0.8148361093766332,1.2837628031528867
abs,0.9051712390812915,-0.4716592999674374,-1.2446576143896204,0.8539412981398994
abs,0.4014497720859258,0.08479144464566668,-1.0867454320755618,1.011853480453958
abs,0.6001762291110396,-1.6127021642572956,-1.3530404307063637,0.7455584818231562
abs,0.11621796734718759,0.7270024811011686,0.031613187351067884,2.1302120998805876
abs,0.7959762028680216,0.3093241165363395,0.14828373261760475,2.2468826451471244
abs,0.23800446429421307,0.30302185912352086,-1.1541140586812204,0.9444848538482996
abs,0.34242825374241403,0.026305290911771806,-1.5128214360597918,0.5857774764697281
abs,0.22542136044580663,-1.2454456568536574,-1.7108717192957048,0.3877271932338151
abs,0.3647904266275068,-0.10088090833421842,-1.0337798876918227,1.0648190248376972
abs,0.8173452016599708,0.8818341321537662,-0.7877198551822944,1.3108790573472255
abs,0.9133530190135198,0.8263889287019007,-1.4756359696443409,0.6229629428851791
abs,0.6235397934222956,-0.2302063925910659,-0.9704451191738123,1.1281537933557078
abs,0.05339384868850905,0.42173298698708045,-0.8144926206050324,1.2841062919244874
abs,0.09391374329427626,0.7689984452920522,-0.11071930885909254,1.9878796036704274
abs,0.8659247076184761,1.7913493899732391,0.5243129094346737,2.622911821964194
abs,0.07474139452722395,0.6675966919945917,-0.2594742845814739,1.839124627948046
abs,0.9664737899556854,0.8392723381222877,0.6756498473971515,2.7742487599266714
abs,0.8771278988630863,1.6038701361466443,0.4128675886993449,2.511466501228865
abs,0.6768192764243182,1.3924845185981978,0.3970960532649477,2.495694965794468
abs,0.886592621814905,1.2476128785960003,-0.6057577633350537,1.4928411491944662
abs,0.33553447686104165,0.3599984877813014,-1.1343496321131015,0.9642492804164184
abs,0.05402040422695564,-0.05388570053984687,-1.3913857599920203,0.7072131525374996
abs,0.6293084740769922,0.5371786605998012,-0.24285666918466475,1.8557422433448552
norm,0.833564634661071,1.8841599515849068,0.03704458008808453,2.672309544117241
norm,0.06887176018224672,-1.1217007354774602,-1.1271360708041085,-0.42312578252605826
norm,0.8251067677490682,-1.267137776684235,-2.0192079703279315,2.022189704686868
norm,0.06383571457289672,1.0768760334129792,0.7468349031699568,1.3188630923649436
norm,0.6629207035898416,1.3923108044250312,0.3738485819382933,2.7863323559315067
norm,0.8911641953367664,1.669816988702655,0.42541425672029387,3.115133078700876
norm,0.508632621498726,0.32688910850734304,-0.847984097491391,0.824403078691337
norm,0.5937885142530589,0.3060050051733174,-1.7942307193329388,1.1400012500485128
norm,0.24410836684864068,1.0395634111533254,0.6091686628268644,1.821065264004976
norm,0.18858796229167363,-0.04978792148830006,-0.6731711876135943,0.23989053921005377
norm,0.43230321278355877,1.1093559707107405,0.4191873647538594,2.3489968440063014
norm,0.04755250569435843,-0.13361251740063104,-0.480654195463821,0.33995522409876083
norm,0.8796246430689235,4.4378442355745165,0.3673415495258563,3.1359839954916673
norm,0.147145241730813,0.4292584896355842,-0.34656364529898576,0.43106126227843566
norm,0.4921704253407553,1.1986542285517356,0.5564564920642723,2.5668115114985754
norm,0.7939693762761445,1.299133948241254,0.16041930366363188,2.744896641781276
norm,0.5422212469810694,-0.6348695892695808,-1.679759753099787,0.7991792650627787
norm,0.7090610110562686,0.3459757257596283,0.20912575562575464,2.3736759813804893
norm,0.2700045986950579,0.4620830518544241,-0.2849016303754459,1.0421103230532067
norm,0.5193101447497269,0.33289919665229895,-0.6488608121488073,1.336958200408095
norm,0.5966327614565019,1.8301906617919599,-0.02463697605100834,2.403654792437056
norm,0.4397207622999375,1.0403895450555578,0.4975056366270376,2.21060652461848
norm,0.4963711753907192,-0.7514447745904671,-0.9301264064308135,1.1640108898703314
norm,0.5776495262090899,0.7944970219487436,-0.6685672410408111,1.8564712495862241
norm,0.5674148220955616,0.3419848711294351,-0.8318146484434246,1.5053212743278055
norm,0.677450705079481,0.02159770005860101,-1.4603074434704517,0.7825571717017037
norm,0.2415686274380593,-1.180471119261126,-1.2709484878041635,-0.1291333838790063
norm,0.8397620707115001,1.5139421473563572,-0.4564162389496601,2.3030109878653438
norm,0.3854217820974406,0.07342257360219928,-0.8992219893658951,0.9788891545808741
norm,0.4230220612963511,-1.0159068330755747,-1.4395347074902691,0.41470329450205845
norm,0.9779464545071325,0.12172804913097421,-1.8504317649430733,1.6289564579151548
norm,0.49219713843162494,1.3137160287514063,0.4380728924318624,1.978412116977083
norm,0.2790295612433873,0.5990530559153767,-0.7770445754607326,0.37752012640660293
norm,0.2947841571985327,-0.2214878380840597,-1.309919025439807,-0.05183902137248775
norm,0.7320641015921572,0.5073773820876538,-1.7194529797649116,1.1825966910767878
norm,0.5834311606096487,2.5055704618868693,0.1541326592748713,2.582424427762936
norm,0.9862209060179652,1.8001156866169894,0.2801443459005193,3.1811841862019343
norm,0.7401008640583588,1.028594317976704,-0.4767352972869999,2.4081519517821808
norm,0.1523745654874301,-1.0023757421129211,-0.7130929920346079,0.17709898082725
norm,0.22415379834596372,0.4588338272917181,-0.8231081945231201,0.3160230461396293
norm,0.8611872740202704,2.7608100125510173,0.21254745206720993,3.0119508325851276
norm,0.8806315000599015,0.30072963072720826,-0.7977532875187368,2.6902655329485627
norm,0.6930031602537108,0.9321884665413793,0.30626294970320367,2.979200756330707
norm,0.678745460481589,1.1513785961775018,0.189843101812593,2.220321855052668
norm,0.6369793249530078,-0.2922206857966082,-1.203835585068778,1.4355725820582212
norm,0.08909432764987524,0.9496472134248435,0.6716843883199964,1.2799982903848321
norm,0.25162165572372786,-0.4686397180013935,-1.2270773188987165,-0.0012079146458590095
norm,0.03513016647000289,-0.04774647379097323,-0.22428082013378256,0.5872160784702735
norm,0.38525065271195136,-0.0913031781348771,-1.3558346948264555,0.34929465732499043
norm,0.08521010911613036,0.09474827524398732,-0.38132787532765544,0.6985899361892058
norm,0.5563567977050153,0.20677870927626624,-0.4921225628386102,1.9553815357557744
norm,0.23474610147556607,-1.0191130286959986,-1.3670275992277667,-0.3135618809278483
norm,0.20096473027315187,-0.8112356958462092,-1.232438734942458,-0.19230433001283864
norm,0.022575609415791398,-0.18430317305590938,-0.5565324868725825,-0.05687157090959108
norm,0.8287677063104733,-0.5871806027552369,-1.3061819865077318,1.49453490586527
norm,0.6983692226391207,1.6735948850482303,0.5309389514277358,2.8768268589138426
norm,0.6591834870843953,0.7546765493184915,-0.014836433934140691,2.1850362487160186
norm,0.5826873925615521,1.1200295864147987,0.3183481710636926,2.6792926851498216
norm,0.12527968613169616,-1.1063927016664614,-1.2460286883328369,-0.5196258355935158
norm,0.7288478628517475,1.492723400143055,-1.2031755229307481,1.6426278148506042
norm,0.7737634415027993,-0.005598399139283616,-0.42554743830700714,2.01826452278486
norm,0.29591536309710365,0.6564821496864737,0.2655711510228971,1.670377436522441
norm,0.8100355376546835,1.090821877241804,-0.1052893426915209,2.6731502100602076
norm,0.09309934939726494,-0.9628773777415418,-1.1090953524499976,-0.3892062213546889
norm,0.8842608727712544,2.0120663054670107,-0.3638977917006486,2.321629648236703
norm,0.11664817422493501,1.3924656978596393,0.7034263881471714,1.435902685470723
norm,0.5761997742661893,-0.6883148607007488,-0.9887897260088853,1.4195044912391166
norm,0.008111583634638153,-0.806337581687344,-0.9606877934477185,-0.26866438641027207
norm,0.9749546004328288,2.570534420710193,-0.018018134256541085,3.5131517805433914
norm,0.9756440893804043,0.7723466150906881,-0.9307120617585359,2.704477914175548
norm,0.9030252979193522,0.24463882621633892,-1.0069438833661604,2.721778250503387
norm,0.7972552197127302,-0.20610188813610747,-1.6373399379927163,1.3051471855777446
norm,0.5597654575362981,0.9323753411089897,0.03201132864874334,2.323792440520986
norm,0.5733505144563207,-0.11475927580994391,-1.4035102485283,0.9618127049973086
norm,0.03459634179425841,-0.7601537815273585,-0.7240575384886669,0.06323955894025673
norm,0.2516760741006834,-0.13377877571572944,-1.0229205372122259,0.4257903667272196
norm,0.5224685852960692,1.1670816262694974,0.1872935047242421,2.188938356088192
norm,0.24821312165099818,-0.7886744687930447,-1.0664450653535116,0.058255704389635676
norm,0.8119380953954408,0.755831501300854,0.15860918891812448,2.6119040509990126
norm,0.1010878807276101,0.7555457999021249,0.511155519213655,1.1924831488751577
norm,0.46437858030874535,-1.3062818608054583,-1.3804213845808528,0.5400723024623013
norm,0.9270672871447301,-0.11573802618630813,-3.252379332902611,2.40268641558986
norm,0.7347083398990235,1.5521583770666683,-0.6147330937955963,2.067987655528825
norm,0.7395961195468138,0.9542612850093942,0.3037144784784469,2.626349538987213
norm,0.5429312375468524,0.17235551026421508,-1.534528273659153,0.8579419784088951
norm,0.9357501583622325,1.0109618385691594,0.19976468769720968,2.6557312905578243
norm,0.8510863254809636,-0.09287511062381716,-1.6227040490165354,1.6132275218915137
norm,0.7472886413790035,2.8735485644039596,0.01284033092661896,3.1860655058801886
norm,0.30104127074266573,-0.8520637875985123,-1.2366143923852788,0.23628540167625767
norm,0.4695777120951844,-1.564816170687547,-1.170670264713419,0.5736648263475114
norm,0.5673820060869926,-0.48413197783398276,-1.6197530203985373,1.0994560349253444
norm,0.7879590327766254,1.370162172074466,0.36189121826865156,2.9303930517981986
norm,0.9263817103764925,1.0954084326926048,-1.1023615853841662,2.4557597532789144
norm,0.3894916733121714,0.9936934775150628,-0.04095292008393736,1.6561073145229033
norm,0.6607335204196126,-0.19444079455795005,-1.1983444924357776,1.5494469018527233
norm,0.7034244331367987,1.1713180714657605,-0.3637646009945966,2.0817562313483897
norm,0.3449998594251904,0.665763151910737,-0.680516806673104,0.6644823760667065
norm,0.4491379238834212,-1.177791312547051,-1.2819795836319776,0.2254719871555213
norm,0.6402623636297582,1.8831065492171692,-0.032830888092014954,2.402851376812289
norm,0.9534709297628446,1.5810304551486274,-0.20003296511973034,3.2914341354309
norm,0.4107011015204526,0.8533824842496589,0.5176969362858667,2.1470143949885294
norm,0.552722640698454,0.973762055899096,-0.14999495643023342,2.5319635742545925
norm,0.9620718667684961,1.172890558844644,0.5660490015923691,2.6486310236625155
norm,0.576636587767739,0.5138209319230134,0.027511240654112923,2.347476357509401
norm,0.4896857140298887,-1.5222059779047434,-1.542969827963023,0.6407097738974523
norm,0.8127407262860163,1.4887073498296837,-1.5540289619598868,1.1674417331830622
norm,0.6311730011892336,1.0201835507252086,0.05880511112044129,2.3409436410942335
norm,0.5427554383594888,0.9017466541154935,-1.3322823257593357,3.0038137047134232
norm,0.6967080762303359,0.864059549629984,-0.05327717007822064,2.4215482390153733
norm,0.3452999568965188,-0.1087875011407107,-0.6388735429522107,0.6553071164116963
norm,0.7036565219558683,0.9641617659071647,-0.30417280355188825,2.060851623722038
norm,0.731883584115526,1.4896115956492744,-0.22960242932209574,2.7250362390661627
norm,0.34928889888757186,0.3675175189185109,-0.3777866492922979,0.8970211635871352
norm,0.8272003317316676,0.8010790544150996,-1.281412667504413,1.8275695939883079
norm,0.3881616335649839,1.6825194932686927,0.6662034351036324,2.1106470389748706
norm,0.9180413186238886,1.0916575981393737,-0.5252817347123049,3.45067389515322
norm,0.6049818454106733,0.353734189510875,-1.3873326317430008,0.9545773324662035
norm,0.07285216215819124,-0.227762702499118,-0.3722174130941891,0.18885070026998255
norm,0.4157676325668086,0.6777956839859131,-1.4418137275805463,0.2892333607675206
norm,0.07702010049209251,0.3105295552676305,-0.16929618807409216,0.6284144420959416
norm,0.9640853032066231,3.1132542054134915,0.18077783675082593,2.8999980860309473
norm,0.2163196599466135,-0.16665447476808648,-0.06398045236692163,0.718608507968465
norm,0.8916930492570166,2.594319265004297,-0.033916452949618536,2.892188021455609
norm,0.690443529729389,1.547395350634591,-0.2614022518206941,1.3938116413056227
norm,0.3206632846553982,0.8268698373828174,-0.1838497233397245,1.1370503457754857
norm,0.48172152217752173,0.1277850713743983,-1.1999622242379635,1.1745315516457846
norm,0.11524513691248761,-0.435131495343966,-1.0499751448114307,-0.1840799446432133
norm,0.624342599555372,1.7616908627928223,0.24132258105925053,2.669614349547315
norm,0.5884239355834914,-0.71643112194991,-0.48636613780818005,2.128790728071306
norm,0.9291583799737174,2.362098164214477,-1.6760397564644043,1.7203206673348008
norm,0.7324038786482884,0.42146173814396426,0.14716702176519703,2.7866930276206467
norm,0.2789241016793016,0.1533539611960274,-1.2051221066230031,0.09032848319567333
norm,0.9363073038176606,0.7785714590948567,-0.033518546656829074,3.297762246882784
norm,0.7261989070345102,-0.356012934837594,-1.7494344326169589,1.1948256389312382
norm,0.9028402624669621,-1.4853148141655927,-0.8095582670631106,2.1978946856468338
norm,0.6889327708538698,0.8883896200706193,-0.4094937466908608,1.93168480072085
norm,0.4372287560835475,-0.6944659521858911,-1.461249057716946,0.6109589225003075
norm,0.7650970435712164,0.41164884440231414,-1.2629589571922812,1.9849850872593953
norm,0.2610312014186339,0.21216815407073047,-0.29223036886533665,0.8355879138345716
norm,0.06680962702504234,1.0779598209993662,0.6864221492760678,1.4167930889067604
norm,0.8992816886239413,0.12279225789121098,-3.29280374753863,3.024316059942238
norm,0.10836723047744434,-0.6660611463738422,-1.641693240434471,-0.03562426893722226
norm,0.4585945322159506,-0.1748102920890078,-1.468348010127408,0.4322649557257032
norm,0.5120537983217857,-1.0019559039754653,-1.4782524620815898,0.3452926205275909
norm,0.5789769830395203,0.6917405334021762,-0.6659547930594748,1.5145786801282877
norm,0.44207465055243755,0.9445698132879343,-0.6778900960753906,1.263144717011607
norm,0.23498890036436815,0.0433203277974617,-1.027568293340269,0.4955347388478951
norm,0.2547955535257831,0.4247468657513538,-0.1664468392654685,0.9685376792460709
norm,0.6566799919919852,2.151729585821006,0.18903726764245388,2.830350161684752
norm,0.3779148400783531,-0.4901894999548461,-1.304556028360898,0.13168948592001395
norm,0.8671778908663107,1.559606759521035,-0.34574346773975373,2.7874536907377867
norm,0.48805950444346,-0.33011814960788366,-1.2298290898165214,0.6990595736204696
norm,0.7996890400822911,0.29144202238522465,-0.4550783258396921,2.2519799559692215
norm,0.7070218455541754,0.434392033274837,-1.28921875641528,1.1214892684196942
norm,0.009007661149280755,-0.540249713904993,-0.8003877311634886,0.1326056317932372
norm,0.2337802884111484,0.5498358467405612,0.08984926782180958,1.2353253605503611
norm,0.44109146118602083,-0.07768121423669128,-0.8068750621310207,0.8502507485412457
norm,0.3635842605742282,0.7618039233931541,0.2291421702323897,1.4345204717403621
norm,0.853330284894504,-1.162110690168329,-1.866392838654576,1.9175570752343412
norm,0.36457009535502727,-0.0750843753066765,-0.3071071760978057,0.6942648700471876
norm,0.24436257604098788,-0.6629499511256104,-1.1719239685548417,0.14802309284399162
norm,0.1718501099908719,1.3417988463227255,0.6529223292684704,1.6968955693728938
norm,0.5741549777767408,0.34167574366561515,-0.1039211136553061,1.7780583393059306
norm,0.3793972861239583,0.1584554220926947,-1.4027096117897981,0.3109669278865035
norm,0.23031008960477617,-0.12133921275633713,-0.7269633728843399,0.4854884152930243
norm,0.07093351121302194,-0.39372469218506156,-1.2736970016176,-0.4589935172321036
norm,0.9422641880010856,0.4316940564956637,-0.6436354117726426,3.3322362454844185
norm,0.2965404111686939,-0.2808884600827475,-1.1049180245114854,0.022142589877703567
norm,0.03796099720128354,-0.9213946643500159,-1.0007841876516073,-0.3389010354225071
norm,0.8296532461546395,0.5709845876683579,-0.46254133377163864,2.483827687835735
norm,0.5190892256396575,0.3283493121548524,-0.6960554849680723,1.4254984603313416
norm,0.7165290458791228,0.1943492786827984,-0.7878682377510822,2.805785093040506
norm,0.8175843195027609,-0.060838421663924946,-1.1939448526716645,1.832775408020252
norm,0.4695486061738149,-0.8110390443389461,-1.0954016657130436,0.6485601522701359
norm,0.8959107778099021,0.48650336575527664,0.22232203134086959,3.410439237202424
norm,0.11610195056302652,0.19674703650822997,-0.07924558471136012,0.7639014902498366
norm,0.6784306944635333,-0.4765682834606433,-1.5559214298945654,0.854054476325071
norm,0.2449304664442965,-0.01100483399019997,-0.9385560492559223,0.316689910009018
norm,0.8218164011778737,0.23411080266283862,-1.1801509205964298,1.5387493421316074
norm,0.005356095231975,-1.0884918773497239,-1.1420246417233817,-0.525088260450985
norm,0.333697776861394,-1.1553348796740337,-1.0639765441789992,0.256923524936211
norm,0.9163032650834729,-0.28101824624060623,-0.1662706717959188,2.526831144250745
norm,0.441423136467223,-0.649038506593608,-1.7486563829718254,0.3719494729294518
norm,0.8796710491229377,0.9965921181245032,0.12447936775841617,3.0192895553877364
norm,0.2249758911218518,1.0780624924903293,0.6233208934071519,1.5867810421418458
norm,0.011169003979242365,-1.071337121225466,-1.1496158484711758,-0.4883659699252968
norm,0.9073288408319155,3.6918490299422198,-0.47755023015019127,4.384996574716324
norm,0.11898768074067756,1.4887213930892644,0.5939662140305765,1.562933165893575
norm,0.8344838525253196,0.8540499104568864,-2.225594015146835,3.1307632176104594
norm,0.21183539281978125,1.2924539169052078,0.7256342657248633,1.6707524097338364
norm,0.8257954966700869,0.41207123568164483,-1.7105159122536084,0.9991919790038677
norm,0.7175342365943017,1.5474985432490707,-0.5708528018273398,2.966892667524392
norm,0.4693007744632185,2.1169659691613605,0.4109667203075641,2.403302518053322
norm,0.060929226736526676,0.1620342310022525,0.04111344186494148,0.7115192809266846
norm,0.33550979076619314,-0.8202064579135446,-1.2137145282417077,0.06436261543803845
norm,0.6968872153396041,0.3831922251264521,0.23157106401449878,2.9595752409771228
norm,0.639129851711747,0.5452427407255893,0.30783540632311324,2.668779920409242
norm,0.5779491119347452,-0.32585879445599186,-1.1527226029179132,1.2820568309293137
norm,0.3047376297347544,1.230722525638988,0.6686349093690438,1.8633545756500658
norm,0.3080144285933073,0.37878586012770055,-1.1481257596614731,0.013669480496838249
norm,0.869589424259203,0.3198308543787446,-0.9934743723760187,1.8470180177758297
norm,0.9518410724259562,0.6238574855846246,-0.014092609449060323,3.39167996708997
norm,0.252774992210691,0.3032377670983222,-0.133284042060414,0.9790385479379553
norm,0.18455841071341494,-0.5613199998884956,-0.8149704365124786,0.3613157562858333
norm,0.42119278574187957,-0.7162607294104018,-1.3797740959820692,0.30652556228723604
norm,0.07031748316869435,0.3255861968349599,-0.11064661448586915,0.5517651731733189
norm,0.14384655193667484,0.9835456497372547,0.45606599740968895,1.393258852040191
norm,0.3856636957946278,0.02565809991700472,-0.8702677133691525,0.7869858056246211
norm,0.10567750759205474,0.23201114462463165,0.01707223849019457,0.8065350841494676
norm,0.8977150685658795,1.9344547794824916,-0.6091356595889095,3.2752493926458497
norm,0.26856744712700775,-0.2966652157380228,-1.3188256610591624,0.02007567235865937
norm,0.07950526119274814,-0.4115726445885661,-0.7317619169610194,-0.0948784681943387
norm,0.19037452110542774,1.0546124470671956,0.6795471788381646,1.7930655240844287
norm,0.33051369551826504,1.0932685900220913,0.6689076181309956,1.9242922744057602
norm,0.48130893703976685,1.2947493534815306,0.6272719484977196,2.2745276402678076
norm,0.043205181740364584,0.165596113367893,-0.30669427369123037,0.9893103937633911
norm,0.9448390402141603,-1.086146500420329,-1.6745866134439749,1.4068250269981797
norm,0.9351168012961809,1.816474404221,-1.3264127792032476,1.7227757753480746
norm,0.4090369876616998,0.6561731970125607,-0.12118383354230744,1.594880403409478
norm,0.26225697890539335,1.1306422300396624,-0.004043665536770713,1.9092376510166282
norm,0.922196004167748,0.6928826145274791,-0.052261976071804384,2.725186607272928
norm,0.036573391451652615,-0.9047298148089826,-1.1749598825032213,-0.3849547572970255
norm,0.9050352103994121,0.673165115900632,-1.1108896682707794,3.5062604394489654
norm,0.9873624707290983,0.620405613583384,-0.6668161895736908,3.469646896497453
norm,0.2760925832411967,-0.1865375728520755,-0.21433100166917324,1.1073386689607212
norm,0.15541475171241081,-0.7612240804360118,-1.4232568567163046,-0.25702754431851527
norm,0.10966819666961669,-0.8271250223577546,-1.1379131335291275,-0.37551541457853754
norm,0.8618509607685123,-0.9188715570802584,-1.026413992633298,1.9410344364188883
norm,0.20546673937719773,0.6134804441108259,0.4120515108984741,1.303798812655929
norm,0.1981583040527395,-0.22414370296078726,-0.15359809285217646,0.977312146720221
norm,0.5873143931583359,0.5877872355156603,-0.44934165142036264,2.03757963953669
norm,0.8328081915385489,-0.7540016538210065,-1.503610754182235,1.3755843801492085
norm,0.1656708830863305,-0.7597892134441824,-1.2690745799211658,-0.3405504842193175
norm,0.5243000695021234,0.40029880281307684,0.3165281620204239,2.0395212898052755
norm,0.2382468873510205,-0.6893244572410664,-1.3428629444029876,0.03268488890345178
norm,0.11696239751388615,-0.2564354092522351,-0.5476800030639455,0.433900499994187
norm,0.0494338028203799,-0.3147166796377846,-0.743395965663818,0.11125649072806981
norm,0.7862657019703642,1.4005819070119745,-1.5791854779591896,1.517742673786824
norm,0.35449731294278364,1.130090637063175,0.28811769308812385,1.7076121555295294
norm,0.5702945320590271,0.9836617802186575,0.17337718985312467,2.3887584375411732
norm,0.9014455528551996,-0.9051349643862219,-1.4398508646686476,2.5338608901540836
norm,0.9702739862813899,0.872067573375678,-1.9960650606977983,1.6513414995347448
norm,0.2544668562712842,-0.19306559924394445,-1.0696370295590336,0.40775964973270973
norm,0.27465401068130424,-0.8992856364104942,-1.108828675441061,0.22112348144101418
norm,0.9759235667850474,0.6691940591881645,-1.9009907251456748,2.10513972470658
norm,0.17726264570526107,-0.7020783515763092,-1.3669218089416355,-0.20230200395506837
norm,0.15747290345560527,-0.91287326848528,-1.0710859335553042,-0.2108871179165544
norm,0.7258652330353249,2.95911944344021,-0.27055430027635907,2.9145547944448134
norm,0.560532962804586,-0.41320059401952947,-1.4558779219125253,0.9143780236775336
norm,0.6241171947486173,-1.0328306789728192,-1.0778025656935255,1.4088076283200857
norm,0.9550276930027478,1.6401517075709005,-0.4322797857518361,3.641709491516181
norm,0.9306006831449332,1.9095185889885646,-0.20769167597284888,3.055758821287484
norm,0.9400828867543191,2.338155853069758,-2.0624946107781437,1.8696870063612707
norm,0.622928273164893,1.3730868895960413,0.2627043880243023,2.623648902110431
norm,0.5410109384893366,1.0153267825695016,-0.37102480996669673,1.9851152445102147
norm,0.13825423668776127,0.8207219971096797,0.6618300225728979,1.5367496591228376
norm,0.7451356046919253,-1.3636757476410315,-0.4158400308472072,1.8310170233184921
norm,0.4057358763480864,-0.31128952266353077,-0.8458302830620599,0.8028942633503844
norm,0.5550038663351138,-1.1109329067447062,-1.0094296096737705,1.2984440829514745
norm,0.5986613121116232,1.5983736656770917,0.28672954229997116,2.697259054950817
norm,0.5043189412369449,-0.05164517235117627,-1.4789725920903676,0.2130041546374266
norm,0.27545221929674557,-0.7701450462602379,-0.9964162572815761,0.33199824991176186
norm,0.5517880432009371,1.641499256839082,-0.05046795108284474,2.4279875243359337
norm,0.17682462143283295,1.4572654493237351,0.7353432259510408,1.6249761759801347
norm,0.08042011555203288,0.02106268207734771,-0.08211034429212721,0.6444190126498219
norm,0.4117526179311811,1.5029374961005522,0.21207007686256119,1.7966522134502798
norm,0.2070065797281564,-0.10447696014963201,-0.8480272975548862,0.20147146180514303
norm,0.5829283007524696,1.2188201389798226,0.3214582024564032,2.5803188044820544
norm,0.5633612014402766,0.5507642079866871,0.5008595354983462,2.2399400760078603
norm,0.8243156384213901,-0.3099755993003765,-1.5710207460828751,1.5874401276039676
norm,0.6989892993396281,-0.4130812769059586,-1.129510426175126,1.4724824857877423
norm,0.7150232767354894,1.7856678041614902,-0.1741774703134149,3.4175485755785866
norm,0.1030879852341422,-0.17512504798702125,-0.7058006952562461,0.13047642673414572
norm,0.5787386741783435,1.9915509038992139,-0.12130168230500793,2.290999191844604
norm,0.9192979230918235,3.0232694775698454,-0.10719653921298433,3.2202456146860188
norm,0.9725011583918075,0.18693770941973933,-1.6271888461955406,1.5961452050379359
norm,0.3692845474079519,0.7735570501671214,-0.08914799751862645,1.1850829388532989
norm,0.5888569211714308,1.5649079475270864,-0.3385928125031876,1.885245290175289
norm,0.6269219194766635,0.811947971271674,-0.25476775644829197,1.9008183987831753
norm,0.04313433806254341,-1.0741875786015749,-1.1790342264330835,-0.35676834095513754
norm,0.4581620135105824,-0.6783910236797709,-1.4932334011184103,0.6132058080200495
norm,0.8266483083998671,1.9442542486598358,-1.1777921885897529,2.0467350126072215
norm,0.8385418259906235,1.0657180411265743,0.3267923454927135,3.0435584853154767
norm,0.5840547253719058,-0.8449717223236622,-1.6156046658224927,1.0485597399930084
norm,0.020838447887086775,-0.4635664098254094,-0.9676521058375696,-0.3477349417213262
norm,0.9148683490864523,1.0493225186319124,-0.8578432123701769,3.2258819139219175
norm,0.9638049475062406,1.8107741828038588,-0.2501389291617566,3.0022147733868407
norm,0.7448626061181203,1.1148647930523792,-1.699766166863999,1.1474005660050768
norm,0.7020729842133353,-0.4655761604289401,-1.8563884905560997,0.4384827638188594
norm,0.21730234345145838,-0.6984403976628173,-0.8443131524420184,-0.09198056229733703
norm,0.26865301941963793,0.6826087248592372,0.2971184125501818,1.8105939269797737
norm,0.5877801652264527,0.9796953211523497,-0.3021604977769108,1.8661850517802157
norm,0.38324688034550003,0.5634976145374269,0.49220831518503916,2.520408601316833
norm,0.793044498737769,0.4328074140272542,0.09990018081481589,2.618434814173324
norm,0.30087051075152094,0.22521954190173843,-0.5712706493698649,0.7237187820864821
norm,0.8176065511464343,1.3054186289638117,-0.26755178284348835,2.5512119294076037
norm,0.4155915221511063,-0.5136789975328814,-1.4375919540323023,0.5638321176489898
norm,0.5195350859904783,0.19727132271167952,-1.4978638235725046,1.3397079988082612
norm,0.5280653579265537,0.537030725787626,-0.9353267507503316,1.5551914734431649
norm,0.31948772437951234,1.26205156126056,0.5705646939849668,2.0050411992322834
norm,0.31305540942234966,-0.8682509820540607,-1.3219423105656223,0.05602847406806766
norm,0.8205085884621609,-0.3214021773938786,-1.6258989971550173,1.3699735281782555
norm,0.3944435102628985,2.164800180164233,0.5227846779106997,2.200759101483501
norm,0.31001303280083337,-0.13265719840974133,-0.7181225734743664,0.2499645370509226
norm,0.13964446482247128,-0.10953015287748272,-0.38438380478165424,0.36559588280100175
norm,0.4421961490429007,1.2848673800081731,0.45225217920637095,2.3366100271853814
norm,0.08111485947454311,0.6378416127788117,0.34613090447245076,1.208613968704712
norm,0.9213686751659138,0.9422549129269284,0.016445749426157175,2.6780876133185814
norm,0.402168186409113,0.1465912475843577,-1.3232654294623514,0.7121554288835201
norm,0.3556257485275218,0.30941317529299445,-1.6259702776432763,0.814094115821528
norm,0.6017638028238574,-0.6922374091462479,-0.5642982626875004,1.6857861667664726
norm,0.4584438550176725,-0.6278341751247611,-1.5011617757787423,0.454222885053454
norm,0.506408508457945,-0.6220564404585442,-1.2881569397789896,0.5662639053337892
norm,0.6384033302281417,0.19733077779343894,-0.564945673694372,1.8469303301536648
norm,0.4375488242266645,0.25614788927685245,-0.1982261088019962,1.5113440924418864
norm,0.6596176549839862,1.5240253220579913,0.12493341690022408,2.780654363679753
norm,0.057691467414036635,-0.541631324521018,-0.6324793101294057,0.0595869873034906
norm,0.31722161383924086,-1.26495714905783,-1.2702352261761107,0.11531770261357044
norm,0.6616478202603118,1.5697047214909676,0.16378824464826902,2.449855427157494
norm,0.24703885363943034,-0.3373212155705267,-0.8129927543745162,0.32199176413702324
norm,0.44106745537089886,1.8030016552621513,0.175453864512072,2.030795654240783
norm,0.6416207938317239,1.1661883001438107,0.017856701622638527,2.504777992579691
norm,0.5006064168223859,-0.44278174233696554,-1.1762555446766827,0.8746556444459501
norm,0.33561578335559183,2.2573139264698896,0.6828190615755286,1.9580533151743054
norm,0.6096448405008604,2.2210200115774605,0.13495443342151692,2.6964414837191057
norm,0.3411727131904573,0.7073228495966469,-0.4343029887356983,1.155020826611851
norm,0.7769531761074444,2.2821485693850785,-0.197660022089448,2.7130086587328393
norm,0.700269028448649,0.8404925890628884,-0.0823771442992196,2.412594065009407
norm,0.001966564401312376,-0.11062913359382867,-0.6399965917410902,-0.041632656847283345
norm,0.44537178139194233,1.5856314637692186,0.022960040263505843,1.8382545554983105
norm,0.010189975309110588,0.9125199591690407,0.7287482837098178,1.3171885651925264
norm,0.09763579511576725,-0.2720716999388509,-0.6152041130940951,0.047458795944724685
norm,0.7855891765088597,0.33681683051120026,-1.9535149706377655,1.1388942395250639
norm,0.13798726893799507,-0.735503553923866,-1.252290629187041,-0.12085685111076283
norm,0.7193225913154603,0.007018024122792621,-0.26657155306892366,3.171005670663109
norm,0.8450559285712023,-0.6194981260275019,-1.3684950837793182,1.4855153850563767
norm,0.9539943822791541,0.9823243309511361,0.38529991314171785,3.111983350364933
norm,0.5243472229008581,-0.7178296777501271,-1.1450261410256402,1.1672491688707471
norm,0.46203880749604587,0.3386645958740414,0.03684854498008394,1.888985770701654
norm,0.36530877132128314,1.315670882622867,0.5253744752861751,1.7508523551069866
norm,0.7634023527191003,-0.40382537807373087,-1.7070733356242174,1.071322274725149
norm,0.2416283319635365,-0.4902236759180123,-1.0179703397129027,0.2709944659140275
norm,0.5541649542403626,1.5527887584356157,0.22219682659941276,2.709118117556465
norm,0.08001105087083371,-0.3529444145764943,-0.7214606918898814,-0.2473835231406311
norm,0.7956153858076993,0.8518009822958018,-1.5415649555673343,1.0445121977046194
norm,0.780618304814159,0.577937987134739,-1.0262696069065291,2.0785248346915375
norm,0.42389232914131825,2.079785666824539,0.28892785978184565,2.2817113295757636
norm,0.2437154156142225,0.8611904536521479,-0.12307816114856096,1.702679272024955
norm,0.04909868426312092,0.8959504593759965,0.5026187687870723,1.2239376206509003
norm,0.38802331682453406,-0.39890125424390765,-1.3894003769810408,0.32464943577301186
norm,0.028379550398354714,-1.0469335822630543,-1.2025703249884314,-0.4566257725248117
norm,0.08509438553789395,0.8716523270178848,0.7403390588870709,1.3459721236591577
norm,0.6985813583890144,0.22296600820709167,-0.3484313717177895,1.8327869545434634
norm,0.6561253740090253,1.318345988439006,-0.0956062882742903,2.2591480923011504
norm,0.6158435777509348,0.375946620693158,-0.4788619658387553,2.095540295761095
norm,0.8206311633371671,0.09246796733613594,-1.6620347669461162,2.1976767163122752
norm,0.7991967089166456,-0.5938310282693715,-2.0044436302151283,1.5399406805901925
norm,0.49744213053863606,0.22573181468897474,-0.13183546554876213,2.011357535890064
norm,0.875614579523277,2.426687511382432,0.37263743373911673,3.1888029717709814
norm,0.11313288047044978,0.8607513824347006,0.6624565527251034,1.4536480863448313
norm,0.41777928942304277,0.5547586149486491,-0.3821856517313822,1.560472789517957
norm,0.15980633092504926,0.7975987843598601,0.35151927044513875,1.3046570405214815
norm,0.28892986000613463,0.8130497839676519,0.29415099014049717,1.492627171401081
norm,0.5635717947331783,0.8800666742923198,0.22999587787297404,2.2088720941117224
norm,0.3793311059557327,0.0737018955819237,-0.6508049666544865,1.3960096115811207
norm,0.22411610102265367,1.6775185734004032,0.4968103363412514,1.5499329916588267
norm,0.30457613174073517,-0.2894657444946621,0.13533582756819296,1.070851777159203
norm,0.7808862658793088,1.4124634110719758,0.09638072311795343,2.8194472837207902
norm,0.7012796189321833,1.27708766521061,-1.6149786523854608,0.6694655200908792
norm,0.32939140626121943,-0.0025234458488030825,-0.6330207758524266,0.5276131078568574
norm,0.3314572312216487,0.9081245478739776,0.3659134782246225,1.7632053256460387
norm,0.1690159076817308,-0.11675587453963432,-0.40618814406128473,1.070951174569592
norm,0.5466687999095062,0.6839162705891139,-1.7697596974234533,0.5782615668960789
norm,0.6404898084094982,1.4720613319755183,0.33046793380278006,2.7394510053198897
norm,0.11844380157136114,0.8294696873477667,0.7709205199807458,1.4761694823638831
norm,0.7617835104978931,1.0218224463694092,-1.3234665153429006,1.3382437661566589
norm,0.6822869067318938,-1.6884595825986688,-1.0602782955435819,1.3291292656044398
norm,0.5951792219918098,0.13622397609197723,0.03439510499326337,2.263679358448839
norm,0.05311896140241823,1.013390805650801,0.37238277796984715,1.0402407164061336
norm,0.3707276452992898,-0.9441617751591944,-1.3589520032987426,0.29240905937046324
norm,0.29920639642333824,-0.4094491251946686,-1.1633407363260049,-0.0591386360051227
norm,0.1536894492982389,0.1576423198546127,-0.7455600844901076,0.13031207247443083
norm,0.6978454062624863,1.3974007568030122,0.2859914890656927,2.5547882067437575
norm,0.36397295542555586,-0.09010941000381273,-0.7496506536729909,0.5520723317860808
norm,0.40990372935727837,1.3279491116372233,0.29463304392089906,2.1608997068640323
norm,0.8944634479016884,0.5727576150336096,-1.4337412806737673,1.379034422586357
norm,0.5430632033159484,0.04452701486076782,-0.3401062998312787,1.9200592418105107
norm,0.17701412498315638,-0.5732366270109646,-1.2008238985724775,-0.1447433263420428
norm,0.7671737744386857,-0.48008420779798033,-1.5980055384504877,1.06629452303064
norm,0.9673711991171544,-1.1858088174408672,-3.550289155441988,2.6607950163130547
norm,0.33585569140059146,1.84073941718466,0.45026730144766614,1.6565737708640507
norm,0.9887405601453795,0.6203775743007591,-1.6961126053103035,1.9817754532157896
norm,0.05940206900022704,-0.5730758625195406,-0.8194524974385691,0.08577565603026988
norm,0.6027113501325781,-0.4480084260089545,-1.562245979341054,0.823366039857769
norm,0.7826937925190033,-0.07257742907524711,-0.7619455717652566,2.1016991626009673
norm,0.9864694606572472,1.9926252859140763,-0.7667479448754899,2.96153119197797
norm,0.8593281144954602,0.7461647006918761,-0.8363292235361399,1.667065524039847
norm,0.03377992068815794,-0.15437059639500614,-0.729140401382831,-0.013108195968233094
norm,0.8796498367736034,-2.40904945351981,-1.0718943124934852,1.7434134121626141
norm,0.3168644077053293,0.15966352806066447,-0.8362148913855908,-0.10699361668312901
norm,0.0931495250351746,-0.7864342577651713,-1.0851807090159546,-0.33073317341786795
norm,0.7625079725182167,-0.3838347977125309,-1.4942474223937066,0.8492569581545737
norm,0.5961154221633664,2.66399996829938,-0.21656353565114328,1.6990960281475842
norm,0.553498945539062,-1.592234815545933,-1.5295263312027616,0.7902367414116525
norm,0.13781636911593487,1.2650189994973107,0.44288588465959555,1.5554722652012398
norm,0.9622629715535223,0.12434541997464268,-1.3878366237982107,2.5322259044535773
norm,0.3218326404942693,1.0010095431717072,0.29968606067813963,1.6909678224564844
norm,0.2931275201675593,1.5052063557175586,0.6594315743568167,1.7022520152689322
norm,0.8236204731344176,1.6483581744790519,0.21860309914844933,3.13198007675964
norm,0.827106400810795,-1.1132409195980468,-1.6497068435942153,1.8488115479489824
norm,0.9105225850030775,-1.2718480026533214,-1.1535302723933836,3.6431772823450155
norm,0.8534351509293117,0.5279819032714407,-1.5288195905626116,1.9744907706952275
norm,0.6903294085810586,1.7660042282037058,0.2965673836545637,2.4625290606053727
norm,0.08640973742996338,1.2531654776289656,0.6968976895125115,1.4065700554178449
norm,0.822046342289939,0.3535016379933917,-0.6489017278894764,1.9354740290160823
norm,0.9495336896024695,0.5665228906968516,-1.723862836619242,2.8560503940276876
norm,0.8445204018760923,1.1455469984140048,-1.7592746537746073,1.5747567050628093
norm,0.07932150472009658,-1.3112867454084527,-1.2460602384506743,-0.5844553055101308
norm,0.9171174835243728,-0.7939777928721606,-1.1463637996480252,2.4016435102660494
norm,0.3911248567635466,-0.6762993544228266,-0.14248983634820978,1.6005438618105279
norm,0.7157435949717387,0.17555596953225194,-0.5381559419732729,2.549864401794127
norm,0.18454053883899135,-0.6906492998374214,-0.6984018751538836,0.14255912960050499
norm,0.8845222191864763,-1.739436480538549,-1.409881475895066,1.8325845194693042
norm,0.3595754831945416,-1.1785770128676853,-1.19656964291875,0.0940559916486361
norm,0.8858768892030507,0.3031977296179017,-0.6355736608853312,1.7512933407514337
norm,0.9633267117762834,-0.8667422953657086,-1.5830970281502736,1.5967066636543152
norm,0.014279420707478452,-0.13276371373961487,-0.19928136604712543,0.40922471965438756
norm,0.4814538952110181,-1.1001211637891646,-1.29150364280201,0.3646024626792111
norm,0.5554384796772268,0.9694374442052337,-0.035925992528412554,2.417894610352772
norm,0.10186656006035288,0.5658758224227938,-0.0031869017211809125,0.8306906400859511
norm,0.015953773974474728,-0.8771196784921858,-0.9785781190480038,-0.3555795130333337
norm,0.03183765275914585,0.011075392303371678,-0.034741084543616296,0.4952716763728657
norm,0.0019133442159487979,-0.9827148650767031,-1.2335411153918838,-0.4026962564187092
norm,0.6143587432841533,0.3544540153091966,0.32832908576165765,2.5833305036384546
norm,0.6369343447943641,-1.4510938098334636,-0.42453670458375325,1.590346452989079
norm,0.6466469091182365,-0.5999357092848877,-0.25825501530904305,2.0360845457443957
norm,0.39319208036362663,0.8242264601587475,0.26135473094332806,2.059568697549423
norm,0.7525101711819843,2.090408958487703,-0.1425932388212876,2.7472103284612945
norm,0.8828118569485492,-0.45586154870216533,0.022651662175225074,3.022692515179278
norm,0.6873985501086887,0.784980617610223,-1.6290123006844377,0.8345679093615012
norm,0.472534641969218,0.2540116717802174,-1.0666565218662212,1.06947303030656
norm,0.45583202989857796,-0.9588490545055526,-1.3097935851504214,0.4651760613809425
norm,0.18391697912144545,0.1385355350312303,-0.1964120866949805,0.8407144802450774
norm,0.19924778636155316,0.3594738299848327,-0.3885539754473346,0.6659867017474796
norm,0.06033521113920559,0.5176719636571632,0.38242443311741064,1.1322280405556677
norm,0.8340078806231221,1.2824534640776954,-0.9637903471394909,2.140957319100645
norm,0.48895507620413414,-0.057272593021582385,-1.2682003466996616,0.40088915197971675
norm,0.7621836584961197,0.32360240344150815,-0.011728898862151116,2.6709918504622703
norm,0.09539383056784512,-0.5010442496844976,-1.005434403790735,-0.3550299020088033
norm,0.5910830153468521,1.2714128866065273,-0.08121227502358619,2.5273640059879137
norm,0.7745549009052413,0.8688010522672898,-0.2090816263657238,2.457972444816111
norm,0.41690155830300313,-0.20254685355605645,-1.2647261360692417,0.6721003289504348
norm,0.7558453562369534,1.4771506578729323,-1.1193001910890947,1.9495436548468095
norm,0.374280289502379,-0.14189076852824567,-1.1071954104542963,1.0470278596258722
norm,0.5342623569333416,-0.7526671761603962,-1.6167362405702348,0.7588037997824122
norm,0.4760285854121543,1.453890360212493,0.47913541969220197,2.16498581085
norm,0.2380098101417587,-0.578666465808601,-1.284652906878648,-0.03600029831917173
norm,0.3810252017162604,1.7143064318525196,0.2977487852901757,1.9097320614359934
norm,0.8267455305327169,-1.2487859057791906,-1.1343719992460846,1.148683539721327
norm,0.6330076786589564,-0.29958713150199534,-1.7658583180858527,0.7429912009803321
norm,0.3108686291814625,0.7834222392183232,0.479971402450456,1.5556081416789214
norm,0.5480055963310122,1.6459340265102282,-0.029542710422857832,2.1884333480325324
norm,0.3617325695188721,0.3117838768785909,-0.11734091881045705,0.9173900981791392
norm,0.37224288012921747,1.7579978457862298,0.3764731016733207,2.3341135857285713
norm,0.3954418942711473,-0.24161116016963433,-1.074936757303041,0.9758915623114179
norm,0.18530240098402195,-1.4648339694297219,-1.3597305205488832,-0.27990312546311213
norm,0.7884103953993479,1.2889196791842028,-1.1539757684368799,1.8314138768194193
norm,0.4276640950867795,0.8116459083245794,-0.4768955188020018,1.2750677897091263
norm,0.8648711349746978,1.855467161268316,-0.046633327098045685,2.8789734230548483
norm,0.675809469657114,2.091881913110262,0.04757666074517641,2.729535191430003
norm,0.06655683539792723,-0.5836313632028799,-0.6932039025184593,-0.0260938208217521
norm,0.03488402783459699,-0.9213143585617143,-1.2911605231599241,-0.38543212969922785
norm,0.41003778040284133,-0.8123942738300618,-1.503932830694264,0.5944237151573077
norm,0.5076245929447913,-0.9415133578388672,-1.1202066474411911,0.6636871802949933
norm,0.8922747887560524,0.5214028873264063,-1.2457250345454995,2.119104955235832
norm,0.1871190350210573,-0.399176695403376,-0.9036098913472262,0.2600503433214755
norm,0.4033118603932119,-0.64239925850425,-1.6496755391289026,0.6834535538752875
norm,0.6912745158914018,0.31917743275559474,0.40438237761106577,2.83267414609913
norm,0.053190540056636926,-0.1487666191903572,-0.6817459751266894,0.11596465504334424
norm,0.6769871945364745,1.4429166123628343,-1.102574666135177,1.427046778804685
norm,0.10431273620843706,-0.9820211460335337,-1.2236146449865877,-0.35564851495847555
norm,0.273196114079862,1.2819114696178455,0.537192264558984,1.2826212690224357
norm,0.29723006032394417,1.4037325497297006,0.13666331010365085,1.1472153403700376
norm,0.8819558725022342,2.6600308406390587,-0.351984956779676,2.791585834761676
norm,0.2148541186532099,-0.4818397533342844,-0.8554749393420562,0.14815513377003003
norm,0.6626651578479082,-0.01672210618814257,-1.2511779704040746,1.5232730052179475
norm,0.30702399660884183,-0.1996740957278454,-1.2079720598725208,0.11527149778825296
norm,0.8866279236824066,1.930916516397422,-1.3866711394163134,1.6481169801752142
norm,0.3902367995835647,1.7174174207792903,0.09373053858413216,1.7669210382884266
norm,0.08725872000720025,-0.4291706582235984,-1.2274705277335982,-0.36188459735748957
norm,0.2902948856420632,-0.6111181816418588,-1.341934720704959,0.04267063743063759
norm,0.6391136953360431,2.196652509538379,0.35453972963879776,2.7162598807649507
norm,0.6972320188899018,3.1673317431029844,0.4593315024564364,2.87295291938403
norm,0.5970318566021365,-0.6416678998051684,-1.6756472553611006,1.5476851711427877
norm,0.2293681254590323,-0.7949483233739429,-1.3365280622036573,-0.1567237643713414
norm,0.6591557906714303,2.5471540432409023,0.2581673191188123,2.3814326054446147
norm,0.25271549735818155,0.5898731340176719,0.3236281970399125,1.4783786822258702
norm,0.47258840188629825,-0.02361386978650648,-0.11687768000812082,1.3005000396729698
norm,0.4399467342718001,0.36953915139990645,-0.8369926063861429,0.7786287890517224
norm,0.2265280077170122,0.8876138941919565,-0.02062446538172308,0.8731250532455741
norm,0.5738775195712186,2.010332890973084,0.31094389105133047,2.5700537371087724
norm,0.8230124612550209,-0.3224039194837175,-0.8693265626598381,2.2759670065648994
norm,0.8089948061483738,2.7782988953246663,0.5968463939170794,2.560996174515526
norm,0.24282294800997462,0.4171604620503815,0.05998620885640327,1.2557758599915343
norm,0.48007884101036524,0.1726139230879512,0.013674667855286593,2.0692425051112595
norm,0.13758042051331953,-0.6979783209733037,-1.1108195551673359,-0.23097331547829858
norm,0.3842560962283129,-0.35124972860341647,-1.1138087687539062,1.0697001130891242
norm,0.9864709705819332,0.9079267356401868,-0.3641137050381069,3.9937738324006595
norm,0.5170223045494553,0.6495204458266224,-0.7614124199844439,1.018768472172774
norm,0.3316441362068856,1.108365396663683,0.6164700043597222,1.8319468731658899
norm,0.8680278467024894,4.041486435455111,-0.02615151572094221,2.712885051609116
norm,0.8909101025939119,1.139852273383355,-2.036603719961755,2.56383157277514
norm,0.9471450624927487,0.8078126488896693,-0.7390648680371689,2.5390317069119748
norm,0.21158298285045718,0.8273901529323626,0.5074638755130523,1.3365349546341427
norm,0.8595722125979584,-0.524062351834515,-0.6313206297149598,1.6561122551526322
norm,0.804118994025596,1.3915428526441485,-0.9078933238944813,1.6887003367377293
norm,0.569775309659265,0.7645922845373285,0.25369186986115033,2.780505865387357
norm,0.21325797829604176,0.05826147220432061,-0.12545851348503834,0.632870493893182
norm,0.363697354315936,1.619344895411161,0.716322971885743,1.8591936167076595
norm,0.02696295213152089,-0.7367735377467787,-1.0765522794592841,-0.15965654307410726
norm,0.42096564794661584,0.16414068097291912,0.0680257715650906,1.9632908841208265
norm,0.6900160561384598,0.20443476913462866,-0.9106858735654239,1.525709737143433
norm,0.34281168248416805,1.6099187594226196,0.37036709174147453,1.5514180483169284
norm,0.06307481649740276,-0.25163487212794067,-0.15895565260913896,0.4363043995311668
norm,0.10491459488925592,-0.7881353590688814,-0.8498969768518791,0.07569792386113283
norm,0.4152984161958003,1.814183202026077,0.3140650810090442,2.221157387119257
norm,0.6965211192537616,1.8951257043427199,0.42835903642731066,2.8008414167912754
norm,0.30919067815172474,-0.8787095062568855,-1.263810741557306,-0.09595137360073469
norm,0.4355955105794177,0.4140549145204238,-0.4976966550624423,1.6558013838622814
norm,0.1674642862820852,1.2996509088848216,0.6436925383616833,1.6112740001599004
norm,0.9813430861396734,2.327099264510405,0.4778310434643114,3.429901877286486
norm,0.6725560070998894,1.1195551896430795,0.38278936715468337,2.793318879805529
norm,0.8539318947293115,0.5204950130154171,-0.2209576417072514,3.046581343243515
norm,0.8465178040384503,1.5062886267186584,-1.8089941705823773,1.2022464323032276
norm,0.10841486190938299,-0.8667453876202132,-1.18150265273466,-0.34406803719327894
norm,0.5502195558613302,0.17166265914463985,-1.4223180196552163,0.9888131502932294
norm,0.36601511503066975,-0.2597832343031723,-1.2221265527581973,0.26007594803848144
norm,0.8707338782914442,0.7129330872557498,-1.7142437707102083,1.2315480012104612
norm,0.2795356689133347,-0.42456640622380104,-1.1246593475101134,0.1555737500439801
norm,0.754025231549901,-1.2503570661659373,-1.6597956057450536,1.160746841810722
norm,0.33246098213532926,-0.16754546855063832,-0.6812741698875353,0.49910485325357445
norm,0.7654028048983712,0.9087430426826436,0.2096449904701594,2.6386375391490517
norm,0.5791144234746736,0.6496655207958416,0.12917914998430535,2.8098357464570585
norm,0.8366453072584358,1.9588121621214363,0.2091249308713108,2.871158391449235
norm,0.4315868997856882,-0.6836354179248341,-1.4784040312899456,0.6281138960733071
norm,0.8896980074632287,-0.7099275868626849,-0.8069663652655698,1.9397568920969768
norm,0.49611248241690664,-0.12261013294028117,-1.329283535513118,0.4494588749536106
norm,0.2713118645453867,1.0844009870599685,0.5690483830947026,1.7159704055604377
norm,0.7162912849197797,-0.2824559179478746,-1.46704844138993,1.8433807632743595
norm,0.043743611354022605,0.7734260596687127,0.7552289660281591,1.2960970740770996
norm,0.09541089198327968,0.11054974920547202,-0.21047141687601445,0.57563804199977
norm,0.20017570049504096,-0.010523885256233545,-0.02142909231894885,0.8873024691142597
norm,0.2706563719003088,0.31482502750162367,0.10164680787803615,0.9461721070485953
norm,0.6547216699195724,0.3575424325331402,0.3593629860530476,2.8462842770101
norm,0.06576045178422396,-0.4972155706204611,-0.7613238180915749,0.151418773455392
norm,0.5874851862881343,-0.26987997210256687,0.04339316272129845,2.709282199018501
norm,0.10833694698964935,0.9394832818413258,0.6483411313840086,1.4877142878465752
norm,0.7659605894800378,1.4388588726242728,-0.4490605575036115,2.459963600790288
norm,0.8197833183362835,0.3303983641142769,-0.5980825015551208,2.4194387423629196
norm,0.8107452943694539,1.0258514236396707,0.05096874644138771,3.3017915269908293
norm,0.6441033305341907,1.0992321448370306,-0.0019281715602053051,2.549294167113862
norm,0.4280908200062531,-0.7453027101348634,-0.693973231686094,1.1168706592203226
norm,0.5119169723624762,1.3284703901349924,0.5010392976253087,2.0124875151581763
norm,0.4411701055252444,2.1365634440665318,0.3391645012183101,2.322985662464101
norm,0.4503892641760593,0.17926435447844075,-0.7993833221455626,0.778135112041004
norm,0.7733705385222831,0.7880965544309484,-1.6689548167647892,1.0672695035157773
norm,0.4684907369667296,-0.4229823586606098,-1.4518951388011305,0.04015146164842365
norm,0.9836711663370551,-0.33604115763538345,-1.7991624923383462,1.9306189246868877
norm,0.5971091720228828,-0.17221886319466717,-1.0808623143555207,1.4859673899189791
norm,0.5491204978155741,1.9648908677960488,0.03168584511592032,2.5216698269929987
norm,0.686243765696678,1.1605368071754603,-1.0729028828201324,1.0408050591683102
norm,0.3236886954621926,0.3089489300014137,-0.7174815432258084,0.5367735033142305
norm,0.9458150045848925,0.33137922053598395,-1.7049442180358294,1.9110259377602288
norm,0.6077687254025681,0.20400806758724196,-0.6282142944206689,1.69629764596049
norm,0.9707395338911609,2.8176312640439245,-0.005109012877959396,3.6535445559390567
norm,0.8184552442599338,-0.6155258675540235,-1.738777045534222,1.9460341138312467
norm,0.9546072232554459,-0.12090898196143907,0.0760561688573933,2.6477901137517192
norm,0.5725788892638167,-0.7091463160177282,-1.1776241623024242,1.2831506732131723
norm,0.1467222208012834,0.8551033814569846,0.3894105287348297,1.2671532575838123
norm,0.49493121092941816,0.5234165486960443,-0.7019892807304102,1.6710471354784877
norm,0.1445401312412118,1.0275865527681174,0.7275407030323482,1.4787545584580641
norm,0.813088989746901,1.0013765985685366,-0.5688652761201913,1.8539781290926167
norm,0.03526204975700331,-1.0372418469111906,-1.4756948695930543,-0.10037597685639943
norm,0.41858086648868054,1.3825147905351547,0.2022844568471608,2.023998213886188
norm,0.32755194273222676,-0.5036066780933515,-1.0377292802838585,0.2831707888313516
norm,0.5241245645571754,1.7279868439672508,-0.19028925947093778,1.8180954175238868
norm,0.7910217835953748,-1.1544474000574838,-1.497943710376631,1.1835034629592558
norm,0.6444126315481582,1.2882392957168145,-1.1529993694387266,1.5872775867716462
norm,0.430399357412235,0.3770061492385395,-1.3268995927292337,0.26315609279376917
norm,0.33823298820903136,0.08682972858952842,0.42089398245102116,1.5269357741674312
norm,0.40981999633063226,0.028840659030190605,-0.7458240848219421,0.8634313787691078
norm,0.012946451690333927,-0.8721443132594616,-0.9670520969470064,-0.41081600115109657
norm,0.9206992367800346,-0.13388924994821627,-0.9692103266408828,2.2326476262737422
norm,0.579552648467877,1.448459360121861,0.07944820544566977,2.234829035790293
norm,0.2802183945866754,0.4380077384474371,0.04403411332984253,1.2793566121034265
norm,0.7866978298638273,-0.4989754884752166,-1.7747004485351734,1.0363967279842023
norm,0.6665289218926189,1.4805602948180243,0.09380004447400325,2.7757585751588296
norm,0.5691711866821761,1.1442138406256754,-0.00044824716864622083,2.41815963632696
norm,0.4241729827916364,-0.764397392764699,-1.4502632491374903,0.23381747864048896
norm,0.9820498033192301,-0.7161669305401533,-2.063817678046866,2.34898328362548
norm,0.933077473044288,1.8063753512999532,-0.11638078987935963,3.384134646191747
norm,0.7683998666080796,-0.6483448289989149,-0.849845802934327,2.019006345837429
norm,0.615041632411638,0.8927144617002462,0.18742911428143272,2.179404382156549
norm,0.5210001457546919,-0.3168917446166839,-1.3223730243400595,0.5399355319285982
norm,0.09013543346013642,0.5428568231172115,0.0676904603776014,0.7875795914729101
norm,0.6063299483557303,-0.9356349612518682,-0.9987685802162635,1.3235337206740048
norm,0.9767360817795574,2.0996548339368957,0.004383236372039079,3.4180797692067415
norm,0.555902070400838,0.735893623965052,-0.8620805727279123,1.252033000464367
norm,0.18987961878703552,0.21495248329614344,-0.11033204938610414,0.9779927933266626
norm,0.5972192465725252,-0.44281823040608176,-1.801747136058376,1.0206574842634362
norm,0.5863127899555852,-0.08690668381770666,-1.5743959634840303,0.8148713956032538
norm,0.4419312113881817,-0.7462318518638218,-1.339580264742789,0.38972526117297673
norm,0.41070061607760355,-0.340018947268092,-0.5212876589416466,1.436352825113604
norm,0.5091961543071849,1.2683054499543336,0.08414017454419687,1.8985634460028527
norm,0.6597620802945615,1.7941179672752268,0.3944031276363442,2.8139847280540553
norm,0.8527392301374687,0.7605038238127554,-1.1997425054516495,1.578250466767658
norm,0.08647540230669959,-0.15490320159485163,-0.29867486183539343,0.5212383833546292
norm,0.2474333630637724,0.4939563732428553,0.1946439781236008,1.490556908949658
norm,0.6422721374984558,1.2358860677358907,-1.0130173564747846,1.2604275519417778
norm,0.35812084677111866,-0.6044604315594796,-1.211018783444383,0.27850719482760294
norm,0.2282683364199526,-0.9376177893313626,-1.1533109408332896,-0.04165776942069899
norm,0.31808658971463655,1.2322703381929418,0.32441033439476774,1.5072517451572505
norm,0.24084294801083606,0.5516453226564377,0.29089003156172843,1.2910301061228666
norm,0.9899764128031259,2.8250158792214224,0.9840944963302866,2.935016812514399
norm,0.9321709486395547,2.605330916985594,0.04764422395055656,2.4547776155591308
norm,0.2974693832443204,0.7233195934148047,0.5993435336248237,1.9609145560913022
norm,0.5812866175280033,0.17735759070202706,-0.39069104205793326,1.9729357238430565
norm,0.03749043690478182,0.8648033338617445,0.6638216018555047,1.1533248879657345
norm,0.7727997106634107,0.1367433332910848,-0.11512948969879888,2.6293685142922243
norm,0.34409318598176464,1.1139249126083084,0.42666302092536534,1.4976062081813866
norm,0.843624382471204,0.7774246415808448,-1.8246226671452315,1.5350863454373085
norm,0.9113477344609485,1.944972803490618,-0.7353974098781239,2.6212541045953546
norm,0.559525283124831,0.5090469036708123,0.3327178240907531,2.56786503845322
norm,0.11044062316335168,1.0421068388427759,0.6405482765329089,1.4965980721040801
norm,0.38240982417002445,-0.5999323952171701,-0.24903914704218338,1.2108399227645654
norm,0.4675879559359666,0.4560636374901833,-1.243435996944845,0.7716293910815002
norm,0.37575123448505676,-0.050623424450504495,-1.4142519432141742,0.30719907682582215
norm,0.8724884114707153,0.7671511331714328,-0.9076847428546351,1.7254866810169933
norm,0.36274589089777143,1.3580912985395506,0.1577715838642666,1.9729289482130454
norm,0.9724081512886666,1.7495910658644216,-0.9150432659047164,2.652762098535625
norm,0.08377604114846382,-0.07111979547877609,-0.686549568906371,0.06893582144186111
norm,0.1945326247725342,0.910231760093797,-0.14180001571519618,0.9176917940931595
norm,0.8637878626389914,-0.332489109362192,-0.1114960805626326,2.453629206912896
norm,0.4836065272518435,1.887664962033237,0.844412527476873,1.9651191500346323
norm,0.6123868402192428,1.3400778984823238,-0.22832557180895408,2.127814482667957
norm,0.038697213830086286,0.6840349305303954,0.42766232746666777,1.1346348777054822
norm,0.09834014699572735,1.0227274652339418,0.679621706033087,1.4510405660720354
norm,0.015019227700387217,-0.443415432299915,-0.680391598974877,-0.037985311878739936
norm,0.15751947014591128,0.2727664436912456,-0.3180802575210371,0.6614863482840939
norm,0.10665481609981986,0.8961465725645608,0.540889090168954,1.3386940484440775
norm,0.7062757746715043,0.20247394863650992,-1.1325067681651995,1.155197053075349
norm,0.10966878194752305,0.8732207105914865,0.2844309155668221,1.3491854421380873
norm,0.11270356827529715,0.1360333845251746,0.1549704110796858,0.6616313016354861
norm,0.674113117906121,0.743831835888544,-1.0002251369376607,1.4270900984186823
norm,0.8181343880692002,1.9788212835607606,-0.7412326790684591,2.5563978395063245
norm,0.8472326341270939,1.1934297714088158,-0.25629254526497025,2.544486704184591
norm,0.9105488404738968,2.8550601710569046,-0.6034274370314912,3.2542458399325636
norm,0.9380708505350771,1.5848874662557515,0.05629498353849294,3.183581500875798
norm,0.9232983533184985,-0.038630243192242286,-2.8289366026247,2.9031705799560523
norm,0.22345695499889862,0.5222627080249129,-0.047521436106464754,0.8136177303147097
norm,0.440106974869511,1.2397691559129516,0.0034788404983937538,1.9873000017441846
norm,0.08973933637680487,0.6264745397938898,0.09991802783764075,0.6804655631320633
norm,0.3985653029300962,1.2104713485071,0.6615502289895225,2.1466971450260153
norm,0.1336951638317363,-0.26734570851936845,-0.6407226989903179,0.023313386019664872
norm,0.7383404025560476,0.8653468737741381,0.09059415939116144,2.978985923084899
norm,0.8921930951985858,-1.0377838802196964,0.0342732835092916,3.4879789193069026
norm,0.4187352855614238,-0.701371284842586,-1.3202036373204828,0.7229744276736421
norm,0.11924495842836291,1.2501440073257963,0.6627228612186966,1.4875192704155247
norm,0.5403803244100269,0.2216443370056121,-1.0871094733064806,1.062017986040916
norm,0.715323760828548,-0.017137610847737295,-1.448174039019488,1.99285941241172
norm,0.5174568740791986,-0.5089991340158051,-1.1090329694756629,0.19499891282831971
norm,0.9238496006279536,-0.6924334277396131,-1.4559435448490194,1.5324547426623905
norm,0.2684442380675317,-0.42678364476397285,-1.2929667173844988,-0.0272146816917479
norm,0.03819454810531919,0.709696545418474,0.4307877544618106,1.0895671194035386
norm,0.6397987589688332,-0.01125007058244848,-0.6390628836804334,1.5727023829675741
norm,0.8902115915010931,0.3735347378325452,-1.445146966564678,1.7463686174384097
norm,0.2566295255359461,-0.39366847740113287,-1.271723546068368,0.06033084745647643
norm,0.9127466027412214,0.5792574069513525,-0.7842776547026739,2.666213480616976
norm,0.1651882392266939,-0.014345915217516672,-0.6438059075532481,0.687319797163267
norm,0.2099945845709026,0.7670593676665992,0.6316540292537833,1.705580801541014
norm,0.6046462785531074,1.485079280098897,0.35083787518627574,2.4898138649409707
norm,0.43545804095738916,-0.8651021305985139,-0.9756612841295861,0.9690843905484491
norm,0.1819594254650645,-0.3592021068427894,-0.7039637545078251,0.26218798652187314
norm,0.06960297140184835,0.4082873300183024,-0.11572157052097515,0.7485432772773908
norm,0.9166539477232793,0.5138118094089905,0.013728907195432294,3.395637241291986
norm,0.10452163712855655,-0.5931355012573016,-1.227165086155074,-0.22606711666730994
norm,0.7539667893156963,1.3947559234355627,0.21114604598258757,2.9614498292292906
norm,0.5194404904845812,0.4235679068588591,-0.11714024637246734,1.5879968241389244
norm,0.03301052590858622,-1.2666610330998669,-1.0975567117591174,-0.443561270685896
norm,0.4416933463586764,0.6248638627254504,0.24709225266097912,1.9254451311720922
norm,0.07536520935453561,1.139037571128047,0.7634700019662021,1.3283997545730344
norm,0.9842873141539932,2.4854518844078037,-0.5889687818880947,3.769551217395174
norm,0.7543062583270369,1.437673770374351,-1.1280777359657703,1.516750325605881
norm,0.01632230260389811,-0.4815174379633964,-0.6180412595212825,0.07987920295066714
norm,0.06622877506512526,-0.4684850612251875,-0.6692112604085451,0.03569582788085224
norm,0.8904712254661115,0.585355228334757,0.4054234811587001,3.1920839241711683
norm,0.022646218334540613,-0.7058636212959829,-1.1934902405680052,-0.5512665291646902
norm,0.3211964552393768,0.7770407421754018,0.34188691583680053,1.686821115524787
norm,0.1501703283520176,0.8349166052703012,0.4471199266808462,1.3666404741567053
norm,0.9539431438126299,1.1150454575057767,-2.906442967588597,3.2425224047781045
norm,0.15561023813693964,-0.4175748984423449,-0.7011845900049765,0.6554699491046578
norm,0.5535901076495906,0.6894021793912462,0.005195469038240752,2.2656416106554955
norm,0.9294455173896051,0.4689590338261248,-1.744576956073878,1.8898351078858735
norm,0.4660754054290488,-0.8518224974367127,-1.4335373884326916,0.6288898626767302
norm,0.06260450354319613,1.2937941374304984,0.6301625834081377,1.4507720029707194
norm,0.9660877800447057,-0.1577653675535321,-1.590398979069821,2.2661558489274714
norm,0.9196996115500286,-0.26973084520309176,-1.5762675422591215,1.6771282330607138
norm,0.7466266243458513,-0.04580507489789698,-1.013280798773718,2.5753667926641413
norm,0.5629664674939705,1.5340468220407142,0.21629369423862754,2.3552696839933223
norm,0.6788229619560067,0.07817887813307156,-1.5603159200607022,1.1680432681416935
norm,0.9632862691188501,-1.2873651587637065,-2.1092309246237395,1.5879178510619034
norm,0.5824552958755944,1.293985284507797,0.3386495579490887,2.702639496633333
norm,0.09748045261242377,1.0434915707557053,0.6870220011991426,1.4076133360977934
norm,0.12190311423757427,0.6205961988882952,0.06322232612542233,1.1851540741993574
norm,0.9786128380962257,3.249927297131343,0.24824724938445408,3.5687449191734455
norm,0.07961482553269905,-0.34213917324818904,-0.8207330408627227,-0.008206765737903798
norm,0.5959546118387765,-0.5830413861889531,-0.6297523400465983,1.6430632051033935
norm,0.128249101124002,-0.4427198170811538,-0.7107237732251801,0.1440635718310252
norm,0.6892429306124402,0.3323696374629762,-1.49286208558966,0.8030740679025046
norm,0.06337022889497546,1.213476958467907,0.6589860481691661,1.3561458453086837
norm,0.8840973107254443,0.2194786267695854,0.0018375204686349456,3.096760400306235
norm,0.8395161062664984,0.2327180444558425,-1.2873315253948239,1.8317359567426312
norm,0.142220989364086,0.2377150896458564,-0.0574705749372052,0.7125027917929341
norm,0.8532265145752839,0.06660391805388333,-0.30842132165749625,3.04342354230983
norm,0.34249165284784655,0.5666965689345069,-0.4111621183088117,0.9570998138894768
norm,0.7173675618830669,0.6287666823004403,-0.90070123435415,2.6745480649115967
norm,0.6671150008399275,-0.22201589205898925,-1.1262139820316501,1.503440558124265
norm,0.8296792080756238,2.7768268551642414,-0.27774434297682427,2.821682093123134
norm,0.7309700002728414,-0.3896127647328432,-1.6120262344574146,0.942408357116176
norm,0.22693209121937397,1.1507005956652125,0.6888498919795005,1.6927559348614014
norm,0.39632710348767175,0.20950902715277975,-1.5624986810685402,0.6038118564654884
norm,0.9670428648394658,-0.5087303160486292,-0.6308963677870776,3.229258725321996
norm,0.235745160875374,0.765078477590458,0.534135315674076,1.830048246500133
norm,0.2837579420790204,1.1703368586502578,0.5588141414564939,1.888766298338569
norm,0.3080543497095083,0.9910147978708026,0.30588202265025866,1.3504904782374414
norm,0.05032844900071631,-0.11348553625018527,-0.3934907687158779,0.1647122427474052
norm,0.5341466258748971,1.9222328879056563,-0.3672906537214816,2.24344894394612
norm,0.8734508958277812,3.3124011827913624,-0.10908999635581118,2.8005084750031597
norm,0.7455604690968269,1.114629819851987,-0.12512491977344564,2.0296399851633486
norm,0.20078127294364012,0.16161487186888962,-0.896690438609183,0.5649308755161135
norm,0.5802566393184214,0.3934764673043172,-1.4734971794460239,1.1470871996532384
norm,0.4677566965766605,-0.31923487856514443,-0.9595094348236821,1.054126232434144
norm,0.21144734241153307,1.157118453625571,0.19610280289921167,1.376515038934241
norm,0.5406424111569212,0.3645959083916819,-1.5662032475239258,0.831429178906671
norm,0.392031240692726,-0.7253761780620835,-1.471036569785424,0.3452465469078312
norm,0.358969664617397,0.6916606075214964,-0.15345381741884256,1.0881289068881763
norm,0.06793025988344326,0.9371625295030717,0.3918594045665274,1.0745376383986833
norm,0.4895405057261166,2.061043339076959,0.30917549555284396,1.9365663605370202
norm,0.8927073673153918,2.0832852437219698,0.2728498225444618,3.0109987261022604
norm,0.1183213425602827,-0.6304219111443076,-1.1623989669105914,-0.3000799449192965
norm,0.7514189852235972,1.6695937640258252,-0.2732541117428877,2.322609902476702
norm,0.10289290352820224,-0.40650376261153665,-0.9844270790708012,-0.23166058595076094
norm,0.629240281103729,1.6600727411258245,-0.4116950994157206,1.9988344132351252
norm,0.30914483938393233,1.2608255710785328,0.599340650638995,1.7536812434984475
norm,0.006181550361945343,-0.24747946675684773,-0.954449332243327,0.15652428117845313
norm,0.5610583286549818,-1.1277872471744375,-1.5314022474186837,1.7202536240434636
norm,0.5943622949039302,1.6021804259279295,-0.3841034899293787,2.475258436193954
norm,0.9249941923474632,1.4485655173364445,-0.8075364138110036,2.611574688089018
norm,0.3149171982032819,-0.24770430496097295,-1.219304812136805,-0.0032268734498868135
norm,0.5174573938867204,0.6151886386215486,-0.6293439120434137,1.370622123667299
norm,0.3862527457563726,1.1232061521500916,0.6139882827690654,2.2855859413462984
norm,0.45982771964085056,-0.02653243503917252,-0.9529843364268694,0.6022034130259654
norm,0.012196985851553266,-0.7996403103959762,-1.03428017175182,-0.3377894300483894
norm,0.5396996505058763,1.1986824323969558,0.11545748239277587,2.610157954279729
norm,0.7080248166304112,1.7555557062946414,0.5013199901019776,2.808838671487451
norm,0.028834439610477935,0.5251797228270645,-0.03615873646904011,0.454385712981957
norm,0.8401823382727698,-1.3161693582425178,-0.8300182662178918,2.3826569499146966
norm,0.906306316811647,0.16780857719833914,-1.5437829962925123,1.9250852980053517
norm,0.09630318448065045,0.8780924087067193,0.577966873107643,1.309682909058898
norm,0.876344012092419,0.6838215472720031,-1.4908827772279152,1.2456661292188642
norm,0.8950262127271709,1.9146123226016563,0.425370649416829,3.040612445485147
norm,0.3885923889744335,-0.3323050246151888,-1.572431183324782,0.43569835271904755
norm,0.9855485393215002,0.5741288872533576,-1.5597558639130888,2.1205186307389856
norm,0.9858519946289734,-0.3370882565068676,-1.0270366992167135,3.7607033879195955
norm,0.5324547921127716,1.8218171972709627,0.21076480100692963,2.716953935563855
norm,0.5837500892594534,0.49985326744201786,-1.3905968206898356,1.05249588489895
norm,0.0002823753410637897,0.5573752977555892,0.5650746934567845,0.9314305814352393
norm,0.22969527771320275,-0.17224725151239928,-1.0229205372122259,0.4257903667272196
norm,0.8737122348471908,1.984947675516155,0.1761730952064149,2.864141668057081
norm,0.13002542322694,1.0621066631528429,0.3035925676346649,1.3228940705606806
norm,0.35471037045229314,-0.8173364143277607,-0.8611824298567552,0.2306126790847356
norm,0.6513850909611322,0.24812908510104315,-1.0731997599136183,0.46186800728120064
norm,0.26883730795519456,-0.32307256194876177,-1.2033115517611654,0.18714966815819722
norm,0.08103918338357263,0.7421803230521287,0.5180020041890836,1.22346225902077
norm,0.3152362965552167,-0.7515426509401193,-1.2290338463122712,0.11590035337571536
norm,0.7050468395415732,1.4356937556326734,-0.24581870548440132,2.0077599898150047
norm,0.9425339502486502,1.408111232254457,-0.5121992030286284,3.573972571419783
norm,0.05514169821711312,-0.9035340770703774,-0.798473476180871,-0.11450912441904232
norm,0.1452541211570615,-0.4709438709506339,-1.2036711711935657,-0.4183914597541172
norm,0.2666992691169786,0.7696152116511661,0.4559092997989336,1.7452511101288988
norm,0.6949062854235424,0.7179498327866526,0.41817978563359004,2.9081637675106684
norm,0.1628207103419237,0.7853792245011528,0.10335854718490373,1.0426860465236114
norm,0.7559019157060451,1.153694856665037,-1.5873305113634801,1.2015257307343514
norm,0.5050827908933591,1.3420777272818674,-0.16641490541382897,1.480049822799426
norm,0.5982439080226876,-1.288803933777809,-1.866828044621472,1.1429831201103433
norm,0.3211728562984498,0.45645214465636424,0.11415875126775304,1.1019330051957872
norm,0.8608673178884175,1.0241515190779034,-0.21323064988031515,2.541612485778779
norm,0.42155748780657143,-0.18775928709340683,-1.5449496259037985,0.5441676663989187
norm,0.623440356820103,1.7718029914330171,0.0009598103827292981,2.317349381088012
norm,0.2824463528584361,0.6077026782589025,-0.3183881970174736,1.003281473612421
norm,0.5568046961068751,0.2592512187584746,-1.979751531280477,0.9827002182999609
norm,0.4876320306756873,0.22986008093064125,0.07859689080957688,2.0787040924847897
norm,0.239136121237015,0.023890506656291277,-0.8064166607767814,0.5808700911613932
norm,0.9790135307026325,1.3196336970229707,-3.880360799874519,2.4982057772752215
norm,0.8290960109167534,1.7717598494202256,0.01054905210297541,2.790659704191119
norm,0.24779617330123593,1.18155527694684,0.14804362968451623,1.6731836396394086
norm,0.1927394297300562,-0.28817080242131554,-0.08828231151667221,1.11680172726256
norm,0.523970604590404,0.941950346038233,0.7400500413269492,1.8177360112493686
norm,0.361859792748768,1.2043204960195792,0.4536132180899879,1.5841855009652697
norm,0.9905351932429375,2.2491863544394755,0.5958717648736767,3.89685653550308
norm,0.1857767235849782,-0.2974379709527939,-0.7792724036836491,0.10886868108619707
norm,0.21433193666868589,-0.7881222444228099,-1.2171246989423405,-0.15899120348684692
norm,0.4667630192133523,1.2147920263841705,-0.29167966599114337,1.3179696290668996
norm,0.508787160083111,-0.8673740410879186,-1.3253984233170983,0.7687388729840465
norm,0.0315058167236969,-0.5538325990870572,-0.8029196302829307,-0.030944212344638344
norm,0.8852118642802896,0.5148832724112684,0.23771844913062834,3.040576188414206
norm,0.7150073814395862,0.033342958412664964,-1.1889792006023199,1.6613266276908676
norm,0.8335037806839151,-0.6450717439582955,-1.4608813633654378,1.2887534656676691
norm,0.04725829631688039,0.35891996574973484,0.08652843402552396,0.43942998303543873
norm,0.6410802636746543,1.6757410276146194,0.38192718907701484,2.723791668363413
norm,0.581764349647919,-0.6212682614644268,-2.1022142414838116,1.0440383773473352
norm,0.5906944929582886,1.093169509040139,-0.22146871235574406,2.0843360416021124
norm,0.34952959267604633,0.8634858169864705,0.7010776812214601,1.9895254228691341
norm,0.7547789308850115,0.21279103550990364,-1.7911560651958438,1.112033154095236
norm,0.9947150201663328,-0.5857596561034307,-5.576248787453268,5.498525649049209
norm,0.47051532871177315,0.7264744193780948,-0.23286942393631183,1.736848901272415
norm,0.47390446528418917,0.40375703250741596,-0.3825774342042843,1.3481781331523077
norm,0.01729678885601571,-0.4181555650404363,-0.8475878327569197,-0.3527942735617633
norm,0.8610800190696394,0.15831006390130992,-1.4498241254664024,1.307916670772568
norm,0.04831058405974331,0.34039860354519924,-0.09862781932947368,0.6308525976781445
norm,0.16668576641557864,1.1862472895822875,0.5911275672329833,1.615799007122995
norm,0.8295185555996336,1.5847494932791157,-0.9653247191737829,2.363726363398689
norm,0.3137579843094104,0.017739306495217044,-0.8712032607277567,0.340865823116491
norm,0.22458333540722974,0.45026922988320567,-0.4870748296284726,2.026721112404772
norm,0.38068416806057814,-0.4587675795482484,-1.459413326840263,0.42689339336187004
norm,0.21393999035870404,-0.8481373181933825,-0.8598685041989991,0.3932064353200086
norm,0.5643675158264885,0.3575989085526945,-0.5642540409149946,2.089273485080285
norm,0.8379934477088707,1.2900054141450976,-0.08277112183428326,3.3324474266446202
norm,0.5477333286373027,-0.8435865016480666,-1.5822704416135909,0.7590432727739032
norm,0.7391649137014499,1.7717761054729781,0.03511844005573406,2.856676082897283
norm,0.08477462554551751,0.8512765158833335,0.6476761544162355,1.3298539087498416
norm,0.5768238991143179,1.3898112025754874,0.06312074105172716,2.2785019887397757
norm,0.4734301430419664,0.745177419322141,-0.8257793885005906,0.9987244331716525
norm,0.06603907727589209,0.5938327351160746,0.6642849842553151,1.3348425319355173
norm,0.2797878161286427,-0.25003359551199356,-0.9384233448485653,0.5903722714798354
norm,0.6431769360435361,0.11722963581136892,-1.3334497381305774,1.2404204081394905
norm,0.03573387117271154,0.5935464788336413,0.2312557616183109,1.0055680023964666
norm,0.36407580176553833,0.9850474593133984,0.594027049919165,1.9201284883822147
norm,0.11928641194483303,-0.7016640367432875,-1.2307961008608252,-0.14830928074613203
norm,0.678254532633694,0.18166584532310975,-1.4087536379947783,1.794196733943155
norm,0.959403638502343,0.960951530040419,-1.4795860121172864,2.1067123796294576
norm,0.12629740555556734,-0.1902824344477997,-1.1622037209184217,-0.10876901737744182
norm,0.84186077576646,0.7110587368182308,0.02657729353008831,2.949480423302398
norm,0.2245569360015559,-1.050314692717758,-1.059870827508963,-0.022611133259244465
norm,0.6214829561769301,0.010360708296827337,0.3374692083293205,2.747998720980166
norm,0.8848599253587923,-0.10229630455800853,0.10697485577413479,3.146177881790483
norm,0.14528213842087867,0.4424280084600208,0.3352137255358495,1.2136186812934242
norm,0.9604173737892633,-0.6694043112481303,-1.6545322021100768,1.2871833199216316
norm,0.7602808047664105,2.075495240544962,-0.005801067099207913,2.717318116810413
norm,0.39500726526384,0.13945983723217892,0.5044407070356313,2.2233976136916733
norm,0.17420479055160454,0.3324797126783261,0.12437407036762066,0.9871568801448092
norm,0.23679650879473502,-0.9645512391993949,-1.1703047006368235,-0.045603930893676314
norm,0.11717745517747247,1.1031857683602362,0.5192283831486336,1.5839829097198987
norm,0.5268136201096155,-1.0290837321902815,-1.6178113801568788,0.8353738877454175
norm,0.16208463698214848,-0.020818527238223583,-0.9489544788705904,0.15632222476780838
norm,0.33327229276998094,0.18598167435133708,-0.577739266039812,0.39459331858887925
norm,0.4752701192277151,-0.7039934303402496,-1.2873631140860913,0.5049256216746301
norm,0.7918542580616366,2.082229254753634,-1.0976510928984597,1.4678987842478148
norm,0.09716335829604228,-0.43215945327109945,-0.7256153756338399,0.0517546821519122
norm,0.2702546842618644,0.36841970305804633,-0.6941515247268049,0.5728826256823079
norm,0.573714179260301,2.2490733927093842,0.022886178620938225,2.4031780654388153
norm,0.4829434973727118,-0.28482533542896593,-0.7142426378444446,1.3551861350430803
norm,0.9489541381429047,-0.24478113335162122,0.45698056870535475,2.835511960823527
norm,0.8393100463680054,2.3256403437096136,-0.2905232921841552,3.1593575201440265
norm,0.9065663140895851,-0.06161335901864884,-0.9905382658729035,2.518703473061216
norm,0.33867061716789215,-0.054503650981747476,-1.0314656482786027,0.380808241948725
norm,0.9750302121649187,-0.25333867022625167,-1.3904052935799958,2.18781110356838
norm,0.8923210309066283,-0.37283657848548646,-1.3473605035914558,1.8990688415400316
norm,0.9465116201403113,2.3571018446882004,-1.4448439350399591,2.1233810166955918
norm,0.07542419996749039,1.2734505976124693,0.7862911010016441,1.2862696037257815
norm,0.04456189826054602,-0.965175167876973,-1.1254479139230296,-0.351135673144874
norm,0.9442059158691292,-1.1733358348617502,-1.7767654801179387,1.991616243991989
norm,0.9838996526239204,2.205613823196126,-0.6236408272238898,5.288015132962347
norm,0.8557056245993668,1.7199714390815373,0.4695787391835837,2.9032505547962035
norm,0.3558538441694602,1.3326397368936092,-0.06520461074199002,1.1561660082194387
norm,0.2610633156914317,-0.31364497464640156,-1.152283583196631,0.28219292205068586
norm,0.08040339229601634,0.9115198200275197,0.4680513319687446,1.2974965740525115
norm,0.417485116185882,1.6139813962468794,0.42104710054173855,1.6971089844920706
norm,0.4022976589876509,-1.131861807763578,-1.4576272830821053,0.32089445247637083
norm,0.5448487001004128,-1.3461278099890892,-1.7904281368524488,0.9430434415387325
norm,0.9160885727452759,0.3047611788345561,-1.6635624151284265,1.8692499459731668
norm,0.07472419146378007,-0.2853564175237464,-0.6668091778396736,0.022804140022359254
norm,0.5837661994569547,-0.3664466875221374,-1.5086558675140873,0.6825651031819241
norm,0.8279024040863584,0.5419325998736295,-1.7276151901693388,2.346631638404892
norm,0.1603954523326041,1.0518668610799458,0.5998196687300743,1.3403584006975016
norm,0.193161010857404,0.25756394848015707,-0.5026340166634403,0.5582875139134341
norm,0.442871070660411,-0.5978838072924222,-1.0664534996190134,0.9083171978365774
norm,0.9200972969378612,-1.2595451191988754,-2.0407145452343567,1.51308483559882
norm,0.607117490263487,0.7851155770958343,-0.42423338026039503,1.9862961323904507
norm,0.5595341176536711,-0.018212725945927044,-1.4058277501826568,0.9936692227546008
norm,0.9505681259524819,0.40578853162559836,-0.3211503856382092,2.7497610334940576
norm,0.9589617310001548,-0.7249873311460795,-1.8182552917391182,1.870336456741674
norm,0.2436977369410699,0.6756071843629385,0.2694267483820526,1.5318726984116227
norm,0.951826456726536,-0.06384053127720879,-0.9942965262131023,2.3714738955637786
norm,0.4767448454665594,1.0417657949237138,-0.2323388690420377,1.432760804052318
norm,0.7454054877714422,0.6342241590357781,-1.3115175848173743,1.8873704345767774
norm,0.7315057746477246,-0.0074260355610646644,-1.2942413691329167,1.3020593588842444
norm,0.40500705554035665,1.2440161743391889,0.4268109493045329,1.9558604949472906
norm,0.9624522450122918,-0.7436323418777631,0.10706972811624671,3.365195879645233
norm,0.5728358681001704,0.17842722510684306,-0.2633049539005984,2.100216030389303
norm,0.2197106206729762,-0.35668745407573715,-1.1726634315297548,-0.14626759528935862
norm,0.16595137214556277,-0.37165150095132626,-0.9878075195096181,0.3163362535599535
norm,0.12711958207372898,1.0118681971644066,0.31007139550532464,1.047008504374991
norm,0.9695709474187504,3.612504181265285,-0.8114199692778243,4.568541533131848
norm,0.3020284659365031,-0.22182569922138906,-0.33210372218372125,1.0361582100145672
norm,0.6238875594207681,-0.03264101720639129,-1.667866513248724,1.0128078185764635
norm,0.43206341184249386,1.4247366647418938,-0.01712520126627326,2.0340356505188586
norm,0.9483681920574761,0.5990943489548123,-0.2970400635024173,2.7560974900082114
norm,0.6958895840835092,1.6712942140994538,-0.10187262461586455,2.2091843874496035
norm,0.7581592922687955,-0.16267223315136037,0.1932079245037428,2.634107864882985
norm,0.8036051831330396,-0.10973478184125834,-1.4871168053735742,1.263100027226199
norm,0.12444659228321253,1.1193941442055495,0.4397380520218394,1.12257210384122
norm,0.5345390876820666,1.1223393072229566,-0.25030800729426717,2.1731033217997533
norm,0.5360024396532045,0.2569132532873081,-0.8857546083808034,1.68898743958116
norm,0.36396128820758966,0.5597737917660708,0.15968394704130418,1.3411118843018932
norm,0.680746046685612,1.9541237751167744,-0.21061904652538344,2.2796361047850957
norm,0.7154149098896188,1.1458676356746853,-0.7160495388424053,2.5923591313939376
norm,0.6581226644000491,2.460150422458408,0.5218493060614267,2.932378818712272
norm,0.14125989713289644,0.38943298948878285,-0.08010601532314227,0.78486089574252
norm,0.012556268769121415,-0.6929733693685539,-0.9661434479743036,-0.19747584043411348
norm,0.1990093038407743,1.2895615648028507,0.5050349676720851,1.4263057409438344
norm,0.5325855916301447,1.2564022603019522,0.2522527365584595,2.288367522333813
norm,0.5312873299297654,0.8504031904740373,-0.39702284809984045,1.939810223988525
norm,0.3794581802914141,-0.5867827348752197,-1.5469546177950582,0.4318305187329389
norm,0.06496615259301586,-0.5725518716536302,-0.8040534173424325,0.055044733949852875
norm,0.4298310949703963,-0.3509582450887254,-1.386682172049822,0.3475711309192743
norm,0.49467794381996755,1.0948372124441874,0.3056043020942203,2.06164078813754
norm,0.7426461313731626,0.863188148928852,-0.34056357911260404,3.623864781221153
norm,0.3003572265388068,-0.16151367104941405,-1.215323600051717,0.23126023732161066
norm,0.5395655976924243,-0.04063618274751049,-1.6806800524542365,1.000613196602705
norm,0.161481768746077,1.2687447047149498,0.21000335780475132,1.2679443809076558
norm,0.9040679059617419,0.10751856840919126,-1.9691221231405522,1.6183147123518198
norm,0.7581943883190569,0.010980219685992387,-2.1463168769367504,2.5183729207359455
norm,0.44565310953785575,-0.3078074202850065,-1.2906532947218652,0.49054219007207345
norm,0.9847549422379193,1.3996621613540827,0.04320145830982658,3.37044446413712
norm,0.1809354344511659,1.0471209784646447,0.48193517556113574,1.3578073325256743
norm,0.8336680890754578,-1.1940875429995492,-1.322793518746567,1.7726949591015395
norm,0.5655930407991556,-0.4522341471118652,-1.36418493860776,0.9095147346058357
norm,0.21559264111474585,-1.4393002055675348,-1.2727548457797184,-0.25405692538353053
norm,0.3487167050399891,0.5111205268404476,-0.020491992857341934,1.406169414366506
norm,0.1965583398475349,0.6827838324917919,0.5988936447875182,1.3044103179462931
norm,0.5772935726788426,1.6235397826124431,0.17007139740060517,2.511249944812316
norm,0.2068378428019766,0.6605460509700314,0.12104400948690874,1.0553044053132368
norm,0.8977797008254284,-0.4516057548880735,-2.3387650725242692,2.3718782478758587
norm,0.3311080299252879,-0.5293718622108989,-1.1995540461387364,0.14238199560603138
norm,0.9219343286580709,1.298277891788488,-0.50522826291855,3.4324304929795595
norm,0.46200517435469457,-0.009398125217884079,0.313181784030953,2.028955308581634
norm,0.42062164006347513,0.6856643997042914,-0.11375051737129505,1.9108505492515828
norm,0.8562521279733383,-0.14361577245786267,-1.1864133578707814,1.5783443923456755
norm,0.14504915221780235,-0.8608812864893811,-1.2473918910368174,-0.2671184631890611
norm,0.25963206069211475,0.6733479704122564,0.14437388956167663,1.487648683470812
norm,0.7501669192676728,-0.4673468702557999,-1.7720417608121695,1.1685657939178316
norm,0.9795620629542624,0.2903795515794537,-1.794586470329055,2.8383667029418933
norm,0.7588382256747316,-0.311532371643964,-1.218601965280464,1.5194772464547586
norm,0.33635480411805263,-0.20425698352456192,-0.8091442361561406,0.7099160190980488
norm,0.25355920464655946,0.7299655933675131,-0.7238022573097528,1.5910495607009203
norm,0.16653258433261697,0.7426398510233567,0.39957474064115167,1.1660934385538368
norm,0.7738559319721093,1.7964613250249941,-1.2075726840343508,1.6628193193989413
norm,0.8552625163537663,0.8045197831084208,0.13442714138347633,3.2115169009509437
norm,0.5392537668030708,1.2124148770120398,0.1854268603421596,2.518020242121799
norm,0.20002014416237646,-1.3810984510778832,-0.9053480194858188,-0.4915736354497538
norm,0.4848248561010954,0.5541609559054805,0.6163179585249925,2.3172430796658263
norm,0.07184521538144784,0.5717145036665494,0.3952794481333046,1.0512591310510517
norm,0.11600406545500963,-1.0206281471334324,-1.2064112467113375,-0.20505518164704895
norm,0.27008398532856015,-1.2416843193323897,-1.2922355765115758,0.12003831371575191
norm,0.7040106556904132,1.488534052187362,0.43925187532299903,2.9520474151535026
norm,0.7698993539042881,2.385744453202201,0.028482399574518924,3.1992716783983717
norm,0.8129316805599519,-0.5478323158633899,-1.233657191882403,0.8722372261673497
norm,0.9989446807400606,0.33499744247670704,-3.0197286194402553,2.304744639179593
norm,0.7044296016358768,0.023751110763196637,-0.48698400663380925,1.6913050807704342
norm,0.27849310809217886,0.044462336768436306,-0.23683713747041352,1.1265010937434146
norm,0.21861157499901263,-0.7626535663955131,-0.8692054292379459,0.10365156995192065
norm,0.19397338867550795,0.7335741026697192,0.0008997389002610157,0.8796260458998326
norm,0.2489147413730891,-1.1270010163095794,-1.23140264696714,-0.0405767725999312
norm,0.3945296518685596,0.9193203896397325,-0.06351668080903239,1.543838324566763
norm,0.41715139184468897,0.22469943104483203,-0.3867689518645564,1.57415662677972
norm,0.3971778838450025,-0.14745139471288027,-1.3298408867994809,0.6332734095655975
norm,0.8180224900355451,0.8059839029467435,-1.046024365633556,1.959636553276694
norm,0.4625558378536019,-0.6877767472745838,-0.7535450580748235,0.9978843646361397
norm,0.9288765195379894,-0.1011257357087546,-1.6488989484379433,1.624660332238665
norm,0.8911894905878837,2.6722294612888957,0.24513628936238074,2.906950959359776
norm,0.3732715539485667,0.9336270199676263,0.38637417061508805,1.8235484089711316
norm,0.8331112046598447,0.5427670238662727,-0.7550893594479805,2.4695227854143877
norm,0.4356469453418528,0.7749767682620745,0.5462976220840423,2.259398510075485
norm,0.19149818468658453,-0.5247072383193699,-2.1221540704520256,0.0686807911259133
norm,0.6549136053878333,2.4674406983506936,-0.1941339149243858,2.1808778954538073
norm,0.6554661152547755,1.3581113483489256,0.4110162257425871,2.7234669045197473
norm,0.5007167581157731,0.9980276642570844,0.5519696450367267,2.3776091382572164
norm,0.9156036832919585,2.3404424131545865,-0.6131340393858722,2.8726276259687014
norm,0.9117698417070059,1.6216641369262348,-1.57710347804086,2.032906293588508
norm,0.22794258466278283,-0.5764410596910239,-1.1011864818180217,0.0038988297534356953
norm,0.4352028683986868,-0.12398269005302492,-0.420213036885429,1.430493905979361
norm,0.5970947238374633,1.2929104784326446,0.16442239990250274,2.533447497318947
norm,0.8621422417971013,0.22307910058515146,-0.16667814008300375,2.690742734401012
norm,0.6843169806428375,-0.30903359315758405,-1.4828440450045675,1.0506567528462958
norm,0.8100470805004522,-0.646316377574979,-1.0668083796874492,1.2991479462878488
norm,0.9023930212795085,2.5670583878467483,-0.8730448192586618,2.313328366552527
norm,0.7966532354392304,-2.2703184187793073,-1.0156664634595458,1.7492417760425831
norm,0.613473668670956,2.0068916717581695,-0.3296901436832602,2.4434946529051578
norm,0.06348774594114803,-0.001656451255866177,-0.3009219100847149,0.46333428084944284
norm,0.7606193795895314,-1.3786761094430617,-1.9783574362297793,1.0490196427620373
norm,0.8335173309505698,1.7881863021750455,0.1734564193273398,3.103581804061805
norm,0.13780312390437466,-0.9006606049029623,-1.2136960318223702,-0.36278875301058877
norm,0.4649081355041189,0.23993763782779565,-0.2085686124176438,1.6852284272086295
norm,0.9761456312786861,1.677459077443455,-0.6525523116244887,3.9050409175596723
norm,0.3747149094835117,-0.2002791213103121,-0.5848519779765805,0.9674035174779531
norm,0.08849524247656315,1.1384275383634055,0.6265202710741276,1.2943782095104142
norm,0.7397534311749286,0.3536938423562769,-0.7984034293675066,2.2679347687032445
norm,0.20769772838337108,1.367556699359603,0.6637681992753144,1.5602994249012758
norm,0.16819410827075576,-0.05976618036964258,-0.6927145148289011,0.6634404491875261
norm,0.473467503457249,1.394958709875997,0.3869829986705283,2.07045539118594
norm,0.2773710569599369,0.755467231566475,0.2220453759592057,1.552062515893105
norm,0.6995855568542214,0.6075372223174789,-1.133507085479802,1.078323951474365
norm,0.4575108465583866,-1.356788536754601,-1.4679439170863628,0.34588008056541153
norm,0.09399345579185614,0.7682072008254044,0.3519935862008419,1.0171049831039456
norm,0.3304440490043712,1.0288860241266515,0.5312931440631337,1.7157290615757637
norm,0.5228977486435876,-0.35317531351858733,-0.9847317584016968,1.0082414604787435
norm,0.9229410563630005,1.6585353518857373,-0.2524622964099228,2.909997449273639
norm,0.13524635862358503,0.019499364918848627,0.039112854922062956,0.8856621637485916
norm,0.3581770233557856,1.423765909082714,0.8571154803619561,1.870218947666065
norm,0.4634601087263317,1.0767694006901634,0.1549050792659754,1.5558635137142083
norm,0.6617022901262629,-0.37904352033931854,-0.48277701951601004,1.9881274271502325
norm,0.9984755749194663,1.536427048816555,-0.2381745388742751,3.3503870326292544
norm,0.6570230495640829,-0.6946192083453122,-0.6400400528684131,1.739286362390732
norm,0.2139206477118426,0.7534044491798888,0.11025610405248565,1.0153423904863845
norm,0.9550522335996595,5.226983288426533,-0.029686226450496456,3.625781915915353
norm,0.7688674256708028,1.6510854199491223,-0.1785598574784344,2.6785943992651298
norm,0.4865091755040365,1.072508613465716,0.2589484862102398,1.9155360813252131
norm,0.3349272040210638,-0.8808885255073076,-0.8335732086568288,0.7342040434842898
norm,0.2735729528908577,-0.6649462907393183,-0.432342340996709,0.5476373708397979
norm,0.39056250797478076,-0.5296396684517009,-1.365291387534934,0.1496718057299562
norm,0.22335368672268263,-0.5104605478897649,-0.6541038440853482,0.2113615777249375
norm,0.4723277457621101,-0.7452405770364608,-0.9835802022523525,1.107876964080197
norm,0.19689727724935902,0.9367769075975846,0.602420142053206,1.58935030922424
norm,0.14554292414338266,0.7281105504123571,0.48986191515704436,1.347838677331609
norm,0.7713848310193251,-0.8720025434372725,-1.4602770780999856,0.7906592007587471
norm,0.17945212401829003,1.0546925246503285,0.641452267110097,1.5332074803032794
norm,0.6306128201617963,1.181787275623552,0.11045455785087044,2.564981664230139
norm,0.4519393624675093,0.5866324446316433,-0.3813014320758904,1.595005291091773
norm,0.8729722805663725,1.3810473555737275,-0.361932363463368,2.7329905163742323
norm,0.7132595153669183,-0.9906896566399818,-1.6044797773003763,1.1078673378057975
norm,0.9968672322349393,0.755375075982437,-2.0413850276137167,3.7517006309072904
norm,0.13011172908029478,0.3270667015346958,-0.1836062086087208,0.7420032263219334
norm,0.3966344632789217,2.2117919817012575,0.47388207092683454,2.318896791127596
norm,0.7677737746660973,0.3181461101456883,-1.7856910859464086,0.8710911583280715
norm,0.9608398953577026,3.5187392461736042,0.04854044514993805,3.282783903649589
norm,0.8517531992064277,-0.2923166489503408,-0.7389578632400088,1.9112547107146969
norm,0.6206692205101966,0.6423835901286272,-0.9701070465002362,1.11687291295399
norm,0.9468850110798097,2.4584036374133245,-0.3107027417642505,2.79929918437298
norm,0.5184029555472355,2.3285623613397464,0.5313487852154176,2.3245164784285905
norm,0.2893640216516491,1.3963217397382637,0.5659290731107923,1.9707353586103364
norm,0.10422427973731863,-0.7124517000154129,-0.9320496013529822,-0.27425935229076887
norm,0.19437282615771412,1.066843194837789,0.2786352711397182,1.5004621565993135
norm,0.45108883919458853,0.11614019086455628,-0.9114508992940841,0.9843656018072445
norm,0.749281192429061,1.5190086656203334,-1.8352730085288602,1.185830061645635
norm,0.72084171412141,1.392270210270505,-0.20422676551834562,3.4413295252411062
norm,0.4984025183254964,-0.6946435657839796,-0.2930737370793377,1.2734286153487364
norm,0.43368014636013885,0.827116250398937,-0.3533317788462882,1.3591121392680694
norm,0.0027292331624558797,0.9686273948736299,0.7407549253649317,1.3007820736919422
norm,0.22155791826807458,0.9844487504769094,0.7545426912117477,1.6713859900669314
norm,0.9397011850255997,0.3640330999061302,-1.871005033699822,1.9112494368264918
norm,0.9976061630194605,1.9569831887992633,1.8711163823298254,4.828650977363089
norm,0.6648462206068516,-0.7006985695802321,-1.4608308918608877,0.8314614095423527
norm,0.7894044257818147,1.3364493231835781,-0.31463166141531207,1.9635656905226524
norm,0.6867767766150328,0.9382274640305466,0.34617162882158437,2.774463397309649
norm,0.7250034544473067,0.38715654167561314,-0.8165715003150283,2.485047860737767
norm,0.08043785588201369,0.8842412092068959,0.08367048208161798,0.8588260067639969
norm,0.35231541583435777,0.9960187428251308,0.20162169612104708,1.4535258137276752
norm,0.2608449483875893,1.1309868751037009,0.012379770934115908,1.9491547294480611
norm,0.5677160335881564,2.092898577189563,-0.18520917209693988,2.070818991519941
norm,0.401873452081843,-0.42298916699613276,-0.018404223124743435,1.731988227422988
norm,0.5050825646526728,-0.6145883456025438,-1.6323263082981034,0.7373120590656232
norm,0.06553455620707738,-0.6481749758173672,-1.5065206987858422,0.12062802586497423
norm,0.5032444427886325,-0.6171403145545019,-1.4511804633019745,0.2119542642695723
norm,0.7169192386450778,1.9237126942493483,-0.06760737285035034,3.283569692085955
norm,0.6421193281955451,0.46845492823982104,-1.6451123189065484,0.9002032856165577
norm,0.1307874640799962,0.8858079734350475,0.5331802673036823,1.4606588072587274
norm,0.7151116389135372,1.4770578658493867,0.13743110289310434,3.1754681513235763
norm,0.6762987071445838,1.4334921175819775,-0.4584861878977641,2.115916073702086
norm,0.8258194795944852,1.182110248108418,-0.08955967912962937,2.8639863113019715
norm,0.6608670374557433,-0.6329343678851035,-1.4056231105845074,0.953170550187496
norm,0.16334716419702122,0.44154646770205164,0.08941056016323612,0.9858516710855375
norm,0.4852806343875298,0.20197578378777836,-1.3363663897010198,0.49583050425910613
norm,0.48816438898077474,1.2216639485092111,0.14102405232530146,2.142668903689251
norm,0.13303768482585565,1.3403657633619916,0.6386724027114805,1.482810255983363
norm,0.9670757833779041,2.981431378447143,-0.03624454012533196,3.392421943882529
norm,0.8908763538256103,2.695383055205814,-2.463281953068795,3.561533511076097
norm,0.8703466598649628,-1.2433169940503588,-1.5302935504271817,1.5473940721539952
norm,0.6171400459484916,1.4901431901402804,0.24315123110766668,2.473750501174375
norm,0.7449825022757632,-1.4082673967411665,-1.9377478776471824,0.8573033296253706
norm,0.19451303832502853,-0.23970093013072777,-1.2021826498463157,0.014674512215503643
norm,0.035662699157141264,-0.8720472777364368,-1.201654570405967,-0.49355072793961174
norm,0.640973371626456,0.4699415575672504,-0.20540973065543588,2.1507303238214757
norm,0.8992769610128962,1.9589669439716917,-0.3171417334734885,3.8707517889928216
norm,0.013505625181711278,0.8211246636878002,0.4798400664055575,1.2477492378730302
norm,0.15351706192104042,-0.19928538421176384,-0.8558719293222332,0.2187578152312269
norm,0.15893173370428093,-0.6433944228587446,-1.2304235183390557,-0.19316426163870293
norm,0.3345067444237323,2.3475139751921716,0.6428915852000182,1.9728437420820932
norm,0.7409517275723284,0.8769000485971398,-0.8302062649320721,1.6657473926708437
norm,0.5915382740609283,0.24937608833563912,-0.08266296769464254,1.51179646924508
norm,0.33744459010130234,0.19978549991986794,-0.07516029433767946,1.093669868477712
norm,0.604019274156817,0.12433223236144528,-1.2621007442721666,1.461964303872495
norm,0.04509163145813955,0.914269853154078,0.44398960467100096,1.2258162835272846
norm,0.9186003044804201,0.08348824998741322,-0.2891229600744618,2.715166889667234
norm,0.6129792290910785,0.33770177828731673,-0.4138477957845629,1.96557038837466
norm,0.06439836676083788,-1.2080186027760993,-1.1850858016365249,-0.35431382736035505
norm,0.0009176138062261252,-0.9313696574458792,-1.2917266061519062,-0.49480179871187546
norm,0.49001424304108976,2.114828856360109,0.6344464120316844,2.3353715331725184
norm,0.332564841005058,0.334462207416959,-1.222556904614662,0.18883683211981594
norm,0.8474024115588231,1.7149539298556262,0.05491704041468215,2.7798620299267895
norm,0.11504880426796038,0.5245067761361072,0.06362004551251316,0.9715630956742141
norm,0.6965373679474597,1.1542360871519803,-0.38718117554803766,2.1597883836941145
norm,0.1639346857583881,0.052564291393679415,-0.579457394155761,0.6372494664685779
norm,0.1766935444380351,-0.6838456600258227,-1.034898863002217,-0.1549906389087512
norm,0.2523354498118692,-0.2520482234924874,-0.9008537572256126,0.20475077836646838
norm,0.1679302089436452,0.0256789081976736,-0.628624746979769,0.33831213735705423
norm,0.1534240847646523,-0.46931186132534997,-1.196560028243412,-0.2521043134236958
norm,0.4906374917638554,1.1726996606018467,0.4207022826931992,2.4027528639865583
norm,0.3309200549785015,0.38952020585259045,0.10301943115274381,1.6063112860008641
norm,0.40152204145783155,0.23609752418635535,-0.5942652643524955,1.0192729586624056
norm,0.8402255333378772,0.8889849569559581,-2.2842667496638893,0.9103669523794745
norm,0.6637797020272846,0.23867687385900932,-1.0045833330459775,1.4973078776016633
norm,0.36571115716417524,-0.5344473724043903,-1.1982202044655252,0.23602865163136255
norm,0.424178942908228,1.5522275775303107,0.6463361437989616,2.1619112302165764
norm,0.4381520556305817,0.5825029556927841,0.5007295918652638,1.7251839901286887
norm,0.05203001171473809,1.08701943889765,0.6194121710435838,1.3351485288089082
norm,0.5116748139828865,-0.14645302700976603,-0.5471184049597537,1.319067079689033
norm,0.18863187301158957,1.4302530746270126,0.7160716830322694,1.6205482442238464
norm,0.3430689063795195,1.6504103800392782,0.6517729146435729,1.9553560912776715
norm,0.16402263244150117,-0.1976586288560833,-0.5625880419895304,0.6122642463701367
norm,0.6789955894422691,1.3009138134935525,-0.69764490242655,1.771619647775767
norm,0.5107507398833409,1.8753780839122078,-0.20518203840617633,1.752347583728557
norm,0.6063625037620705,1.9078165613524662,0.18546373782283143,2.5959932504736773
norm,0.07921685118916266,-0.9694979158440282,-1.1594079834925048,-0.53270441988435
norm,0.05911092810656071,-0.5063869290674226,-1.0873180676863683,-0.2246119091404571
norm,0.09415043278605284,-0.5891856406825363,-0.9153174821985561,-0.2832403026893275
norm,0.9121434809715595,1.2551804806244022,-1.5472389020228914,1.7032823020614585
norm,0.39635171013422843,0.9107970318751768,0.017856556087876285,1.724167790016381
norm,0.7863696196505832,0.4860528584927291,-2.018402088409867,1.339586079812177
norm,0.05736770847311168,-0.5788813580347474,-0.6726525800944201,-0.1017318652322326
norm,0.020327816411665145,0.6294912288523501,0.3691848154094271,0.8600847446390056
norm,0.6275241479291913,1.459826914576341,-0.083239984403229,2.817153420695716
norm,0.08336000975754954,-0.9832177594922681,-1.1575323817376908,-0.31146704948443843
norm,0.05823649895114491,-0.31590034314980514,-0.6907292045410613,-0.026395383588531385
norm,0.596450081858689,1.8946157072367256,0.025244330112871083,2.371869028301681
norm,0.6734128584634679,-0.21898386725464214,-1.019242760780819,1.288630931844426
norm,0.6736531117663622,0.9171201182215765,-1.1201129331723603,1.92464461002731
norm,0.28449859986336345,0.6342235702405905,-0.7414494002567261,0.5261901879235801
norm,0.6154400576150233,1.1592784754269088,0.28446963627074373,2.704051236688455
norm,0.7137125362598177,1.4966359871681467,-1.8997353260121328,1.7743630970914575
norm,0.07532688509717889,-0.058797058273796915,-0.25390204740355315,0.4516839315317248
norm,0.9239518054372878,2.8109169725438155,-0.30620199283432736,3.4870682813188103
norm,0.24450937271188433,1.6597335012949312,0.228138290837537,1.5773830146848655
norm,0.6865541970590736,-0.22840501358434206,-0.12280713184741843,2.175883661729129
norm,0.6853846685134422,-1.0761719124325544,-1.4918431245029056,1.2484338317074672
norm,0.013901402699920906,0.610979617714938,0.42914313711454666,1.0958102132121532
norm,0.6994042236319652,0.3152233034996069,-1.5975466137838876,1.1266596457803089
norm,0.14354512481237502,0.6938359915265143,0.14119626412568603,1.051889307773363
norm,0.7915317956494554,2.438971543524777,0.16659232571423654,2.6085053323285794
norm,0.820340627982007,1.356267556732688,-0.6390713211269339,2.368228274685941
norm,0.0054179680316638335,1.0204311246325104,0.8042708280812085,1.3435552721119495
norm,0.8635882375277301,0.14525980208930045,-0.034383893429769774,2.429076186753549
norm,0.02797911160587463,-0.6870028009074038,-0.9638118466124793,-0.4209186077280104
norm,0.8542736755624792,-0.9967719957413509,-1.5964877546185867,1.4548490137712766
norm,0.01067689149242812,-0.6670442263940228,-1.0919514054367296,-0.4504521969032094
norm,0.3246568005718655,0.11366507339236928,-0.4620353466206847,0.7129183529859192
norm,0.808267815472433,-1.0726050601175703,-1.3166501006702602,1.709401000516778
norm,0.17449847670227214,0.8164168276406356,-0.08741653667196236,0.7450635968985752
norm,0.726972427172918,-1.2692675248915066,-2.2872485698767,2.355180807981014
norm,0.8369398790772807,1.5683087971399514,0.00966053017845292,2.825118540163019
norm,0.855126205243076,-0.4669724361708769,-1.3739683960784486,1.5934800329737377
norm,0.7580664470359918,3.188560867888868,0.19438789265419376,2.785485361666602
norm,0.020306286402540952,0.9689639040668008,0.7283398645271124,1.424830606230543
norm,0.3955627077365145,0.17000892481826516,-0.8584658325310743,0.8226123783290988
norm,0.5065536300251515,-1.0071582175792182,-0.89843141108424,1.155540329071718
norm,0.9351580696774291,0.7804445785452236,0.08929309007336395,3.4866832759843875
norm,0.3625525441858246,-0.18494245727017894,-0.23885272503815108,1.0617650409703372
norm,0.0006378440396831442,-0.7566025791545072,-1.0807012556377116,-0.4369895633328824
norm,0.7043245772642021,1.1907324776051171,-1.108874846111243,0.6452187358638607
norm,0.0372918554001751,-0.3202730871764732,-0.21678910002921103,0.43011200939397753
norm,0.1127563553054185,0.31634773298496616,-0.73429017096414,0.7507528205390858
norm,0.3199110780092098,1.1760363469149904,0.37432831360176844,1.536232378873415
norm,0.1099822240411863,-0.9927702865496114,-1.1382681629136011,-0.2852840756914005
norm,0.11204448291441449,-0.7002296319201947,-1.1201153997646838,-0.2187851543789296
norm,0.27541556128268596,0.20695274470132674,-0.2860091462871079,1.1112827011343083
norm,0.33581106977105724,0.8734441398411137,-0.15154104619929898,0.9881056210942116
norm,0.9355535550210003,-0.2624148059906687,-2.157320736982139,2.0453465162262625
norm,0.6292186674626564,0.31028717395348737,-1.5781107199087518,0.8187006341423744
norm,0.5037878469383437,1.0288214854840594,0.1505007420169593,2.1879196094579996
norm,0.43842821456734615,0.43623142188972885,-1.67051107280964,0.9785704833776969
norm,0.2778252850333306,0.34464325662710316,-0.23746585179172397,0.979155769563946
norm,0.17576478273325236,1.5532943401922268,0.6248185100306196,1.6397618349119158
norm,0.25559390983633046,-1.0421393958683027,-1.3659637441839485,0.09147926747400603
norm,0.9608985227547919,-1.1848190207890612,-2.1818160397952133,2.5459893193350314
norm,0.07755269369343054,-1.228963688170413,-1.077828592363662,-0.4482324057138495
norm,0.19035735851971747,0.30024084557982195,-0.13588528329550048,0.7973551567388559
norm,0.4734415218907745,0.47097420837031434,-1.4578199539876155,0.6815908570447242
norm,0.5245407874968766,0.6774778089537993,-1.316518715066592,0.5221024826101741
norm,0.012292459024734859,0.45916825820432494,-0.12891886810208752,1.3115994685588075
norm,0.6813733464335189,0.4568730592526833,0.4332205625766199,2.702541796350736
norm,0.9906732538487453,2.0146429460136384,0.07760944140849224,3.7468046411517393
norm,0.7524926856031713,0.4860873083786753,-1.8788644469293647,1.2597444422555713
norm,0.9734038530873257,1.0737280878293456,-0.15479725749275297,3.2619969246963985
norm,0.16683774215790848,-0.7881765638975906,-1.5878894889419897,-0.15995874666999732
norm,0.507587794297879,-0.22255210235298742,-1.1820783477555856,0.6023221653717643
norm,0.4834422035442868,-0.08317914480995503,-1.2289601402575567,0.8299097179274371
norm,0.03432614848681326,-1.0470030084346584,-1.0774300571421538,-0.475161321348273
norm,0.0025127055186340286,0.5150049389097549,0.32390103494479433,1.0237534413963685
norm,0.7961505126343288,1.5254993818361475,-1.348074117087921,1.2959667644806727
norm,0.374022825243327,0.024642352307932214,-1.5040959682185784,0.5123653992814801
norm,0.29373394806430575,1.1790046090603556,0.617389113823728,1.8046411753769664
norm,0.6379115736413323,1.721463754832285,0.10310124589538061,2.372422479669497
norm,0.4376057081060628,0.7501883677954986,0.3611798599608115,2.1118758212986424
norm,0.6758717814237848,2.0422681765359045,-1.6018881237176554,0.9099408070288222
norm,0.5199016820357728,0.08265339399601317,-0.7873882978432494,1.0386008107368054
norm,0.12011491787896844,-0.7664158349851776,-1.072435388041478,-0.18960612591734743
norm,0.7812796820948039,0.7338623368395055,-1.4698885533186847,1.3207701716992095
norm,0.29145721743225306,0.9133471992663491,0.3627021382244958,1.6926542951065708
norm,0.9113742739151202,-1.2771862707399717,-1.8265919074399943,1.3718289419622174
norm,0.4312926859463623,0.9722954764680556,0.2560850958320453,1.9871868805661321
norm,0.8658179029999113,1.0747695138536884,-1.11212257284344,1.462185613680786
norm,0.5291307164923355,0.4082647780764194,-0.9035798869516364,1.7538173582123666
norm,0.5836878868490981,1.121615012421231,0.3279109208802773,2.563058135242744
norm,0.7725754668348023,1.3083201643552234,-0.061524990764685095,2.8459689279049893
norm,0.3005090487080534,0.726887372906881,-0.2944822147490499,0.7607241087823492
norm,0.892652751226949,1.6446568951180474,-1.119743318867896,3.9246078376494182
norm,0.38035456893932096,0.9962919237277843,0.40247750218653067,2.2673144443611446
norm,0.11941502617459199,0.8353700630848327,0.5719340649429385,1.5043756388203156
norm,0.9387251866745052,1.8169476144731673,-0.6025432954106382,2.5527859513393834
norm,0.13980746531923405,-0.18425165663250087,-0.30313306821526725,0.6229157509712591
norm,0.8511262440207783,0.4571909936766412,-0.5985152082714973,1.449164716678908
norm,0.39360057855188113,1.577666887380864,0.2902977479479709,1.8998492399762155
norm,0.9550186638653891,2.070297173219111,-0.840739393333893,2.7509016135782884
norm,0.3014505286912731,0.23567895609333575,-0.06836921713020938,1.3103963734622264
norm,0.33279286330768987,1.3326186125573911,0.5882799239747527,2.0005538142020804
norm,0.7355128853165556,-1.9771207215479771,-1.7985068709375283,1.0970935018147079
norm,0.29479113359357745,0.17371180185904617,-0.36298027421802037,0.9410507438380156
norm,0.5188877632776641,1.1071398604598939,-0.4418751373385635,1.2538968917941342
norm,0.2238251228572382,0.48001220671278244,-0.060957683282653,0.7886263403660783
norm,0.6862699485528159,-0.2835575604105034,0.04934145867591222,2.503097078505273
norm,0.6911976245047323,0.7397884635884713,-1.4984072866464375,1.093113781373821
norm,0.2782782901046652,0.8653870002217106,-0.010372770840874401,1.178409422929486
norm,0.32148268336097674,1.1678643100150696,0.14075756744013923,1.638804108770198
norm,0.7961493402470035,-0.1324891014296241,-1.4802761757732834,0.9152972703493174
norm,0.9975119780296448,0.0366645553365996,-0.6209152466373733,1.8572412930298658
norm,0.06557588962305894,-0.9096792747322497,-1.1328693391223479,-0.407521863957458
norm,0.39487612837226016,0.4352031099598195,0.2939161682466346,2.2293129124977917
norm,0.027665260362619404,0.19495617090790798,-0.4281076667579713,0.5876565584235602
norm,0.36894447801484553,-0.0635654518245915,-1.0807059358002324,0.2406656443731317
norm,0.24589786260811852,-0.3990403720452921,-1.117062760352563,0.017921758158976453
norm,0.36901258335957055,1.8659852091114462,0.455756270694505,1.5883493186930524
norm,0.8895799487154306,-0.07585133916761011,-0.953205029655882,1.810749399412359
norm,0.08810709095058156,-0.5345123953881822,-0.7980727625365215,0.08211206080088607
norm,0.836385719537648,-1.5752159801771013,-1.6899714771354275,1.5177547326571266
norm,0.19793302580883532,0.8409155369367759,0.31340103802501973,1.465696389714012
norm,0.6251982677731172,2.262165348221475,0.40676751711612646,2.6373667871828346
norm,0.21285893304675296,0.26410702200818076,-0.11892480979410686,0.9595414958412134
norm,0.9965040657889324,0.8732492594371081,1.0606021825527998,6.228718169874025
norm,0.8875382820921803,1.5772425235600436,0.18501769960793069,3.1157635356986653
norm,0.48298196751377365,1.3616881514094976,0.2957421453643633,1.9769012998307791
norm,0.8679353036838304,2.8917060196868736,0.02753091864270063,2.804286184447671
norm,0.041840211488501144,0.7461873337669089,0.38246831058509584,1.0526571265152609
norm,0.6844440017257925,0.7212580186332532,-1.4841816878700123,1.0374989278674722
norm,0.5046218151741715,-0.1235636310390692,-0.8927524919733157,0.9389998946591923
norm,0.7906413238155324,-0.2450353146623847,-1.5218025995741638,1.2192678983836318
norm,0.032114510966085086,0.30879928578747284,0.27881977155301985,0.960063594916365
norm,0.426622935040185,1.7063084720206505,0.4728303254409052,2.301472462428122
norm,0.23669780057611345,-0.48936456528792605,-0.6228347685236088,0.860720190888601
norm,0.9505593265612059,2.5897835287515436,-1.9913714608539699,4.014262617682886
norm,0.45808897188563547,-0.35874587458887397,-1.486738575900429,0.6003145873984814
norm,0.014636323166220655,0.27029048858589083,-0.3891809943372858,0.8781050994805327
norm,0.7692305015566524,0.8661703761344884,-1.0598126955089928,1.440375030846926
norm,0.08916390329529467,-0.09991252407854365,-0.661222861004853,0.016170969460246543
norm,0.13240979679096299,1.527795937893496,0.6642023267244997,1.466835764761981
norm,0.2662003565431744,0.762738159872326,-0.28300009507846363,1.0616846903339512
norm,0.07006748232870696,-0.048455623361653294,-0.04097924840519396,0.6635541071512656
norm,0.4728073991442129,0.23522123848017334,-0.7621434131676066,0.8364859467996757
norm,0.8180981765945792,2.2428421088384285,0.1724776953451852,3.2076444966658393
norm,0.5690989242768684,0.11841305761953658,-1.6334712563068272,0.9597323953488053
norm,0.34882328768791393,-0.4312901902089734,-0.9823627108228992,0.3296671997998421
norm,0.2572623849915713,-0.18603099926799221,-0.1822277902246563,0.9527567282868832
norm,0.7434113045147615,1.7587440585976972,0.08274000968954831,2.563443162067717
norm,0.030499672277496725,0.2214179381268186,0.09704364707042201,0.7386609083988657
norm,0.051483756482574417,-0.27348054279147127,-0.16189395741671467,0.5579951736785941
norm,0.6670733159083212,0.6480208930894238,-1.0766587883243952,1.5250144332707851
norm,0.06471565045112071,-0.5141107960880997,-0.7020034788820204,0.11371698614457143
norm,0.8024836390578423,1.0500118726257859,-1.194166760172338,1.819553202669757
norm,0.45451365925071685,0.4935649703627236,-0.5728356055979771,1.1811781240902968
norm,0.4901415504397627,-0.8479888710740933,-1.380462716808239,0.39971817534897885
norm,0.043820717897077754,1.155578734522817,0.6593669652666903,1.433679206044846
norm,0.03531782324916033,-0.9876637042019011,-1.1834154373303247,-0.47578066018291837
norm,0.3107773048800474,0.7451761199844189,-0.6047087354644105,0.653377129886471
norm,0.04935136825054909,0.5358243671404638,0.12844524655040707,0.9201264037304517
norm,0.706255879413207,2.164558989879033,0.5996285877339296,2.9634663954942475
norm,0.7114426083848732,1.4211656346604842,0.5074971896260794,2.8150158710115525
norm,0.9511578306085555,0.999417309056904,-0.3461374327730742,2.884504290677447
norm,0.560339074230596,-0.6656140624147309,-1.817548528220038,1.1971485174342142
norm,0.5205228871876825,1.0143299445641718,0.5746520479847853,2.3504545007025226
norm,0.24159023708660377,1.402109483464593,0.6043410082639321,1.9401466436591432
norm,0.5046847500480367,1.1649813584767617,-0.2600069790469729,1.7384177607797748
norm,0.27769537832740643,1.2584023197101069,0.5138571045234707,1.8606350246265415
norm,0.11620204063248718,0.5095991795933054,0.3954354424326454,1.3229342646559834
norm,0.9833173330054058,-0.2595989934530044,-2.0272073887799227,2.645963097973775
norm,0.4868841566782812,1.4085627586390252,0.38296120561977975,2.138997691663099
norm,0.9413111721059749,0.8926138806361403,-1.4965939893980669,2.2194827610001475
norm,0.17549513550404805,1.1286995232597754,0.7558394093362993,1.6161194455612198
norm,0.6837532053747125,0.1605968762118104,-0.22568262853081378,2.422921174922558
norm,0.9559382369103211,3.877683835926821,-0.18682033506050244,3.035520262741823
norm,0.42935300664818254,-0.7901301347825795,-0.360341668564915,1.422353407445446
norm,0.9738496030852719,4.233878200776651,-0.2608679068351494,3.243883052661672
norm,0.8477998793510514,2.7090331932684633,0.3523159821122184,3.128800231531411
norm,0.2578878735145942,-0.13302505792749364,-1.3159319318692193,0.053589915916303354
norm,0.6051946721342966,-0.7992883905481092,-2.594899024603639,1.796016109221421
norm,0.2864059813323896,0.9901278807975613,0.653609899625506,1.848329565906528
norm,0.5599354402973262,-0.03483630046331021,-1.5958626078135498,1.094702824321294
norm,0.11760597410049267,-0.6614406030292679,-1.2188684870762982,-0.4134881215094314
norm,0.30393262992362713,-0.24129418975687517,-1.2640304751322535,-0.051406879594251165
norm,0.07197146711746638,-0.22349462628793348,-0.6890574650516299,0.1086531651184039
norm,0.22712144045429095,1.1717502743211121,0.4408009339345606,1.4032522311367137
norm,0.23406987174755123,0.7050685377298285,0.37422224933764736,1.6284281500734492
norm,0.34124862484577434,1.0829736768836036,0.7740216851429246,2.0921532143865234
norm,0.8702596358106447,1.623404115597971,0.04026442867264368,2.6384518609216783
norm,0.13766573549040584,-0.8338585948466986,-1.1390255620451515,0.0625451652316179
norm,0.606705106735389,0.7359011895963282,-1.260696998138414,1.1244801589015245
norm,0.46416590102713995,0.21164373361593825,0.05330956983685087,1.9908271017837234
norm,0.8224366537215146,0.9722703585767181,-0.5637694807320762,2.1773274199497084
norm,0.35187298404547596,-0.29541438748131205,-1.0680591840724285,0.09980018388414286
norm,0.17002794045099912,0.4660731629413398,-0.8542431847502253,0.2042833466548145
norm,0.12171022099790962,-0.4452969087363093,-1.180034898743132,-0.36289712409471125
norm,0.8968237148128051,2.227382067843323,0.2893232170603455,3.0407459727999493
norm,0.12070507435271027,1.2219132691406596,0.7227138611344228,1.4347788978645555
norm,0.9783091474309158,0.8288369211182542,-1.509545207367081,1.9389171353382748
norm,0.003959720250628962,0.4409209657854675,0.3592640182599753,0.9918453117858443
norm,0.6369383199215465,0.3290993984812922,-1.1595664797518477,1.4586056072509257
norm,0.8538221970600154,1.1381493884241423,-0.2725009839225039,2.5500029131939677
norm,0.2893676233410367,1.1430946713808245,0.5114541443111116,1.679313512267683
norm,0.125633470486187,0.038294781056596866,-0.1336655515724352,0.7994437872187048
norm,0.08662934492048147,-1.2020136083686555,-1.170574699524729,-0.3651901669503156
norm,0.9184943946342121,0.3018956799128344,-0.860867905809294,1.592306878595139
norm,0.7782664717073455,-0.7325385686194315,-0.6730825577162695,2.1366645563800124
norm,0.6706036839677268,0.4702754986242117,-1.2389239329936856,1.0833783678965827
norm,0.44424517907261096,-0.11418213581533576,-0.5059387140322595,0.9525672994986258
norm,0.43349794866944946,1.7283155410779112,-0.1271091997502738,2.4950930219126306
norm,0.8151043860805476,-1.0169681320622634,-1.6136250454079546,1.1026746272251926
norm,0.35875035421109414,0.7929056735112758,-0.07397352010919722,1.4556014658831273
norm,0.9271024348560418,1.0926655491671078,-0.16239939320371377,2.6882099140130906
norm,0.05160642858143527,-0.7584534058088963,-1.0209314742647262,-0.38423685102675964
norm,0.0756189953375026,0.8222090225400511,0.6520307669035481,1.3824017065342407
norm,0.9034114695015028,0.11337205015592372,-1.637534543084499,1.9305971068641046
norm,0.9901652845695036,2.118695692808492,-0.618300788882213,3.3552864275166723
norm,0.6021095072022348,1.6299606544049323,0.08502344180858423,2.7384317048711733
norm,0.05950625266878762,0.5529036980879314,-0.10979347599817046,0.6786717971452157
norm,0.9157471904684364,2.1507251759634385,-1.0806776616803688,2.3722700793994034
norm,0.6685634396806428,3.0859752860512843,0.6332301697780245,2.902551403552141
norm,0.3318122599235578,0.49563893298444883,0.4346647654109099,1.6632128662850225
norm,0.9579629116494424,5.545849113562822,-0.6055927402234704,2.6605631506717557
norm,0.12496104986349976,-0.5924008048029987,-0.8976548114275658,0.2301644810725887
norm,0.6694253467211218,3.3390270263703483,0.19726821865409128,2.887074948005358
norm,0.5866549885397153,1.5462443868860143,-0.3002514677879504,2.145401432078411
norm,0.9275431665060884,0.9220172022112774,0.04709621952259857,3.4716278652318397
norm,0.568357605436242,0.9649654082431436,-0.5364281970349025,1.9236841016951054
norm,0.6485037727112701,3.943130327572021,0.1946075819133346,2.614189182331046
norm,0.3656749108719092,1.4377406334701988,0.3085370300788214,1.3933274610924777
norm,0.7208600610811731,-1.2899804042151186,-2.0718020193694935,1.6563172745229826
norm,0.002290882707654207,-0.321280394882984,-0.9578742947116059,0.1518392079306347
norm,0.02623618593358168,0.9123566840531789,0.6275027801478547,1.45706988987537
norm,0.4826100650555465,1.3351569532117966,0.28541611934346434,1.9723576706724282
norm,0.5959662154965683,1.0578783666634215,0.3864672009676535,2.4997260263011274
norm,0.8890656428011364,1.9904123988784663,-1.4633849817086153,1.6522864957487537
norm,0.947860763467279,1.2739530775176666,-0.10038749771968125,2.818216333263652
norm,0.638354487691009,0.7738296592213573,-0.8821152679449613,1.3354876210832842
norm,0.7437786045750693,1.0104896318536198,0.1876288995466291,2.8901156155454686
norm,0.010841544895261901,0.058667437418760376,-0.24039196934218515,0.38430161302780524
norm,0.803434769937672,-0.6377076821548495,-1.443215663718489,1.0646554311254537
norm,0.9896540416261742,0.5524544939890689,0.029786075038438664,1.7758065322523926
norm,0.2575582774672057,0.4263841252400269,0.15818726544079886,1.452670475498337
norm,0.5079843639844845,-0.3532055007249405,-0.4718752242862902,1.2890027109731723
norm,0.10633661780885528,-1.004368725579894,-1.0871640522817991,-0.29105407036199593
norm,0.07862360271602842,-0.4501922071504495,-0.9180814568073832,-0.19662836631281683
norm,0.3696006606006995,1.5923165545092914,0.7529398659444162,1.878712826120163
norm,0.49082861998465854,0.12024654913888327,-0.31844029227931214,1.750544249623978
norm,0.5317309405558419,1.742750226162499,-0.13357303998023484,2.0712177515191814
norm,0.050937487438711515,-0.5566650679604424,-0.6927699646826824,0.10494066548735143
norm,0.8688678956178439,0.04757968569641191,0.00011802209761557769,3.2023970786307583
norm,0.32736337295462736,1.556455341243206,0.8138834969049917,1.8718258144251514
norm,0.3065724436146492,0.8711131394832788,0.12435905441347928,1.2778986064727307
norm,0.16899848301095377,-0.08910585415235514,-0.6964165854233433,0.20166309859439338
norm,0.8908028752524677,0.4553094425763198,-2.2972174249724775,1.610618237303952
norm,0.8165883400134574,1.1878923582970116,-0.249563868060506,2.0559122335816715
norm,0.9767310614214366,-0.4376422945604308,-2.1271586992227123,1.9557082751537616
norm,0.46990968693640434,0.1802283468036686,-1.1807640647491533,0.8196707913165804
norm,0.8761204827192985,-0.037347955407622146,0.11027355650650028,2.6999865181816975
norm,0.9182072648496874,0.6865174591600683,-1.259462378255423,2.256704506231522
norm,0.4777622718160991,1.074323664109282,0.38909828056513174,2.1394839571362234
norm,0.16114375236129552,-0.7484795774277162,-1.2179494396464396,-0.2648217792788797
norm,0.610253795106323,-0.9407938051544591,-1.4073647604821622,1.4792313520461995
norm,0.6061380416649094,0.49881146984378993,-0.8033667391302879,1.6071627735205578
norm,0.5754386584211565,1.7222484853320466,0.09122710137659307,2.3020604047688824
norm,0.49878549763366786,0.18390913902237993,-0.2850513063366855,1.7075414572603993
norm,0.41710632382498947,-0.6221616114068771,-1.433630506210859,0.5287247932019368
norm,0.6703199317254861,-0.2894262532121778,-1.7819512416770267,0.7679613197482671
norm,0.10875034756093749,-0.07357236224109476,-1.089409931958599,-0.23731880252592308
norm,0.06054014210315173,0.5160169852782527,0.334726638759383,1.1403540155160534
norm,0.7151327216585858,1.0805205435847114,-1.7366481822462683,1.474911115332137
norm,0.1063556216161694,0.7695575511366897,0.20754621649928673,1.1479045369633005
norm,0.5097862003236412,-0.24434329586197867,-0.3609061996396943,1.4658277428399513
norm,0.8132012827047924,-0.06841225821045105,-0.27647272649467547,2.015910043702536
norm,0.6560798561171473,-0.6853296301769913,-1.4254566790457597,0.9740402938914978
norm,0.40178817465356,0.09357402473748427,-1.3836014565196773,0.40683187096281676
norm,0.22992661748123533,1.0838985742492582,0.35457356940199347,1.72036458782279
norm,0.6343189454741032,0.6062752566480405,-0.394064405446241,2.0164651072046045
norm,0.9495035416766041,-0.3250437833285802,-1.9414203143695556,1.0959992098562905
norm,0.3760966579918974,-0.06646189147401886,-0.9974065474578956,0.8622899707138513
norm,0.14484522542316836,-1.0586024713106414,-1.2319211544548645,-0.23442075189917572
norm,0.5401261881547647,-0.30968622776839716,-2.946241618580893,2.334047680729215
norm,0.22327167150230454,0.9664355899057069,0.44576284704391284,1.4110597042635944
norm,0.9797251307235426,2.1816524672597204,-0.3026208408602138,3.9443492519019596
norm,0.26048921196653063,-0.8751227749132515,-0.4538556142149728,0.71466598065019
norm,0.5516890301540966,0.6515456721087697,-0.05452805582418829,2.2344378247210464
norm,0.15148252563259024,1.0823328319047136,0.284417510587176,1.343372793497511
norm,0.6414849913772078,0.19591068297972103,-1.5779425254212684,0.9373848832253948
norm,0.6259211374339964,1.1904363537370288,0.3517069820714618,2.5868541964339284
norm,0.7434078640449407,-0.4981912018969599,-1.699766166863999,1.1474005660050768
norm,0.4000893188694187,1.2998931745517082,0.46393682096885624,2.130032989023118
norm,0.16529941795288994,-0.3931195693636788,-0.9518121212020217,0.1996097108378555
norm,0.8968451203976641,0.017850567652478055,0.17257496272515516,3.3882307738242976
norm,0.626613369767749,-0.39137600641109266,-1.0758336157166166,1.2711098028192636
norm,0.18456626344450733,1.1381422736638283,0.5650264804603015,1.4780882072839496
norm,0.45781134461493533,1.274979608148646,0.2434986186782664,1.833905428960718
norm,0.5864127244946383,1.9715056433874638,-0.11452448609543375,2.494051794916066
norm,0.1490128399738324,-0.10035619949140726,-0.682946226566757,0.03782653872625241
norm,0.8192897562367162,2.8473371875575575,0.18342223347518316,3.144482661984912
norm,0.799379306047697,1.7006268234817266,-0.3536093226853265,2.093485500041933
norm,0.749250211397506,-0.3160138920841648,-2.3149465075499265,0.7077622194475206
norm,0.4306924881970947,0.44640150215482927,-0.2825656610786894,1.6608696706087622
norm,0.19728849139378268,1.2011296552529582,0.6639888028204539,1.675174522291265
norm,0.03759671540097531,0.8851307480693426,0.4287906460951102,1.08055605245726
norm,0.9716972780626709,-0.5664450472601852,0.0871743880582816,3.550383681809893
norm,0.850310785241778,1.799237576955299,0.029262455641167362,3.2204138491691694
norm,0.6858059964575464,-0.6752504513861746,-0.5308007285310017,1.9346050852810512
norm,0.09789118897204174,-0.671726373405664,-1.1453642171606329,-0.257926889770857
norm,0.41239802071743936,-0.0849237108142909,-1.1051573964246773,0.5609387716295845
norm,0.5266407477169311,1.8443824878809536,0.2201785177137523,2.7491905746690906
norm,0.44767992538030865,-0.4808609765570184,-1.4618657110019158,0.407354333796323
norm,0.8605048202869052,0.267071146753288,0.3079054131518373,3.081266543921336
norm,0.2825626543268165,-0.2937135599682552,-1.093209991838681,0.13020567680017464
norm,0.5404060624170522,-0.4363615564726044,-2.2667046792336842,1.1698688209952695
norm,0.8188204547049848,-0.7417137573493965,-1.5834562523722084,1.599875633893301
norm,0.5864900467282448,0.43311913149039716,-0.37330000420789156,1.7967573009415931
norm,0.7967172985966213,-1.1392209123783257,0.06953479140053531,2.8123529674248355
norm,0.17973252751293167,0.6208516754585902,-0.06436445193615087,0.9557743720033254
norm,0.41604306405779434,-0.37089194960549066,-1.353323037607528,0.7366303991416105
norm,0.761984931609118,-0.3736480816724198,-1.6701300053049397,0.9656518138277177
norm,0.46009217204522346,-0.1866117537424179,-1.4816365444196995,0.5424809313735106
norm,0.1938946456900844,0.3384515150607,-0.09484978167403402,0.7842218720227715
norm,0.26684942317592164,-0.6777547885948245,-1.056474221870975,-0.14514999038849796
norm,0.7725860881298805,1.347732417378473,-1.0259854879086394,1.3799276221989418
norm,0.5522529807708643,0.6211285894574681,0.031555589056213806,2.410973773215437
norm,0.7779191427328377,1.3549157947290846,0.2309264721901667,2.8529412406027
norm,0.23805758754414652,0.5000328016268554,-0.18051696088324787,1.0665810729047922
norm,0.9203971092194203,0.6252387053068043,-2.0734213704662494,4.181101750303116
norm,0.7057898151420066,-0.037779642829934866,-1.2675253833654834,1.2073884811928965
norm,0.1838306775271663,-0.9975750788426151,-1.248740936088621,-0.3688327119951553
norm,0.8302651895572933,0.6941394042117299,0.2285466006920287,2.8440048336330883
norm,0.5329344755092406,-0.04034887320522984,-0.3661749422207464,1.9408295857793152
norm,0.3811967876474368,-0.45372722655346875,-0.5063416537173693,1.359925009225764
norm,0.2741897334968908,-0.7628445250116126,-1.0976579497137138,0.07020141824285775
norm,0.18325287424706393,0.8582773998002147,0.706240928261129,1.6001840755447652
norm,0.004874625890171291,0.981802007427668,0.6730434572091498,1.3397105333067563
norm,0.8675553735908259,-0.7389147383616805,-1.5414455363162514,1.6636082958323364
norm,0.2145723377863411,1.0705929779761931,-0.14393175847152317,1.3260009882912032
norm,0.22373351966362154,-0.7039633360148888,-1.108408856486414,-0.2387420341230248
norm,0.06204841756426649,-0.40577515207291504,-0.6207013182412737,-0.06534955212120291
norm,0.03558086726730825,-0.43923793516189646,-0.8649624327741718,0.08304692045243256
norm,0.8013678969933108,1.1664691821858164,0.2410505108497023,3.1717074797771856
norm,0.45926222774072023,0.9366620805124224,-0.5832669467629394,1.2865346861399372
norm,0.2656629192785547,1.214797091966882,0.3996118579951632,1.73022624178583
norm,0.4928570347274964,0.5658150831333579,0.14420850333315216,2.2131930452364426
norm,0.9805568314374938,1.459040698955926,-2.769210727408115,3.911837339727558
norm,0.5242224364620603,1.188559940909113,0.45967316168964034,2.52561329547567
norm,0.5694463664555908,0.45572169326462675,-0.4162211432991533,2.003360457118558
norm,0.7920868276124295,1.4021601689532779,0.107268938483565,2.894479083947348
norm,0.19757825873113644,-0.08587027785696924,-0.6253084357612002,0.28552972378208213
norm,0.04209190187705936,-0.5920177747491567,-0.75366999247583,-0.14037375862974166
norm,0.16835210839035541,0.10753950727666912,-0.20119990892976444,0.6254412799273047
norm,0.32945494516703067,0.047535678377456925,-1.005140100940245,0.2644968726303551
norm,0.28107886890421574,1.2333210143228686,0.5353606012630936,1.88029480095108
norm,0.8420658202225879,1.0238620385195363,-0.9435679516955869,1.975331998766786
norm,0.8406293048371776,2.8379349075819604,-0.42621476509851064,2.2947868665089315
norm,0.7318316890310489,1.2626139951855837,-1.2886497103380605,1.882127633832125
norm,0.20077077656440823,0.102632724999423,-0.8164601349474323,0.5052568730689508
norm,0.13487265797538284,-0.8547900289624106,-1.2136182745392934,-0.16179431157825153
norm,0.9407304768784558,1.1163689814153732,-0.24328693763360598,3.3916584771876117
norm,0.07337460108820337,-0.44574999097868906,-0.8544320849373357,0.11697565768114682
norm,0.8661637790040139,-1.109221031305375,-1.4366579699588349,1.308635640397421
norm,0.8330259550513269,-0.24679249460441088,-1.23239253569615,1.954145069592331
norm,0.8320473509821331,0.16293737491624363,-1.6502033988480596,1.6628619054962586
norm,0.8323626275132601,0.2968021307606872,-0.6458783920455073,2.339618624375207
norm,0.44865495073262784,-0.1571764882666602,-1.4523428915623722,0.4820775709664196
norm,0.3347263765708077,-0.6786714161312535,-0.4988933492873314,0.5121534295833178
norm,0.723888181732488,0.25919661720542814,-1.4494552167431933,1.1842654583046583
norm,0.9173363657772937,1.9993567506562602,-0.5162498140229183,2.2097416982372917
norm,0.4029758890738323,-0.30125660898186907,-1.3361479414906534,0.15006737578861074
norm,0.3703299085838947,0.7585264313852076,-0.4115380317449636,1.2545581363092984
norm,0.8444571825828557,-0.6968748482100418,-2.2213101304065987,2.323478500120991
norm,0.3262952603469933,0.48744765551607383,0.7541755718777249,1.7202508473187734
norm,0.20293485182668292,1.274902772103487,0.7425526723133726,1.673639499913176
norm,0.26622300167250434,0.23794724548973878,-0.17495832965518238,1.0013332526129841
norm,0.945173797143134,-0.7694809793657437,-1.9682143208659748,1.7691983209805318
norm,0.25647100002304357,-0.29992650618227124,-1.1898337074521534,-0.06845902123582492
norm,0.5297926650990851,1.5095901930246955,-0.33041253864201137,1.8343463952823305
norm,0.2735285895956099,-0.13373889437759123,-1.2536965763031045,0.08836291270498131
norm,0.696049818031643,0.31861224376981556,0.2817960257656176,2.496452789888377
norm,0.8616561425523427,-0.9333933156894176,-2.340377255469735,1.8199637883146242
norm,0.17328849265173107,0.8162104176458623,0.21623282657367515,1.4136320781693539
norm,0.22218521952254744,0.8632554439009701,0.4748316959783533,1.408548552177678
norm,0.7265819092568198,1.3924559811635395,0.07399540900026524,2.910476321781882
norm,0.16317239071477363,-0.687510859833409,-1.058740824804075,0.39318636890705627
norm,0.7339041973114856,1.1929626941316234,-0.2285318834355341,2.7444866876492284
norm,0.6118576211833361,0.005108281047227992,-1.52391380905242,0.718183031200252
norm,0.3062136640957628,-1.2192894165157975,-1.3790960699298611,-0.050231598774332475
norm,0.04892968821818944,1.03344623651637,0.5598779174240169,1.3067256036809642
norm,0.3571434632639523,-0.03916752161110626,-1.2995187020875063,0.024708219909845397
norm,0.683623927247099,-0.12760165657897948,-1.1700863791445513,1.6043645964774709
norm,0.9611309621264452,2.4395633932984104,-1.9382894496665481,4.160190019668706
norm,0.6917535357830901,0.5013702078053602,-2.1343277370000235,1.0074216066005544
norm,0.7263593053795531,-0.41486840742968467,-1.8020371619713969,0.8739929354254821
norm,0.16047872467638535,-0.868609631141703,-1.3810339358071975,-0.09972617544679419
norm,0.7630830990581007,0.36030457482599,-1.8572480132217912,1.3607376125665234
norm,0.7039803980833169,-0.24118598536323366,-1.4064221402081392,0.9534286253166038
norm,0.030270730669755275,0.7253342660166942,0.6619275703905743,1.2165085679404866
norm,0.9319616896588603,-0.3577896602738503,-1.5794376395792633,1.4447581761082797
norm,0.3715683374911798,1.0513666061187903,0.10630778932099261,2.0671683849134452
norm,0.7326149132911343,1.417872170789545,0.1796983927414486,2.4447241509694706
norm,0.005136462354366822,0.548378344370193,0.37708652689777394,0.9395552356035648
norm,0.718036752893445,1.7141173934700262,-0.62622690790897,2.705098328936696
norm,0.7674217033952235,-0.5108924211830497,-1.8465775379795566,1.2100002537636823
norm,0.2368808764678626,0.10661795103244404,-0.5263547458562182,0.7683707509270558
norm,0.44990272765571204,1.7426068888977926,0.36147973708970604,2.2452143545636876
norm,0.9884898158831644,1.2908614109453749,-0.6768119489516781,2.6754595148111595
norm,0.5360348831056945,1.2301626864207127,-0.26383813448511106,1.8545979483942638
norm,0.8477205250528788,1.0176166650317904,-0.43419787541241295,2.150444932923441
norm,0.279486112106479,0.9798058688536951,0.36695425070294285,1.5163572660280942
norm,0.6500547984484569,1.416816915904465,0.3478538613374871,2.445860462261847
norm,0.6551439624256141,0.04246959628981495,-1.5026281147221707,0.7921855683905055
norm,0.27191613762304057,0.9624309079633082,0.3349542970258491,1.769430802273166
norm,0.437312186371675,1.524623087804993,0.10243791572970096,1.7803394213938954
norm,0.8660425895301804,0.3075049925308333,0.10940305153688579,3.0604639092299553
norm,0.2628742306577909,-0.07822760943341867,-0.1908167930114087,1.0182903902661335
norm,0.23854708878171738,-0.062001432290610115,-0.2907553098184479,1.053181710999279
norm,0.7415597249268224,0.7695173211632307,-0.7078233066686082,2.605490950937546
norm,0.3800792809754877,-0.23028565799636602,-1.391562093685034,0.41870461703539785
norm,0.44938510213044136,0.17713570414321,-0.22120916738570173,1.6074329696015153
norm,0.44545580841758525,0.29331749929679274,0.2544382944469481,1.7814801401450655
norm,0.06739986684794752,-0.34138718215416186,-0.45406761672395274,0.5912996530057748
norm,0.9800788636504161,-0.01661958418324949,-0.17038790829121475,3.711145666250294
norm,0.1304940776068202,-0.2934881474662441,-1.0896505482522965,0.3993994378492926
norm,0.8551928658417413,1.8684143941572167,-0.32781063867091564,3.3841729512656653
norm,0.8704237492359594,0.0015104225725720288,-1.3955043005508,1.5300426176342903
norm,0.123904435167276,-0.9548233287380998,-1.2101911345986074,-0.16025081087959892
norm,0.0038956413035676762,0.8776852747328387,0.6505557422932513,1.2836179428137577
norm,0.4963468066379402,0.017679727427187986,-0.9433845461033155,0.8748356304678784
norm,0.15953573584223657,-0.16917711680230463,-1.293608328695335,-0.3123901574433508
norm,0.45680031161190593,0.18740911681841033,-0.31836496063868036,1.6769439042547876
norm,0.43667204496050605,1.733809628792183,0.4011130592848544,2.389181713721227
norm,0.6411227433374556,0.5944750834101211,-1.1052037261397991,1.3161182566339529
norm,0.7629172571323506,2.0333843306975448,-0.3101172399775616,2.5302455047960644
norm,0.2916205997257184,0.8155567654599526,-1.0236275050191468,0.514225138172322
norm,0.8926260897157096,-0.5063905122105472,-0.8131179506946467,2.2300286194632313
norm,0.7410075553505496,1.2820387212391873,0.30890656370196456,2.839371923139304
norm,0.5776836399063167,0.18026993323859275,-0.7249134642779296,3.1540413654079265
norm,0.10778613971289097,0.04835872401727924,-0.27148302369943034,0.6241098328174733
norm,0.6001501148798163,-0.25696873440269086,-0.46309241388494315,1.9238943499496046
norm,0.1643229492632422,0.6486945678186734,0.09414651022664033,0.986942346149632
norm,0.5594321573107335,1.409209821407009,0.2876509912227234,2.651348709213523
norm,0.3087300082065204,-0.7357904891031376,-1.3181625985188419,-0.025822168838737447
norm,0.55074986295892,0.15161606507676934,-1.7992896445166404,0.7325388601720922
norm,0.8666614839088909,0.48668138860384536,0.10114592205701456,2.4424419595848326
norm,0.9382510861794388,1.5492313107113458,-0.5662415444879563,2.5999916875933256
norm,0.3109646123133075,0.9322628331121452,0.6037379800209967,2.0382144852683135
norm,0.34575159066179695,0.9063859283723625,0.7737398866906635,1.9206619091563986
norm,0.4974581093258533,0.6288272089631902,0.10898696389694129,2.074321173769663
norm,0.8726096296205821,-0.025960474708499715,-0.6709380455022869,2.1725665431058068
norm,0.10533857945303282,-0.5406480956537121,-1.0217508216557893,-0.21709365221112992
norm,0.7343442013353662,0.6512012670653641,-0.8699421108554644,2.1083888087986478
norm,0.4982591638841465,0.5063526805681917,-0.784926384188421,0.8536158928920708
norm,0.8798698798755286,0.972986163832006,-1.6143814439059316,2.232074919745996
norm,0.5687676377262428,0.493807572248518,0.3238229634955372,2.6505934581700172
norm,0.8229051142811822,1.5438293207671632,-1.2915151227668096,1.7056578862879825
norm,0.7086504887116727,1.8132669340567427,0.09431979083192576,2.6518504293105174
norm,0.24591291586334918,-0.23175525320579582,-1.2802136506451922,-0.14266657710490738
norm,0.6126023691632542,1.5113548100988823,0.26340187473510035,2.6904979132309395
norm,0.6557542008201026,-0.3738458702826899,-0.13772569161834525,2.061146921970817
norm,0.7969938326445156,0.13636060946456743,-1.5011815477178712,1.982880237207879
norm,0.5328382686540487,-0.06831786071500132,-1.5867399981432606,0.9615624092593648
norm,0.8743451191771797,1.0159734265577034,-0.4056897411041138,2.7207638203171487
norm,0.715926975926354,-0.49093082972821245,-0.8161504885563352,2.539107980442776
norm,0.2427272620866705,1.0864866072337271,0.5134379692487592,1.9942153481503055
norm,0.24749352471530262,0.5295995135458335,-0.5538180611211263,0.7420948697049308
norm,0.2823016619845562,-0.4437809182255783,-1.3001671587368362,0.013538521655705238
norm,0.19269892558539392,0.8763280407096968,0.9095228732207354,1.6446199504352863
norm,0.12798955433978854,-0.241164650955206,-0.1891803252154175,0.785660077822706
norm,0.6131406640329687,0.6267444123755082,-0.18663929405268453,2.169500760424227
norm,0.4805192640842125,0.22363573461180847,-0.9011732064007173,1.0231782284226707
norm,0.4768291011827489,-0.05959536065991078,-0.10255628046675058,1.5614641451433182
norm,0.5760322132232196,0.25486431241550833,-1.4983967446567386,0.8326721261690047
norm,0.9068651509720009,2.8502426487540213,-0.507037925871203,3.3859630394118065
norm,0.36181200523359536,1.5654376612990273,0.6874009182881244,1.982391028259551
norm,0.5921107428403919,-0.2767110066030299,-1.4853415357639121,1.1473791513614853
norm,0.14745107526003298,0.9687757801277176,0.6103686422060931,1.5468992699280033
norm,0.1218662833599401,0.6076034664021411,0.24752580768180366,1.026834980844871
norm,0.7157475844452287,-0.17958013630761774,-2.092247294506555,1.553427762410749
norm,0.4768686370013069,1.546173726990298,0.5481975822006734,2.147622766598066
norm,0.8565326496984863,2.6324688863129437,-0.2779466499179283,2.238043111080751
norm,0.9297776372325061,-0.7942657752060807,-1.8024301825120648,1.7191490460225598
norm,0.047897824767491604,0.9559778206178079,0.6113329502764374,1.3326518021402651
norm,0.481062914167792,1.185385730458618,0.4891422486126846,2.2765788983416098
norm,0.860151620225672,0.25054593335918135,-1.5015598954989817,1.4106677933507064
norm,0.34826852352132875,0.11919444811923491,-0.5409771115741486,0.6877201330126737
norm,0.566712696426933,-1.0691716450963704,-0.9164400267539996,1.1624202833217896
norm,0.18055749411308264,0.7553814369844007,0.4520672994949911,1.2126282280508374
norm,0.5905476492124483,0.6977781214745788,-0.04719882145319487,2.2083811988687616
norm,0.3226085409573305,-0.11951727625154707,-1.1966047018598127,-0.0137632910973301
norm,0.9269390242752393,-1.0663853831326986,-1.524962382347114,1.573691670671034
norm,0.5037670459620366,-1.0357234295779978,-1.3464662807200147,0.45941817912255073
norm,0.9338287113112648,1.7296821495725214,-0.11732255139419179,3.5319022841509766
norm,0.39189369538967056,-0.5950562701584974,-1.3646482593112061,0.37885175566256474
norm,0.6819197777231579,1.297922973000319,-1.7130985000742904,0.6205303063443236
norm,0.47219151819915917,-0.23165307787238976,-0.38207328407991714,1.2093976479556625
norm,0.11811619483910496,1.2917136853549542,0.7005320935156097,1.4574659607054636
norm,0.09508636701065953,1.118083685420719,0.6666273784041714,1.357355070802248
norm,0.619477775024937,0.36471492733889577,-2.275371147179177,0.8805352665744108
norm,0.43882825052544705,1.5281739316079044,-0.39333829640803375,1.3996405283707194
norm,0.27197164051444167,0.9571112381332202,0.3636629708838648,1.551288305514854
norm,0.055773495372751336,0.6995557790048362,0.3890717418791014,1.1807722864060632
norm,0.07685619889876749,-0.6806051258976127,-0.8166254047080945,-0.05195022217033135
norm,0.8273201859609036,-0.3697551066135709,-0.1557700196579519,1.8422336073642422
norm,0.526030790555456,-0.5310858650857084,-0.6979889786913775,1.0175440978528063
norm,0.7198623596558671,1.1889464892665,-1.5404346758920804,2.061780869276752
norm,0.7471885468904748,1.5636952135504525,-0.722308252499104,2.3165579334134145
norm,0.7425427053669635,-0.4171035618160169,-1.6447244486071821,1.0639185059422478
norm,0.7571037060898763,0.09208915934841266,-1.0100013420176763,2.116777392524282
norm,0.06268539829398767,-0.7278014843807733,-1.1695683854509529,-0.4656350578334152
norm,0.07466865366072983,0.7519701249373878,0.48851961638944824,1.3549770398414902
norm,0.6144930261020939,0.5482400090385332,0.09435586742421886,2.3295030817866857
norm,0.9499626992484796,3.611711456664275,-2.9294860448002837,3.793788868506445
norm,0.9716318331091919,-0.042851872061739654,-2.0768340742516673,1.624523953552719
norm,0.9863805186659319,2.1420207547939767,-0.4762449107146709,3.5536623653623955
norm,0.3905107924702076,1.1883224128695216,0.38517204022879703,1.8703189562652898
norm,0.6407406971730922,0.4649875418305339,0.08982159013457314,2.294742206074157
norm,0.3052033040265446,0.23687612020326537,-0.23660449465852007,1.0611056000669015
norm,0.7034877725107475,-1.3925187589788837,-1.7425527431724244,0.5885701986922927
norm,0.6581859293530268,1.682856148483028,0.41408307816068324,2.8457250486831382
norm,0.7793230341152256,1.427564388271585,-0.7419806931057503,2.22678219324394
norm,0.8980894651533963,0.11138540368127336,-0.8797999381152941,2.798059251841167
norm,0.3770629506642562,0.17550408036552678,-0.9112194321761091,0.808564026644506
norm,0.760251576339249,2.380061524962336,-0.377566011093464,2.524836818816479
norm,0.5701076383246495,1.0906019354747405,-0.08944516454771567,2.2886816901902467
norm,0.5709706001144839,-0.9214194099181043,-1.016942106557365,1.211602692717471
norm,0.01574614926417084,0.07524743042085766,-0.10186372262542884,0.5941729132746093
norm,0.6211789971978731,0.8050581654770252,-0.4336920495040253,1.7758262372771318
norm,0.5624481413830269,0.6627738198769667,-1.0667371647093262,1.388761700812662
norm,0.16811953206528762,0.24566623837258544,-0.6469019670377874,0.17504032484246868
norm,0.5169848476656363,0.4225782688957279,-1.4426080345116878,0.5962900649166729
norm,0.16459753410017441,0.4300389629820056,-0.07310334025044363,0.8140228731349679
norm,0.27999907750689745,0.049650880296753075,-0.8499334908658865,0.4768648011864344
norm,0.8056513064797045,0.26361872448988166,-0.17000952876956577,2.462828149818561
norm,0.3247488281729509,1.1100244075586962,0.8118649272303543,2.1313352755770456
norm,0.34354761779668797,0.5960877144782902,-0.26698288952415894,1.0780162932156516
norm,0.16126636100485847,-0.43674192254331834,-1.1461493907988771,-0.24385008581100875
norm,0.6077785310294336,-0.25495040185816686,-1.1808313685668734,1.2761383664783699
norm,0.448130275926348,0.6951903233474799,0.01656759101339944,1.8833123157358505
norm,0.11734976299960376,1.0469052728331376,0.531414314460027,1.2395704442203987
norm,0.3031825685624392,-0.6984743371799857,-0.8767972471536731,0.6528075529616308
norm,0.2585699459040113,0.446890321142733,0.17529061994483097,1.4952376813436643
norm,0.7434135437925314,-0.4640637799870949,-1.7312990612409636,1.2392783014059903
norm,0.7322932515771776,1.2131025483874809,0.11077191755252702,3.0128270134313992
norm,0.9732940654116864,2.7267675659193373,-0.5668490894861022,3.104336312336546
norm,0.05172388788113691,0.7412503673500699,0.3316351511413595,0.9690026564090657
norm,0.1645062491043353,-0.031257065720410676,-0.0626338080950597,0.7452544380406065
norm,0.9461061430282127,0.6455070526373018,-3.1111735462373438,4.315208453849479
norm,0.1689913847302854,-0.9646382443806766,-1.20927161914688,-0.15738163245581904
norm,0.5434742997727724,0.6632276363444579,0.09476838166474866,2.4591428382057945
norm,0.628947500036356,1.3652247233488468,-0.7313207714741186,1.6348410916165164
norm,0.6412567400014245,0.8429283812627753,-0.28796645740225457,2.1973826326756267
norm,0.6573000557480642,-0.5367712379759294,-1.6147591966543828,1.0390755003700947
norm,0.3331670206685793,-1.175792505761411,-1.2928855984809442,0.01807511630328329
norm,0.7098182057567852,-0.2415032061705651,-1.5193369597971447,1.1100531130551292
norm,0.17960822555783462,-0.10327893168889593,-0.023687149317384415,0.7317063096544725
norm,0.6004457347453933,0.36573603057092163,-0.771798344072387,1.847435899578553
norm,0.17710790778759922,-0.847159235505276,-0.7646314481989798,0.1255605246628782
norm,0.1606916523168569,-0.581298193553509,-0.7642869235067238,0.21986106413648615
norm,0.45592107330283227,1.366676957311975,-0.858568538057285,1.0587388254955947
norm,0.7445353326790817,-0.8796873648375207,-1.6988542615194755,0.917733776672655
norm,0.36356883761329484,0.5896706993140347,0.664270655883957,1.7259310308690448
norm,0.028325225483758487,0.9083184386731561,0.688450465027371,1.439504269066731
norm,0.4264834792006238,-0.15235082541504855,-1.3781613124756176,0.5767635335938859
norm,0.11444240679336204,0.8365257828140078,0.5602759852790625,1.2129858985847704
norm,0.5887522962737654,1.4436789899853082,-1.1082671265269828,2.9049223229210877
norm,0.9226410818373386,1.5721647324329875,-0.07480455294063337,3.2466345023162475
norm,0.2756935757149458,0.22768619783346125,-0.23428979487856438,1.101827990900528
norm,0.6082888113038771,0.7741698236368647,-1.656291730211012,0.826010031288582
norm,0.6387797406790526,0.981559154731781,-0.9643567061809164,1.2155548759466286
norm,0.3517233426516376,-0.20433284288219217,-1.1381895299264784,-0.03467701251440547
norm,0.640384700289493,-0.8141387549126109,-1.4555418009213843,0.25862391087998216
norm,0.8732818397623789,-1.3708844821738784,-0.8924909076945006,2.1021037945324537
norm,0.973819900360164,2.2434323869655537,-2.181600215877249,2.618850617767543
norm,0.33614174345180803,-0.9055636912089766,-1.326353859105632,0.21930099271727999
norm,0.9294940973926773,2.5310541853974673,-0.011355436229960159,2.6879655727516933
norm,0.8892496375607579,3.5322980149196272,0.4898442797756184,3.2358847538851725
norm,0.4472126028860427,0.20840167078792549,-1.369396011076703,0.41115797664684933
norm,0.7591904529674433,3.4706210226294902,0.14680633382008246,3.003053213276117
norm,0.2142242187383161,-0.05173810911228546,-0.6490505954134693,0.41512984178849877
norm,0.41434001724877223,0.4026179021615944,-0.9093294026751344,0.9681834751475222
norm,0.5751137125544037,1.4919605904785003,-0.5060620753429306,1.9672420997944653
norm,0.3028309660958166,-0.652441815725513,-0.6991081916903144,0.18415795379988992
norm,0.6949592864368217,0.33186321757688125,-0.8494593336061677,1.5158277924837682
norm,0.36135538027205705,0.8357917799400192,0.43288180460821735,1.8007742781042229
norm,0.8521415417312007,-0.8243427778457194,-1.8331196875261409,1.7113789661565892
norm,0.635038978215884,-1.1699307550970999,-1.405086759539451,0.919532881820903
norm,0.7543239270050405,1.148856802904604,-0.7326195747869122,2.1628937985397307
norm,0.47033235342948754,-1.2572092950312137,-1.0492551722912278,0.5170090367723621
norm,0.7824499038684216,0.4271300592548193,-0.6155150279975319,2.017322650590595
norm,0.10187993955431773,-0.2687372548100981,-0.7571452950379018,0.16303804333682387
norm,0.24360571978106083,1.1581040363059993,0.42519054849983995,1.5033963441242784
norm,0.8770377728787578,0.2917009015955747,-1.8145519354620068,1.1079323816095608
norm,0.7299663120500947,2.761579867074002,-0.11891601400584251,2.8016145812893374
norm,0.7051631049536674,0.8966590190299679,0.22460159326537954,2.5805488114938937
norm,0.1955466266767928,-0.15537599483208478,-0.9326524706094734,0.38155613216466366
norm,0.7300503723426867,0.9060992141233142,-1.1934415804897909,1.5142837021817868
norm,0.7719474272045393,1.091608296767316,-1.0872835076617617,1.7807820319600673
norm,0.6656958203841976,0.9892647403228858,0.34969103033706606,2.33231544764409
norm,0.9483676129146019,0.44324964310239684,-2.4630094889241283,3.1146205191477705
norm,0.545009437855255,1.417003057964032,0.31806989330555946,2.6358196639227165
norm,0.6599927569852788,-0.083144701302258,-1.3682791098835803,0.8212990551070224
norm,0.47291722262646685,-0.3833637540046617,-1.2992768139698134,0.8461219866296792
norm,0.4761626755749898,-0.6886794129441254,-0.418389030413045,1.2663347618678844
norm,0.07396676457461315,0.758921369996765,0.42957995687607736,1.176102014451043
norm,0.5143591890641159,0.9474051763530629,-1.49217209215825,0.32294983238314334
norm,0.9671236633502167,2.416857649133555,-1.1513506681133454,2.45687578821571
norm,0.3361595113188818,-0.3243228687560797,-1.2580578846630495,0.10258789756807418
norm,0.9363422565111069,0.03789940795720022,-1.943649438650331,1.349486756086438
norm,0.825722016552432,1.0965031131302214,-1.0015408776007817,1.7971128047448546
norm,0.41679886982633296,-0.5095299806848642,-1.283028656277281,0.42210069587416493
norm,0.410356017194206,0.22951574257948615,-0.8072148606307401,1.341783433994142
norm,0.6434391389557439,1.2498334065985768,-0.948104239053325,1.2198549844077702
norm,0.4937758590753478,0.4555533735564086,-0.3794084206654956,1.4015077439513868
norm,0.2614608591896662,-0.17562270898958077,-1.2838046698149383,-0.16323047405700564
norm,0.6926932017749664,0.2428008494133384,-0.6663593506026496,1.0455204975243806
norm,0.08934616452327526,-0.6219950666565142,-0.7703439029387227,0.046082627366326734
norm,0.4285275367323077,1.4991728100951545,0.5704547525402269,2.2791365174121365
norm,0.5891038204854617,0.7293569279517593,-0.5255584657047387,2.0830178153067607
norm,0.6860339237617126,1.6643188883326838,0.3217462624870149,2.7270080470074065
norm,0.8222944849498394,-0.4600917977532104,-1.3969476524484523,1.839354023102915
norm,0.05565931057411022,-0.3874490416454013,-0.6186121880939911,0.6678779476802078
norm,0.5539990545918468,1.6702021415252093,0.4545032630953665,2.5010449923494082
norm,0.8794243565742316,2.5328563283350487,0.46424061423811613,3.111141030840715
norm,0.10981136101401079,-0.06857610930708541,-0.8097262264040401,0.1394747587845403
norm,0.22877549810853737,0.4570818527043745,0.5871284754169818,1.8818143903212268
norm,0.996046141906388,2.3566973931660202,1.8357770215530405,4.370538322322741
norm,0.2964251203081788,0.6511674084158963,0.5266800839932462,1.9461745464346516
norm,0.9118198972302413,0.1684374917808365,-1.576446123464065,1.870427757127851
norm,0.8312801144110852,0.38235037178381726,-1.5083880087327093,1.2886483538306197
norm,0.8790954081557889,0.5084101325651611,-0.1519390899304831,2.539597151890686
norm,0.8653853433350954,-0.4461922267581242,-0.31726761347746424,2.1987221475212153
norm,0.8910974802530605,-0.38771314848098365,-1.5447823023455132,1.6709660656126926
norm,0.7650081364927173,1.1712726069097918,-1.6460845409077787,1.300625648311506
norm,0.06784246956832063,1.2211747515921771,0.7717507638850013,1.4154320687871542
norm,0.9926194889045674,0.7277533698439321,-1.2876378421059083,1.3472372475199657
norm,0.3519261307732656,0.8567029204164237,-0.8488908630531327,0.6851514350069681
norm,0.08769693573749293,0.35382195377611714,-0.01626367129665557,0.9062807540092239
norm,0.6369245987536915,-1.4802699768765182,-1.0300148050025206,1.5227393495582064
norm,0.5453894628103134,1.0842883089879618,-0.4071831368459623,1.9517721845911757
norm,0.5968251486796327,-0.9622754942027317,-1.8655742182836486,0.6904126961587242
norm,0.6031020207309481,0.9648624851689325,-0.06125563482768848,2.4533199580696943
norm,0.6472654247874057,-0.4684581527640854,-2.0775167622882798,1.392891267298048
norm,0.010029264689283668,-0.48301487088297995,-0.9670520969470064,-0.41081600115109657
norm,0.11577203988235141,-0.805498918790892,-1.0606671703799047,-0.2679550324310937
norm,0.9491200060874073,-0.4250416780200412,-0.41340123688496666,2.6487023346774645
norm,0.2224738898566414,0.7069336141915932,-0.038228250894503324,0.8032258708058253
norm,0.6780277529847183,0.3673605799400279,0.06452454297912924,2.5856198533478305
norm,0.7339929394368899,2.0674036636309356,-0.032683462225705506,2.7062229724970948
norm,0.7637055997747342,2.009238814130805,-0.08267879692776181,2.7942942698032276
norm,0.42398506747764475,1.2860830133432626,0.3858900484156058,2.4712686036831286
norm,0.07774529926130658,-1.0300348961634813,-0.8924443517298619,-0.3016199938351096
norm,0.015173104571969076,-0.0365672877318971,-0.26387807630313087,0.3387319466272076
norm,0.7788954988731276,2.9385994956823724,0.19770422161584955,2.8578293354574096
norm,0.8446775033774949,0.8980406024456544,-1.5765924430127596,1.4352719729443884
norm,0.38504731279668747,-0.2974147940813595,-1.3234975586778717,0.3211010659253003
norm,0.7275002575183334,2.05729668242192,-0.2318528762019536,2.537326167668945
norm,0.2424671253517402,-0.5726339557430895,-1.0833599332194348,0.018808984282729035
norm,0.09390917908312446,0.39697293062774375,0.25429959391538765,0.8809044639968637
norm,0.1326752364254895,-0.3840832812749454,-0.7105468211033945,0.26651450493081225
norm,0.7269181800155148,1.3216762329885108,0.16303528316140303,2.893359625103
norm,0.27793401533682227,1.4493995936863262,0.48812394142719884,1.7764829612822668
norm,0.5432533308135042,0.07623962823716818,-1.107869203528796,1.437370512953803
norm,0.638431026080718,-0.24948932033904908,-1.636133669751794,0.8897200008912542
norm,0.8443330628510987,1.2698165962319075,0.06596223123334433,3.229255560718527
norm,0.3243375272337753,1.7700720951125075,0.6036065444972067,1.9486057272370172
norm,0.6872164497807461,-0.18537210102556054,-1.5530008161999074,0.8602757820254914
norm,0.8715105075991293,-0.47131188093278586,-1.3293260907386597,1.912090294338252
norm,0.6595811029988026,0.8942750217398104,0.3105761234257567,2.775837176256834
norm,0.5258547312131346,0.11177656964509963,0.6140318076254907,2.1543710321707112
norm,0.8009968077718984,0.24599397489519648,0.08377198427201793,2.8287247810310534
norm,0.22556317709721385,0.17690759300498454,-0.6433030628057124,0.3113632708404032
norm,0.788185590389334,0.15075403986601452,-1.4694110577136188,1.350726233731811
norm,0.519528085896993,1.1117167139940336,0.29003546513274325,2.0751208156084333
norm,0.27455561610920465,1.006964990425793,0.23784733068681602,1.2295174446918653
norm,0.15867592819988474,0.8608495269243703,0.5406109159345192,1.4591187935352656
norm,0.19631375900647907,-0.8260795538963364,-0.9669611077215452,0.23373703052609046
norm,0.026345655655492628,0.5369968707563966,0.3832141993014556,1.0114924759534554
norm,0.6346445600909183,-1.7206544854811217,-0.9663612989715089,1.323672046658937
norm,0.5728144274302355,0.6201018472520963,-0.6693024304686344,1.0201665558717818
norm,0.6611483973551973,-0.8207380889991609,-1.1505031273786308,1.4233670188914371
norm,0.5778749364065818,0.3638695374648081,-1.6377953039687718,0.9295926423790972
norm,0.6316506739948539,0.027619221835677443,-2.203612120707887,0.9179418728968342
norm,0.38772391688611174,1.1247775307354033,0.096296648273406,2.0390857039694295
norm,0.2817103614293557,-0.09798623940658469,-1.2739115382392363,-0.20005914342140596
norm,0.5524442570862304,-0.7235722543456203,-1.691612691659167,0.6729760888779767
norm,0.46445670713360965,0.027234634019322468,-1.336520689806932,0.427016065030042
norm,0.3832956342378455,0.6802288732924522,0.4143032193324284,2.0622279274624193
norm,0.9070047805008653,1.35781622689264,-0.7160570206278818,3.5338173284637815
norm,0.9831812507386216,0.7409625180647201,-2.769300281985459,4.0275079824845115
norm,0.470820644474763,0.5499086361434348,-0.521434872111068,1.110147055876768
norm,0.9405393414037448,1.2748370081067613,-1.6314613992037101,2.0731005078666156
norm,0.9655099857518266,1.977073954230125,-0.2446440104723029,3.141121262904621
norm,0.8833121128025467,0.41943996014965745,0.010525787393245833,3.27804367140068
norm,0.0385302654687979,0.7886063497331449,0.33540184389932926,1.1176308312641217
norm,0.9886334001420095,0.3165778187655609,-0.06450646354006828,4.076406238416903
norm,0.3919804480767899,0.5974044908532834,-0.4897750750866983,1.210786425552048
norm,0.09366761511023369,-0.2727026258162023,-0.2723140374170222,0.3379130782805554
norm,0.8480382687487223,0.7128938383283305,-0.26304582721804315,2.8875072267090314
norm,0.1783721279300785,1.5681505274193073,0.583909983305791,1.474764183076241
norm,0.5623758699910182,1.6400855131010001,0.33495688654969613,2.5512363407190843
norm,0.19707710280694846,0.9422925736627829,0.22917231438411412,1.3353742947755713
norm,0.2752243384678136,-0.041463823897392754,-0.5608270082266317,0.6846371701937503
norm,0.08092583438150847,0.9046511453647575,0.6984062112860275,1.4197250631498552
norm,0.7266374913642308,-1.1930275040179898,-1.6947894970839246,1.3521780076086614
norm,0.3866455887100705,-0.05887159629766567,-0.7346413504688201,0.6072759165751083
norm,0.6836211915993331,2.113885980550762,0.4616232483746101,2.687749738679754
norm,0.4658504912663213,-1.7594789373677242,-1.3545667916397468,0.46801149954980403
norm,0.2721988791749739,1.0413104539002767,0.43510068962605764,1.8258788463360072
norm,0.5093717483153679,1.7345914580041417,-0.845332172843037,0.8481486812833758
norm,0.6609630940291882,1.66482851362621,0.23583478230928367,2.6330152223057253
norm,0.05324739934571476,0.7315305954452221,0.5271420813483009,1.2484609332121286
norm,0.247506734528126,0.3270704608908662,-0.8380674786651259,0.2904849351049725
norm,0.048010064313055434,0.15086626722172003,-0.09461933844640116,0.5121293763638767
norm,0.49241333804711684,-0.42508661111992724,-1.3810493133543715,0.40327883786945434
norm,0.5813176414048657,1.9545741627202287,0.024869884493578853,2.36564745062113
norm,0.027876519305365388,-0.5361295177444624,-1.151998026017806,-0.6301230545777454
norm,0.03616059658129189,-0.8037815975860366,-0.9741624514588187,-0.33514905319150873
norm,0.8537298457473814,0.993467375767751,-2.181462353679211,1.5832381269722342
norm,0.3533961002747509,0.9215680658331,0.6854158860317616,1.85486976073848
norm,0.7000940118260262,-0.31175359756816223,-1.2044632720870208,1.7065376516266555
norm,0.8109518624399156,0.7120365778774621,0.19683174767410172,2.6116840783854847
norm,0.21919406620451964,0.21415630294609905,-0.0006301850781963991,0.9893775266127629
norm,0.8545649281477078,0.7316618246738957,0.009865975209291555,2.386093254700443
norm,0.08041490282253538,-0.9600087277290783,-1.3264061200554789,-0.5898665875661961
norm,0.34690017409624707,1.57872724950463,0.683242875840815,2.0515048080391036
norm,0.5088876656612019,0.09467756390392457,-0.8847097805209373,1.1210831107638195
norm,0.6712794380834164,0.18781250369068003,-1.221526432532818,1.3889478200201362
norm,0.9749531721952212,0.48887556529033405,-2.8879709196003844,3.509986006840345
norm,0.7591706978673225,1.901132228920256,0.18211692330057683,2.906703542126058
norm,0.9246155636140103,0.28953308193559857,-0.9180062947735274,2.5522156082654455
norm,0.5334252698328341,-0.1360822039674429,-1.1619936806366291,1.3253257151273026
norm,0.03651125292047097,1.1614601523202126,0.6982777148040529,1.3947684565074834
norm,0.05586148972824578,-0.9587847406876224,-1.1139680138037427,-0.44366851498867593
norm,0.695127898053552,0.023431153101570845,-1.4820112559855034,0.8988935794385107
norm,0.4641724397178082,0.1263468896648574,-1.4162785077323075,0.6165694896318383
norm,0.6351055805157101,0.11196788095492743,-1.637077727228885,1.0435966045963025
norm,0.8573420528708801,2.432872788453819,-1.5295451952524337,2.3731905537790685
norm,0.21677696562268745,0.38158820737493004,-0.5526500530653752,0.3961105307521262
norm,0.5442815876285256,1.488770474626976,-1.4871283194664424,2.4922363947352233
norm,0.027746563197360907,-0.9112265030241196,-1.0992349315287777,-0.3443087365901726
norm,0.37448811298273876,0.3998810786071706,-0.9496891648524233,0.7456038487734025
norm,0.8588918823396761,3.4752056092968093,0.19688617486719018,2.5995142069938737
norm,0.7533474821624161,0.8898233692704415,-1.8338338270048382,1.2718960505606822
norm,0.482364640219466,0.9496421430638745,0.5224367707098404,2.1130345492729514
norm,0.8054484430140261,2.583109446397194,-0.8467580292407698,2.2198530623538755
norm,0.5495887059568999,0.24002422859687675,-1.1684434994830097,1.1862505603628735
norm,0.7948444576048656,1.3809360700113398,-1.6252238951085736,1.304053016160763
norm,0.6052337291969402,0.5797582089357463,-0.6457761279438166,1.5972740543092878
norm,0.19632380980291386,-0.3299147062522989,-0.7187766786037525,0.40891930719868175
norm,0.18203083699233935,0.5464234239449486,0.4311600573810075,1.2266358807570754
norm,0.10255150150396719,-0.8628640449140216,-1.1190978573695125,-0.19432162494690425
norm,0.5375127666909669,0.38155204600979026,-1.2980162433691105,1.3008327518094494
norm,0.6536467672919763,3.168765400866566,0.20109437517272655,3.363483027690747
norm,0.02613368911212932,0.8988936537262767,0.7369758143513512,1.3887245255907692
norm,0.9788995545424435,0.7227927625736679,0.278078814797452,3.8739116484166254
norm,0.6415888201618847,-0.9220221045827185,-1.410737700822947,0.9620996907807897
norm,0.5149769331988048,1.35999539936463,-0.5454692868461797,1.127058992997874
norm,0.7231474389318595,0.6661590297869869,-0.5838426789593443,3.2201441349109574
norm,0.8304250900346585,1.2338085280316742,0.22017314963916634,3.416399102939231
norm,0.8284510285939066,-0.025322120540269333,-0.803230091572451,1.8686440764787724
norm,0.3916348828010079,1.6066054802401415,-0.17940161902041885,1.5442613296229137
norm,0.2824737227690728,1.5694145922244782,0.6654227197772248,1.7630936748989567
norm,0.22131866069515327,-0.004887574753219243,-0.617551586527861,0.2924452749230321
norm,0.7226316501464849,0.8687204532845147,-1.0336446877998404,2.39588718578158
norm,0.8991569429195607,0.6849069310164602,-1.7063350115094615,2.3307667787100086
norm,0.49797431941897863,-0.8607565738657349,-1.4790033294907146,0.5498416863198659
norm,0.5592055337100466,-0.9141247606556918,-2.4091547634280586,1.7411014843274961
norm,0.5020904769494928,-0.2707387313411022,-0.8946639312032129,1.0854902882540873
norm,0.4515133349588235,1.210443915044362,-0.27079973475021224,1.3435168762855159
norm,0.026287308842724233,-0.8616536252983478,-1.1116030497363725,-0.45896729004793574
norm,0.7926635249750672,2.3580561864742133,0.3436479319742698,3.1154383065241076
norm,0.8851557773470073,1.0093521101012126,-0.567486963981244,2.4387608850809688
norm,0.7219430305691907,-0.3273605225370193,-2.266608606826839,1.484958328860845
norm,0.7659367189368345,0.03415972222970026,-0.9502481639951887,1.4236923184579697
norm,0.1662077087757733,1.313168534101837,0.5665869321224386,1.647674374913959
norm,0.6897602285923111,1.7459235947364435,-0.7807102257941299,2.88686605035827
norm,0.13963329442697459,-1.0662857117728373,-1.280862058166365,-0.1253291664654851
norm,0.5226955329397918,0.2416825630823869,-1.3086750429518452,0.5514880850398587
norm,0.44413959786233703,0.49141421953985376,-0.1012285256143236,1.5308666211561714
norm,0.06503846751705344,0.40444004316703797,0.25476259412692603,1.0475041649497434
norm,0.057674333198359684,-0.27357649469685086,-0.7310781948940526,-0.031465549650549096
norm,0.583921013049921,-0.3819657869927924,-1.0266317685884285,1.1907012492434546
norm,0.19554707682789252,-0.05114464440517531,-0.7049176288582008,1.0643125515707235
norm,0.013732398310712601,-0.5187331910067089,-0.9672176668587935,-0.1728813473679907
norm,0.4672252212154453,1.042251318899705,0.3494379734164039,2.33451207416398
norm,0.9300662840462,0.42881426339313705,-1.6671597492895904,1.465145988543432
norm,0.4934231192151599,2.218257129981361,0.46103754844856404,2.484170547456252
norm,0.974264959375928,0.19253944590358307,-0.5633908032448884,3.619281311794258
norm,0.35187857050863236,-0.5044453754587512,-1.1602920257611251,0.16966013112095002
norm,0.8926774724133731,-0.3852369493348252,-0.9489015827430769,2.0594944931772288
norm,0.3108153526776618,0.5542781427333126,0.5049056743809324,1.4526939340048557
norm,0.6685158469021272,-0.9470603679647358,-1.610749276110438,0.987588189260473
norm,0.8768788611036008,0.4849739760550224,-0.2980097886219003,2.1148593516310483
norm,0.9696169176083721,-0.059867131216476355,-1.8455402016653593,2.4310418090258827
norm,0.5939879551429774,1.1842642116965045,-0.996214949438424,1.3478875404330468
norm,0.4642326970963655,0.2578574282637045,-1.3337437658347169,0.4713318837070484
norm,0.4922695971725686,0.20785653443703073,-1.0949704081433271,0.9559407809793056
norm,0.29256246185506496,1.306971827484717,-0.6842600593920289,1.0517749993258954
norm,0.7491530647847492,0.5562621961917872,-1.1279369106683366,1.5214789838696186
norm,0.4964561672194928,-0.19433631035608304,-1.177540425530525,0.5488721771444531
norm,0.41996355885037995,1.3180271244314854,0.5448371239181885,2.0953705441432264
norm,0.1258427147500476,0.21046889561884802,0.017827086037901452,0.8719930550371613
norm,0.29780531057028714,-0.8495928364152336,-0.9782478158237815,0.18069109153018287
norm,0.566568354220698,0.6929266730868684,-0.3225735400040791,2.0879559726467667
norm,0.9501328967529621,1.652389294989564,-0.22222503324083642,3.8983622368285333
norm,0.5105809262622797,-0.9260217344765275,-1.410798979837615,0.43302850435269796
norm,0.06298915334103883,-0.17451203546104185,-0.43818113960776794,0.2377613265578027
norm,0.6563647520968978,0.006275652976446555,-1.532749163548349,0.6773043555480469
norm,0.3808297062243181,1.233727828735044,-0.02779478695752291,1.5935690594170735
norm,0.9940535768319484,1.6795269828682657,0.17668358118631033,3.8168638003328668
norm,0.05166446083858112,-0.30604815831225685,-0.7182197564697785,0.0572414150870903
norm,0.7728142018969221,1.1922393117601615,-0.6088039575145215,1.7646023702967164
norm,0.005461656402120152,0.6537998746593019,0.2892053418969482,0.9510884941260482
norm,0.602219216277063,1.3363450045284844,-0.1380572313124382,2.6494473811732995
norm,0.5155715696412941,-0.6802493041206682,-1.4658719074847313,0.5305018688453128
norm,0.6548756843084012,0.9114119122809616,-1.49250967234088,0.829143645572506
norm,0.4273145241720424,0.26355631007160435,-0.485959550427044,1.5110984781026113
norm,0.28419413064748855,0.09249215997979543,-1.048991837745159,0.11849425713366141
norm,0.15952232443466963,0.3096279753709835,0.20862451231282703,1.1450946456194213
norm,0.1359229785464895,-0.037370639155851815,-0.14606757223895084,0.7040214787797352
norm,0.1466824456375525,-0.6975173078210798,-1.2312493919027356,-0.09362315404401589
norm,0.44660274088408336,0.8840647117014919,-0.20203921680046177,1.6024689865815724
norm,0.3346524439957653,1.3588373814010017,0.7275900391990072,1.8833694592288635
norm,0.10298992036975574,-0.9379139229448402,-1.2809512452287555,-0.2910760112573
norm,0.20926788997150958,-0.5915791374998053,-1.310502840769911,0.12295234749881334
norm,0.7206100008601726,1.1781920924546263,-0.4824346417845158,2.879296723731778
norm,0.8827536666772439,-0.6102152789502242,-1.298358145423219,1.4247682215258328
norm,0.7966283084170646,-0.5683527327534568,-1.5331949687874828,1.2065034392924752
norm,0.8722563641632379,1.8953643336990047,-0.22616681390711624,2.9476305760571186
norm,0.9767272962752543,0.8671965946202709,-0.449084064015695,3.8550652490159125
norm,0.8319879821451406,0.5780492013023159,-1.670757159015419,1.2847241855468625
norm,0.1274388555043119,-0.5872865480073877,-1.2076430926087243,-0.381318221017422
norm,0.6495817171669223,0.5187694089203685,-1.3054784073417447,1.7744051011179982
norm,0.9051712390812915,-0.4716592999674374,-2.3877762255873582,1.9970599093376373
norm,0.4014497720859258,0.08479144464566668,-0.8490414171746334,0.7741494655530297
norm,0.6001762291110396,-1.6127021642572956,-1.6040948740718624,0.9966129251886549
norm,0.11621796734718759,0.7270024811011686,0.48075448331661763,1.6810708039150382
norm,0.7959762028680216,0.3093241165363395,-0.2888709576992503,2.6840373354639797
norm,0.23800446429421307,0.30302185912352086,-0.654502558329059,0.4448733534961383
norm,0.34242825374241403,0.026305290911771806,-1.0399692057061742,0.11292524611611054
norm,0.22542136044580663,-1.2454456568536574,-1.1362739223438585,-0.18687060371803121
norm,0.3647904266275068,-0.10088090833421842,-0.5833196178158587,0.6143587549617332
norm,0.8173452016599708,0.8818341321537662,-0.8980829695638093,1.4212421717287405
norm,0.9133530190135198,0.8263889287019007,-2.1360397434681233,1.2833667167089613
norm,0.6235397934222956,-0.2302063925910659,-1.1401447452229767,1.2978534194048723
norm,0.05339384868850905,0.42173298698708045,-0.16175058629055641,0.6313642576100116
norm,0.09391374329427626,0.7689984452920522,0.5934763857195651,1.2836839090917698
norm,0.8659247076184761,1.7913493899732391,0.1611621703611419,2.986062561037725
norm,0.07474139452722395,0.6675966919945917,0.40111783363648124,1.1785325097300907
norm,0.9664737899556854,0.8392723381222877,-0.3679404647189124,3.8178390720427355
norm,0.8771278988630863,1.6038701361466443,0.08367239539882854,2.8406616945293814
norm,0.6768192764243182,1.3924845185981978,0.1882108184389648,2.7045802006204505
norm,0.886592621814905,1.2476128785960003,-0.7700233175181088,1.6571067033775213
norm,0.33553447686104165,0.3599984877813014,-0.5726096926378487,0.40250934094116564
norm,0.05402040422695564,-0.05388570053984687,-0.7027457296591741,0.018573122204653625
norm,0.6293084740769922,0.5371786605998012,-0.3810631181090014,1.9939486922691918
cqr,0.833564634661071,1.8841599515849068,-0.031973294488423856,2.683998793014802
cqr,0.06887176018224672,-1.1217007354774602,-1.1481415355206188,-0.21694006418649064
cqr,0.8251067677490682,-1.267137776684235,-1.5814175199883642,1.441541032446976
cqr,0.06383571457289672,1.0768760334129792,0.47155297868689516,1.2741518674015728
cqr,0.6629207035898416,1.3923108044250312,0.12477459041067535,2.489512347366966
cqr,0.8911641953367664,1.669816988702655,-0.1304348069257437,3.1958322898628246
cqr,0.508632621498726,0.32688910850734304,-0.6857184081548604,0.8289317064002867
cqr,0.5937885142530589,0.3060050051733174,-1.6185636632802378,1.0530710410759152
cqr,0.24410836684864068,1.0395634111533254,0.5184954794290564,1.6030037215759643
cqr,0.18858796229167363,-0.04978792148830006,-0.41628193987384626,0.44907997184453086
cqr,0.43230321278355877,1.1093559707107405,0.3564990193127309,2.121291121377319
cqr,0.04755250569435843,-0.13361251740063104,-0.39818156945759137,0.06412493427739956
cqr,0.8796246430689235,4.4378442355745165,-0.14191718135614106,3.0348385016220076
cqr,0.147145241730813,0.4292584896355842,-0.5872706618539768,0.2506935628565041
cqr,0.4921704253407553,1.1986542285517356,0.32598679925512225,2.2321943014132914
cqr,0.7939693762761445,1.299133948241254,0.11324553962434075,2.6894992684727104
cqr,0.5422212469810694,-0.6348695892695808,-1.5894537628243053,0.8759475597239673
cqr,0.7090610110562686,0.3459757257596283,0.11920520845808003,2.3554712492951433
cqr,0.2700045986950579,0.4620830518544241,-0.35403623152101715,1.0314533392367022
cqr,0.5193101447497269,0.33289919665229895,-0.6710317027999798,1.2922800580638718
cqr,0.5966327614565019,1.8301906617919599,-0.021691369678221877,2.2596311187290095
cqr,0.4397207622999375,1.0403895450555578,0.32211964965639756,2.15222561056256
cqr,0.4963711753907192,-0.7514447745904671,-1.0299153433958348,0.8409369724668094
cqr,0.5776495262090899,0.7944970219487436,-0.6840057705131584,1.4562801190425245
cqr,0.5674148220955616,0.3419848711294351,-0.5909706112096976,1.1496668588504535
cqr,0.677450705079481,0.02159770005860101,-1.5509599410881438,0.9093008993394383
cqr,0.2415686274380593,-1.180471119261126,-1.1380638874050242,0.13141393521653666
cqr,0.8397620707115001,1.5139421473563572,-0.5805219918307645,1.9865614456217733
cqr,0.3854217820974406,0.07342257360219928,-0.8615195198616618,0.8463766285716526
cqr,0.4230220612963511,-1.0159068330755747,-1.6014579782921536,0.5846625955116895
cqr,0.9779464545071325,0.12172804913097421,-1.5377903068973313,1.8176915345151359
cqr,0.49219713843162494,1.3137160287514063,0.20488940446580517,1.9195294893238255
cqr,0.2790295612433873,0.5990530559153767,-0.659363368555436,0.5779772213127168
cqr,0.2947841571985327,-0.2214878380840597,-1.1777042783136338,0.3114988073949057
cqr,0.7320641015921572,0.5073773820876538,-1.614836388516485,1.2465764672988344
cqr,0.5834311606096487,2.5055704618868693,0.10435087514988503,2.4050097847367944
cqr,0.9862209060179652,1.8001156866169894,0.09775835959252693,2.802919710811893
cqr,0.7401008640583588,1.028594317976704,-0.20096432848421764,2.510349673550169
cqr,0.1523745654874301,-1.0023757421129211,-1.0388025800508438,0.10059871476813254
cqr,0.22415379834596372,0.4588338272917181,-0.656568393152952,0.45824774652217143
cqr,0.8611872740202704,2.7608100125510173,-0.18364669879637388,2.7242867959124775
cqr,0.8806315000599015,0.30072963072720826,-0.9160891269021177,1.7425068075366417
cqr,0.6930031602537108,0.9321884665413793,0.11244164186922456,2.6203177628952137
cqr,0.678745460481589,1.1513785961775018,0.12307235805680478,2.4685780944120834
cqr,0.6369793249530078,-0.2922206857966082,-0.9114230244497995,1.1757793132572492
cqr,0.08909432764987524,0.9496472134248435,0.44517389808221,1.3515118098908385
cqr,0.25162165572372786,-0.4686397180013935,-1.0312964183601858,0.12057616319856931
cqr,0.03513016647000289,-0.04774647379097323,-0.3175929825410894,0.3503222839152339
cqr,0.38525065271195136,-0.0913031781348771,-1.573456510830203,0.5846625955116895
cqr,0.08521010911613036,0.09474827524398732,-0.640589071468898,0.38518810464969866
cqr,0.5563567977050153,0.20677870927626624,-0.5993030875184416,1.6147646299208227
cqr,0.23474610147556607,-1.0191130286959986,-1.0489916817788005,0.15895196877283252
cqr,0.20096473027315187,-0.8112356958462092,-1.0953659849206987,0.1481141967548652
cqr,0.022575609415791398,-0.18430317305590938,-0.43433583348472504,0.018513002819281314
cqr,0.8287677063104733,-0.5871806027552369,-1.5927788030905927,1.441541032446976
cqr,0.6983692226391207,1.6735948850482303,0.1814912645018934,2.6796232043571555
cqr,0.6591834870843953,0.7546765493184915,0.18299013546075915,2.0706938025441586
cqr,0.5826873925615521,1.1200295864147987,0.19149230724936714,2.5488177888289076
cqr,0.12527968613169616,-1.1063927016664614,-1.2737558696863769,-0.058357584232038975
cqr,0.7288478628517475,1.492723400143055,-1.0842790132368028,1.5202957664253203
cqr,0.7737634415027993,-0.005598399139283616,-0.5390351178484594,1.8815184243384397
cqr,0.29591536309710365,0.6564821496864737,0.29687663323306235,1.376673051626128
cqr,0.8100355376546835,1.090821877241804,-0.07616751341497943,2.510349673550169
cqr,0.09309934939726494,-0.9628773777415418,-1.0553914720721418,-0.15439924580607042
cqr,0.8842608727712544,2.0120663054670107,-0.5827541440448227,1.9865614456217733
cqr,0.11664817422493501,1.3924656978596393,0.555021280474634,1.4449996100330345
cqr,0.5761997742661893,-0.6883148607007488,-0.6559375576735653,1.1830201984659243
cqr,0.008111583634638153,-0.806337581687344,-0.9905338099185547,-0.23163820214827868
cqr,0.9749546004328288,2.570534420710193,0.1308850853064049,3.418660647434156
cqr,0.9756440893804043,0.7723466150906881,-1.762852474111451,1.9668448169898298
cqr,0.9030252979193522,0.24463882621633892,-0.8739911902092945,2.067333801593252
cqr,0.7972552197127302,-0.20610188813610747,-1.6451397267748358,1.3228999765487093
cqr,0.5597654575362981,0.9323753411089897,0.05414615935273699,2.098231836100455
cqr,0.5733505144563207,-0.11475927580994391,-1.5309574832750195,0.8759475597239673
cqr,0.03459634179425841,-0.7601537815273585,-0.7607808258430409,0.16282760798638696
cqr,0.2516760741006834,-0.13377877571572944,-0.9428723193818032,0.4145926106726763
cqr,0.5224685852960692,1.1670816262694974,0.2751873529847901,2.219131917361943
cqr,0.24821312165099818,-0.7886744687930447,-0.7375055370083536,0.1433498158970173
cqr,0.8119380953954408,0.755831501300854,-0.07954888089585962,2.4767430895630875
cqr,0.1010878807276101,0.7555457999021249,0.49320608273356903,1.0556241591699016
cqr,0.46437858030874535,-1.3062818608054583,-1.6047307661833954,0.5846625955116895
cqr,0.9270672871447301,-0.11573802618630813,-1.5385767580965188,1.6158569296659686
cqr,0.7347083398990235,1.5521583770666683,-0.6132716541672557,1.6268647479446037
cqr,0.7395961195468138,0.9542612850093942,0.11881492157693607,2.6894992684727104
cqr,0.5429312375468524,0.17235551026421508,-1.5270903336762949,0.8484095261676714
cqr,0.9357501583622325,1.0109618385691594,-0.1124587176435236,2.6669348282587997
cqr,0.8510863254809636,-0.09287511062381716,-1.6033948957896527,1.441541032446976
cqr,0.7472886413790035,2.8735485644039596,0.18546230419090665,3.016638955356912
cqr,0.30104127074266573,-0.8520637875985123,-1.1275341948022342,0.3114988073949057
cqr,0.4695777120951844,-1.564816170687547,-1.4970328584017287,0.5672176733403236
cqr,0.5673820060869926,-0.48413197783398276,-1.536556350564306,0.8711831788661194
cqr,0.7879590327766254,1.370162172074466,0.11324553962434075,2.8198323714132565
cqr,0.9263817103764925,1.0954084326926048,-0.9098138102776061,1.9743260281018344
cqr,0.3894916733121714,0.9936934775150628,0.05329309883641027,1.8118084235142318
cqr,0.6607335204196126,-0.19444079455795005,-1.0810366652909338,1.0845423181894678
cqr,0.7034244331367987,1.1713180714657605,-0.6367521825897756,1.7438427377983763
cqr,0.3449998594251904,0.665763151910737,-0.3990093333189058,0.7754309306046582
cqr,0.4491379238834212,-1.177791312547051,-1.580531447960492,0.5846625955116895
cqr,0.6402623636297582,1.8831065492171692,0.14026905507861262,2.302765840802234
cqr,0.9534709297628446,1.5810304551486274,-0.28411103872932875,2.4791712006420594
cqr,0.4107011015204526,0.8533824842496589,0.408578626760964,2.121291121377319
cqr,0.552722640698454,0.973762055899096,-0.0434608497709927,2.2596311187290095
cqr,0.9620718667684961,1.172890558844644,-0.16630752713668973,3.069294530757598
cqr,0.576636587767739,0.5138209319230134,0.1364019054798879,2.407714533963542
cqr,0.4896857140298887,-1.5222059779047434,-1.5451754332918852,0.5672176733403236
cqr,0.8127407262860163,1.4887073498296837,-1.6451397267748358,1.3228999765487093
cqr,0.6311730011892336,1.0201835507252086,0.14197128743248322,2.2291226708645855
cqr,0.5427554383594888,0.9017466541154935,-1.1806124768845252,2.098231836100455
cqr,0.6967080762303359,0.864059549629984,-0.16550511011597563,2.229037251628702
cqr,0.3452999568965188,-0.1087875011407107,-0.6481084585434638,0.7361791885749553
cqr,0.7036565219558683,0.9641617659071647,-0.5288203131076403,1.820622597779257
cqr,0.731883584115526,1.4896115956492744,-0.24362372181189973,2.824045185089787
cqr,0.34928889888757186,0.3675175189185109,-0.5650295143723137,0.9503131490505393
cqr,0.8272003317316676,0.8010790544150996,-1.1152646923000458,1.441541032446976
cqr,0.3881616335649839,1.6825194932686927,0.44571086023920137,2.180596562839261
cqr,0.9180413186238886,1.0916575981393737,-0.2039336389846081,2.947787650639869
cqr,0.6049818454106733,0.353734189510875,-1.5074120120402044,0.9093008993394383
cqr,0.07285216215819124,-0.227762702499118,-0.3767151154471851,0.15614228376051567
cqr,0.4157676325668086,0.6777956839859131,-1.5489870198287181,0.5846625955116895
cqr,0.07702010049209251,0.3105295552676305,-0.3468037922822327,0.5213638505966949
cqr,0.9640853032066231,3.1132542054134915,-0.16630752713668973,2.6674925600823842
cqr,0.2163196599466135,-0.16665447476808648,-0.2999158211967608,0.6450655554751726
cqr,0.8916930492570166,2.594319265004297,-0.30841813189371947,2.6669348282587997
cqr,0.690443529729389,1.547395350634591,-0.8485472340040934,1.4562801190425245
cqr,0.3206632846553982,0.8268698373828174,-0.047639855110510526,1.1853160240961667
cqr,0.48172152217752173,0.1277850713743983,-1.1377218567796623,0.8061580537018387
cqr,0.11524513691248761,-0.435131495343966,-1.0150250463640456,0.09133525543554027
cqr,0.624342599555372,1.7616908627928223,0.19535945684809186,2.5212797552726114
cqr,0.5884239355834914,-0.71643112194991,-0.2397102863476482,2.098231836100455
cqr,0.9291583799737174,2.362098164214477,-1.6472921918196273,1.6158569296659686
cqr,0.7324038786482884,0.42146173814396426,0.06321842001211776,2.7092888746720147
cqr,0.2789241016793016,0.1533539611960274,-1.1824829882681702,0.3114988073949057
cqr,0.9363073038176606,0.7785714590948567,-0.055237429858448435,3.2551377313247665
cqr,0.7261989070345102,-0.356012934837594,-1.6109692389177603,1.2465764672988344
cqr,0.9028402624669621,-1.4853148141655927,-1.5230557508270401,1.5875419295798687
cqr,0.6889327708538698,0.8883896200706193,-0.5275060670621249,1.6423026634771187
cqr,0.4372287560835475,-0.6944659521858911,-1.6047307661833954,0.5846625955116895
cqr,0.7650970435712164,0.41164884440231414,-0.8807863591371738,1.58937839046652
cqr,0.2610312014186339,0.21216815407073047,-0.35076344362977546,0.6685132415390563
cqr,0.06680962702504234,1.0779598209993662,0.5404664985335947,1.2742865319368435
cqr,0.8992816886239413,0.12279225789121098,-1.6453852075601305,1.5875419295798687
cqr,0.10836723047744434,-0.6660611463738422,-1.150999854294952,-0.079544619769362
cqr,0.4585945322159506,-0.1748102920890078,-1.39701857772379,0.5846625955116895
cqr,0.5120537983217857,-1.0019559039754653,-1.3515622664333078,0.5672176733403236
cqr,0.5789769830395203,0.6917405334021762,-0.6728779174899827,1.4562801190425245
cqr,0.44207465055243755,0.9445698132879343,-0.7589267700870028,0.8511410094295006
cqr,0.23498890036436815,0.0433203277974617,-0.6774831476192736,0.4145926106726763
cqr,0.2547955535257831,0.4247468657513538,-0.35403623152101715,0.8680687285966613
cqr,0.6566799919919852,2.151729585821006,0.14927456106512574,2.489512347366966
cqr,0.3779148400783531,-0.4901894999548461,-1.4939458967193513,0.4744651555149923
cqr,0.8671778908663107,1.559606759521035,-0.2039336389846081,2.9851025137356757
cqr,0.48805950444346,-0.33011814960788366,-1.0060339489981958,0.5396796397840277
cqr,0.7996890400822911,0.29144202238522465,-0.6085413635664394,1.8815184243384397
cqr,0.7070218455541754,0.434392033274837,-1.5074120120402044,1.105520664286189
cqr,0.009007661149280755,-0.540249713904993,-0.7624375914979264,0.022417406760988693
cqr,0.2337802884111484,0.5498358467405612,0.14792389192588282,1.2826832516949092
cqr,0.44109146118602083,-0.07768121423669128,-0.7098597888177274,0.8511410094295006
cqr,0.3635842605742282,0.7618039233931541,0.21226427510915172,1.7650406627374244
cqr,0.853330284894504,-1.162110690168329,-1.686510716696014,1.5443589025000735
cqr,0.36457009535502727,-0.0750843753066765,-0.6926504908907813,1.025239851296563
cqr,0.24436257604098788,-0.6629499511256104,-1.0392129457591395,0.1481141967548652
cqr,0.1718501099908719,1.3417988463227255,0.5208036670107609,1.5190498498002039
cqr,0.5741549777767408,0.34167574366561515,-0.25780703530776317,2.098231836100455
cqr,0.3793972861239583,0.1584554220926947,-1.5743326612488626,0.4250766368111414
cqr,0.23031008960477617,-0.12133921275633713,-0.38711286488681435,0.4218334958813509
cqr,0.07093351121302194,-0.39372469218506156,-1.0094641170236371,-0.1890397069714145
cqr,0.9422641880010856,0.4316940564956637,-0.303533995587769,2.5850568233037317
cqr,0.2965404111686939,-0.2808884600827475,-1.0182380306517225,0.3114988073949057
cqr,0.03796099720128354,-0.9213946643500159,-1.0137498512507443,-0.24247597416624606
cqr,0.8296532461546395,0.5709845876683579,-0.6772968894073551,1.9419373077757702
cqr,0.5190892256396575,0.3283493121548524,-0.6906135824290137,1.3416685767677228
cqr,0.7165290458791228,0.1943492786827984,-0.2522143729875594,2.510349673550169
cqr,0.8175843195027609,-0.060838421663924946,-0.6915866026208173,1.7152603315734618
cqr,0.4695486061738149,-0.8110390443389461,-1.017582394854384,0.5624532924824757
cqr,0.8959107778099021,0.48650336575527664,-0.08091378710885978,3.2551377313247665
cqr,0.11610195056302652,0.19674703650822997,-0.022378835411942452,1.0556241591699016
cqr,0.6784306944635333,-0.4765682834606433,-1.5586273314545172,0.9093008993394383
cqr,0.2449304664442965,-0.01100483399019997,-0.7061147447907465,0.1481141967548652
cqr,0.8218164011778737,0.23411080266283862,-1.5369171521087588,1.441541032446976
cqr,0.005356095231975,-1.0884918773497239,-1.1494687913905963,-0.21304161642373226
cqr,0.333697776861394,-1.1553348796740337,-1.0924817072702646,0.4400127378070127
cqr,0.9163032650834729,-0.28101824624060623,-0.5198282913412304,2.6669348282587997
cqr,0.441423136467223,-0.649038506593608,-1.5864419530027425,0.5798982146538416
cqr,0.8796710491229377,0.9965921181245032,-0.3158669441292198,2.7242867959124775
cqr,0.2249758911218518,1.0780624924903293,0.4595593568075318,1.517262274531322
cqr,0.011169003979242365,-1.071337121225466,-1.169864234703533,-0.24247597416624606
cqr,0.9073288408319155,3.6918490299422198,-0.10920762416253497,3.2317918499092597
cqr,0.11898768074067756,1.4887213930892644,0.5325107821627181,1.445599334032254
cqr,0.8344838525253196,0.8540499104568864,-1.1568258124262787,2.9320434322377578
cqr,0.21183539281978125,1.2924539169052078,0.5405458032504236,1.6514713910199386
cqr,0.8257954966700869,0.41207123568164483,-1.4398685028702651,1.441541032446976
cqr,0.7175342365943017,1.5474985432490707,-0.1032786400554325,2.510349673550169
cqr,0.4693007744632185,2.1169659691613605,0.39325500290268545,2.2605652536899914
cqr,0.060929226736526676,0.1620342310022525,0.20092530226506988,0.8908002546500261
cqr,0.33550979076619314,-0.8202064579135446,-1.1487676660213093,0.4400127378070127
cqr,0.6968872153396041,0.3831922251264521,0.11920520845808003,2.6203177628952137
cqr,0.639129851711747,0.5452427407255893,0.18592292529677182,2.5488177888289076
cqr,0.5779491119347452,-0.32585879445599186,-0.6397374595333898,1.1830201984659243
cqr,0.3047376297347544,1.230722525638988,0.5410503425826366,1.8562339742402039
cqr,0.3080144285933073,0.37878586012770055,-1.0073499296045552,0.4103661501107852
cqr,0.869589424259203,0.3198308543787446,-1.117727827724201,1.6661709700008562
cqr,0.9518410724259562,0.6238574855846246,-0.10363824220993967,3.2317918499092597
cqr,0.252774992210691,0.3032377670983222,-0.061361836093775095,1.2826832516949092
cqr,0.18455841071341494,-0.5613199998884956,-0.41065263655630957,0.4034167951620816
cqr,0.42119278574187957,-0.7162607294104018,-1.5295696968591925,0.5846625955116895
cqr,0.07031748316869435,0.3255861968349599,-0.0946671290584384,0.6720471875888876
cqr,0.14384655193667484,0.9835456497372547,0.42567163650694095,1.2999527215264506
cqr,0.3856636957946278,0.02565809991700472,-0.5729598824875188,0.8583818946381754
cqr,0.10567750759205474,0.23201114462463165,0.14792389192588282,1.0556241591699016
cqr,0.8977150685658795,1.9344547794824916,-0.19855845299484315,2.947787650639869
cqr,0.26856744712700775,-0.2966652157380228,-1.1896786425425043,0.2694241778456747
cqr,0.07950526119274814,-0.4115726445885661,-0.7072083875842274,0.08278704203208015
cqr,0.19037452110542774,1.0546124470671956,0.5782558052796053,1.6514713910199386
cqr,0.33051369551826504,1.0932685900220913,0.4412378061274372,1.850538788163695
cqr,0.48130893703976685,1.2947493534815306,0.4111573333967315,2.2605652536899914
cqr,0.043205181740364584,0.165596113367893,-0.6828741796800967,0.573118706198968
cqr,0.9448390402141603,-1.086146500420329,-1.6035223507343175,1.6158569296659686
cqr,0.9351168012961809,1.816474404221,-1.5610139681678243,1.6158569296659686
cqr,0.4090369876616998,0.6561731970125607,0.10981681449362413,1.4584798122129512
cqr,0.26225697890539335,1.1306422300396624,0.32576903675115504,1.2124442587594533
cqr,0.922196004167748,0.6928826145274791,-0.14506434952854808,2.7978256630229303
cqr,0.036573391451652615,-0.9047298148089826,-1.161385879395184,-0.18380166744746831
cqr,0.9050352103994121,0.673165115900632,-0.512016713612448,2.9806303397984175
cqr,0.9873624707290983,0.620405613583384,-0.7949396767544631,2.0841699484329466
cqr,0.2760925832411967,-0.1865375728520755,-0.34854615428525065,0.9170273876173443
cqr,0.15541475171241081,-0.7612240804360118,-0.9963676565967103,0.01509293153591082
cqr,0.10966819666961669,-0.8271250223577546,-1.1979509538855095,-0.09038239178732935
cqr,0.8618509607685123,-0.9188715570802584,-0.9344176937642287,1.7152603315734618
cqr,0.20546673937719773,0.6134804441108259,0.30497546623532124,1.2165346062518658
cqr,0.1981583040527395,-0.22414370296078726,-0.34511135047629876,0.8680687285966613
cqr,0.5873143931583359,0.5877872355156603,-0.6195554855679677,1.561230051473232
cqr,0.8328081915385489,-0.7540016538210065,-1.5538244005521828,1.441541032446976
cqr,0.1656708830863305,-0.7597892134441824,-1.1893475815510375,0.0042551595179435575
cqr,0.5243000695021234,0.40029880281307684,0.2898149517966885,2.1915938838056466
cqr,0.2382468873510205,-0.6893244572410664,-1.158874490122506,0.12057616319856931
cqr,0.11696239751388615,-0.2564354092522351,-0.5945501306694984,0.19728305766780468
cqr,0.0494338028203799,-0.3147166796377846,-0.7268951050798237,0.022417406760988693
cqr,0.7862657019703642,1.4005819070119745,-0.6693288930116531,1.58937839046652
cqr,0.35449731294278364,1.130090637063175,0.3165394647558962,1.7293633584763972
cqr,0.5702945320590271,0.9836617802186575,0.08080540391506962,2.3116155879009703
cqr,0.9014455528551996,-0.9051349643862219,-1.1386543580558628,1.8612612287063546
cqr,0.9702739862813899,0.872067573375678,-1.6504578748183223,1.6158569296659686
cqr,0.2544668562712842,-0.19306559924394445,-0.8052167873918106,0.4254303826906436
cqr,0.27465401068130424,-0.8992856364104942,-1.0392129457591395,0.3114988073949057
cqr,0.9759235667850474,0.6691940591881645,-1.6547702142760279,1.929515638356912
cqr,0.17726264570526107,-0.7020783515763092,-0.9847537013552319,0.10245102007241592
cqr,0.15747290345560527,-0.91287326848528,-0.9977864239995007,0.11791080158900852
cqr,0.7258652330353249,2.95911944344021,0.11324553962434075,2.7424217118082446
cqr,0.560532962804586,-0.41320059401952947,-1.5894537628243053,0.8759475597239673
cqr,0.6241171947486173,-1.0328306789728192,-0.6581567582571465,1.1554821649096283
cqr,0.9550276930027478,1.6401517075709005,-0.08648316906145508,3.1469292206968964
cqr,0.9306006831449332,1.9095185889885646,-0.1916006904431573,2.727409447656451
cqr,0.9400828867543191,2.338155853069758,-1.6748855416722894,1.6158569296659686
cqr,0.622928273164893,1.3730868895960413,0.16319847019569192,2.489512347366966
cqr,0.5410109384893366,1.0153267825695016,-0.24742219698300325,2.098231836100455
cqr,0.13825423668776127,0.8207219971096797,0.5493086683774316,1.445599334032254
cqr,0.7451356046919253,-1.3636757476410315,-0.6068391312125689,1.663824200296685
cqr,0.4057358763480864,-0.31128952266353077,-0.5504182790352058,0.8583818946381754
cqr,0.5550038663351138,-1.1109329067447062,-0.723048599302993,1.1496668588504535
cqr,0.5986613121116232,1.5983736656770917,0.2038990145789919,2.5488177888289076
cqr,0.5043189412369449,-0.05164517235117627,-1.3878555482654973,0.5672176733403236
cqr,0.27545221929674557,-0.7701450462602379,-1.1080882871125608,0.331702718120294
cqr,0.5517880432009371,1.641499256839082,0.1364019054798879,2.2856797365125274
cqr,0.17682462143283295,1.4572654493237351,0.5178213481493437,1.582462332921983
cqr,0.08042011555203288,0.02106268207734771,-0.07988906000368005,0.9442365218448576
cqr,0.4117526179311811,1.5029374961005522,0.3352759671357734,1.7671842856682287
cqr,0.2070065797281564,-0.10447696014963201,-0.7018381731629987,0.4145926106726763
cqr,0.5829283007524696,1.2188201389798226,0.1826214270541322,2.489512347366966
cqr,0.5633612014402766,0.5507642079866871,0.06300847157501886,2.3603856468907916
cqr,0.8243156384213901,-0.3099755993003765,-1.5649855642237827,1.441541032446976
cqr,0.6989892993396281,-0.4130812769059586,-0.8394160662858434,1.3719990782039997
cqr,0.7150232767354894,1.7856678041614902,0.11569843491553336,2.9573335138949703
cqr,0.1030879852341422,-0.17512504798702125,-0.44527962260132886,0.18333690733915645
cqr,0.5787386741783435,1.9915509038992139,0.10609856722153717,2.098231836100455
cqr,0.9192979230918235,3.0232694775698454,-0.29796461363517374,2.4791712006420594
cqr,0.9725011583918075,0.18693770941973933,-1.4326553546137502,1.845032749489047
cqr,0.3692845474079519,0.7735570501671214,-0.08953290514840277,1.3482823722162538
cqr,0.5888569211714308,1.5649079475270864,-0.3033902871349105,1.7190825234579994
cqr,0.6269219194766635,0.811947971271674,-0.1704939509249985,2.098231836100455
cqr,0.04313433806254341,-1.0741875786015749,-1.1660665992737005,-0.24247597416624606
cqr,0.4581620135105824,-0.6783910236797709,-1.53960605133929,0.5846625955116895
cqr,0.8266483083998671,1.9442542486598358,-0.6602258267450472,1.7152603315734618
cqr,0.8385418259906235,1.0657180411265743,-0.13967036774227543,2.968002992284193
cqr,0.5840547253719058,-0.8449717223236622,-1.5961116834558162,0.9093008993394383
cqr,0.020838447887086775,-0.4635664098254094,-0.9676695217145207,-0.23163820214827868
cqr,0.9148683490864523,1.0493225186319124,-0.7625477131090261,2.067333801593252
cqr,0.9638049475062406,1.8107741828038588,-0.14276775546719445,2.976417526121887
cqr,0.7448626061181203,1.1148647930523792,-1.596860299234265,1.2465764672988344
cqr,0.7020729842133353,-0.4655761604289401,-1.6017757203395822,1.077982630729893
cqr,0.21730234345145838,-0.6984403976628173,-0.705529087455298,0.07118764449471862
cqr,0.26865301941963793,0.6826087248592372,0.3968355741488033,1.6385722556221314
cqr,0.5877801652264527,0.9796953211523497,-0.14543015491041392,2.098231836100455
cqr,0.38324688034550003,0.5634976145374269,0.35141102493975623,2.121291121377319
cqr,0.793044498737769,0.4328074140272542,-0.15206051125769368,2.510349673550169
cqr,0.30087051075152094,0.22521954190173843,-0.5595970141187044,0.5779772213127168
cqr,0.8176065511464343,1.3054186289638117,0.07545378130928901,2.875487416856819
cqr,0.4155915221511063,-0.5136789975328814,-1.544812988779441,0.5798982146538416
cqr,0.5195350859904783,0.19727132271167952,-1.0379992172082504,1.0611677709824474
cqr,0.5280653579265537,0.537030725787626,-0.6694514182075307,1.4181623985692058
cqr,0.31948772437951234,1.26205156126056,0.5465404198184032,1.8562339742402039
cqr,0.31305540942234966,-0.8682509820540607,-1.1974464145532964,0.3114988073949057
cqr,0.8205085884621609,-0.3214021773938786,-1.6115636006252432,1.441541032446976
cqr,0.3944435102628985,2.164800180164233,0.42566600106239566,2.180596562839261
cqr,0.31001303280083337,-0.13265719840974133,-0.6519335071972243,0.5779772213127168
cqr,0.13964446482247128,-0.10953015287748272,-0.6270159912970646,0.19728305766780468
cqr,0.4421961490429007,1.2848673800081731,0.39325500290268545,2.180596562839261
cqr,0.08111485947454311,0.6378416127788117,0.36529116510238835,1.2645569917259127
cqr,0.9213686751659138,0.9422549129269284,-0.16630752713668973,2.7982675996631086
cqr,0.402168186409113,0.1465912475843577,-1.4396337130784014,0.5798982146538416
cqr,0.3556257485275218,0.30941317529299445,-0.8525619624557738,0.7948965399868018
cqr,0.6017638028238574,-0.6922374091462479,-0.6875106048407809,1.4562801190425245
cqr,0.4584438550176725,-0.6278341751247611,-1.5868284356893492,0.5846625955116895
cqr,0.506408508457945,-0.6220564404585442,-1.5923978176419444,0.5672176733403236
cqr,0.6384033302281417,0.19733077779343894,-0.6063970710556537,1.4062522580597459
cqr,0.4375488242266645,0.25614788927685245,-0.09091113895533284,1.8118084235142318
cqr,0.6596176549839862,1.5240253220579913,0.06917808884585704,2.3496762187718803
cqr,0.057691467414036635,-0.541631324521018,-0.7203659438025979,0.022417406760988693
cqr,0.31722161383924086,-1.26495714905783,-1.1282113679196144,0.3114988073949057
cqr,0.6616478202603118,1.5697047214909676,0.11920520845808003,2.3303038743585303
cqr,0.24703885363943034,-0.3373212155705267,-0.7375055370083536,0.417069115023503
cqr,0.44106745537089886,1.8030016552621513,0.39155704217723963,2.0438804617723063
cqr,0.6416207938317239,1.1661883001438107,-0.0434608497709927,2.2596311187290095
cqr,0.5006064168223859,-0.44278174233696554,-1.4931657088030041,0.5672176733403236
cqr,0.33561578335559183,2.2573139264698896,0.6065375019391863,1.9542765634702959
cqr,0.6096448405008604,2.2210200115774605,0.12254468953519271,2.5204468365522077
cqr,0.3411727131904573,0.7073228495966469,-0.5650295143723137,0.9503131490505393
cqr,0.7769531761074444,2.2821485693850785,-0.02806902505527843,2.510349673550169
cqr,0.700269028448649,0.8404925890628884,-0.18347549983287556,2.229037251628702
cqr,0.001966564401312376,-0.11062913359382867,-0.39469653016367917,0.12465925595223305
cqr,0.44537178139194233,1.5856314637692186,0.28752030152624086,2.15222561056256
cqr,0.010189975309110588,0.9125199591690407,0.6316468249141566,1.2589886699758361
cqr,0.09763579511576725,-0.2720716999388509,-0.6131461058853478,0.11207916811174057
cqr,0.7855891765088597,0.33681683051120026,-1.6271693370579359,1.3228999765487093
cqr,0.13798726893799507,-0.735503553923866,-1.1466969961234386,-0.06919535625000633
cqr,0.7193225913154603,0.007018024122792621,0.0668814947845034,2.7092888746720147
cqr,0.8450559285712023,-0.6194981260275019,-1.6281345202246211,1.441541032446976
cqr,0.9539943822791541,0.9823243309511361,-0.16630752713668973,3.1958322898628246
cqr,0.5243472229008581,-0.7178296777501271,-0.9069636239602645,1.0796948007528366
cqr,0.46203880749604587,0.3386645958740414,0.1625332248200599,1.8118084235142318
cqr,0.36530877132128314,1.315670882622867,0.47356529443088297,2.06743995902118
cqr,0.7634023527191003,-0.40382537807373087,-1.5954134316580446,1.3228999765487093
cqr,0.2416283319635365,-0.4902236759180123,-0.7296736483798639,0.1481141967548652
cqr,0.5541649542403626,1.5527887584356157,0.10307180350377552,2.5488177888289076
cqr,0.08001105087083371,-0.3529444145764943,-0.7482961660877322,-0.17820193495344713
cqr,0.7956153858076993,0.8518009822958018,-1.614836388516485,1.3228999765487093
cqr,0.780618304814159,0.577937987134739,-0.7350808168056348,1.670035353241215
cqr,0.42389232914131825,2.079785666824539,0.2572169632678901,2.1142077197979896
cqr,0.2437154156142225,0.8611904536521479,0.28411991305212686,1.5147552899529846
cqr,0.04909868426312092,0.8959504593759965,0.45559507116941467,1.117121129336524
cqr,0.38802331682453406,-0.39890125424390765,-1.5743326612488626,0.5846625955116895
cqr,0.028379550398354714,-1.0469335822630543,-1.1112627692436798,-0.24247597416624606
cqr,0.08509438553789395,0.8716523270178848,0.5571262768736731,1.3124249371706675
cqr,0.6985813583890144,0.22296600820709167,-0.7046934811179285,1.6478584009536597
cqr,0.6561253740090253,1.318345988439006,-0.14521816992774142,2.098231836100455
cqr,0.6158435777509348,0.375946620693158,-0.6015850958510678,1.6423026634771187
cqr,0.8206311633371671,0.09246796733613594,-0.9330413647943891,1.7175664677808653
cqr,0.7991967089166456,-0.5938310282693715,-1.4796724664545697,1.3228999765487093
cqr,0.49744213053863606,0.22573181468897474,-0.004402300743871908,1.891777114364963
cqr,0.875614579523277,2.426687511382432,-0.1531341927142759,3.0134734660123765
cqr,0.11313288047044978,0.8607513824347006,0.45150811951008946,1.3846038502010432
cqr,0.41777928942304277,0.5547586149486491,-0.29649621262872883,1.4584798122129512
cqr,0.15980633092504926,0.7975987843598601,0.5199333970258604,1.4705821803562296
cqr,0.28892986000613463,0.8130497839676519,0.2345776883008332,1.4874458349151745
cqr,0.5635717947331783,0.8800666742923198,0.14992527907926664,2.098231836100455
cqr,0.3793311059557327,0.0737018955819237,-0.5434589307866539,0.8533208083795673
cqr,0.22411610102265367,1.6775185734004032,0.5912643531038462,1.6068472531739355
cqr,0.30457613174073517,-0.2894657444946621,0.07860986977924649,1.4874458349151745
cqr,0.7808862658793088,1.4124634110719758,0.08294220136599009,2.9573335138949703
cqr,0.7012796189321833,1.27708766521061,-1.560782258889517,1.105520664286189
cqr,0.32939140626121943,-0.0025234458488030825,-0.4324093453798032,0.7137320369334987
cqr,0.3314572312216487,0.9081245478739776,0.23197791829528444,1.5498111198842388
cqr,0.1690159076817308,-0.11675587453963432,-0.14762965849230897,0.8889101482371716
cqr,0.5466687999095062,0.6839162705891139,-1.5843218594792507,0.8759475597239673
cqr,0.6404898084094982,1.4720613319755183,0.18707060154133476,2.489512347366966
cqr,0.11844380157136114,0.8294696873477667,0.54603588048619,1.445599334032254
cqr,0.7617835104978931,1.0218224463694092,-1.059524228010528,1.3228999765487093
cqr,0.6822869067318938,-1.6884595825986688,-0.662503538507793,1.1554821649096283
cqr,0.5951792219918098,0.13622397609197723,0.1364019054798879,2.2291226708645855
cqr,0.05311896140241823,1.013390805650801,0.5013384825526743,1.1228722929081016
cqr,0.3707276452992898,-0.9441617751591944,-1.5663786696020792,0.4744651555149923
cqr,0.29920639642333824,-0.4094491251946686,-1.242506828233406,0.2621102886910549
cqr,0.1536894492982389,0.1576423198546127,-0.4080576323520478,0.27797445864442927
cqr,0.6978454062624863,1.3974007568030122,0.14492033887598782,2.53851994949179
cqr,0.36397295542555586,-0.09010941000381273,-0.769065112453332,0.6915550507289525
cqr,0.40990372935727837,1.3279491116372233,0.4094551010428609,2.180596562839261
cqr,0.8944634479016884,0.5727576150336096,-1.6168817486687297,1.5875419295798687
cqr,0.5430632033159484,0.04452701486076782,-0.26204016839063793,2.098231836100455
cqr,0.17701412498315638,-0.5732366270109646,-1.0337637779247928,0.10245102007241592
cqr,0.7671737744386857,-0.48008420779798033,-1.5358580987665345,1.3228999765487093
cqr,0.9673711991171544,-1.1858088174408672,-1.7186812864194507,1.6158569296659686
cqr,0.33585569140059146,1.84073941718466,0.44851762907731346,1.5498111198842388
cqr,0.9887405601453795,0.6203775743007591,-1.5733469167092753,1.8176915345151359
cqr,0.05940206900022704,-0.5730758625195406,-0.8319164844476581,0.024002439751565022
cqr,0.6027113501325781,-0.4480084260089545,-1.4838342274346858,0.9093008993394383
cqr,0.7826937925190033,-0.07257742907524711,-0.32654665299045765,1.8815184243384397
cqr,0.9864694606572472,1.9926252859140763,-0.4663016419341287,2.4093075103702954
cqr,0.8593281144954602,0.7461647006918761,-0.8277670744224693,1.7080194463647866
cqr,0.03377992068815794,-0.15437059639500614,-0.4176583058887057,0.029350774837248614
cqr,0.8796498367736034,-2.40904945351981,-1.1295941974056536,1.441541032446976
cqr,0.3168644077053293,0.15966352806066447,-0.8272108406852273,0.3114988073949057
cqr,0.0931495250351746,-0.7864342577651713,-1.2039865251148893,-0.18193727936236628
cqr,0.7625079725182167,-0.3838347977125309,-1.614836388516485,1.2782758387027062
cqr,0.5961154221633664,2.66399996829938,-0.5158787519929127,1.7190825234579994
cqr,0.553498945539062,-1.592234815545933,-1.6033073377301503,0.8759475597239673
cqr,0.13781636911593487,1.2650189994973107,0.4654355122514155,1.3416697547243093
cqr,0.9622629715535223,0.12434541997464268,-0.9292367671360464,1.891882364999858
cqr,0.3218326404942693,1.0010095431717072,0.5025887819541146,1.7195178731732499
cqr,0.2931275201675593,1.5052063557175586,0.5227918086938912,1.7969285327782623
cqr,0.8236204731344176,1.6483581744790519,0.12222623316720826,3.1216819766402457
cqr,0.827106400810795,-1.1132409195980468,-1.6229497639594177,1.441541032446976
cqr,0.9105225850030775,-1.2718480026533214,-0.2802999991358159,2.5850568233037317
cqr,0.8534351509293117,0.5279819032714407,-1.5535184944067806,1.441541032446976
cqr,0.6903294085810586,1.7660042282037058,0.11552931205583591,2.4685780944120834
cqr,0.08640973742996338,1.2531654776289656,0.5195609676447862,1.3238624331878543
cqr,0.822046342289939,0.3535016379933917,-0.7813653409615431,1.7080194463647866
cqr,0.9495336896024695,0.5665228906968516,-1.0593665244254882,1.8895762287924545
cqr,0.8445204018760923,1.1455469984140048,-1.6421187970431617,1.441541032446976
cqr,0.07932150472009658,-1.3112867454084527,-1.1173730208574835,-0.17820193495344713
cqr,0.9171174835243728,-0.7939777928721606,-0.8647670011910011,1.8612612287063546
cqr,0.3911248567635466,-0.6762993544228266,-0.6281057115271328,1.28266847820211
cqr,0.7157435949717387,0.17555596953225194,-0.27923686541244586,2.510349673550169
cqr,0.18454053883899135,-0.6906492998374214,-0.4760638383474755,0.3870080912168689
cqr,0.8845222191864763,-1.739436480538549,-1.6201545365599714,1.441541032446976
cqr,0.3595754831945416,-1.1785770128676853,-0.959199595108766,0.4744651555149923
cqr,0.8858768892030507,0.3031977296179017,-0.8261031390033954,1.8601304943732622
cqr,0.9633267117762834,-0.8667422953657086,-1.4667779354350707,1.7186747997190661
cqr,0.014279420707478452,-0.13276371373961487,-0.5303038956922658,0.392107234842691
cqr,0.4814538952110181,-1.1001211637891646,-1.527273102797839,0.5672176733403236
cqr,0.5554384796772268,0.9694374442052337,-0.06143123948789263,2.2596311187290095
cqr,0.10186656006035288,0.5658758224227938,-0.024994783971769588,0.8270899607634264
cqr,0.015953773974474728,-0.8771196784921858,-1.0138308806916663,-0.20040587130732707
cqr,0.03183765275914585,0.011075392303371678,-0.051584761706274615,0.8908002546500261
cqr,0.0019133442159487979,-0.9827148650767031,-1.1588047755151714,-0.24247597416624606
cqr,0.6143587432841533,0.3544540153091966,0.1154047520452263,2.5488177888289076
cqr,0.6369343447943641,-1.4510938098334636,-0.8602814338147395,1.4562801190425245
cqr,0.6466469091182365,-0.5999357092848877,-0.2590495120522158,2.098231836100455
cqr,0.39319208036362663,0.8242264601587475,0.31703488269582025,2.15222561056256
cqr,0.7525101711819843,2.090408958487703,-0.03486131022664881,2.3262333290554134
cqr,0.8828118569485492,-0.45586154870216533,-0.13273140098709732,2.6153926948335027
cqr,0.6873985501086887,0.784980617610223,-1.6179368803329548,0.9045365184815903
cqr,0.472534641969218,0.2540116717802174,-1.011902975564177,0.8336960872581346
cqr,0.45583202989857796,-0.9588490545055526,-1.5729748607835041,0.5846625955116895
cqr,0.18391697912144545,0.1385355350312303,-0.27666473770390093,0.5994023787927233
cqr,0.19924778636155316,0.3594738299848327,-0.3918542730198792,0.44907997184453086
cqr,0.06033521113920559,0.5176719636571632,0.5262213526810319,1.0325288614321246
cqr,0.8340078806231221,1.2824534640776954,-1.1081536504143714,1.6661709700008562
cqr,0.48895507620413414,-0.057272593021582385,-1.5923978176419444,0.5178291546364729
cqr,0.7621836584961197,0.32360240344150815,-0.04871488513249378,2.4767430895630875
cqr,0.09539383056784512,-0.5010442496844976,-1.014100946401959,-0.15439924580607042
cqr,0.5910830153468521,1.2714128866065273,0.12963833889103243,2.407714533963542
cqr,0.7745549009052413,0.8688010522672898,-0.069998711433891,2.574619636783141
cqr,0.41690155830300313,-0.20254685355605645,-1.479056769119509,0.5846625955116895
cqr,0.7558453562369534,1.4771506578729323,-1.0424753924978525,1.4712064048527147
cqr,0.374280289502379,-0.14189076852824567,-0.8832659359151209,0.6915550507289525
cqr,0.5342623569333416,-0.7526671761603962,-1.3893871656560655,0.8759475597239673
cqr,0.4760285854121543,1.453890360212493,0.2930896834788361,2.19417641064872
cqr,0.2380098101417587,-0.578666465808601,-1.0832291400824057,0.1481141967548652
cqr,0.3810252017162604,1.7143064318525196,0.39969045248032703,2.0745233606005113
cqr,0.8267455305327169,-1.2487859057791906,-1.5593937825047781,1.441541032446976
cqr,0.6330076786589564,-0.29958713150199534,-1.5489589422787913,0.9045365184815903
cqr,0.3108686291814625,0.7834222392183232,0.49701940000151934,1.7969285327782623
cqr,0.5480055963310122,1.6459340265102282,0.1364019054798879,2.098231836100455
cqr,0.3617325695188721,0.3117838768785909,-0.33100240810378484,0.9714165142353
cqr,0.37224288012921747,1.7579978457862298,0.39388138531110667,2.0745233606005113
cqr,0.3954418942711473,-0.24161116016963433,-1.0122447069900158,0.8583818946381754
cqr,0.18530240098402195,-1.4648339694297219,-1.1893475815510375,0.10245102007241592
cqr,0.7884103953993479,1.2889196791842028,-0.8862949371939738,1.58937839046652
cqr,0.4276640950867795,0.8116459083245794,-0.7315125792348923,1.0605105890472375
cqr,0.8648711349746978,1.855467161268316,-0.22190402870150802,2.7242867959124775
cqr,0.675809469657114,2.091881913110262,0.10687225991662923,2.3911674348070715
cqr,0.06655683539792723,-0.5836313632028799,-0.7316050940642914,-0.0031478986505777094
cqr,0.03488402783459699,-0.9213143585617143,-1.1763556927331367,-0.23163820214827868
cqr,0.41003778040284133,-0.8123942738300618,-1.6047307661833954,0.5846625955116895
cqr,0.5076245929447913,-0.9415133578388672,-1.428760318934455,0.5672176733403236
cqr,0.8922747887560524,0.5214028873264063,-0.9464196434131941,1.8540203434976794
cqr,0.1871190350210573,-0.399176695403376,-0.792950957984792,0.368929433990227
cqr,0.4033118603932119,-0.64239925850425,-1.3713220092629836,0.5846625955116895
cqr,0.6912745158914018,0.31917743275559474,0.14275067969289545,2.6203177628952137
cqr,0.053190540056636926,-0.1487666191903572,-0.3800719536589212,0.018513002819281314
cqr,0.6769871945364745,1.4429166123628343,-0.8101384716961795,1.1710149323994012
cqr,0.10431273620843706,-0.9820211460335337,-1.1893475815510375,-0.09038239178732935
cqr,0.273196114079862,1.2819114696178455,0.4675268591724114,1.4874458349151745
cqr,0.29723006032394417,1.4037325497297006,-0.6297908324995226,1.4523604319410923
cqr,0.8819558725022342,2.6600308406390587,-0.6205245528441168,1.9865614456217733
cqr,0.2148541186532099,-0.4818397533342844,-0.9864563988460884,0.1481141967548652
cqr,0.6626651578479082,-0.01672210618814257,-0.6787036366479685,1.1830201984659243
cqr,0.30702399660884183,-0.1996740957278454,-1.0239657936390272,0.3114988073949057
cqr,0.8866279236824066,1.930916516397422,-1.5729321522099122,1.5875419295798687
cqr,0.3902367995835647,1.7174174207792903,0.195665045999889,1.8395607984730946
cqr,0.08725872000720025,-0.4291706582235984,-1.0520829113537589,-0.17820193495344713
cqr,0.2902948856420632,-0.6111181816418588,-1.2022112498844297,0.3114988073949057
cqr,0.6391136953360431,2.196652509538379,0.20812644809654643,2.5488177888289076
cqr,0.6972320188899018,3.1673317431029844,0.17429561022755927,2.6796232043571555
cqr,0.5970318566021365,-0.6416678998051684,-1.2264928885630628,1.1339308368933187
cqr,0.2293681254590323,-0.7949483233739429,-1.188540432794906,0.1433498158970173
cqr,0.6591557906714303,2.5471540432409023,0.14602346758413712,2.407714533963542
cqr,0.25271549735818155,0.5898731340176719,0.4795549585368821,1.5147552899529846
cqr,0.47258840188629825,-0.02361386978650648,-0.5617416781425767,1.5533543019288871
cqr,0.4399467342718001,0.36953915139990645,-0.7098597888177274,0.8463766285716526
cqr,0.2265280077170122,0.8876138941919565,0.058231605042020046,1.2551452181386131
cqr,0.5738775195712186,2.010332890973084,0.1116679491741325,2.489512347366966
cqr,0.8230124612550209,-0.3224039194837175,-0.7468169729596742,1.7080194463647866
cqr,0.8089948061483738,2.7782988953246663,0.22018249571309195,2.989100921800616
cqr,0.24282294800997462,0.4171604620503815,0.038694229710230565,1.2273723782698331
cqr,0.48007884101036524,0.1726139230879512,0.15380828995462476,1.891777114364963
cqr,0.13758042051331953,-0.6979783209733037,-1.1927355959241408,-0.021358821549195918
cqr,0.3842560962283129,-0.35124972860341647,-0.7459799741166928,0.8511410094295006
cqr,0.9864709705819332,0.9079267356401868,0.14938291042336654,3.28832754449361
cqr,0.5170223045494553,0.6495204458266224,-0.6152493662114192,0.8409369724668094
cqr,0.3316441362068856,1.108365396663683,0.5657436913820969,1.817560462403342
cqr,0.8680278467024894,4.041486435455111,-0.12656765732701894,2.847464733091578
cqr,0.8909101025939119,1.139852273383355,-1.6298424900994206,1.5875419295798687
cqr,0.9471450624927487,0.8078126488896693,-0.8560888597152485,2.095648801679352
cqr,0.21158298285045718,0.8273901529323626,0.49651486066930617,1.592165949557997
cqr,0.8595722125979584,-0.524062351834515,-0.8929260361456227,1.7080194463647866
cqr,0.804118994025596,1.3915428526441485,-0.6529074000818167,1.5966192756751951
cqr,0.569775309659265,0.7645922845373285,0.23350775415927544,2.5488177888289076
cqr,0.21325797829604176,0.05826147220432061,-0.3457261416878048,0.6450655554751726
cqr,0.363697354315936,1.619344895411161,0.5410503425826366,2.0892046642164486
cqr,0.02696295213152089,-0.7367735377467787,-1.009952215820912,-0.24247597416624606
cqr,0.42096564794661584,0.16414068097291912,0.19356308566384958,1.8395607984730946
cqr,0.6900160561384598,0.20443476913462866,-1.0810366652909338,1.1782558176080764
cqr,0.34281168248416805,1.6099187594226196,0.496273294686846,1.7650406627374244
cqr,0.06307481649740276,-0.25163487212794067,-0.35643102628527523,0.3611600559332012
cqr,0.10491459488925592,-0.7881353590688814,-0.6625996823263475,-0.09514677264517725
cqr,0.4152984161958003,1.814183202026077,0.2751873529847901,2.1142077197979896
cqr,0.6965211192537616,1.8951257043427199,0.11920520845808003,2.6203177628952137
cqr,0.30919067815172474,-0.8787095062568855,-1.0327286587660354,0.3067344265370578
cqr,0.4355955105794177,0.4140549145204238,-0.2911324740586912,1.6031242093653546
cqr,0.1674642862820852,1.2996509088848216,0.5524369124892371,1.4597444083382622
cqr,0.9813430861396734,2.327099264510405,0.09251178410215266,2.8304577443681893
cqr,0.6725560070998894,1.1195551896430795,0.13842289001661326,2.609681349277449
cqr,0.8539318947293115,0.5204950130154171,-0.3174634876088369,2.5939536929719313
cqr,0.8465178040384503,1.5062886267186584,-1.618945912336055,1.441541032446976
cqr,0.10841486190938299,-0.8667453876202132,-1.0897539842001078,-0.079544619769362
cqr,0.5502195558613302,0.17166265914463985,-1.4774434586745195,0.8759475597239673
cqr,0.36601511503066975,-0.2597832343031723,-1.1787232804052354,0.4744651555149923
cqr,0.8707338782914442,0.7129330872557498,-1.5230557508270401,1.41400299889068
cqr,0.2795356689133347,-0.42456640622380104,-0.9890208632389127,0.3551539432444009
cqr,0.754025231549901,-1.2503570661659373,-1.5797069876970795,1.2465764672988344
cqr,0.33246098213532926,-0.16754546855063832,-0.912301428493828,0.7375543941937853
cqr,0.7654028048983712,0.9087430426826436,0.1330843417884589,2.9932930739414054
cqr,0.5791144234746736,0.6496655207958416,0.14916694170681732,2.489512347366966
cqr,0.8366453072584358,1.9588121621214363,-0.3301295895687848,2.7242867959124775
cqr,0.4315868997856882,-0.6836354179248341,-1.4024395684144149,0.5798982146538416
cqr,0.8896980074632287,-0.7099275868626849,-0.9041086559405578,1.8612612287063546
cqr,0.49611248241690664,-0.12261013294028117,-1.5923978176419444,0.5624532924824757
cqr,0.2713118645453867,1.0844009870599685,0.4795549585368821,1.7969285327782623
cqr,0.7162912849197797,-0.2824559179478746,-0.7386716393999792,1.513054881216645
cqr,0.043743611354022605,0.7734260596687127,0.5746154968597426,1.2775852557003824
cqr,0.09541089198327968,0.11054974920547202,-0.2906836503081108,0.5560043117620389
cqr,0.20017570049504096,-0.010523885256233545,-0.03561383735427336,1.2826832516949092
cqr,0.2706563719003088,0.31482502750162367,0.1991465682358888,1.4874458349151745
cqr,0.6547216699195724,0.3575424325331402,0.15639327973351316,2.5488177888289076
cqr,0.06576045178422396,-0.4972155706204611,-0.861101356446752,-0.007508593123226111
cqr,0.5874851862881343,-0.26987997210256687,-0.025126431591467956,2.2596311187290095
cqr,0.10833694698964935,0.9394832818413258,0.5181192370109003,1.3759446290509567
cqr,0.7659605894800378,1.4388588726242728,-0.52627008162153,1.8815184243384397
cqr,0.8197833183362835,0.3303983641142769,-0.7058032222159708,2.0809643917223086
cqr,0.8107452943694539,1.0258514236396707,0.10719860737210339,3.016638955356912
cqr,0.6441033305341907,1.0992321448370306,0.12963833889103243,2.407714533963542
cqr,0.4280908200062531,-0.7453027101348634,-0.722257579549149,0.8511410094295006
cqr,0.5119169723624762,1.3284703901349924,0.2963624713700778,2.2651065919544946
cqr,0.4411701055252444,2.1365634440665318,0.30978670111494677,2.15222561056256
cqr,0.4503892641760593,0.17926435447844075,-0.7556243270752169,0.8511410094295006
cqr,0.7733705385222831,0.7880965544309484,-1.5557476344849732,1.3228999765487093
cqr,0.4684907369667296,-0.4229823586606098,-1.6075340696889837,0.5672176733403236
cqr,0.9836711663370551,-0.33604115763538345,-1.4544449868936198,1.8176915345151359
cqr,0.5971091720228828,-0.17221886319466717,-0.9519459659294537,1.1757793132572492
cqr,0.5491204978155741,1.9648908677960488,0.053774853547960605,2.3496762187718803
cqr,0.686243765696678,1.1605368071754603,-0.8276232436121485,1.1482412797009531
cqr,0.3236886954621926,0.3089489300014137,-0.6773860531331277,0.5779772213127168
cqr,0.9458150045848925,0.33137922053598395,-1.5610139681678243,1.6158569296659686
cqr,0.6077687254025681,0.20400806758724196,-0.5886145578002439,1.2102666744291042
cqr,0.9707395338911609,2.8176312640439245,0.07204004529726178,3.3593552059722143
cqr,0.8184552442599338,-0.6155258675540235,-1.5369171521087588,1.441541032446976
cqr,0.9546072232554459,-0.12090898196143907,-0.1180280995961189,2.6669348282587997
cqr,0.5725788892638167,-0.7091463160177282,-0.8875698057901197,1.1424259736417783
cqr,0.1467222208012834,0.8551033814569846,0.48545540148094435,1.3862938925703123
cqr,0.49493121092941816,0.5234165486960443,-0.7013350410583304,1.1141968930434107
cqr,0.1445401312412118,1.0275865527681174,0.5831963886780225,1.4341618380150671
cqr,0.813088989746901,1.0013765985685366,-0.8669605568653771,2.0725564062445105
cqr,0.03526204975700331,-1.0372418469111906,-1.1732522490766364,-0.1635761969964741
cqr,0.41858086648868054,1.3825147905351547,0.3313329753214968,2.121291121377319
cqr,0.32755194273222676,-0.5036066780933515,-0.9917753061029156,0.4400127378070127
cqr,0.5241245645571754,1.7279868439672508,0.05129814654679374,2.0905499075138456
cqr,0.7910217835953748,-1.1544474000574838,-1.4125451907475044,1.3228999765487093
cqr,0.6444126315481582,1.2882392957168145,-0.6453035802939919,1.2102666744291042
cqr,0.430399357412235,0.3770061492385395,-1.3893871656560655,0.5846625955116895
cqr,0.33823298820903136,0.08682972858952842,0.2250577871186774,1.7293633584763972
cqr,0.40981999633063226,0.028840659030190605,-0.5897367308178763,0.8583818946381754
cqr,0.012946451690333927,-0.8721443132594616,-1.0082597740149781,-0.24247597416624606
cqr,0.9206992367800346,-0.13388924994821627,-0.8899905832584252,2.0422667226411875
cqr,0.579552648467877,1.448459360121861,-0.027855113338300243,2.2596311187290095
cqr,0.2802183945866754,0.4380077384474371,0.15997838558434235,1.4874458349151745
cqr,0.7866978298638273,-0.4989754884752166,-1.6029700188350324,1.3228999765487093
cqr,0.6665289218926189,1.4805602948180243,0.05127575835181096,2.3496762187718803
cqr,0.5691711866821761,1.1442138406256754,0.12406895693843711,2.407714533963542
cqr,0.4241729827916364,-0.764397392764699,-1.6247862650641305,0.5846625955116895
cqr,0.9820498033192301,-0.7161669305401533,-1.555029821715866,1.8176915345151359
cqr,0.933077473044288,1.8063753512999532,-0.7416325196702055,2.5440675733089124
cqr,0.7683998666080796,-0.6483448289989149,-0.5779779406186971,1.6146931735770174
cqr,0.615041632411638,0.8927144617002462,0.1396746933711296,2.407714533963542
cqr,0.5210001457546919,-0.3168917446166839,-1.5923978176419444,0.8132163868350255
cqr,0.09013543346013642,0.5428568231172115,0.261634451261468,0.7066876487542316
cqr,0.6063299483557303,-0.9356349612518682,-1.0320840628692347,1.1830201984659243
cqr,0.9767360817795574,2.0996548339368957,0.03272532647638854,3.1113105667492587
cqr,0.555902070400838,0.735893623965052,-0.7722220320094014,1.1376615927839304
cqr,0.18987961878703552,0.21495248329614344,-0.01961227645750591,1.2826832516949092
cqr,0.5972192465725252,-0.44281823040608176,-1.6212096682241965,0.9093008993394383
cqr,0.5863127899555852,-0.08690668381770666,-1.6088767196827456,0.9093008993394383
cqr,0.4419312113881817,-0.7462318518638218,-1.390106619872964,0.5846625955116895
cqr,0.41070061607760355,-0.340018947268092,-0.5856308606946771,1.0816139542319982
cqr,0.5091961543071849,1.2683054499543336,0.27846014087603177,2.2321943014132914
cqr,0.6597620802945615,1.7941179672752268,0.15639327973351316,2.5488177888289076
cqr,0.8527392301374687,0.7605038238127554,-1.6418836110524009,1.441541032446976
cqr,0.08647540230669959,-0.15490320159485163,-0.3470707537153849,0.2951813296079344
cqr,0.2474333630637724,0.4939563732428553,0.3417256087188582,1.2165346062518658
cqr,0.6422721374984558,1.2358860677358907,-0.932526374170254,1.1757793132572492
cqr,0.35812084677111866,-0.6044604315594796,-1.1777835830304626,0.4697007746571443
cqr,0.2282683364199526,-0.9376177893313626,-1.0176786614620217,0.15895196877283252
cqr,0.31808658971463655,1.2322703381929418,0.316618769472725,1.4212971894721311
cqr,0.24084294801083606,0.5516453226564377,0.2824360525769348,1.2273723782698331
cqr,0.9899764128031259,2.8250158792214224,-0.08966149692676867,2.7858336065221874
cqr,0.9321709486395547,2.605330916985594,-0.11782964358509297,2.976417526121887
cqr,0.2974693832443204,0.7233195934148047,0.488469852021291,1.7898451311989318
cqr,0.5812866175280033,0.17735759070202706,-0.2743731169320887,2.098231836100455
cqr,0.03749043690478182,0.8648033338617445,0.6241992753876415,1.2589886699758361
cqr,0.7727997106634107,0.1367433332910848,-0.13413949159722854,2.510349673550169
cqr,0.34409318598176464,1.1139249126083084,0.47073835827427374,1.7650406627374244
cqr,0.843624382471204,0.7774246415808448,-1.6573808467285676,1.441541032446976
cqr,0.9113477344609485,1.944972803490618,-0.4134004957487228,2.5366017253182527
cqr,0.559525283124831,0.5090469036708123,0.18592292529677182,2.5488177888289076
cqr,0.11044062316335168,1.0421068388427759,0.47758412611908296,1.3570658166447471
cqr,0.38240982417002445,-0.5999323952171701,-0.49942571872687747,0.9974972611898588
cqr,0.4675879559359666,0.4560636374901833,-1.4590746410609445,0.5846625955116895
cqr,0.37575123448505676,-0.050623424450504495,-1.4935284511838909,0.4697007746571443
cqr,0.8724884114707153,0.7671511331714328,-1.1295941974056536,1.7152603315734618
cqr,0.36274589089777143,1.3580912985395506,0.45656560398720636,1.7650406627374244
cqr,0.9724081512886666,1.7495910658644216,-0.49478475944277805,2.2220067514493316
cqr,0.08377604114846382,-0.07111979547877609,-0.6091148460718285,0.12109384279589178
cqr,0.1945326247725342,0.910231760093797,-0.060556101361739396,1.0219314134561268
cqr,0.8637878626389914,-0.332489109362192,-0.4950908217825279,2.6153926948335027
cqr,0.4836065272518435,1.887664962033237,0.40558795144413623,2.2159411158439895
cqr,0.6123868402192428,1.3400778984823238,-0.13597546455271697,2.098231836100455
cqr,0.038697213830086286,0.6840349305303954,0.32994889031859165,0.8132141131897959
cqr,0.09834014699572735,1.0227274652339418,0.5097863270616382,1.3274985887869966
cqr,0.015019227700387217,-0.443415432299915,-0.39292391320811426,0.0017381897252159266
cqr,0.15751947014591128,0.2727664436912456,-0.5176871605439569,0.735047463377707
cqr,0.10665481609981986,0.8961465725645608,0.41690877137993276,1.3465859594364722
cqr,0.7062757746715043,0.20247394863650992,-1.5215209517236996,1.105520664286189
cqr,0.10966878194752305,0.8732207105914865,0.4712826471938768,1.3651068570329894
cqr,0.11270356827529715,0.1360333845251746,0.03555836304616436,1.066461931187869
cqr,0.674113117906121,0.743831835888544,-0.6731342546953732,1.1830201984659243
cqr,0.8181343880692002,1.9788212835607606,-0.3573806487538235,1.9865614456217733
cqr,0.8472326341270939,1.1934297714088158,-0.48067680056663803,2.6153926948335027
cqr,0.9105488404738968,2.8550601710569046,-0.1514319603604053,3.1469292206968964
cqr,0.9380708505350771,1.5848874662557515,-0.11121712536721047,3.2551377313247665
cqr,0.9232983533184985,-0.038630243192242286,-0.9407455350126178,1.8823353435837793
cqr,0.22345695499889862,0.5222627080249129,-0.28711073473963505,1.0327691854740937
cqr,0.440106974869511,1.2397691559129516,0.3437339830858015,1.9992563239263041
cqr,0.08973933637680487,0.6264745397938898,0.15711195299423286,0.9820563308774735
cqr,0.3985653029300962,1.2104713485071,0.4312353830149909,2.180596562839261
cqr,0.1336951638317363,-0.26734570851936845,-0.763679157747224,0.19728305766780468
cqr,0.7383404025560476,0.8653468737741381,0.10418537897413169,2.9573335138949703
cqr,0.8921930951985858,-1.0377838802196964,-0.12323915265140957,2.976417526121887
cqr,0.4187352855614238,-0.701371284842586,-1.5093658069431797,0.5846625955116895
cqr,0.11924495842836291,1.2501440073257963,0.5325107821627181,1.4341618380150671
cqr,0.5403803244100269,0.2216443370056121,-0.9899027457372966,1.073039463721552
cqr,0.715323760828548,-0.017137610847737295,-0.8283426978290468,1.513054881216645
cqr,0.5174568740791986,-0.5089991340158051,-1.584443825995161,0.5178291546364729
cqr,0.9238496006279536,-0.6924334277396131,-1.4598659775842446,1.6158569296659686
cqr,0.2684442380675317,-0.42678364476397285,-1.0428496918292856,0.2694241778456747
cqr,0.03819454810531919,0.709696545418474,0.5049387483284483,1.200282952513114
cqr,0.6397987589688332,-0.01125007058244848,-0.6747482216057885,1.1757793132572492
cqr,0.8902115915010931,0.3735347378325452,-1.1419271459471045,1.5875419295798687
cqr,0.2566295255359461,-0.39366847740113287,-1.013834216597659,0.17156188281874887
cqr,0.9127466027412214,0.5792574069513525,-0.15228597162228408,2.6674925600823842
cqr,0.1651882392266939,-0.014345915217516672,-0.6893677910560538,0.403947649144996
cqr,0.2099945845709026,0.7670593676665992,0.5924285595666726,1.6068472531739355
cqr,0.6046462785531074,1.485079280098897,0.1944442093986985,2.489512347366966
cqr,0.43545804095738916,-0.8651021305985139,-1.0243459614432395,0.8583818946381754
cqr,0.1819594254650645,-0.3592021068427894,-0.39583268123701265,0.37617031919890165
cqr,0.06960297140184835,0.4082873300183024,0.037545248934432354,0.9054983926118142
cqr,0.9166539477232793,0.5138118094089905,-0.08648316906145508,3.2551377313247665
cqr,0.10452163712855655,-0.5931355012573016,-1.1893475815510375,-0.09038239178732935
cqr,0.7539667893156963,1.3947559234355627,0.16276655944122467,3.016638955356912
cqr,0.5194404904845812,0.4235679068588591,-0.5034152955341358,1.6600562923205435
cqr,0.03301052590858622,-1.2666610330998669,-1.169864234703533,-0.24247597416624606
cqr,0.4416933463586764,0.6248638627254504,0.1755869963816295,1.8395607984730946
cqr,0.07536520935453561,1.139037571128047,0.555021280474634,1.3238624331878543
cqr,0.9842873141539932,2.4854518844078037,0.02039237793493777,3.1666441327141728
cqr,0.7543062583270369,1.437673770374351,-0.7787823521666555,1.513054881216645
cqr,0.01632230260389811,-0.4815174379633964,-0.3904582740730041,0.018513002819281314
cqr,0.06622877506512526,-0.4684850612251875,-0.36540704692444875,0.033211140781069355
cqr,0.8904712254661115,0.585355228334757,-0.181735298618756,3.1185582684201965
cqr,0.022646218334540613,-0.7058636212959829,-1.0146291747893548,-0.23163820214827868
cqr,0.3211964552393768,0.7770407421754018,0.5025887819541146,1.6183366696793056
cqr,0.1501703283520176,0.8349166052703012,0.5544608132188884,1.3587558590140163
cqr,0.9539431438126299,1.1150454575057767,-0.8714210185269291,1.8823353435837793
cqr,0.15561023813693964,-0.4175748984423449,-0.7320821910872248,0.20059347749460038
cqr,0.5535901076495906,0.6894021793912462,-0.04018806187975102,2.2596311187290095
cqr,0.9294455173896051,0.4689590338261248,-1.6364363193039164,1.6158569296659686
cqr,0.4660754054290488,-0.8518224974367127,-1.5451754332918852,0.5798982146538416
cqr,0.06260450354319613,1.2937941374304984,0.5530767917140831,1.2481508979578688
cqr,0.9660877800447057,-0.1577653675535321,-0.9408502614605988,1.8823353435837793
cqr,0.9196996115500286,-0.26973084520309176,-1.0838624058318846,1.8292993675805265
cqr,0.7466266243458513,-0.04580507489789698,-0.7216090608333436,1.663824200296685
cqr,0.5629664674939705,1.5340468220407142,0.11563842078434408,2.5204468365522077
cqr,0.6788229619560067,0.07817887813307156,-1.5253881013224242,0.9093008993394383
cqr,0.9632862691188501,-1.2873651587637065,-1.5603425879978134,1.6158569296659686
cqr,0.5824552958755944,1.293985284507797,0.18592292529677182,2.5488177888289076
cqr,0.09748045261242377,1.0434915707557053,0.4667558484464904,1.3186944460593106
cqr,0.12190311423757427,0.6205961988882952,0.12565047587972167,1.155710971876996
cqr,0.9786128380962257,3.249927297131343,0.07598887949975609,3.0953163043852747
cqr,0.07961482553269905,-0.34213917324818904,-0.6622112022397482,0.16717625613413561
cqr,0.5959546118387765,-0.5830413861889531,-0.6235341002012211,1.2620511464289117
cqr,0.128249101124002,-0.4427198170811538,-0.7260357121116962,0.155434581303874
cqr,0.6892429306124402,0.3323696374629762,-1.6088767196827456,0.9093008993394383
cqr,0.06337022889497546,1.213476958467907,0.45017098158838215,1.2197799456811678
cqr,0.8840973107254443,0.2194786267695854,-0.11277019242638589,2.746283529597634
cqr,0.8395161062664984,0.2327180444558425,-1.5664843729365292,1.441541032446976
cqr,0.142220989364086,0.2377150896458564,-0.24046129402706787,1.0768111947072245
cqr,0.8532265145752839,0.06660391805388333,-0.340760305756365,2.7242867959124775
cqr,0.34249165284784655,0.5666965689345069,-0.3802902744993042,0.7890320052417485
cqr,0.7173675618830669,0.6287666823004403,-0.6187817928728757,1.8051949150885649
cqr,0.6671150008399275,-0.22201589205898925,-0.7776726110686132,1.1757793132572492
cqr,0.8296792080756238,2.7768268551642414,-0.23635315519190578,2.6153926948335027
cqr,0.7309700002728414,-0.3896127647328432,-1.5912909172816698,1.2465764672988344
cqr,0.22693209121937397,1.1507005956652125,0.5404664985335947,1.6514713910199386
cqr,0.39632710348767175,0.20950902715277975,-1.6046359995072135,0.5846625955116895
cqr,0.9670428648394658,-0.5087303160486292,-0.27992108266838306,2.095648801679352
cqr,0.235745160875374,0.765078477590458,0.5598801307737641,1.6239333574636425
cqr,0.2837579420790204,1.1703368586502578,0.4164984056716372,1.7898451311989318
cqr,0.3080543497095083,0.9910147978708026,0.33109424669693543,1.4212971894721311
cqr,0.05032844900071631,-0.11348553625018527,-0.36141625268797084,0.16535411409904582
cqr,0.5341466258748971,1.9222328879056563,0.01213838333917261,2.098231836100455
cqr,0.8734508958277812,3.3124011827913624,-0.28555790630554895,2.7242867959124775
cqr,0.7455604690968269,1.114629819851987,-0.30255288194958174,2.510349673550169
cqr,0.20078127294364012,0.16161487186888962,-0.4724865338824693,0.4326712678993181
cqr,0.5802566393184214,0.3934764673043172,-1.5115345264165791,0.9093008993394383
cqr,0.4677566965766605,-0.31923487856514443,-1.0137152452556593,0.791847610894204
cqr,0.21144734241153307,1.157118453625571,0.3137383313623294,1.2165346062518658
cqr,0.5406424111569212,0.3645959083916819,-1.6088767196827456,0.8265590410201166
cqr,0.392031240692726,-0.7253761780620835,-1.5743326612488626,0.5798982146538416
cqr,0.358969664617397,0.6916606075214964,-0.2821440898881921,0.9714165142353
cqr,0.06793025988344326,0.9371625295030717,0.5115314080899378,1.0961256408911582
cqr,0.4895405057261166,2.061043339076959,0.1755869963816295,1.9195294893238255
cqr,0.8927073673153918,2.0832852437219698,-0.28411103872932875,2.727557508369787
cqr,0.1183213425602827,-0.6304219111443076,-1.1539122448031311,-0.058357584232038975
cqr,0.7514189852235972,1.6695937640258252,-0.2246608344457821,2.510349673550169
cqr,0.10289290352820224,-0.40650376261153665,-1.0388025800508438,-0.09038239178732935
cqr,0.629240281103729,1.6600727411258245,-0.5012042333980917,1.7190825234579994
cqr,0.30914483938393233,1.2608255710785328,0.4263775430976819,1.820908373667893
cqr,0.006181550361945343,-0.24747946675684773,-0.8657497008069573,-0.02220673108501415
cqr,0.5610583286549818,-1.1277872471744375,-0.9255045561161946,1.151972995057857
cqr,0.5943622949039302,1.6021804259279295,-0.12525635735567853,2.2596311187290095
cqr,0.9249941923474632,1.4485655173364445,-0.5249916653714117,2.095648801679352
cqr,0.3149171982032819,-0.24770430496097295,-0.9632930450102543,0.3114988073949057
cqr,0.5174573938867204,0.6151886386215486,-0.7050747032720014,1.1141968930434107
cqr,0.3862527457563726,1.1232061521500916,0.4506583398734312,2.180596562839261
cqr,0.45982771964085056,-0.02653243503917252,-1.4914634764491335,0.5846625955116895
cqr,0.012196985851553266,-0.7996403103959762,-0.9710992658231454,-0.24247597416624606
cqr,0.5396996505058763,1.1986824323969558,0.16663221420363522,2.5488177888289076
cqr,0.7080248166304112,1.7555557062946414,0.14429856142099692,2.6796232043571555
cqr,0.028834439610477935,0.5251797228270645,-0.026963814830740118,0.618610920394056
cqr,0.8401823382727698,-1.3161693582425178,-0.873595498688609,2.1275379905564
cqr,0.906306316811647,0.16780857719833914,-1.5610139681678243,1.5875419295798687
cqr,0.09630318448065045,0.8780924087067193,0.44565446600187597,1.3588725566094253
cqr,0.876344012092419,0.6838215472720031,-1.452849535638489,1.441541032446976
cqr,0.8950262127271709,1.9146123226016563,-0.13951096242088568,3.0654991869222776
cqr,0.3885923889744335,-0.3323050246151888,-1.553083784075401,0.5846625955116895
cqr,0.9855485393215002,0.5741288872533576,-1.5951621977489359,1.929515638356912
cqr,0.9858519946289734,-0.3370882565068676,-0.16540541717363288,2.672586607871347
cqr,0.5324547921127716,1.8218171972709627,0.30448976106896564,2.4050097847367944
cqr,0.5837500892594534,0.49985326744201786,-1.3989244506418477,1.0121187693925355
cqr,0.0002823753410637897,0.5573752977555892,0.535615427464956,0.9016380266679933
cqr,0.22969527771320275,-0.17224725151239928,-0.7602088165689459,0.4145926106726763
cqr,0.8737122348471908,1.984947675516155,-0.1680552192083419,2.683998793014802
cqr,0.13002542322694,1.0621066631528429,0.4199332094805891,0.9992250532469945
cqr,0.35471037045229314,-0.8173364143277607,-0.7199617908268878,0.4744651555149923
cqr,0.6513850909611322,0.24812908510104315,-1.6088767196827456,0.8599123806355875
cqr,0.26883730795519456,-0.32307256194876177,-0.9608283970445309,0.38981885252057447
cqr,0.08103918338357263,0.7421803230521287,0.3981613495008775,1.2383776699787
cqr,0.3152362965552167,-0.7515426509401193,-1.1279449826976176,0.3114988073949057
cqr,0.7050468395415732,1.4356937556326734,-0.3205869841567184,1.820622597779257
cqr,0.9425339502486502,1.408111232254457,-0.2163346467489127,2.947787650639869
cqr,0.05514169821711312,-0.9035340770703774,-0.8727854539092545,0.03484021176953237
cqr,0.1452541211570615,-0.4709438709506339,-1.130860676294794,-0.058357584232038975
cqr,0.2666992691169786,0.7696152116511661,0.516855521552861,1.6156136356218804
cqr,0.6949062854235424,0.7179498327866526,0.14399227196920858,2.6796232043571555
cqr,0.1628207103419237,0.7853792245011528,0.1423545099732875,1.1502617104751744
cqr,0.7559019157060451,1.153694856665037,-1.5369171521087588,1.2465764672988344
cqr,0.5050827908933591,1.3420777272818674,-0.3529075015641769,1.4874354619529402
cqr,0.5982439080226876,-1.288803933777809,-1.6088767196827456,0.9093008993394383
cqr,0.3211728562984498,0.45645214465636424,0.016648397493847396,1.4874458349151745
cqr,0.8608673178884175,1.0241515190779034,-0.46261506475120223,2.6153926948335027
cqr,0.42155748780657143,-0.18775928709340683,-1.451416544067872,0.5846625955116895
cqr,0.623440356820103,1.7718029914330171,-0.0239879637395755,2.232093085172713
cqr,0.2824463528584361,0.6077026782589025,-0.34854615428525065,0.808450166115213
cqr,0.5568046961068751,0.2592512187584746,-1.0752745718778778,0.9787654297770652
cqr,0.4876320306756873,0.22986008093064125,0.11455543104257615,1.8473673179215264
cqr,0.239136121237015,0.023890506656291277,-0.45629395721984667,0.4218334958813509
cqr,0.9790135307026325,1.3196336970229707,-1.487510349817486,1.7901535009588398
cqr,0.8290960109167534,1.7717598494202256,0.048357163382149876,2.6153926948335027
cqr,0.24779617330123593,1.18155527694684,0.2849022690041918,1.2165346062518658
cqr,0.1927394297300562,-0.28817080242131554,-0.34046434376169665,0.7847060194462651
cqr,0.523970604590404,0.941950346038233,0.37548988848569254,2.355408467530931
cqr,0.361859792748768,1.2043204960195792,0.3110493875201297,1.7293633584763972
cqr,0.9905351932429375,2.2491863544394755,-0.22983687426984586,2.8304577443681893
cqr,0.1857767235849782,-0.2974379709527939,-0.7030634483201877,0.2995429240700003
cqr,0.21433193666868589,-0.7881222444228099,-1.0369742021623676,0.1433498158970173
cqr,0.4667630192133523,1.2147920263841705,-0.4364557411938445,1.4584798122129512
cqr,0.508787160083111,-0.8673740410879186,-1.5093658069431797,0.5672176733403236
cqr,0.0315058167236969,-0.5538325990870572,-0.7065523652641923,-0.017846036612365758
cqr,0.8852118642802896,0.5148832724112684,-0.2687009787184945,2.581786110846422
cqr,0.7150073814395862,0.033342958412664964,-1.0568373470680303,1.4712064048527147
cqr,0.8335037806839151,-0.6450717439582955,-1.5555266329060535,1.441541032446976
cqr,0.04725829631688039,0.35891996574973484,0.024376727647972073,0.9016380266679933
cqr,0.6410802636746543,1.6757410276146194,0.2417416954775956,2.5488177888289076
cqr,0.581764349647919,-0.6212682614644268,-1.6387014952972432,0.9093008993394383
cqr,0.5906944929582886,1.093169509040139,-0.16070942085847234,2.098231836100455
cqr,0.34952959267604633,0.8634858169864705,0.46307211803066445,2.1054578497857506
cqr,0.7547789308850115,0.21279103550990364,-1.6271693370579359,1.2465764672988344
cqr,0.9947150201663328,-0.5857596561034307,-1.644888492865727,1.8176915345151359
cqr,0.47051532871177315,0.7264744193780948,-0.15312199716769376,1.891777114364963
cqr,0.47390446528418917,0.40375703250741596,-0.5497581404837312,1.064169032060632
cqr,0.01729678885601571,-0.4181555650404363,-0.9772741738144968,-0.19882083831675076
cqr,0.8610800190696394,0.15831006390130992,-1.6145851546073762,1.441541032446976
cqr,0.04831058405974331,0.34039860354519924,-0.039826661868568314,0.8939796025172978
cqr,0.16668576641557864,1.1862472895822875,0.4545325576107458,1.507612353783017
cqr,0.8295185555996336,1.5847494932791157,-0.7667113621203108,1.7092618685050927
cqr,0.3137579843094104,0.017739306495217044,-0.6776807879031406,0.3114988073949057
cqr,0.22458333540722974,0.45026922988320567,0.0628519234420597,1.2935210237128765
cqr,0.38068416806057814,-0.4587675795482484,-1.5743326612488626,0.5055283979839537
cqr,0.21393999035870404,-0.8481373181933825,-0.7516315018595723,0.39904299591985887
cqr,0.5643675158264885,0.3575989085526945,-0.21825328434365368,2.2596311187290095
cqr,0.8379934477088707,1.2900054141450976,-0.14643393433113092,3.062376535178304
cqr,0.5477333286373027,-0.8435865016480666,-1.5309574832750195,0.8759475597239673
cqr,0.7391649137014499,1.7717761054729781,0.1589532680188224,2.764622440636929
cqr,0.08477462554551751,0.8512765158833335,0.5097863270616382,1.2568985675752171
cqr,0.5768238991143179,1.3898112025754874,-0.031127901229541927,2.2596311187290095
cqr,0.4734301430419664,0.745177419322141,-0.5755064906758424,0.8409369724668094
cqr,0.06603907727589209,0.5938327351160746,0.5048783583393847,1.258636226324397
cqr,0.2797878161286427,-0.25003359551199356,-0.6600828227723343,0.5732128404548689
cqr,0.6431769360435361,0.11722963581136892,-1.1111409781832213,1.1757793132572492
cqr,0.03573387117271154,0.5935464788336413,0.23669546615861015,0.8132141131897959
cqr,0.36407580176553833,0.9850474593133984,0.42847276990050776,2.06743995902118
cqr,0.11928641194483303,-0.7016640367432875,-1.1927355959241408,0.009704420919765566
cqr,0.678254532633694,0.18166584532310975,-0.8999027543315704,1.1853263346733278
cqr,0.959403638502343,0.960951530040419,-1.607389500333042,1.6158569296659686
cqr,0.12629740555556734,-0.1902824344477997,-0.5010258945581049,0.21536171489444678
cqr,0.84186077576646,0.7110587368182308,-0.2523667722812485,2.8143318959553483
cqr,0.2245569360015559,-1.050314692717758,-1.0165381733103573,0.2509320668079629
cqr,0.6214829561769301,0.010360708296827337,0.2038990145789919,2.5488177888289076
cqr,0.8848599253587923,-0.10229630455800853,-0.11385433330249396,2.746283529597634
cqr,0.14528213842087867,0.4424280084600208,0.4665178118627436,1.2077020294713556
cqr,0.9604173737892633,-0.6694043112481303,-1.5393503264949997,1.6158569296659686
cqr,0.7602808047664105,2.075495240544962,0.11324553962434075,2.7424217118082446
cqr,0.39500726526384,0.13945983723217892,0.38891001747244114,2.121291121377319
cqr,0.17420479055160454,0.3324797126783261,0.18087372933063375,1.2478578470304271
cqr,0.23679650879473502,-0.9645512391993949,-1.0424405163190114,0.1481141967548652
cqr,0.11717745517747247,1.1031857683602362,0.49561357277457074,1.3862938925703123
cqr,0.5268136201096155,-1.0290837321902815,-1.6291584330373625,0.9366655326446385
cqr,0.16208463698214848,-0.020818527238223583,-0.7483834898691818,0.33380143410285223
cqr,0.33327229276998094,0.18598167435133708,-0.6424092612677581,0.7064911517248239
cqr,0.4752701192277151,-0.7039934303402496,-1.5923978176419444,0.5672176733403236
cqr,0.7918542580616366,2.082229254753634,-1.0746633855832222,1.3228999765487093
cqr,0.09716335829604228,-0.43215945327109945,-0.7316050940642914,0.10658973117945683
cqr,0.2702546842618644,0.36841970305804633,-0.4193913707976382,0.6288732423708868
cqr,0.573714179260301,2.2490733927093842,0.19631968288384227,2.3303038743585303
cqr,0.4829434973727118,-0.28482533542896593,-0.5694315677336467,0.8681834484299895
cqr,0.9489541381429047,-0.24478113335162122,-0.408381558910944,2.6669348282587997
cqr,0.8393100463680054,2.3256403437096136,-0.2942537698298469,2.6153926948335027
cqr,0.9065663140895851,-0.06161335901864884,-0.9053767261107679,1.9527995478295104
cqr,0.33867061716789215,-0.054503650981747476,-1.0469014130531027,0.4744651555149923
cqr,0.9750302121649187,-0.25333867022625167,-1.6145851546073762,1.7422148794359495
cqr,0.8923210309066283,-0.37283657848548646,-1.4537255326767213,1.5875419295798687
cqr,0.9465116201403113,2.3571018446882004,-0.9403056736184816,1.8895762287924545
cqr,0.07542419996749039,1.2734505976124693,0.5693326986337182,1.3124249371706675
cqr,0.04456189826054602,-0.965175167876973,-1.1278845364872756,-0.24406100715682238
cqr,0.9442059158691292,-1.1733358348617502,-1.5610139681678243,1.6158569296659686
cqr,0.9838996526239204,2.205613823196126,-0.007952829775585013,3.1399404422312776
cqr,0.8557056245993668,1.7199714390815373,-0.06706021220301484,3.1216819766402457
cqr,0.3558538441694602,1.3326397368936092,-0.02867543036967559,1.3482823722162538
cqr,0.2610633156914317,-0.31364497464640156,-1.0392129457591395,0.17156188281874887
cqr,0.08040339229601634,0.9115198200275197,0.5837230170698026,1.2261811861516494
cqr,0.417485116185882,1.6139813962468794,0.40836879244449215,2.121291121377319
cqr,0.4022976589876509,-1.131861807763578,-1.6013632116159717,0.5846625955116895
cqr,0.5448487001004128,-1.3461278099890892,-1.5616543353326864,0.8265590410201166
cqr,0.9160885727452759,0.3047611788345561,-1.6324874851014224,1.5875419295798687
cqr,0.07472419146378007,-0.2853564175237464,-0.40471297947067314,0.15368865384475527
cqr,0.5837661994569547,-0.3664466875221374,-1.578949404417583,0.9093008993394383
cqr,0.8279024040863584,0.5419325998736295,-0.775915705412942,1.6633953085187836
cqr,0.1603954523326041,1.0518668610799458,0.4862625502370759,1.4597444083382622
cqr,0.193161010857404,0.25756394848015707,-0.34920368759228015,0.44907997184453086
cqr,0.442871070660411,-0.5978838072924222,-0.31641607544983924,0.8583818946381754
cqr,0.9200972969378612,-1.2595451191988754,-1.5702861472659535,1.6010021251610702
cqr,0.607117490263487,0.7851155770958343,-0.5712760580273969,1.561230051473232
cqr,0.5595341176536711,-0.018212725945927044,-1.5309574832750195,0.8759475597239673
cqr,0.9505681259524819,0.40578853162559836,-0.40281217695834876,2.6669348282587997
cqr,0.9589617310001548,-0.7249873311460795,-1.6352907886070107,1.6158569296659686
cqr,0.2436977369410699,0.6756071843629385,0.528760335149487,1.592165949557997
cqr,0.951826456726536,-0.06384053127720879,-0.5974426676122808,2.095648801679352
cqr,0.4767448454665594,1.0417657949237138,-0.4763847451670267,1.4874354619529402
cqr,0.7454054877714422,0.6342241590357781,-1.0631233230179464,1.4712064048527147
cqr,0.7315057746477246,-0.0074260355610646644,-1.5193048411380699,1.2465764672988344
cqr,0.40500705554035665,1.2440161743391889,0.39556793810395197,2.121291121377319
cqr,0.9624522450122918,-0.7436323418777631,-0.7277386577529109,2.6181792056993
cqr,0.5728358681001704,0.17842722510684306,-0.12866145284904495,2.098231836100455
cqr,0.2197106206729762,-0.35668745407573715,-1.1411276141708433,0.1481141967548652
cqr,0.16595137214556277,-0.37165150095132626,-0.9860565362424373,0.28441291539900143
cqr,0.12711958207372898,1.0118681971644066,0.33174251030806484,1.0100628252649617
cqr,0.9695709474187504,3.612504181265285,0.16283518666912636,3.310452136806287
cqr,0.3020284659365031,-0.22182569922138906,-0.3365717900563801,0.808450166115213
cqr,0.6238875594207681,-0.03264101720639129,-1.6212096682241965,0.9093008993394383
cqr,0.43206341184249386,1.4247366647418938,0.3437339830858015,1.8980751204323598
cqr,0.9483681920574761,0.5990943489548123,-0.4165245513914491,2.6669348282587997
cqr,0.6958895840835092,1.6712942140994538,-0.06888511550659211,1.844025615295841
cqr,0.7581592922687955,-0.16267223315136037,0.11096596710825926,2.880059492452342
cqr,0.8036051831330396,-0.10973478184125834,-1.5369171521087588,1.3228999765487093
cqr,0.12444659228321253,1.1193941442055495,0.3371182234453161,1.0100628252649617
cqr,0.5345390876820666,1.1223393072229566,-0.1215901336984745,2.0706938025441586
cqr,0.5360024396532045,0.2569132532873081,-0.7364398875285965,1.4229267794270537
cqr,0.36396128820758966,0.5597737917660708,0.07671723324584423,1.7650406627374244
cqr,0.680746046685612,1.9541237751167744,0.010199821544267993,2.1144712587029932
cqr,0.7154149098896188,1.1458676356746853,-0.5712650232332258,1.7399663739271516
cqr,0.6581226644000491,2.460150422458408,0.1725933778736887,2.5488177888289076
cqr,0.14125989713289644,0.38943298948878285,-0.029263565395552034,1.155710971876996
cqr,0.012556268769121415,-0.6929733693685539,-1.0167460702123987,-0.1412431371037246
cqr,0.1990093038407743,1.2895615648028507,0.5509425608374943,1.592165949557997
cqr,0.5325855916301447,1.2564022603019522,0.35582612253362084,2.3303038743585303
cqr,0.5312873299297654,0.8504031904740373,-0.4019914905388618,1.7190825234579994
cqr,0.3794581802914141,-0.5867827348752197,-1.6110932766442807,0.4744651555149923
cqr,0.06496615259301586,-0.5725518716536302,-0.7283407467371462,0.038700577713353064
cqr,0.4298310949703963,-0.3509582450887254,-1.5891250297507027,0.5846625955116895
cqr,0.49467794381996755,1.0948372124441874,0.1755869963816295,1.9195294893238255
cqr,0.7426461313731626,0.863188148928852,0.14980789138610245,3.08757910676899
cqr,0.3003572265388068,-0.16151367104941405,-1.00114039815189,0.4143166774480034
cqr,0.5395655976924243,-0.04063618274751049,-1.3864431108384263,0.8759475597239673
cqr,0.161481768746077,1.2687447047149498,0.24088390005367488,1.0726755690149443
cqr,0.9040679059617419,0.10751856840919126,-1.572868354065422,1.5875419295798687
cqr,0.7581943883190569,0.010980219685992387,-1.0814269521720778,1.4712064048527147
cqr,0.44565310953785575,-0.3078074202850065,-1.3962991235068916,0.6874804655647874
cqr,0.9847549422379193,1.3996621613540827,0.058018489782856175,3.0625297826262647
cqr,0.1809354344511659,1.0471209784646447,0.42018155927117445,1.4715990978488727
cqr,0.8336680890754578,-1.1940875429995492,-0.8162912685827364,1.7080194463647866
cqr,0.5655930407991556,-0.4522341471118652,-1.5366182705259537,0.8711831788661194
cqr,0.21559264111474585,-1.4393002055675348,-1.0543108356627677,0.21290493932683102
cqr,0.3487167050399891,0.5111205268404476,-0.04558983643507197,1.7650406627374244
cqr,0.1965583398475349,0.6827838324917919,0.5443101825181988,1.4980550284146559
cqr,0.5772935726788426,1.6235397826124431,0.08080540391506962,2.4050097847367944
cqr,0.2068378428019766,0.6605460509700314,0.13375113763881546,1.2826832516949092
cqr,0.8977797008254284,-0.4516057548880735,-1.6504578748183223,1.5875419295798687
cqr,0.3311080299252879,-0.5293718622108989,-1.1367509256505144,0.41247470425071686
cqr,0.9219343286580709,1.298277891788488,-0.28411103872932875,2.4791712006420594
cqr,0.46200517435469457,-0.009398125217884079,0.28752030152624086,2.1142077197979896
cqr,0.42062164006347513,0.6856643997042914,-1.0312939872205111,2.121291121377319
cqr,0.8562521279733383,-0.14361577245786267,-1.4464909952468363,1.5443589025000735
cqr,0.14504915221780235,-0.8608812864893811,-1.1011044119470508,-0.07395973710785425
cqr,0.25963206069211475,0.6733479704122564,0.21300411817297807,1.2399822923157493
cqr,0.7501669192676728,-0.4673468702557999,-1.63111817126043,1.2465764672988344
cqr,0.9795620629542624,0.2903795515794537,-0.8470937367170679,2.0841699484329466
cqr,0.7588382256747316,-0.311532371643964,-0.8201934269792907,1.58937839046652
cqr,0.33635480411805263,-0.20425698352456192,-0.8851422006401474,0.7064911517248239
cqr,0.25355920464655946,0.7299655933675131,0.17769526160833876,1.2862084606075743
cqr,0.16653258433261697,0.7426398510233567,0.4702338189420605,1.1502617104751744
cqr,0.7738559319721093,1.7964613250249941,-0.77867430870574,1.58937839046652
cqr,0.8552625163537663,0.8045197831084208,-0.43868489716929476,2.6153926948335027
cqr,0.5392537668030708,1.2124148770120398,0.07731462521745583,2.3496762187718803
cqr,0.20002014416237646,-1.3810984510778832,-1.0646138125437639,0.15895196877283252
cqr,0.4848248561010954,0.5541609559054805,0.40558795144413623,2.2605652536899914
cqr,0.07184521538144784,0.5717145036665494,0.3046033783691128,0.8698297282518991
cqr,0.11600406545500963,-1.0206281471334324,-1.1120733572298642,-0.079544619769362
cqr,0.27008398532856015,-1.2416843193323897,-1.0409053875650733,0.3114988073949057
cqr,0.7040106556904132,1.488534052187362,0.15639327973351316,2.6796232043571555
cqr,0.7698993539042881,2.385744453202201,0.16603934733246636,3.016638955356912
cqr,0.8129316805599519,-0.5478323158633899,-1.5369171521087588,1.8507021301727025
cqr,0.9989446807400606,0.33499744247670704,-1.4647159053199414,1.9205094045682334
cqr,0.7044296016358768,0.023751110763196637,-0.623512801400428,1.4064864393758547
cqr,0.27849310809217886,0.044462336768436306,-0.06996520842824713,1.4874458349151745
cqr,0.21861157499901263,-0.7626535663955131,-0.9513296539895365,0.12057616319856931
cqr,0.19397338867550795,0.7335741026697192,0.12270920801707716,1.0219314134561268
cqr,0.2489147413730891,-1.1270010163095794,-1.1897579472593331,0.1481141967548652
cqr,0.3945296518685596,0.9193203896397325,-0.6240376133020801,1.8118084235142318
cqr,0.41715139184468897,0.22469943104483203,-0.5066880834253775,1.4584798122129512
cqr,0.3971778838450025,-0.14745139471288027,-1.4234753925922325,0.5846625955116895
cqr,0.8180224900355451,0.8059839029467435,-1.1022245934553463,1.6661709700008562
cqr,0.4625558378536019,-0.6877767472745838,-0.6152493662114192,0.8583818946381754
cqr,0.9288765195379894,-0.1011257357087546,-1.570629595821405,1.6158569296659686
cqr,0.8911894905878837,2.6722294612888957,-0.2777968623456562,2.727557508369787
cqr,0.3732715539485667,0.9336270199676263,0.381714363198107,1.9971127009954999
cqr,0.8331112046598447,0.5427670238662727,-0.6840604559962106,1.9865614456217733
cqr,0.4356469453418528,0.7749767682620745,0.40558795144413623,2.180596562839261
cqr,0.19149818468658453,-0.5247072383193699,-1.17625235119088,0.2020671673088637
cqr,0.6549136053878333,2.4674406983506936,-0.25854067183231677,2.098231836100455
cqr,0.6554661152547755,1.3581113483489256,0.16872622827496395,2.5488177888289076
cqr,0.5007167581157731,0.9980276642570844,0.40785583515409185,2.2012598122280496
cqr,0.9156036832919585,2.3404424131545865,-0.7748340609832816,2.226965288855201
cqr,0.9117698417070059,1.6216641369262348,-0.910002335360131,1.8166370908603515
cqr,0.22794258466278283,-0.5764410596910239,-1.1336081160870426,0.1481141967548652
cqr,0.4352028683986868,-0.12398269005302492,-0.7723162555535998,1.0329725554909415
cqr,0.5970947238374633,1.2929104784326446,0.09878149319728972,2.5204468365522077
cqr,0.8621422417971013,0.22307910058515146,-0.5103360430055426,2.6153926948335027
cqr,0.6843169806428375,-0.30903359315758405,-1.605009570084021,0.9093008993394383
cqr,0.8100470805004522,-0.646316377574979,-0.7322983596922676,1.58937839046652
cqr,0.9023930212795085,2.5670583878467483,-0.9177096746522186,1.9542321756107048
cqr,0.7966532354392304,-2.2703184187793073,-0.6846633054817077,1.5966192756751951
cqr,0.613473668670956,2.0068916717581695,0.007674101223594548,2.2291226708645855
cqr,0.06348774594114803,-0.001656451255866177,-0.5929849690178799,0.392107234842691
cqr,0.7606193795895314,-1.3786761094430617,-1.5879124491734502,1.3228999765487093
cqr,0.8335173309505698,1.7881863021750455,0.02392949652818281,3.062376535178304
cqr,0.13780312390437466,-0.9006606049029623,-1.1893475815510375,-0.06919535625000633
cqr,0.4649081355041189,0.23993763782779565,-0.15257506530582438,1.7671842856682287
cqr,0.9761456312786861,1.677459077443455,-0.7706238280687694,2.1689334706624024
cqr,0.3747149094835117,-0.2002791213103121,-0.6870095468789197,0.7409435694328033
cqr,0.08849524247656315,1.1384275383634055,0.48545540148094435,1.2892475476232759
cqr,0.7397534311749286,0.3536938423562769,-0.6934702736745201,1.8859998265741666
cqr,0.20769772838337108,1.367556699359603,0.5122519661967484,1.592165949557997
cqr,0.16819410827075576,-0.05976618036964258,-0.6160842318963736,0.532660265988037
cqr,0.473467503457249,1.394958709875997,0.3069432583846811,2.19417641064872
cqr,0.2773710569599369,0.755467231566475,0.2849022690041918,1.4212971894721311
cqr,0.6995855568542214,0.6075372223174789,-0.800459548693359,1.3719990782039997
cqr,0.4575108465583866,-1.356788536754601,-1.3611441384977963,0.5571245619553936
cqr,0.09399345579185614,0.7682072008254044,0.3243984230937615,0.9449459773994666
cqr,0.3304440490043712,1.0288860241266515,0.49709870471834805,1.8949711220083543
cqr,0.5228977486435876,-0.35317531351858733,-0.7556243270752169,1.0796948007528366
cqr,0.9229410563630005,1.6585353518857373,-0.3102975621766245,2.5850568233037317
cqr,0.13524635862358503,0.019499364918848627,0.14784458720905397,1.0768111947072245
cqr,0.3581770233557856,1.423765909082714,0.627083831428414,2.1338288020624514
cqr,0.4634601087263317,1.0767694006901634,0.04594589669128461,1.8118084235142318
cqr,0.6617022901262629,-0.37904352033931854,-0.6397014233612995,1.4562801190425245
cqr,0.9984755749194663,1.536427048816555,-0.4123512034758641,2.4505586337308465
cqr,0.6570230495640829,-0.6946192083453122,-0.673597371706881,1.2564362760319443
cqr,0.2139206477118426,0.7534044491798888,0.10709488433854747,1.2826832516949092
cqr,0.9550522335996595,5.226983288426533,-0.08648316906145508,3.2551377313247665
cqr,0.7688674256708028,1.6510854199491223,0.16857423777001437,2.9127093760489675
cqr,0.4865091755040365,1.072508613465716,0.0928681838714186,1.9195294893238255
cqr,0.3349272040210638,-0.8808885255073076,-0.6498009003493976,0.7064911517248239
cqr,0.2735729528908577,-0.6649462907393183,-0.6206191952021518,0.5779772213127168
cqr,0.39056250797478076,-0.5296396684517009,-1.5542947703448584,0.5846625955116895
cqr,0.22335368672268263,-0.5104605478897649,-0.5170142284130894,0.4326712678993181
cqr,0.4723277457621101,-0.7452405770364608,-1.0299153433958348,0.787083230036356
cqr,0.19689727724935902,0.9367769075975846,0.4561275761646443,1.5575445144223705
cqr,0.14554292414338266,0.7281105504123571,0.41690877137993276,1.2999527215264506
cqr,0.7713848310193251,-0.8720025434372725,-1.5648966832785554,1.3228999765487093
cqr,0.17945212401829003,1.0546925246503285,0.5325107821627181,1.5611840764914862
cqr,0.6306128201617963,1.181787275623552,0.11872184360184737,2.2596311187290095
cqr,0.4519393624675093,0.5866324446316433,-0.4942870756610728,1.3046171273534868
cqr,0.8729722805663725,1.3810473555737275,-0.13198560609265775,3.017752397332302
cqr,0.7132595153669183,-0.9906896566399818,-1.6251585024266906,1.1842585041074518
cqr,0.9968672322349393,0.755375075982437,-0.3358594910880339,2.4951827715768484
cqr,0.13011172908029478,0.3270667015346958,-0.31377951124106523,0.6615969476097571
cqr,0.3966344632789217,2.2117919817012575,0.42566600106239566,2.180596562839261
cqr,0.7677737746660973,0.3181461101456883,-1.4045080051569145,1.3228999765487093
cqr,0.9608398953577026,3.5187392461736042,-0.12022936078366955,2.975583183048487
cqr,0.8517531992064277,-0.2923166489503408,-1.176338723729339,1.6661709700008562
cqr,0.6206692205101966,0.6423835901286272,-0.8732758223873722,1.1757793132572492
cqr,0.9468850110798097,2.4584036374133245,-0.3737023490229272,2.6669348282587997
cqr,0.5184029555472355,2.3285623613397464,0.40558795144413623,2.4523457748188724
cqr,0.2893640216516491,1.3963217397382637,0.43143492227896,1.8116098363942008
cqr,0.10422427973731863,-0.7124517000154129,-1.0388620402112203,-0.09038239178732935
cqr,0.19437282615771412,1.066843194837789,0.4909454787167109,1.5147552899529846
cqr,0.45108883919458853,0.11614019086455628,-0.7563437812921152,0.8511410094295006
cqr,0.749281192429061,1.5190086656203334,-1.4317900971397814,1.2465764672988344
cqr,0.72084171412141,1.392270210270505,0.10977135470760307,3.016638955356912
cqr,0.4984025183254964,-0.6946435657839796,-0.5561906634384179,1.019544894214629
cqr,0.43368014636013885,0.827116250398937,-0.4513798159780023,1.4584798122129512
cqr,0.0027292331624558797,0.9686273948736299,0.5600291500979273,1.2595883939750556
cqr,0.22155791826807458,0.9844487504769094,0.5610524279068216,1.6239333574636425
cqr,0.9397011850255997,0.3640330999061302,-1.1363577639945093,1.6158569296659686
cqr,0.9976061630194605,1.9569831887992633,0.08832182804120686,3.4092855760153027
cqr,0.6648462206068516,-0.7006985695802321,-1.5493213867912354,0.9093008993394383
cqr,0.7894044257818147,1.3364493231835781,-0.7058032222159708,1.9623233358240417
cqr,0.6867767766150328,0.9382274640305466,0.17816275982628402,2.609681349277449
cqr,0.7250034544473067,0.38715654167561314,-0.5685281156677473,1.8051949150885649
cqr,0.08043785588201369,0.8842412092068959,0.1517705845396226,0.9920730565456679
cqr,0.35231541583435777,0.9960187428251308,0.1577954486405238,1.7650406627374244
cqr,0.2608449483875893,1.1309868751037009,0.5252999816537695,1.6156136356218804
cqr,0.5677160335881564,2.092898577189563,-0.07933047504000428,2.098231836100455
cqr,0.401873452081843,-0.42298916699613276,0.061247090483193684,1.8118084235142318
cqr,0.5050825646526728,-0.6145883456025438,-0.7166504690027248,0.8409369724668094
cqr,0.06553455620707738,-0.6481749758173672,-1.1167113551942922,0.12218812903471653
cqr,0.5032444427886325,-0.6171403145545019,-1.6075340696889837,0.5672176733403236
cqr,0.7169192386450778,1.9237126942493483,0.21148893253043377,2.9573335138949703
cqr,0.6421193281955451,0.46845492823982104,-1.5920805581921251,0.9093008993394383
cqr,0.1307874640799962,0.8858079734350475,0.45709371767242163,1.2999527215264506
cqr,0.7151116389135372,1.4770578658493867,0.14600177317388405,2.9932930739414054
cqr,0.6762987071445838,1.4334921175819775,-0.33291993269816916,1.7190825234579994
cqr,0.8258194795944852,1.182110248108418,-0.13150559186873065,2.581786110846422
cqr,0.6608670374557433,-0.6329343678851035,-1.5333564866269056,0.9093008993394383
cqr,0.16334716419702122,0.44154646770205164,0.1688377484410592,1.1502617104751744
cqr,0.4852806343875298,0.20197578378777836,-1.4024395684144149,0.5672176733403236
cqr,0.48816438898077474,1.2216639485092111,0.3229430185943226,2.022667949129093
cqr,0.13303768482585565,1.3403657633619916,0.5122519661967484,1.4222534526167476
cqr,0.9670757833779041,2.981431378447143,-0.16049212101061439,3.282081184529586
cqr,0.8908763538256103,2.695383055205814,-1.2385284013728544,3.0654991869222776
cqr,0.8703466598649628,-1.2433169940503588,-1.6324874851014224,1.441541032446976
cqr,0.6171400459484916,1.4901431901402804,0.10085026309187542,2.5204468365522077
cqr,0.7449825022757632,-1.4082673967411665,-1.6266907744140826,1.2465764672988344
cqr,0.19451303832502853,-0.23970093013072777,-0.9604180313362352,0.2509320668079629
cqr,0.035662699157141264,-0.8720472777364368,-1.166839796602877,-0.2886851450028252
cqr,0.640973371626456,0.4699415575672504,-0.12866145284904495,2.098231836100455
cqr,0.8992769610128962,1.9589669439716917,-0.1059348362712933,3.2317918499092597
cqr,0.013505625181711278,0.8211246636878002,0.439416556328093,1.117121129336524
cqr,0.15351706192104042,-0.19928538421176384,-0.6193556373380126,0.2707335734357546
cqr,0.15893173370428093,-0.6433944228587446,-1.1301419638357646,0.0042551595179435575
cqr,0.3345067444237323,2.3475139751921716,0.49701940000151934,1.8949711220083543
cqr,0.7409517275723284,0.8769000485971398,-0.6294724702341672,1.5475422423885001
cqr,0.5915382740609283,0.24937608833563912,-0.5892521473096171,1.3616281202137428
cqr,0.33744459010130234,0.19978549991986794,-0.3399598044294834,1.111056978206393
cqr,0.604019274156817,0.12433223236144528,-0.9902932669775366,1.1482412797009531
cqr,0.04509163145813955,0.914269853154078,0.4377241145221591,1.072496991490521
cqr,0.9186003044804201,0.08348824998741322,-0.511874299694447,2.6669348282587997
cqr,0.6129792290910785,0.33770177828731673,-0.5712760580273969,1.6423026634771187
cqr,0.06439836676083788,-1.2080186027760993,-1.0900759860165419,-0.2293628691950343
cqr,0.0009176138062261252,-0.9313696574458792,-1.228906547654493,-0.23163820214827868
cqr,0.49001424304108976,2.114828856360109,0.40558795144413623,2.2605652536899914
cqr,0.332564841005058,0.334462207416959,-0.9765511424134904,0.4400127378070127
cqr,0.8474024115588231,1.7149539298556262,-0.16646693245807948,2.6153926948335027
cqr,0.11504880426796038,0.5245067761361072,0.18555491175543556,1.066461931187869
cqr,0.6965373679474597,1.1542360871519803,-0.5454083975561709,1.820622597779257
cqr,0.1639346857583881,0.052564291393679415,-0.6170520359038574,0.27572456191711076
cqr,0.1766935444380351,-0.6838456600258227,-1.0388025800508438,0.10245102007241592
cqr,0.2523354498118692,-0.2520482234924874,-0.7256391673269011,0.15895196877283252
cqr,0.1679302089436452,0.0256789081976736,-0.38863467549360753,0.3216295944939244
cqr,0.1534240847646523,-0.46931186132534997,-1.0727504229192704,0.0042551595179435575
cqr,0.4906374917638554,1.1726996606018467,0.3437339830858015,2.2012598122280496
cqr,0.3309200549785015,0.38952020585259045,0.1678513881165362,1.9199610768152091
cqr,0.40152204145783155,0.23609752418635535,-0.6529665464068981,0.8029949128659558
cqr,0.8402255333378772,0.8889849569559581,-1.5572495381373372,1.41400299889068
cqr,0.6637797020272846,0.23867687385900932,-0.7461209677291846,1.1336316797620734
cqr,0.36571115716417524,-0.5344473724043903,-1.091812107095971,0.4744651555149923
cqr,0.424178942908228,1.5522275775303107,0.4313030818620439,2.180596562839261
cqr,0.4381520556305817,0.5825029556927841,0.3137496395577231,1.8118084235142318
cqr,0.05203001171473809,1.08701943889765,0.48389294037436525,1.200282952513114
cqr,0.5116748139828865,-0.14645302700976603,-0.684206110500376,1.1141968930434107
cqr,0.18863187301158957,1.4302530746270126,0.5404664985335947,1.6514713910199386
cqr,0.3430689063795195,1.6504103800392782,0.49709870471834805,2.0745233606005113
cqr,0.16402263244150117,-0.1976586288560833,-0.2835910749393255,0.5012065182382507
cqr,0.6789955894422691,1.3009138134935525,-0.6749012850801045,1.2563754401943599
cqr,0.5107507398833409,1.8753780839122078,-0.5270623957340492,1.2869769539965559
cqr,0.6063625037620705,1.9078165613524662,0.08467255351379438,2.3496762187718803
cqr,0.07921685118916266,-0.9694979158440282,-1.1830503555591396,-0.23524887780799364
cqr,0.05911092810656071,-0.5063869290674226,-1.0048803923186669,-0.04893761303278937
cqr,0.09415043278605284,-0.5891856406825363,-1.0193796231924035,-0.11074410995657519
cqr,0.9121434809715595,1.2551804806244022,-0.9403056736184816,1.8612612287063546
cqr,0.39635171013422843,0.9107970318751768,0.03526668634138849,1.8118084235142318
cqr,0.7863696196505832,0.4860528584927291,-0.6755433245085797,1.7401477095465598
cqr,0.05736770847311168,-0.5788813580347474,-0.4862198812442652,0.021692350686552907
cqr,0.020327816411665145,0.6294912288523501,0.3645073644840221,0.8240518852077632
cqr,0.6275241479291913,1.459826914576341,0.16423411067549512,2.643103821656492
cqr,0.08336000975754954,-0.9832177594922681,-1.161446269384248,-0.05564702193418014
cqr,0.05823649895114491,-0.31590034314980514,-0.7134254189312078,0.018513002819281314
cqr,0.596450081858689,1.8946157072367256,0.14197128743248322,2.3303038743585303
cqr,0.6734128584634679,-0.21898386725464214,-1.0687037167494828,1.1339308368933187
cqr,0.6736531117663622,0.9171201182215765,-0.8988067095347747,1.2055022935712563
cqr,0.28449859986336345,0.6342235702405905,-0.39781417612431774,0.6124645824845717
cqr,0.6154400576150233,1.1592784754269088,0.10307180350377552,2.5488177888289076
cqr,0.7137125362598177,1.4966359871681467,-1.5091993640744108,1.2768445499623289
cqr,0.07532688509717889,-0.058797058273796915,-0.3397045199104846,0.38491887879567355
cqr,0.9239518054372878,2.8109169725438155,-0.1570013423130006,3.1185582684201965
cqr,0.24450937271188433,1.6597335012949312,0.5505321951291985,1.592165949557997
cqr,0.6865541970590736,-0.22840501358434206,-0.14760277962192953,2.159095396548996
cqr,0.6853846685134422,-1.0761719124325544,-1.5091993640744108,0.9093008993394383
cqr,0.013901402699920906,0.610979617714938,0.5049387483284483,1.1228722929081016
cqr,0.6994042236319652,0.3152233034996069,-1.6391800579410964,1.105520664286189
cqr,0.14354512481237502,0.6938359915265143,0.17410032526923688,1.0768111947072245
cqr,0.7915317956494554,2.438971543524777,-0.0866523088265886,2.510349673550169
cqr,0.820340627982007,1.356267556732688,-0.34084739719515095,1.9865614456217733
cqr,0.0054179680316638335,1.0204311246325104,0.621805274099147,1.291806033807364
cqr,0.8635882375277301,0.14525980208930045,-0.4693756913646202,2.6153926948335027
cqr,0.02797911160587463,-0.6870028009074038,-1.0119290225371207,-0.1396581041131483
cqr,0.8542736755624792,-0.9967719957413509,-1.5437405349730076,1.441541032446976
cqr,0.01067689149242812,-0.6670442263940228,-1.0037468467498056,-0.24247597416624606
cqr,0.3246568005718655,0.11366507339236928,-0.3802109697824754,0.6350364760063716
cqr,0.808267815472433,-1.0726050601175703,-0.9102210473417923,1.58937839046652
cqr,0.17449847670227214,0.8164168276406356,-0.2928233468368373,0.9762682367736764
cqr,0.726972427172918,-1.2692675248915066,-0.6997995575287469,1.5202957664253203
cqr,0.8369398790772807,1.5683087971399514,-0.16646693245807948,2.746283529597634
cqr,0.855126205243076,-0.4669724361708769,-1.5392558489672157,1.441541032446976
cqr,0.7580664470359918,3.188560867888868,0.057649038059522456,2.764622440636929
cqr,0.020306286402540952,0.9689639040668008,0.5885707958420311,1.2481508979578688
cqr,0.3955627077365145,0.17000892481826516,-0.5796083400887007,0.8583818946381754
cqr,0.5065536300251515,-1.0071582175792182,-1.0243459614432395,0.8409369724668094
cqr,0.9351580696774291,0.7804445785452236,-0.09881611760290586,3.1248046283842195
cqr,0.3625525441858246,-0.18494245727017894,-0.38066228843318106,0.9714165142353
cqr,0.0006378440396831442,-0.7566025791545072,-1.0578122246312456,-0.24247597416624606
cqr,0.7043245772642021,1.1907324776051171,-1.406585521913765,1.056132145582338
cqr,0.0372918554001751,-0.3202730871764732,-0.3286524417294512,0.24174506241310292
cqr,0.1127563553054185,0.31634773298496616,-1.1256637666052114,0.5794454585418843
cqr,0.3199110780092098,1.1760363469149904,0.49709870471834805,1.6183366696793056
cqr,0.1099822240411863,-0.9927702865496114,-1.1893475815510375,-0.09038239178732935
cqr,0.11204448291441449,-0.7002296319201947,-1.0350049446210112,-0.09038239178732935
cqr,0.27541556128268596,0.20695274470132674,-0.3502385960911846,0.9170273876173443
cqr,0.33581106977105724,0.8734441398411137,-0.33649248533955134,0.9369640965273203
cqr,0.9355535550210003,-0.2624148059906687,-1.6145851546073762,1.6158569296659686
cqr,0.6292186674626564,0.31028717395348737,-1.6009227280359621,0.9093008993394383
cqr,0.5037878469383437,1.0288214854840594,0.3437339830858015,2.1238491526230376
cqr,0.43842821456734615,0.43623142188972885,-1.3435050093910705,0.6874804655647874
cqr,0.2778252850333306,0.34464325662710316,-0.061361836093775095,1.4428216970691714
cqr,0.17576478273325236,1.5532943401922268,0.4884798395816007,1.5465027728755476
cqr,0.25559390983633046,-1.0421393958683027,-1.1897579472593331,0.1759720645615843
cqr,0.9608985227547919,-1.1848190207890612,-1.5799239123863684,1.6158569296659686
cqr,0.07755269369343054,-1.228963688170413,-1.1049020473768834,-0.1906247399619908
cqr,0.19035735851971747,0.30024084557982195,-0.11341455093749368,1.0219314134561268
cqr,0.4734415218907745,0.47097420837031434,-1.6047307661833954,0.5672176733403236
cqr,0.5245407874968766,0.6774778089537993,-1.5604785261755338,0.8132163868350255
cqr,0.012292459024734859,0.45916825820432494,0.2630505575643863,1.1674735887265653
cqr,0.6813733464335189,0.4568730592526833,0.16872622827496395,2.609681349277449
cqr,0.9906732538487453,2.0146429460136384,0.17897917480408998,3.418660647434156
cqr,0.7524926856031713,0.4860873083786753,-1.6271693370579359,1.2465764672988344
cqr,0.9734038530873257,1.0737280878293456,-0.19638849053284882,2.8304577443681893
cqr,0.16683774215790848,-0.7881765638975906,-1.013737945261622,0.0042551595179435575
cqr,0.507587794297879,-0.22255210235298742,-1.390106619872964,0.6700355433934214
cqr,0.4834422035442868,-0.08317914480995503,-1.4770868084318511,0.5624532924824757
cqr,0.03432614848681326,-1.0470030084346584,-1.1784676070380051,-0.24247597416624606
cqr,0.0025127055186340286,0.5150049389097549,0.3078204196606476,0.7717693232110646
cqr,0.7961505126343288,1.5254993818361475,-1.0107877567596506,1.58937839046652
cqr,0.374022825243327,0.024642352307932214,-1.6706520322804344,0.4744651555149923
cqr,0.29373394806430575,1.1790046090603556,0.5410503425826366,1.8116098363942008
cqr,0.6379115736413323,1.721463754832285,0.14197128743248322,2.407714533963542
cqr,0.4376057081060628,0.7501883677954986,0.3010436751256195,2.0761470889270797
cqr,0.6758717814237848,2.0422681765359045,-1.6088767196827456,0.9093008993394383
cqr,0.5199016820357728,0.08265339399601317,-0.6809780903196805,1.0861591856631503
cqr,0.12011491787896844,-0.7664158349851776,-1.2252398672922908,0.009704420919765566
cqr,0.7812796820948039,0.7338623368395055,-0.6643613620327057,1.569081242118899
cqr,0.29145721743225306,0.9133471992663491,0.49701940000151934,1.7195178731732499
cqr,0.9113742739151202,-1.2771862707399717,-1.5907444543014715,1.5600038960235727
cqr,0.4312926859463623,0.9722954764680556,0.16882342979277404,1.8395607984730946
cqr,0.8658179029999113,1.0747695138536884,-1.1295941974056536,1.441541032446976
cqr,0.5291307164923355,0.4082647780764194,-0.6833646513414305,1.4181623985692058
cqr,0.5836878868490981,1.121615012421231,0.18592292529677182,2.5488177888289076
cqr,0.7725754668348023,1.3083201643552234,0.11324553962434075,2.7424217118082446
cqr,0.3005090487080534,0.726887372906881,-0.3591258243611496,0.6917870880406751
cqr,0.892652751226949,1.6446568951180474,-0.4134004957487228,2.5366017253182527
cqr,0.38035456893932096,0.9962919237277843,0.4436420903446157,2.1338288020624514
cqr,0.11941502617459199,0.8353700630848327,0.4867873977756668,1.3862938925703123
cqr,0.9387251866745052,1.8169476144731673,-0.2996668459890443,2.095648801679352
cqr,0.13980746531923405,-0.18425165663250087,-0.30548520314935607,0.42775600247030104
cqr,0.8511262440207783,0.4571909936766412,-1.1481905713039415,1.6661709700008562
cqr,0.39360057855188113,1.577666887380864,0.2214021792420019,1.8395607984730946
cqr,0.9550186638653891,2.070297173219111,-0.8616582416678438,2.095648801679352
cqr,0.3014505286912731,0.23567895609333575,-0.4482833749035356,1.0314533392367022
cqr,0.33279286330768987,1.3326186125573911,0.47735656847868535,1.8949711220083543
cqr,0.7355128853165556,-1.9771207215479771,-1.614836388516485,1.2465764672988344
cqr,0.29479113359357745,0.17371180185904617,-0.5895802665086476,0.7958597481293509
cqr,0.5188877632776641,1.1071398604598939,-0.5990460068792506,1.125589119006555
cqr,0.2238251228572382,0.48001220671278244,-0.36759925906193847,0.8789065006146286
cqr,0.6862699485528159,-0.2835575604105034,0.10687225991662923,2.3911674348070715
cqr,0.6911976245047323,0.7397884635884713,-1.4181990162383176,0.9329834458266364
cqr,0.2782782901046652,0.8653870002217106,0.13119149020104773,1.4874458349151745
cqr,0.32148268336097674,1.1678643100150696,0.5372743458826399,1.6183366696793056
cqr,0.7961493402470035,-0.1324891014296241,-1.0534534465565635,1.3228999765487093
cqr,0.9975119780296448,0.0366645553365996,-1.5610139681678243,1.8176915345151359
cqr,0.06557588962305894,-0.9096792747322497,-1.1893475815510375,-0.227777836204458
cqr,0.39487612837226016,0.4352031099598195,0.42953315066112036,2.180596562839261
cqr,0.027665260362619404,0.19495617090790798,-0.5726824952214078,0.34686706600261935
cqr,0.36894447801484553,-0.0635654518245915,-1.0679301859750494,0.4744651555149923
cqr,0.24589786260811852,-0.3990403720452921,-1.044703022994906,0.1433498158970173
cqr,0.36901258335957055,1.8659852091114462,0.5156251427387323,2.0298992227545085
cqr,0.8895799487154306,-0.07585133916761011,-0.8067508171466334,1.8540203434976794
cqr,0.08810709095058156,-0.5345123953881822,-0.7528445709153463,0.08827647896436391
cqr,0.836385719537648,-1.5752159801771013,-1.6506172801397119,1.441541032446976
cqr,0.19793302580883532,0.8409155369367759,0.4712826471938768,1.4135740864590403
cqr,0.6251982677731172,2.262165348221475,0.19149230724936714,2.5488177888289076
cqr,0.21285893304675296,0.26410702200818076,-0.09164269095778213,1.0219314134561268
cqr,0.9965040657889324,0.8732492594371081,0.07598887949975609,3.674144136032388
cqr,0.8875382820921803,1.5772425235600436,-0.303533995587769,2.727557508369787
cqr,0.48298196751377365,1.3616881514094976,0.1755869963816295,1.9195294893238255
cqr,0.8679353036838304,2.8917060196868736,-0.13600418887833898,2.924875392696591
cqr,0.041840211488501144,0.7461873337669089,0.31585544074835303,0.8132141131897959
cqr,0.6844440017257925,0.7212580186332532,-1.4995385774230054,0.9093008993394383
cqr,0.5046218151741715,-0.1235636310390692,-0.6966736418082098,0.8336960872581346
cqr,0.7906413238155324,-0.2450353146623847,-1.6271693370579359,1.3228999765487093
cqr,0.032114510966085086,0.30879928578747284,0.33915225889588113,0.8240518852077632
cqr,0.426622935040185,1.7063084720206505,0.4150244829954562,2.1530585292829647
cqr,0.23669780057611345,-0.48936456528792605,-0.5747413719252898,0.6324751374893104
cqr,0.9505593265612059,2.5897835287515436,-1.0371426005492785,2.095648801679352
cqr,0.45808897188563547,-0.35874587458887397,-1.6047307661833954,0.5846625955116895
cqr,0.014636323166220655,0.27029048858589083,-0.8938312270598489,0.9697000318197976
cqr,0.7692305015566524,0.8661703761344884,-1.1114240009786402,1.5475299141025896
cqr,0.08916390329529467,-0.09991252407854365,-0.4329138847120164,0.10658973117945683
cqr,0.13240979679096299,1.527795937893496,0.5325107821627181,1.4341618380150671
cqr,0.2662003565431744,0.762738159872326,-0.28451439111639915,1.0178410659637138
cqr,0.07006748232870696,-0.048455623361653294,-0.026181216988873768,0.9474158697121293
cqr,0.4728073991442129,0.23522123848017334,-0.7556528857055032,0.8336960872581346
cqr,0.8180981765945792,2.2428421088384285,0.1375019456304541,3.0134734660123765
cqr,0.5690989242768684,0.11841305761953658,-1.6336106759885012,0.8759475597239673
cqr,0.34882328768791393,-0.4312901902089734,-0.7255311727794831,0.4744651555149923
cqr,0.2572623849915713,-0.18603099926799221,-0.3130560368605028,1.0453790995200098
cqr,0.7434113045147615,1.7587440585976972,-0.03630817780286896,2.619243774629144
cqr,0.030499672277496725,0.2214179381268186,0.15100589804001843,0.8908002546500261
cqr,0.051483756482574417,-0.27348054279147127,-0.2518947153083533,0.618610920394056
cqr,0.6670733159083212,0.6480208930894238,-0.7386716393999792,1.1757793132572492
cqr,0.06471565045112071,-0.5141107960880997,-0.7032791102936531,0.058273626912387945
cqr,0.8024836390578423,1.0500118726257859,-1.0334475474515306,1.5475299141025896
cqr,0.45451365925071685,0.4935649703627236,-0.6389363304903294,1.0557462081893896
cqr,0.4901415504397627,-0.8479888710740933,-1.5904071658538124,0.5672176733403236
cqr,0.043820717897077754,1.155578734522817,0.5378213747231545,1.2627677418423273
cqr,0.03531782324916033,-0.9876637042019011,-1.071893602205907,-0.24247597416624606
cqr,0.3107773048800474,0.7451761199844189,-0.37810890691981225,0.6124645824845717
cqr,0.04935136825054909,0.5358243671404638,0.1977870055222978,0.8908002546500261
cqr,0.706255879413207,2.164558989879033,0.1725933778736887,2.6349990665111527
cqr,0.7114426083848732,1.4211656346604842,0.16872622827496395,2.67572409908305
cqr,0.9511578306085555,0.999417309056904,-0.36641901263305593,2.6669348282587997
cqr,0.560339074230596,-0.6656140624147309,-1.4089108759489681,0.9512273962207692
cqr,0.5205228871876825,1.0143299445641718,0.40558795144413623,2.5411358602422993
cqr,0.24159023708660377,1.402109483464593,0.4851707462579007,1.6231004387432375
cqr,0.5046847500480367,1.1649813584767617,-0.2997690005199705,1.4874354619529402
cqr,0.27769537832740643,1.2584023197101069,0.4456076765660274,1.8562339742402039
cqr,0.11620204063248718,0.5095991795933054,0.4969954640462201,1.4963938295280268
cqr,0.9833173330054058,-0.2595989934530044,-1.5470758300690826,1.929515638356912
cqr,0.4868841566782812,1.4085627586390252,0.28752030152624086,2.15611577977781
cqr,0.9413111721059749,0.8926138806361403,-0.8186201181976416,1.8823353435837793
cqr,0.17549513550404805,1.1286995232597754,0.571868371807405,1.5465027728755476
cqr,0.6837532053747125,0.1605968762118104,-0.18347549983287556,2.159095396548996
cqr,0.9559382369103211,3.877683835926821,-0.33383733384611974,2.540432685457729
cqr,0.42935300664818254,-0.7901301347825795,-0.4220363497156675,1.4584798122129512
cqr,0.9738496030852719,4.233878200776651,0.0848150544986602,3.3593552059722143
cqr,0.8477998793510514,2.7090331932684633,-0.11694591264119554,3.1216819766402457
cqr,0.2578878735145942,-0.13302505792749364,-1.1830407941120897,0.18239965483671614
cqr,0.6051946721342966,-0.7992883905481092,-1.7941867005209502,0.9584894890355888
cqr,0.2864059813323896,0.9901278807975613,0.5346453603063613,1.8562339742402039
cqr,0.5599354402973262,-0.03483630046331021,-1.5994401881314257,0.8759475597239673
cqr,0.11760597410049267,-0.6614406030292679,-1.160240935150926,0.009704420919765566
cqr,0.30393262992362713,-0.24129418975687517,-1.183273660266229,0.3114988073949057
cqr,0.07197146711746638,-0.22349462628793348,-0.3880566375900466,0.09919574597729279
cqr,0.22712144045429095,1.1717502743211121,0.4684620724192978,1.2826832516949092
cqr,0.23406987174755123,0.7050685377298285,0.26915394934526854,1.2165346062518658
cqr,0.34124862484577434,1.0829736768836036,0.5557437883956925,2.1338288020624514
cqr,0.8702596358106447,1.623404115597971,-0.13213703927961423,2.5878546612772064
cqr,0.13766573549040584,-0.8338585948466986,-0.970763516024556,0.033622513803091364
cqr,0.606705106735389,0.7359011895963282,-1.051507019727675,0.9093008993394383
cqr,0.46416590102713995,0.21164373361593825,0.3229430185943226,1.8118084235142318
cqr,0.8224366537215146,0.9722703585767181,-0.7050837679990725,1.7886764091394818
cqr,0.35187298404547596,-0.29541438748131205,-1.0963624869569646,0.4744651555149923
cqr,0.17002794045099912,0.4660731629413398,-0.6658396298124004,0.2707335734357546
cqr,0.12171022099790962,-0.4452969087363093,-1.0265029814885516,-0.06919535625000633
cqr,0.8968237148128051,2.227382067843323,-0.18832790255191562,2.947787650639869
cqr,0.12070507435271027,1.2219132691406596,0.5543993781562685,1.4778169738645623
cqr,0.9783091474309158,0.8288369211182542,-1.580869519846814,1.929515638356912
cqr,0.003959720250628962,0.4409209657854675,0.32445881308282515,0.8132141131897959
cqr,0.6369383199215465,0.3290993984812922,-0.8635920233411467,1.1757793132572492
cqr,0.8538221970600154,1.1381493884241423,-0.5502910349209706,2.6153926948335027
cqr,0.2893676233410367,1.1430946713808245,0.4110083284358707,1.6578834799261193
cqr,0.125633470486187,0.038294781056596866,-0.2791303768390111,0.6232211420354938
cqr,0.08662934492048147,-1.2020136083686555,-1.128096039842449,-0.14538457112191921
cqr,0.9184943946342121,0.3018956799128344,-0.8999364145633898,1.8540203434976794
cqr,0.7782664717073455,-0.7325385686194315,-0.6094045045685309,1.7401477095465598
cqr,0.6706036839677268,0.4702754986242117,-1.0492807598910425,0.9093008993394383
cqr,0.44424517907261096,-0.11418213581533576,-0.6703122485830815,0.8511410094295006
cqr,0.43349794866944946,1.7283155410779112,0.2572169632678901,2.0695835819519868
cqr,0.8151043860805476,-1.0169681320622634,-1.6271693370579359,1.396916894600973
cqr,0.35875035421109414,0.7929056735112758,-0.07908763683920861,1.7650406627374244
cqr,0.9271024348560418,1.0926655491671078,-0.2804743064707982,2.6669348282587997
cqr,0.05160642858143527,-0.7584534058088963,-1.026192286870355,-0.24247597416624606
cqr,0.0756189953375026,0.8222090225400511,0.4909454787167109,1.2537192197079454
cqr,0.9034114695015028,0.11337205015592372,-1.4475330290427937,1.5875419295798687
cqr,0.9901652845695036,2.118695692808492,0.17074523348576973,3.418660647434156
cqr,0.6021095072022348,1.6299606544049323,0.10609856722153717,2.489512347366966
cqr,0.05950625266878762,0.5529036980879314,0.04458616016232546,0.8908002546500261
cqr,0.9157471904684364,2.1507251759634385,-0.8998073441581727,1.8885077046695344
cqr,0.6685634396806428,3.0859752860512843,0.17429561022755927,2.609681349277449
cqr,0.3318122599235578,0.49563893298444883,0.5708700570281475,1.838337603533666
cqr,0.9579629116494424,5.545849113562822,0.04144882707503186,3.1958322898628246
cqr,0.12496104986349976,-0.5924008048029987,-0.7837718456216124,0.19251867680995677
cqr,0.6694253467211218,3.3390270263703483,0.12157410631991702,2.550375907815507
cqr,0.5866549885397153,1.5462443868860143,-0.0982440181327284,2.098231836100455
cqr,0.9275431665060884,0.9220172022112774,-0.05367327365771986,3.2551377313247665
cqr,0.568357605436242,0.9649654082431436,-0.6024482368531593,1.395659013036576
cqr,0.6485037727112701,3.943130327572021,0.05127575835181096,2.3116155879009703
cqr,0.3656749108719092,1.4377406334701988,0.22018046463821772,1.7650406627374244
cqr,0.7208600610811731,-1.2899804042151186,-1.583148790253525,1.2465764672988344
cqr,0.002290882707654207,-0.321280394882984,-0.7876859024460063,0.03484021176953237
cqr,0.02623618593358168,0.9123566840531789,0.5621312129605905,1.338488171144827
cqr,0.4826100650555465,1.3351569532117966,0.36550346317857224,2.0963111190667414
cqr,0.5959662154965683,1.0578783666634215,0.20596778447357764,2.5488177888289076
cqr,0.8890656428011364,1.9904123988784663,-1.443665879444069,1.5600038960235727
cqr,0.947860763467279,1.2739530775176666,-0.1304348069257437,2.899006866516875
cqr,0.638354487691009,0.7738296592213573,-0.891208975749704,1.1757793132572492
cqr,0.7437786045750693,1.0104896318536198,0.11324553962434075,2.9573335138949703
cqr,0.010841544895261901,0.058667437418760376,-0.33111808086456135,0.24492441028037454
cqr,0.803434769937672,-0.6377076821548495,-1.614836388516485,1.3228999765487093
cqr,0.9896540416261742,0.5524544939890689,-0.4894095734530133,2.297483406528519
cqr,0.2575582774672057,0.4263841252400269,0.2501646263648106,1.2399822923157493
cqr,0.5079843639844845,-0.3532055007249405,-0.708347491163243,1.1094325121855628
cqr,0.10633661780885528,-1.004368725579894,-1.1699246246925972,-0.04672725593783407
cqr,0.07862360271602842,-0.4501922071504495,-0.7225306706341259,-0.19159374195849838
cqr,0.3696006606006995,1.5923165545092914,0.5429211265193561,2.0745233606005113
cqr,0.49082861998465854,0.12024654913888327,-0.5676604709777772,1.3335727770934758
cqr,0.5317309405558419,1.742750226162499,0.3361590405393733,2.407714533963542
cqr,0.050937487438711515,-0.5566650679604424,-0.4220753380542907,0.021692350686552907
cqr,0.8688678956178439,0.04757968569641191,-0.1916006904431573,2.8143318959553483
cqr,0.32736337295462736,1.556455341243206,0.5755283381275526,1.9542765634702959
cqr,0.3065724436146492,0.8711131394832788,0.3110493875201297,1.4212971894721311
cqr,0.16899848301095377,-0.08910585415235514,-0.4879302080289279,0.27797445864442927
cqr,0.8908028752524677,0.4553094425763198,-1.4576345086789755,1.5726871250749703
cqr,0.8165883400134574,1.1878923582970116,-0.6401245563905408,1.8451907308298934
cqr,0.9767310614214366,-0.4376422945604308,-1.5733469167092753,1.8176915345151359
cqr,0.46990968693640434,0.1802283468036686,-0.7131294319609752,0.8336960872581346
cqr,0.8761204827192985,-0.037347955407622146,-0.28555790630554895,2.581786110846422
cqr,0.9182072648496874,0.6865174591600683,-0.910002335360131,1.8612612287063546
cqr,0.4777622718160991,1.074323664109282,0.11130327976426202,2.2605652536899914
cqr,0.16114375236129552,-0.7484795774277162,-1.1893475815510375,0.0042551595179435575
cqr,0.610253795106323,-0.9407938051544591,-0.9082777239436117,1.1757793132572492
cqr,0.6061380416649094,0.49881146984378993,-0.6291034821538164,1.2238677490661947
cqr,0.5754386584211565,1.7222484853320466,0.10654253715718247,2.2596311187290095
cqr,0.49878549763366786,0.18390913902237993,-0.46397803783740194,1.4874354619529402
cqr,0.41710632382498947,-0.6221616114068771,-1.6002183959852045,0.5846625955116895
cqr,0.6703199317254861,-0.2894262532121778,-1.605009570084021,0.9093008993394383
cqr,0.10875034756093749,-0.07357236224109476,-1.0257835272716531,0.012435478265768355
cqr,0.06054014210315173,0.5160169852782527,0.32061019751646597,0.8163934610570674
cqr,0.7151327216585858,1.0805205435847114,-1.5033179931047072,1.2465764672988344
cqr,0.1063556216161694,0.7695575511366897,0.31046554347108773,0.9780380177096717
cqr,0.5097862003236412,-0.24434329586197867,-0.5367677065799776,1.064169032060632
cqr,0.8132012827047924,-0.06841225821045105,-0.6196970376937146,2.3957225433474987
cqr,0.6560798561171473,-0.6853296301769913,-1.5309574832750195,0.9093008993394383
cqr,0.40178817465356,0.09357402473748427,-1.4595631508187972,0.5846625955116895
cqr,0.22992661748123533,1.0838985742492582,0.44545041712403644,1.489724240975026
cqr,0.6343189454741032,0.6062752566480405,-0.49790266271069256,1.7190825234579994
cqr,0.9495035416766041,-0.3250437833285802,-1.5214797025100917,1.6158569296659686
cqr,0.3760966579918974,-0.06646189147401886,-0.9753123669957171,0.7409435694328033
cqr,0.14484522542316836,-1.0586024713106414,-1.1350087505341155,-0.025540220400511016
cqr,0.5401261881547647,-0.30968622776839716,-1.5383542332174187,0.9299005302779658
cqr,0.22327167150230454,0.9664355899057069,0.5048783583393847,1.6358210854074922
cqr,0.9797251307235426,2.1816524672597204,0.09627581968799027,3.3593552059722143
cqr,0.26048921196653063,-0.8751227749132515,-0.39775471596394124,0.47252765790841444
cqr,0.5516890301540966,0.6515456721087697,-0.03480379763178604,2.2596311187290095
cqr,0.15148252563259024,1.0823328319047136,0.4712826471938768,1.3088832329653
cqr,0.6414849913772078,0.19591068297972103,-1.6156402862716013,0.9093008993394383
cqr,0.6259211374339964,1.1904363537370288,0.18592292529677182,2.5488177888289076
cqr,0.7434078640449407,-0.4981912018969599,-1.6212879660882322,1.2465764672988344
cqr,0.4000893188694187,1.2998931745517082,0.3075983511445003,2.1142077197979896
cqr,0.16529941795288994,-0.3931195693636788,-0.7431445682198964,0.2707335734357546
cqr,0.8968451203976641,0.017850567652478055,-0.085199472756614,3.1958322898628246
cqr,0.626613369767749,-0.39137600641109266,-0.8880091156886797,1.1757793132572492
cqr,0.18456626344450733,1.1381422736638283,0.42247815333252803,1.4715990978488727
cqr,0.45781134461493533,1.274979608148646,0.36729371116527737,1.9426992582783629
cqr,0.5864127244946383,1.9715056433874638,-0.037891467818397404,2.2596311187290095
cqr,0.1490128399738324,-0.10035619949140726,-0.43767611790848016,0.19975956201863151
cqr,0.8192897562367162,2.8473371875575575,0.07007859531952411,2.887419294391755
cqr,0.799379306047697,1.7006268234817266,-0.5911596359917024,1.8815184243384397
cqr,0.749250211397506,-0.3160138920841648,-1.465108549398451,1.2465764672988344
cqr,0.4306924881970947,0.44640150215482927,-0.15988907700949634,1.8118084235142318
cqr,0.19728849139378268,1.2011296552529582,0.4490424803749793,1.6231004387432375
cqr,0.03759671540097531,0.8851307480693426,0.533480394072552,1.2297173102556276
cqr,0.9716972780626709,-0.5664450472601852,-0.15731857342928576,2.8304577443681893
cqr,0.850310785241778,1.799237576955299,-0.17879988099953026,3.062376535178304
cqr,0.6858059964575464,-0.6752504513861746,-0.6196449338749672,1.4062522580597459
cqr,0.09789118897204174,-0.671726373405664,-1.0303242247424946,-0.09572493908729275
cqr,0.41239802071743936,-0.0849237108142909,-1.4970328584017287,0.5846625955116895
cqr,0.5266407477169311,1.8443824878809536,0.39325500290268545,2.609535761749579
cqr,0.44767992538030865,-0.4808609765570184,-1.6014579782921536,0.5846625955116895
cqr,0.8605048202869052,0.267071146753288,-0.08091378710885978,3.1216819766402457
cqr,0.2825626543268165,-0.2937135599682552,-1.0193242938334255,0.40955229659015546
cqr,0.5404060624170522,-0.4363615564726044,-1.6756580782632922,0.8759475597239673
cqr,0.8188204547049848,-0.7417137573493965,-1.5017322689518322,1.441541032446976
cqr,0.5864900467282448,0.43311913149039716,-0.19077720747029056,2.098231836100455
cqr,0.7967172985966213,-1.1392209123783257,-0.0813148174521981,2.619243774629144
cqr,0.17973252751293167,0.6208516754585902,-0.056013313091009216,1.2370200750124598
cqr,0.41604306405779434,-0.37089194960549066,-1.06904061207546,0.5846625955116895
cqr,0.761984931609118,-0.3736480816724198,-1.5330500025100342,1.2953619429924133
cqr,0.46009217204522346,-0.1866117537424179,-1.5451754332918852,0.5798982146538416
cqr,0.1938946456900844,0.3384515150607,-0.00351775654929367,1.0219314134561268
cqr,0.26684942317592164,-0.6777547885948245,-1.1837079619298239,0.21045263781039622
cqr,0.7725860881298805,1.347732417378473,-0.7840797034448083,1.58937839046652
cqr,0.5522529807708643,0.6211285894574681,-0.02726075163081718,2.2596311187290095
cqr,0.7779191427328377,1.3549157947290846,0.15600299285236924,2.908430444729042
cqr,0.23805758754414652,0.5000328016268554,-0.308159898601863,0.8789065006146286
cqr,0.9203971092194203,0.6252387053068043,-0.3771841486865258,3.2551377313247665
cqr,0.7057898151420066,-0.037779642829934866,-1.5221153134311824,1.105520664286189
cqr,0.1838306775271663,-0.9975750788426151,-1.1049020473768834,0.09768663921456801
cqr,0.8302651895572933,0.6941394042117299,0.11315767203755078,3.1216819766402457
cqr,0.5329344755092406,-0.04034887320522984,-0.481954127119622,1.7190825234579994
cqr,0.3811967876474368,-0.45372722655346875,-0.22995748654017617,1.3482823722162538
cqr,0.2741897334968908,-0.7628445250116126,-1.044703022994906,0.3067344265370578
cqr,0.18325287424706393,0.8582773998002147,0.4709310763685297,1.6494633501869844
cqr,0.004874625890171291,0.981802007427668,0.5519941290102219,1.2513302458251405
cqr,0.8675553735908259,-0.7389147383616805,-1.1419271459471045,1.441541032446976
cqr,0.2145723377863411,1.0705929779761931,0.17501244499198793,1.5954097612380194
cqr,0.22373351966362154,-0.7039633360148888,-1.1049020473768834,0.1433498158970173
cqr,0.06204841756426649,-0.40577515207291504,-0.6833554007657654,0.024002439751565022
cqr,0.03558086726730825,-0.43923793516189646,-0.7248719791485051,0.024002439751565022
cqr,0.8013678969933108,1.1664691821858164,0.15043361089977392,3.016638955356912
cqr,0.45926222774072023,0.9366620805124224,-0.7882043646766668,1.0605105890472375
cqr,0.2656629192785547,1.214797091966882,0.42206778762423247,1.5407099605952055
cqr,0.4928570347274964,0.5658150831333579,0.16325404784017872,1.9195294893238255
cqr,0.9805568314374938,1.459040698955926,-1.555304226749678,1.929515638356912
cqr,0.5242224364620603,1.188559940909113,0.3988243848552807,2.5411358602422993
cqr,0.5694463664555908,0.45572169326462675,-0.3157232356763613,1.7190825234579994
cqr,0.7920868276124295,1.4021601689532779,0.1364909880391326,2.9573335138949703
cqr,0.19757825873113644,-0.08587027785696924,-0.7228422289372833,0.4218334958813509
cqr,0.04209190187705936,-0.5920177747491567,-0.7121217472167876,-0.017846036612365758
cqr,0.16835210839035541,0.10753950727666912,-0.331440285832287,0.5120442902562179
cqr,0.32945494516703067,0.047535678377456925,-0.9971258505007857,0.4352483569491648
cqr,0.28107886890421574,1.2333210143228686,0.5345660555895325,1.8562339742402039
cqr,0.8420658202225879,1.0238620385195363,-0.9365979293411466,1.7152603315734618
cqr,0.8406293048371776,2.8379349075819604,-0.2749612519497375,2.6153926948335027
cqr,0.7318316890310489,1.2626139951855837,-0.7341102468460239,1.5202957664253203
cqr,0.20077077656440823,0.102632724999423,-0.7221345773852393,0.4528967383503122
cqr,0.13487265797538284,-0.8547900289624106,-1.1880155852563152,-0.07395973710785425
cqr,0.9407304768784558,1.1163689814153732,-0.17362460116093723,2.9584970787587803
cqr,0.07337460108820337,-0.44574999097868906,-0.6596300983597356,0.07743870694639657
cqr,0.8661637790040139,-1.109221031305375,-1.6305344398852994,1.441541032446976
cqr,0.8330259550513269,-0.24679249460441088,-1.0195140566437795,1.7080194463647866
cqr,0.8320473509821331,0.16293737491624363,-1.5661573490936338,1.441541032446976
cqr,0.8323626275132601,0.2968021307606872,-0.6020878443576358,1.9865614456217733
cqr,0.44865495073262784,-0.1571764882666602,-1.6227011559002953,0.5846625955116895
cqr,0.3347263765708077,-0.6786714161312535,-0.38256075420879904,0.7345091780638229
cqr,0.723888181732488,0.25919661720542814,-1.5369171521087588,1.2019523294528314
cqr,0.9173363657772937,1.9993567506562602,-0.6060997197514875,2.067333801593252
cqr,0.4029758890738323,-0.30125660898186907,-1.3513228915264759,0.5846625955116895
cqr,0.3703299085838947,0.7585264313852076,-0.637708756265765,0.9941766088276011
cqr,0.8444571825828557,-0.6968748482100418,-0.6737775609668047,2.6153926948335027
cqr,0.3262952603469933,0.48744765551607383,0.503523170738376,1.952301930385148
cqr,0.20293485182668292,1.274902772103487,0.5177420434325148,1.6281255096044323
cqr,0.26622300167250434,0.23794724548973878,-0.061361836093775095,1.3061309377587926
cqr,0.945173797143134,-0.7694809793657437,-1.6201545365599714,1.6158569296659686
cqr,0.25647100002304357,-0.29992650618227124,-1.0193242938334255,0.17156188281874887
cqr,0.5297926650990851,1.5095901930246955,0.05129814654679374,2.098231836100455
cqr,0.2735285895956099,-0.13373889437759123,-1.013834216597659,0.3067344265370578
cqr,0.696049818031643,0.31861224376981556,0.12477459041067535,2.53851994949179
cqr,0.8616561425523427,-0.9333933156894176,-1.653308782009561,1.441541032446976
cqr,0.17328849265173107,0.8162104176458623,0.2573325749775825,1.2370200750124598
cqr,0.22218521952254744,0.8632554439009701,0.513997047225048,1.5147552899529846
cqr,0.7265819092568198,1.3924559811635395,0.057649038059522456,2.764622440636929
cqr,0.16317239071477363,-0.687510859833409,-0.6706895575480973,0.2707335734357546
cqr,0.7339041973114856,1.1929626941316234,0.10091259108289001,2.7424217118082446
cqr,0.6118576211833361,0.005108281047227992,-1.6033073377301503,0.9093008993394383
cqr,0.3062136640957628,-1.2192894165157975,-1.1570958724256923,0.3114988073949057
cqr,0.04892968821818944,1.03344623651637,0.4128806711382436,1.1849414027838685
cqr,0.3571434632639523,-0.03916752161110626,-1.2026010432401404,0.4744651555149923
cqr,0.683623927247099,-0.12760165657897948,-0.7281505780122847,1.1830201984659243
cqr,0.9611309621264452,2.4395633932984104,-0.3678192001263471,2.6669348282587997
cqr,0.6917535357830901,0.5013702078053602,-1.6212096682241965,0.8835949271227856
cqr,0.7263593053795531,-0.41486840742968467,-1.5352431647209706,1.2465764672988344
cqr,0.16047872467638535,-0.868609631141703,-1.0623965231992392,0.01509293153591082
cqr,0.7630830990581007,0.36030457482599,-1.4248781392889553,1.3228999765487093
cqr,0.7039803980833169,-0.24118598536323366,-1.6088767196827456,1.100756283428341
cqr,0.030270730669755275,0.7253342660166942,0.4712251350967111,1.1925998269345641
cqr,0.9319616896588603,-0.3577896602738503,-1.6292146972101806,1.6158569296659686
cqr,0.3715683374911798,1.0513666061187903,0.36381203270406093,2.0745233606005113
cqr,0.7326149132911343,1.417872170789545,0.10355859602684882,2.989255531923849
cqr,0.005136462354366822,0.548378344370193,0.34999374949539735,0.8240518852077632
cqr,0.718036752893445,1.7141173934700262,-0.03888806670002977,1.7776568815322689
cqr,0.7674217033952235,-0.5108924211830497,-1.614836388516485,1.3228999765487093
cqr,0.2368808764678626,0.10661795103244404,-0.3954922092880468,0.5236380965427866
cqr,0.44990272765571204,1.7426068888977926,0.38495319501959613,2.121291121377319
cqr,0.9884898158831644,1.2908614109453749,-0.35950485694030904,2.297483406528519
cqr,0.5360348831056945,1.2301626864207127,-0.2352905276039768,2.098231836100455
cqr,0.8477205250528788,1.0176166650317904,-0.600689743120282,1.9865614456217733
cqr,0.279486112106479,0.9798058688536951,0.49897791539532244,1.6619918055288008
cqr,0.6500547984484569,1.416816915904465,0.07245087673709871,2.3116155879009703
cqr,0.6551439624256141,0.04246959628981495,-1.5720450865094695,0.9093008993394383
cqr,0.27191613762304057,0.9624309079633082,0.42206778762423247,1.6578834799261193
cqr,0.437312186371675,1.524623087804993,0.18115637833422482,1.8395607984730946
cqr,0.8660425895301804,0.3075049925308333,-0.2039336389846081,2.9851025137356757
cqr,0.2628742306577909,-0.07822760943341867,-0.05404782439010308,1.3061309377587926
cqr,0.23854708878171738,-0.062001432290610115,-0.3020306650576002,0.8680687285966613
cqr,0.7415597249268224,0.7695173211632307,-0.5019182869398986,1.8051949150885649
cqr,0.3800792809754877,-0.23028565799636602,-1.5147773283573525,0.4744651555149923
cqr,0.44938510213044136,0.17713570414321,-0.26002913071029976,1.4584798122129512
cqr,0.44545580841758525,0.29331749929679274,0.3523910352250081,2.0438804617723063
cqr,0.06739986684794752,-0.34138718215416186,-0.5655588222709345,0.3631502369549837
cqr,0.9800788636504161,-0.01661958418324949,-0.06022986491480846,3.14762341647637
cqr,0.1304940776068202,-0.2934881474662441,-0.7636175163412469,0.2176678511018506
cqr,0.8551928658417413,1.8684143941572167,-0.09015906546369919,3.1216819766402457
cqr,0.8704237492359594,0.0015104225725720288,-1.6201545365599714,1.441541032446976
cqr,0.123904435167276,-0.9548233287380998,-1.1436025584341505,-0.06919535625000633
cqr,0.0038956413035676762,0.8776852747328387,0.529269673909142,1.2034623003803857
cqr,0.4963468066379402,0.017679727427187986,-0.6311408167171035,0.8409369724668094
cqr,0.15953573584223657,-0.16917711680230463,-1.216989541531374,0.01509293153591082
cqr,0.45680031161190593,0.18740911681841033,-0.16162365476086368,1.8118084235142318
cqr,0.43667204496050605,1.733809628792183,0.3988243848552807,2.180596562839261
cqr,0.6411227433374556,0.5944750834101211,-0.7959934094339455,1.1757793132572492
cqr,0.7629172571323506,2.0333843306975448,-0.04871488513249378,2.3708574669014153
cqr,0.2916205997257184,0.8155567654599526,-0.8109582349988039,0.528588702608866
cqr,0.8926260897157096,-0.5063905122105472,-0.8895716424137661,1.8612612287063546
cqr,0.7410075553505496,1.2820387212391873,0.19773511846792877,3.016638955356912
cqr,0.5776836399063167,0.18026993323859275,0.12406895693843711,2.098231836100455
cqr,0.10778613971289097,0.04835872401727924,-0.3567391609114272,0.40656896693297806
cqr,0.6001501148798163,-0.25696873440269086,-0.5765919147123298,1.4062522580597459
cqr,0.1643229492632422,0.6486945678186734,0.1423545099732875,1.1502617104751744
cqr,0.5594321573107335,1.409209821407009,0.1891957131880135,2.5488177888289076
cqr,0.3087300082065204,-0.7357904891031376,-0.9706258927953719,0.3114988073949057
cqr,0.55074986295892,0.15161606507676934,-1.401998918098142,0.8759475597239673
cqr,0.8666614839088909,0.48668138860384536,-0.2767952422481939,2.6153926948335027
cqr,0.9382510861794388,1.5492313107113458,-0.3194029622504068,2.6669348282587997
cqr,0.3109646123133075,0.9322628331121452,0.5521098017709984,1.8562339742402039
cqr,0.34575159066179695,0.9063859283723625,0.5410503425826366,2.1338288020624514
cqr,0.4974581093258533,0.6288272089631902,0.3285124005469179,1.891777114364963
cqr,0.8726096296205821,-0.025960474708499715,-0.8739911902092945,1.8451907308298934
cqr,0.10533857945303282,-0.5406480956537121,-1.0071771514438943,-0.09514677264517725
cqr,0.7343442013353662,0.6512012670653641,0.1399784608997076,2.510349673550169
cqr,0.4982591638841465,0.5063526805681917,-1.0164933329680552,0.8409369724668094
cqr,0.8798698798755286,0.972986163832006,-0.8662161541518713,1.7080194463647866
cqr,0.5687676377262428,0.493807572248518,0.16319847019569192,2.5254719074134018
cqr,0.8229051142811822,1.5438293207671632,-1.5016336973117101,1.441541032446976
cqr,0.7086504887116727,1.8132669340567427,0.16176846572327808,2.6796232043571555
cqr,0.24591291586334918,-0.23175525320579582,-1.099573986058827,0.1481141967548652
cqr,0.6126023691632542,1.5113548100988823,0.15086552165424114,2.444888209520964
cqr,0.6557542008201026,-0.3738458702826899,-0.2325674127424366,2.098231836100455
cqr,0.7969938326445156,0.13636060946456743,-0.79182694844644,1.58937839046652
cqr,0.5328382686540487,-0.06831786071500132,-1.5093658069431797,0.8759475597239673
cqr,0.8743451191771797,1.0159734265577034,-0.5069448976849631,2.4850595918929566
cqr,0.715926975926354,-0.49093082972821245,-0.606448844331425,1.7508982995570885
cqr,0.2427272620866705,1.0864866072337271,0.5446906638697421,1.6281255096044323
cqr,0.24749352471530262,0.5295995135458335,-0.36921307021983757,0.5284024774006346
cqr,0.2823016619845562,-0.4437809182255783,-1.12976086513855,0.3114988073949057
cqr,0.19269892558539392,0.8763280407096968,0.59496445719975,1.6389632816223996
cqr,0.12798955433978854,-0.241164650955206,-0.08917705182267192,0.8046218604512541
cqr,0.6131406640329687,0.6267444123755082,-0.13597546455271697,2.098231836100455
cqr,0.4805192640842125,0.22363573461180847,-1.017582394854384,0.791847610894204
cqr,0.4768291011827489,-0.05959536065991078,-0.2567006260346901,1.4874354619529402
cqr,0.5760322132232196,0.25486431241550833,-1.6088767196827456,0.9045365184815903
cqr,0.9068651509720009,2.8502426487540213,-0.13213703927961423,2.871468832960579
cqr,0.36181200523359536,1.5654376612990273,0.5465404198184032,2.1338288020624514
cqr,0.5921107428403919,-0.2767110066030299,-1.5091993640744108,0.9045365184815903
cqr,0.14745107526003298,0.9687757801277176,0.5404664985335947,1.4341618380150671
cqr,0.1218662833599401,0.6076034664021411,0.3105448481879165,0.9992250532469945
cqr,0.7157475844452287,-0.17958013630761774,-1.4258304283060421,1.2465764672988344
cqr,0.4768686370013069,1.546173726990298,0.3046297460441119,2.19417641064872
cqr,0.8565326496984863,2.6324688863129437,-0.5757963814931368,1.9865614456217733
cqr,0.9297776372325061,-0.7942657752060807,-1.5522229981204532,1.6158569296659686
cqr,0.047897824767491604,0.9559778206178079,0.45806071030452483,1.1817620549165968
cqr,0.481062914167792,1.185385730458618,0.41354194309091963,2.2605652536899914
cqr,0.860151620225672,0.25054593335918135,-1.461998584432071,1.5443589025000735
cqr,0.34826852352132875,0.11919444811923491,-0.718516339685354,0.7361791885749553
cqr,0.566712696426933,-1.0691716450963704,-1.051507019727675,1.051188978573997
cqr,0.18055749411308264,0.7553814369844007,0.34549921129517364,1.1817092015873838
cqr,0.5905476492124483,0.6977781214745788,0.14026905507861262,2.098231836100455
cqr,0.3226085409573305,-0.11951727625154707,-1.133435059933384,0.3114988073949057
cqr,0.9269390242752393,-1.0663853831326986,-1.4973877802171116,1.6158569296659686
cqr,0.5037670459620366,-1.0357234295779978,-1.4804238528084936,0.5396796397840277
cqr,0.9338287113112648,1.7296821495725214,-0.10125363251575156,3.2317918499092597
cqr,0.39189369538967056,-0.5950562701584974,-1.574799240108861,0.5846625955116895
cqr,0.6819197777231579,1.297922973000319,-1.6240129717297849,0.9093008993394383
cqr,0.47219151819915917,-0.23165307787238976,-0.5677566803393578,0.9475059539860929
cqr,0.11811619483910496,1.2917136853549542,0.5088639518236451,1.501153229786519
cqr,0.09508636701065953,1.118083685420719,0.5405458032504236,1.3476651223352312
cqr,0.619477775024937,0.36471492733889577,-1.438904650237952,0.9093008993394383
cqr,0.43882825052544705,1.5281739316079044,-0.5020640287309648,1.2599929895074837
cqr,0.27197164051444167,0.9571112381332202,0.4795549585368821,1.7969285327782623
cqr,0.055773495372751336,0.6995557790048362,0.5091251538497945,1.1228722929081016
cqr,0.07685619889876749,-0.6806051258976127,-0.8016714644074971,0.07743870694639657
cqr,0.8273201859609036,-0.3697551066135709,-0.6781600304094466,1.808231278477812
cqr,0.526030790555456,-0.5310858650857084,-1.0057160251729313,1.0378463243889062
cqr,0.7198623596558671,1.1889464892665,-1.0810366652909338,1.4712064048527147
cqr,0.7471885468904748,1.5636952135504525,-0.6214686738153733,1.7399663739271516
cqr,0.7425427053669635,-0.4171035618160169,-1.5800150119307304,1.2465764672988344
cqr,0.7571037060898763,0.09208915934841266,-0.6802022929765686,1.6268647479446037
cqr,0.06268539829398767,-0.7278014843807733,-1.1759301396144173,-0.24406100715682238
cqr,0.07466865366072983,0.7519701249373878,0.4420624027509331,1.2462778258338552
cqr,0.6144930261020939,0.5482400090385332,0.1364019054798879,2.3303038743585303
cqr,0.9499626992484796,3.611711456664275,-1.0599851815480887,2.9882251654796494
cqr,0.9716318331091919,-0.042851872061739654,-1.443665879444069,1.7422148794359495
cqr,0.9863805186659319,2.1420207547939767,-0.10951131692657366,2.8749376891831036
cqr,0.3905107924702076,1.1883224128695216,0.4018601116634194,2.121291121377319
cqr,0.6407406971730922,0.4649875418305339,-0.011704944371101665,2.2596311187290095
cqr,0.3052033040265446,0.23687612020326537,-0.3420618672921466,1.0314533392367022
cqr,0.7034877725107475,-1.3925187589788837,-1.6240129717297849,1.105520664286189
cqr,0.6581859293530268,1.682856148483028,0.15395576482066747,2.5254719074134018
cqr,0.7793230341152256,1.427564388271585,-0.27299786631731504,1.8815184243384397
cqr,0.8980894651533963,0.11138540368127336,-0.8928247209282859,2.0139517225550874
cqr,0.3770629506642562,0.17550408036552678,-0.738170581438118,0.7361791885749553
cqr,0.760251576339249,2.380061524962336,-0.2761444315381986,2.510349673550169
cqr,0.5701076383246495,1.0906019354747405,0.10609856722153717,2.098231836100455
cqr,0.5709706001144839,-0.9214194099181043,-1.0459376377750798,1.100577497277848
cqr,0.01574614926417084,0.07524743042085766,-0.2123745748450919,0.8908002546500261
cqr,0.6211789971978731,0.8050581654770252,-0.5804099774657802,1.4062522580597459
cqr,0.5624481413830269,0.6627738198769667,-0.6773720552755642,1.1496668588504535
cqr,0.16811953206528762,0.24566623837258544,-0.4329138847120164,0.27797445864442927
cqr,0.5169848476656363,0.4225782688957279,-1.5985495746822271,0.5396796397840277
cqr,0.16459753410017441,0.4300389629820056,0.023420922061666183,1.1610994824931418
cqr,0.27999907750689745,0.049650880296753075,-0.7322119690690333,0.5779772213127168
cqr,0.8056513064797045,0.26361872448988166,-0.06397121068258102,2.4492050560067913
cqr,0.3247488281729509,1.1100244075586962,0.5041047754106126,1.8840843932922737
cqr,0.34354761779668797,0.5960877144782902,-0.356234621579214,0.9714165142353
cqr,0.16126636100485847,-0.43674192254331834,-1.0220566627728358,-0.0005092213399043588
cqr,0.6077785310294336,-0.25495040185816686,-0.8160743633842515,1.1757793132572492
cqr,0.448130275926348,0.6951903233474799,0.359934081225977,2.0438804617723063
cqr,0.11734976299960376,1.0469052728331376,0.5569264523539986,1.1801639959150596
cqr,0.3031825685624392,-0.6984743371799857,-0.41615646535430667,0.5852181065213916
cqr,0.2585699459040113,0.446890321142733,0.3045651005270257,1.2399822923157493
cqr,0.7434135437925314,-0.4640637799870949,-1.589323753122942,1.2465764672988344
cqr,0.7322932515771776,1.2131025483874809,0.1464847766972796,3.016638955356912
cqr,0.9732940654116864,2.7267675659193373,-0.09154092720967374,3.017438374249159
cqr,0.05172388788113691,0.7412503673500699,0.3322792052288656,0.8240518852077632
cqr,0.1645062491043353,-0.031257065720410676,-0.002955878553502187,1.1939168463246697
cqr,0.9461061430282127,0.6455070526373018,-0.985273351882893,1.8895762287924545
cqr,0.1689913847302854,-0.9646382443806766,-1.134018903982426,0.0042551595179435575
cqr,0.5434742997727724,0.6632276363444579,0.14026905507861262,2.3303038743585303
cqr,0.628947500036356,1.3652247233488468,-0.6927310208943936,1.1757793132572492
cqr,0.6412567400014245,0.8429283812627753,-0.02555851927694662,1.7190825234579994
cqr,0.6573000557480642,-0.5367712379759294,-1.5377210498638751,0.9093008993394383
cqr,0.3331670206685793,-1.175792505761411,-1.1869862285492478,0.4400127378070127
cqr,0.7098182057567852,-0.2415032061705651,-1.5909006304005258,1.1842585041074518
cqr,0.17960822555783462,-0.10327893168889593,-0.0790238249246552,1.1923959371664568
cqr,0.6004457347453933,0.36573603057092163,-0.6632739700108918,1.2238677490661947
cqr,0.17710790778759922,-0.847159235505276,-0.7316050940642914,0.3270809576262962
cqr,0.1606916523168569,-0.581298193553509,-0.7330056983378316,0.27321007778658135
cqr,0.45592107330283227,1.366676957311975,-0.5849989707506241,0.8856283706013555
cqr,0.7445353326790817,-0.8796873648375207,-1.5926348207382357,1.2465764672988344
cqr,0.36356883761329484,0.5896706993140347,0.4285520746173365,1.9659496489303852
cqr,0.028325225483758487,0.9083184386731561,0.6295035631445937,1.2481508979578688
cqr,0.4264834792006238,-0.15235082541504855,-1.409351526265241,0.6874804655647874
cqr,0.11444240679336204,0.8365257828140078,0.44022641844798016,1.289603458007095
cqr,0.5887522962737654,1.4436789899853082,-0.2711931178839769,2.2596311187290095
cqr,0.9226410818373386,1.5721647324329875,-0.1916006904431573,2.947787650639869
cqr,0.2756935757149458,0.22768619783346125,-0.05587175885800861,1.4874458349151745
cqr,0.6082888113038771,0.7741698236368647,-1.3871625650553248,0.9045365184815903
cqr,0.6387797406790526,0.981559154731781,-0.7728226833329163,1.1757793132572492
cqr,0.3517233426516376,-0.20433284288219217,-1.1714072905847766,0.4744651555149923
cqr,0.640384700289493,-0.8141387549126109,-1.6207401838385431,0.9093008993394383
cqr,0.8732818397623789,-1.3708844821738784,-0.8616582416678438,1.8451907308298934
cqr,0.973819900360164,2.2434323869655537,-1.550180979480176,1.7422148794359495
cqr,0.33614174345180803,-0.9055636912089766,-1.1745107951392209,0.4400127378070127
cqr,0.9294940973926773,2.5310541853974673,-0.09100071233361505,2.976417526121887
cqr,0.8892496375607579,3.5322980149196272,-0.06427964626168042,3.2551377313247665
cqr,0.4472126028860427,0.20840167078792549,-1.5923978176419444,0.5798982146538416
cqr,0.7591904529674433,3.4706210226294902,0.11324553962434075,2.9573335138949703
cqr,0.2142242187383161,-0.05173810911228546,-0.4329931894288452,0.4218334958813509
cqr,0.41434001724877223,0.4026179021615944,-0.7214075981139652,0.8511410094295006
cqr,0.5751137125544037,1.4919605904785003,-0.05041861232267858,1.7190825234579994
cqr,0.3028309660958166,-0.652441815725513,-0.8981286742067607,0.6090404637816782
cqr,0.6949592864368217,0.33186321757688125,-0.8643823838389891,1.1500733410405963
cqr,0.36135538027205705,0.8357917799400192,0.4829259504312805,1.9971127009954999
cqr,0.8521415417312007,-0.8243427778457194,-1.6673684878707227,1.441541032446976
cqr,0.635038978215884,-1.1699307550970999,-1.5309574832750195,0.9093008993394383
cqr,0.7543239270050405,1.148856802904604,-0.7954742806450384,1.5661738104350442
cqr,0.47033235342948754,-1.2572092950312137,-1.4715202230081859,0.5672176733403236
cqr,0.7824499038684216,0.4271300592548193,-0.30194638267420915,1.8539803907821437
cqr,0.10187993955431773,-0.2687372548100981,-0.43715127036988927,0.13394838863530573
cqr,0.24360571978106083,1.1581040363059993,0.5107601661905564,1.6030037215759643
cqr,0.8770377728787578,0.2917009015955747,-1.649979312174469,1.441541032446976
cqr,0.7299663120500947,2.761579867074002,-0.06661721562653984,2.488910671688597
cqr,0.7051631049536674,0.8966590190299679,0.12477459041067535,2.4611092898867772
cqr,0.1955466266767928,-0.15537599483208478,-0.7751390337381403,0.4145926106726763
cqr,0.7300503723426867,0.9060992141233142,-0.7621473511977638,1.513054881216645
cqr,0.7719474272045393,1.091608296767316,-0.6684632073415322,1.5966192756751951
cqr,0.6656958203841976,0.9892647403228858,0.12307235805680478,2.3303038743585303
cqr,0.9483676129146019,0.44324964310239684,-1.6576211355236392,1.6698099002199671
cqr,0.545009437855255,1.417003057964032,0.19149230724936714,2.5488177888289076
cqr,0.6599927569852788,-0.083144701302258,-1.3832342713190988,1.0121187693925355
cqr,0.47291722262646685,-0.3833637540046617,-1.0327186469014233,0.5672176733403236
cqr,0.4761626755749898,-0.6886794129441254,-0.6710317027999798,1.1141968930434107
cqr,0.07396676457461315,0.758921369996765,0.4190901389594247,1.151073205539426
cqr,0.5143591890641159,0.9474051763530629,-1.422425748197151,0.5672176733403236
cqr,0.9671236633502167,2.416857649133555,-0.7237218604662495,1.8823353435837793
cqr,0.3361595113188818,-0.3243228687560797,-1.1800008723749873,0.4400127378070127
cqr,0.9363422565111069,0.03789940795720022,-1.6052320605958361,1.5712327918199656
cqr,0.825722016552432,1.0965031131302214,-1.1099979224603875,1.6706361937274588
cqr,0.41679886982633296,-0.5095299806848642,-1.5753738641353903,0.5846625955116895
cqr,0.410356017194206,0.22951574257948615,-0.708347491163243,0.8463766285716526
cqr,0.6434391389557439,1.2498334065985768,-1.0402802401896498,1.1339308368933187
cqr,0.4937758590753478,0.4555533735564086,-0.5561906634384179,1.064169032060632
cqr,0.2614608591896662,-0.17562270898958077,-1.1801088669224054,0.18239965483671614
cqr,0.6926932017749664,0.2428008494133384,-0.7721032291160179,1.1994618597444473
cqr,0.08934616452327526,-0.6219950666565142,-0.7031554181756636,0.11207916811174057
cqr,0.4285275367323077,1.4991728100951545,0.4558373396723648,2.180596562839261
cqr,0.5891038204854617,0.7293569279517593,-0.34015090253032837,1.7190825234579994
cqr,0.6860339237617126,1.6643188883326838,0.15639327973351316,2.609681349277449
cqr,0.8222944849498394,-0.4600917977532104,-0.7867970243326785,1.7080194463647866
cqr,0.05565931057411022,-0.3874490416454013,-0.5645833905717911,0.359289871011163
cqr,0.5539990545918468,1.6702021415252093,0.2038990145789919,2.5488177888289076
cqr,0.8794243565742316,2.5328563283350487,-0.11678650731980579,3.1216819766402457
cqr,0.10981136101401079,-0.06857610930708541,-0.49039584716403806,0.17857252648130856
cqr,0.22877549810853737,0.4570818527043745,0.5349764212978283,1.6514713910199386
cqr,0.996046141906388,2.3566973931660202,-0.18405554199139804,3.4092855760153027
cqr,0.2964251203081788,0.6511674084158963,0.42847276990050776,1.7898451311989318
cqr,0.9118198972302413,0.1684374917808365,-0.914436886760977,1.8885077046695344
cqr,0.8312801144110852,0.38235037178381726,-0.5587673591980393,1.7080194463647866
cqr,0.8790954081557889,0.5084101325651611,-0.472296363110747,2.6153926948335027
cqr,0.8653853433350954,-0.4461922267581242,-0.7882848463511389,1.9865614456217733
cqr,0.8910974802530605,-0.38771314848098365,-1.6504578748183223,1.5875419295798687
cqr,0.7650081364927173,1.1712726069097918,-1.545977312758968,1.3228999765487093
cqr,0.06784246956832063,1.2211747515921771,0.5405458032504236,1.2742865319368435
cqr,0.9926194889045674,0.7277533698439321,-1.5966492354293702,1.8176915345151359
cqr,0.3519261307732656,0.8567029204164237,-0.9144197952298113,0.7409435694328033
cqr,0.08769693573749293,0.35382195377611714,0.13375113763881546,0.9442365218448576
cqr,0.6369245987536915,-1.4802699768765182,-0.6615069396261606,1.1336316797620734
cqr,0.5453894628103134,1.0842883089879618,-0.10883002457450698,2.098231836100455
cqr,0.5968251486796327,-0.9622754942027317,-1.6625498194317347,0.9093008993394383
cqr,0.6031020207309481,0.9648624851689325,0.12839023277757322,2.4050097847367944
cqr,0.6472654247874057,-0.4684581527640854,-1.7306165585972315,0.9045365184815903
cqr,0.010029264689283668,-0.48301487088297995,-0.9882862233077976,-0.23163820214827868
cqr,0.11577203988235141,-0.805498918790892,-1.177481211869585,-0.079544619769362
cqr,0.9491200060874073,-0.4250416780200412,-0.532161239882681,2.6669348282587997
cqr,0.2224738898566414,0.7069336141915932,-0.34256640662435983,0.8680687285966613
cqr,0.6780277529847183,0.3673605799400279,-0.06065754679280059,2.3204946791775507
cqr,0.7339929394368899,2.0674036636309356,0.11324553962434075,2.8198323714132565
cqr,0.7637055997747342,2.009238814130805,-0.02929192827405351,2.4767430895630875
cqr,0.42398506747764475,1.2860830133432626,0.4531727803066399,2.180596562839261
cqr,0.07774529926130658,-1.0300348961634813,-0.9538924638358537,-0.14538457112191921
cqr,0.015173104571969076,-0.0365672877318971,-0.6809974005516142,0.3484520989931957
cqr,0.7788954988731276,2.9385994956823724,0.16276655944122467,3.016638955356912
cqr,0.8446775033774949,0.8980406024456544,-1.6033948957896527,1.441541032446976
cqr,0.38504731279668747,-0.2974147940813595,-1.372041463479882,0.5846625955116895
cqr,0.7275002575183334,2.05729668242192,-0.11852422080208906,2.510349673550169
cqr,0.2424671253517402,-0.5726339557430895,-1.0424405163190114,0.1481141967548652
cqr,0.09390917908312446,0.39697293062774375,0.1788347399257076,1.0375512897289794
cqr,0.1326752364254895,-0.3840832812749454,-0.4025675551162813,0.20452394287647938
cqr,0.7269181800155148,1.3216762329885108,0.10709881750953451,2.764622440636929
cqr,0.27793401533682227,1.4493995936863262,0.49995040184981876,1.7969285327782623
cqr,0.5432533308135042,0.07623962823716818,-0.6678995792602549,1.1769133348136334
cqr,0.638431026080718,-0.24948932033904908,-1.6212096682241965,0.9093008993394383
cqr,0.8443330628510987,1.2698165962319075,-0.12600607329140462,3.0134734660123765
cqr,0.3243375272337753,1.7700720951125075,0.4088099383776739,1.8124170247207319
cqr,0.6872164497807461,-0.18537210102556054,-1.6088767196827456,0.9045365184815903
cqr,0.8715105075991293,-0.47131188093278586,-0.9588206511774987,1.8000101308828418
cqr,0.6595811029988026,0.8942750217398104,0.11385809512149031,2.3496762187718803
cqr,0.5258547312131346,0.11177656964509963,0.2930896834788361,2.341994290185271
cqr,0.8009968077718984,0.24599397489519648,0.10648197303548528,2.7424217118082446
cqr,0.22556317709721385,0.17690759300498454,-0.4882937843013749,0.4481323574924643
cqr,0.788185590389334,0.15075403986601452,-1.4177531972294122,1.4257178466018068
cqr,0.519528085896993,1.1117167139940336,0.23550477378558382,2.2006048875915534
cqr,0.27455561610920465,1.006964990425793,0.2790480382038315,1.4212971894721311
cqr,0.15867592819988474,0.8608495269243703,0.5155247540879901,1.4597444083382622
cqr,0.19631375900647907,-0.8260795538963364,-1.1863231434503814,0.1433498158970173
cqr,0.026345655655492628,0.5369968707563966,0.32445881308282515,0.8132141131897959
cqr,0.6346445600909183,-1.7206544854811217,-0.674224225968962,1.1830201984659243
cqr,0.5728144274302355,0.6201018472520963,-0.6491739910847099,1.1002783401466025
cqr,0.6611483973551973,-0.8207380889991609,-0.883901846384067,1.1757793132572492
cqr,0.5778749364065818,0.3638695374648081,-1.6033073377301503,0.9093008993394383
cqr,0.6316506739948539,0.027619221835677443,-1.626415021714167,0.9093008993394383
cqr,0.38772391688611174,1.1247775307354033,0.206578900481126,2.1142077197979896
cqr,0.2817103614293557,-0.09798623940658469,-1.133154311395513,0.3114988073949057
cqr,0.5524442570862304,-0.7235722543456203,-1.5650358311400376,0.8265590410201166
cqr,0.46445670713360965,0.027234634019322468,-1.390106619872964,0.5846625955116895
cqr,0.3832956342378455,0.6802288732924522,0.3075983511445003,2.1142077197979896
cqr,0.9070047805008653,1.35781622689264,-0.16630752713668973,2.7978256630229303
cqr,0.9831812507386216,0.7409625180647201,-1.5791548200388028,1.929515638356912
cqr,0.470820644474763,0.5499086361434348,-0.6778292586980479,0.8336960872581346
cqr,0.9405393414037448,1.2748370081067613,-0.9519095208372752,1.8895762287924545
cqr,0.9655099857518266,1.977073954230125,-0.7420418983512573,1.9670988658132362
cqr,0.8833121128025467,0.41943996014965745,-0.12248081527896028,2.6153926948335027
cqr,0.0385302654687979,0.7886063497331449,0.4418821954632032,0.8132141131897959
cqr,0.9886334001420095,0.3165778187655609,-0.6685080029299777,2.820013810548468
cqr,0.3919804480767899,0.5974044908532834,-0.6529665464068981,1.0557462081893896
cqr,0.09366761511023369,-0.2727026258162023,-0.5897002029338014,0.11525851597901218
cqr,0.8480382687487223,0.7128938383283305,-0.1156204986261586,2.819926699535282
cqr,0.1783721279300785,1.5681505274193073,0.42018155927117445,1.5394193712962172
cqr,0.5623758699910182,1.6400855131010001,0.20596778447357764,2.5488177888289076
cqr,0.19707710280694846,0.9422925736627829,0.3087731016651538,1.2165346062518658
cqr,0.2752243384678136,-0.041463823897392754,-0.576284424384286,0.5779772213127168
cqr,0.08092583438150847,0.9046511453647575,0.5549025516243473,1.2928581276216524
cqr,0.7266374913642308,-1.1930275040179898,-1.4086780411487798,1.2465764672988344
cqr,0.3866455887100705,-0.05887159629766567,-0.5983339282642457,0.8089933759343246
cqr,0.6836211915993331,2.113885980550762,0.17429561022755927,2.609681349277449
cqr,0.4658504912663213,-1.7594789373677242,-1.5783507815133182,0.5846625955116895
cqr,0.2721988791749739,1.0413104539002767,0.4395499741799744,1.7623070976426358
cqr,0.5093717483153679,1.7345914580041417,-0.8199706658055891,0.8336960872581346
cqr,0.6609630940291882,1.66482851362621,0.1020752046221432,2.5204468365522077
cqr,0.05324739934571476,0.7315305954452221,0.45559507116941467,1.188051310642299
cqr,0.247506734528126,0.3270704608908662,-0.734232749117112,0.4218334958813509
cqr,0.048010064313055434,0.15086626722172003,-0.05082962540007069,0.6294486924120234
cqr,0.49241333804711684,-0.42508661111992724,-1.374322832974108,0.5672176733403236
cqr,0.5813176414048657,1.9545741627202287,-0.058139252892051685,2.2856797365125274
cqr,0.027876519305365388,-0.5361295177444624,-0.9533826571205003,-0.17466581084946906
cqr,0.03616059658129189,-0.8037815975860366,-1.0193192332033394,-0.24247597416624606
cqr,0.8537298457473814,0.993467375767751,-1.5787673923050032,1.41400299889068
cqr,0.3533961002747509,0.9215680658331,0.4915293227657528,2.0745233606005113
cqr,0.7000940118260262,-0.31175359756816223,-0.7728226833329163,1.3672346973461518
cqr,0.8109518624399156,0.7120365778774621,0.07007859531952411,2.6894992684727104
cqr,0.21919406620451964,0.21415630294609905,-0.2978864003487265,0.8680687285966613
cqr,0.8545649281477078,0.7316618246738957,-0.3829844498786292,2.6153926948335027
cqr,0.08041490282253538,-0.9600087277290783,-1.1190748016639507,-0.23524887780799364
cqr,0.34690017409624707,1.57872724950463,0.5465404198184032,2.1338288020624514
cqr,0.5088876656612019,0.09467756390392457,-0.9644281840392849,0.791847610894204
cqr,0.6712794380834164,0.18781250369068003,-0.7596622371136517,1.1757793132572492
cqr,0.9749531721952212,0.48887556529033405,-1.5074999435673244,1.7422148794359495
cqr,0.7591706978673225,1.901132228920256,0.11324553962434075,2.9573335138949703
cqr,0.9246155636140103,0.28953308193559857,-0.8739911902092945,2.095648801679352
cqr,0.5334252698328341,-0.1360822039674429,-1.0299153433958348,1.100577497277848
cqr,0.03651125292047097,1.1614601523202126,0.5488309260323603,1.2595883939750556
cqr,0.05586148972824578,-0.9587847406876224,-1.0843360378255178,-0.23929662629897447
cqr,0.695127898053552,0.023431153101570845,-1.6005219576194263,0.9329834458266364
cqr,0.4641724397178082,0.1263468896648574,-1.4931657088030041,0.5571245619553936
cqr,0.6351055805157101,0.11196788095492743,-1.6212096682241965,0.9093008993394383
cqr,0.8573420528708801,2.432872788453819,-1.1678350951571572,1.7152603315734618
cqr,0.21677696562268745,0.38158820737493004,-0.409941620920508,0.4218334958813509
cqr,0.5442815876285256,1.488770474626976,-1.065410846853827,2.5488177888289076
cqr,0.027746563197360907,-0.9112265030241196,-1.0575775630155537,-0.24247597416624606
cqr,0.37448811298273876,0.3998810786071706,-0.7514610502842786,0.7409435694328033
cqr,0.8588918823396761,3.4752056092968093,-0.13600418887833898,2.847464733091578
cqr,0.7533474821624161,0.8898233692704415,-1.4248781392889553,1.2465764672988344
cqr,0.482364640219466,0.9496421430638745,0.39863018889245033,2.2605652536899914
cqr,0.8054484430140261,2.583109446397194,-0.9587052435414095,1.58937839046652
cqr,0.5495887059568999,0.24002422859687675,-0.7311886185942253,1.1424259736417783
cqr,0.7948444576048656,1.3809360700113398,-1.6215999551053406,1.3228999765487093
cqr,0.6052337291969402,0.5797582089357463,-0.6875106048407809,1.1710149323994012
cqr,0.19632380980291386,-0.3299147062522989,-0.3785654892606572,0.4218334958813509
cqr,0.18203083699233935,0.5464234239449486,0.32502032541212694,1.1817092015873838
cqr,0.10255150150396719,-0.8628640449140216,-1.0337637779247928,-0.09038239178732935
cqr,0.5375127666909669,0.38155204600979026,-0.7976685754120083,1.1424259736417783
cqr,0.6536467672919763,3.168765400866566,0.026533667522875122,2.4929088029959114
cqr,0.02613368911212932,0.8988936537262767,0.6162358921465517,1.2481508979578688
cqr,0.9788995545424435,0.7227927625736679,0.03272532647638854,3.2440632937650156
cqr,0.6415888201618847,-0.9220221045827185,-1.5309574832750195,0.9045365184815903
cqr,0.5149769331988048,1.35999539936463,-0.6762397092818874,1.1141968930434107
cqr,0.7231474389318595,0.6661590297869869,0.07913092917288178,2.703957440131208
cqr,0.8304250900346585,1.2338085280316742,0.027360009947488245,2.9851025137356757
cqr,0.8284510285939066,-0.025322120540269333,-0.7256409830996423,1.7152603315734618
cqr,0.3916348828010079,1.6066054802401415,-0.14209605025742073,1.8118084235142318
cqr,0.2824737227690728,1.5694145922244782,0.5108174444650208,1.8328880928246976
cqr,0.22131866069515327,-0.004887574753219243,-0.44094890579972185,0.417069115023503
cqr,0.7226316501464849,0.8687204532845147,-0.7307860620377833,1.8413756887281636
cqr,0.8991569429195607,0.6849069310164602,-1.4432182073555946,1.6903597996329662
cqr,0.49797431941897863,-0.8607565738657349,-1.3757697005503284,0.5672176733403236
cqr,0.5592055337100466,-0.9141247606556918,-1.633933717054893,0.9299005302779658
cqr,0.5020904769494928,-0.2707387313411022,-0.8710333474151204,0.8289317064002867
cqr,0.4515133349588235,1.210443915044362,-0.2694656622616198,1.4584798122129512
cqr,0.026287308842724233,-0.8616536252983478,-1.0774629841585022,-0.24247597416624606
cqr,0.7926635249750672,2.3580561864742133,0.17220309099254474,2.880892411172746
cqr,0.8851557773470073,1.0093521101012126,-0.857791092069119,1.9590234120654773
cqr,0.7219430305691907,-0.3273605225370193,-1.5849461763497439,1.2465764672988344
cqr,0.7659367189368345,0.03415972222970026,-1.0267420367888624,1.5475299141025896
cqr,0.1662077087757733,1.313168534101837,0.5426478661130867,1.5821177104673012
cqr,0.6897602285923111,1.7459235947364435,-0.1337492047160846,2.428166770242612
cqr,0.13963329442697459,-1.0662857117728373,-1.2035203358381048,-0.06919535625000633
cqr,0.5226955329397918,0.2416825630823869,-1.5248884931036508,0.8132163868350255
cqr,0.44413959786233703,0.49141421953985376,-0.06003956361966669,1.8118084235142318
cqr,0.06503846751705344,0.40444004316703797,0.45227119841198893,0.7864674611728527
cqr,0.057674333198359684,-0.27357649469685086,-0.6470198051792473,0.024002439751565022
cqr,0.583921013049921,-0.3819657869927924,-0.7263386908585284,1.1710149323994012
cqr,0.19554707682789252,-0.05114464440517531,-0.6569981628591323,0.6324751374893104
cqr,0.013732398310712601,-0.5187331910067089,-0.9946175995544546,-0.1396581041131483
cqr,0.4672252212154453,1.042251318899705,0.42913342267895155,2.180596562839261
cqr,0.9300662840462,0.42881426339313705,-1.5945860368708684,1.6158569296659686
cqr,0.4934231192151599,2.218257129981361,0.37380333569284724,2.2372193722744855
cqr,0.974264959375928,0.19253944590358307,-0.7277386577529109,2.189325706619141
cqr,0.35187857050863236,-0.5044453754587512,-1.1313329970707209,0.4744651555149923
cqr,0.8926774724133731,-0.3852369493348252,-0.8148203629950138,1.8540203434976794
cqr,0.3108153526776618,0.5542781427333126,0.5462446322063159,1.7195178731732499
cqr,0.6685158469021272,-0.9470603679647358,-1.6212096682241965,0.9093008993394383
cqr,0.8768788611036008,0.4849739760550224,-0.7156957287348169,2.0809643917223086
cqr,0.9696169176083721,-0.059867131216476355,-0.8945717424688036,1.8823353435837793
cqr,0.5939879551429774,1.1842642116965045,-0.8919284299666024,1.2630056169174564
cqr,0.4642326970963655,0.2578574282637045,-1.527273102797839,0.5846625955116895
cqr,0.4922695971725686,0.20785653443703073,-1.0137152452556593,0.791847610894204
cqr,0.29256246185506496,1.306971827484717,0.0392917473431714,1.7530881002205485
cqr,0.7491530647847492,0.5562621961917872,-0.672330356940257,1.5202957664253203
cqr,0.4964561672194928,-0.19433631035608304,-1.4970328584017287,0.5672176733403236
cqr,0.41996355885037995,1.3180271244314854,0.3560669316272523,2.121291121377319
cqr,0.1258427147500476,0.21046889561884802,0.1423545099732875,1.0768111947072245
cqr,0.29780531057028714,-0.8495928364152336,-1.0077363199549998,0.3551539432444009
cqr,0.566568354220698,0.6929266730868684,-0.02726075163081718,1.6915444899017034
cqr,0.9501328967529621,1.652389294989564,-0.042962232421267815,3.2551377313247665
cqr,0.5105809262622797,-0.9260217344765275,-1.39701857772379,0.5624532924824757
cqr,0.06298915334103883,-0.17451203546104185,-0.613686243899678,0.024002439751565022
cqr,0.6563647520968978,0.006275652976446555,-1.6000345498389086,0.9093008993394383
cqr,0.3808297062243181,1.233727828735044,0.04597908713273828,1.7650406627374244
cqr,0.9940535768319484,1.6795269828682657,-0.03356977977997208,3.0366289701804243
cqr,0.05166446083858112,-0.30604815831225685,-0.6305328615114217,0.024002439751565022
cqr,0.7728142018969221,1.1922393117601615,-0.6294724702341672,1.623865751638375
cqr,0.005461656402120152,0.6537998746593019,0.32445881308282515,0.8132141131897959
cqr,0.602219216277063,1.3363450045284844,-0.03572340137899467,2.5204468365522077
cqr,0.5155715696412941,-0.6802493041206682,-1.6014579782921536,0.5672176733403236
cqr,0.6548756843084012,0.9114119122809616,-1.6088767196827456,0.9093008993394383
cqr,0.4273145241720424,0.26355631007160435,-0.265598512662895,1.4309417786566552
cqr,0.28419413064748855,0.09249215997979543,-1.044703022994906,0.3067344265370578
cqr,0.15952232443466963,0.3096279753709835,0.2535994301737625,0.8780723762192042
cqr,0.1359229785464895,-0.037370639155851815,-0.0946671290584384,0.8046218604512541
cqr,0.1466824456375525,-0.6975173078210798,-1.1635258601767762,-0.06919535625000633
cqr,0.44660274088408336,0.8840647117014919,-0.13102287690937287,1.8118084235142318
cqr,0.3346524439957653,1.3588373814010017,0.5025887819541146,1.8949711220083543
cqr,0.10298992036975574,-0.9379139229448402,-1.1841502874646506,-0.09038239178732935
cqr,0.20926788997150958,-0.5915791374998053,-1.0290701638498116,0.36949808004673723
cqr,0.7206100008601726,1.1781920924546263,-0.10638598782828827,2.510349673550169
cqr,0.8827536666772439,-0.6102152789502242,-1.6021784472777516,1.396916894600973
cqr,0.7966283084170646,-0.5683527327534568,-1.5972777447697255,1.3228999765487093
cqr,0.8722563641632379,1.8953643336990047,-0.1304348069257437,2.847464733091578
cqr,0.9767272962752543,0.8671965946202709,0.10753950959974005,3.418660647434156
cqr,0.8319879821451406,0.5780492013023159,-1.6146672012982006,1.441541032446976
cqr,0.1274388555043119,-0.5872865480073877,-1.1539122448031311,-0.058357584232038975
cqr,0.6495817171669223,0.5187694089203685,-0.8720152691538926,1.1853263346733278
cqr,0.9051712390812915,-0.4716592999674374,-1.6269181031488271,1.5875419295798687
cqr,0.4014497720859258,0.08479144464566668,-0.9819413687316653,0.8583818946381754
cqr,0.6001762291110396,-1.6127021642572956,-1.6212096682241965,0.8599123806355875
cqr,0.11621796734718759,0.7270024811011686,0.489218477913805,1.3759446290509567
cqr,0.7959762028680216,0.3093241165363395,-0.20491316268671192,2.510349673550169
cqr,0.23800446429421307,0.30302185912352086,-0.36887821346345806,0.45991774386249806
cqr,0.34242825374241403,0.026305290911771806,-1.1290033165828273,0.4744651555149923
cqr,0.22542136044580663,-1.2454456568536574,-1.164355242740002,0.19176933260436033
cqr,0.3647904266275068,-0.10088090833421842,-0.6270760502383161,0.7409435694328033
cqr,0.8173452016599708,0.8818341321537662,-0.8716181550260492,1.7080194463647866
cqr,0.9133530190135198,0.8263889287019007,-1.644888492865727,1.5875419295798687
cqr,0.6235397934222956,-0.2302063925910659,-0.8588904868674203,1.1757793132572492
cqr,0.05339384868850905,0.42173298698708045,-0.035289188010524566,0.6217902682613276
cqr,0.09391374329427626,0.7689984452920522,0.42926919360516397,1.2051978576966995
cqr,0.8659247076184761,1.7913493899732391,-0.1570013423130006,2.9851025137356757
cqr,0.07474139452722395,0.6675966919945917,0.49651486066930617,1.2537192197079454
cqr,0.9664737899556854,0.8392723381222877,-0.1570013423130006,3.282081184529586
cqr,0.8771278988630863,1.6038701361466443,-0.303533995587769,2.581786110846422
cqr,0.6768192764243182,1.3924845185981978,0.22994371362710894,2.565057211431447
cqr,0.886592621814905,1.2476128785960003,-0.825383684786497,1.8540203434976794
cqr,0.33553447686104165,0.3599984877813014,-0.7222583848882415,0.6646426753608933
cqr,0.05402040422695564,-0.05388570053984687,-0.3577935824797603,0.07390036112751464
cqr,0.6293084740769922,0.5371786605998012,-0.2543282577552829,2.098231836100455
