method,trial,bin,n_bin,coverage,mean_width
abs,0,0,39762,0.9985664704994719,2.0985989125295204
abs,0,1,40146,0.9828874607681961,2.0985989125295204
abs,0,2,40171,0.9102586442956362,2.0985989125295204
abs,0,3,40175,0.8004480398257623,2.0985989125295204
abs,0,4,39746,0.6876918432043476,2.0985989125295204
norm,0,0,39762,0.918313968110256,0.8483330635214501
norm,0,1,40146,0.8704976834553878,1.3102864776568717
norm,0,2,40171,0.8971646212441812,2.05979905020758
norm,0,3,40175,0.8839079029247044,2.633377318179125
norm,0,4,39746,0.8732702661903085,3.3600237949267067
cqr,0,0,39762,0.9131331421960666,0.8779537084300001
cqr,0,1,40146,0.8830020425447118,1.371950870666528
cqr,0,2,40171,0.8936795200517786,2.0050259483021553
cqr,0,3,40175,0.8633478531425015,2.455197518496602
cqr,0,4,39746,0.8573944547879032,3.0103859082391993
abs,1,0,39762,0.9989940143855943,2.2550761451603174
abs,1,1,40146,0.9888158222487919,2.2550761451603174
abs,1,2,40171,0.9316671230489657,2.2550761451603174
abs,1,3,40175,0.8322588674548849,2.2550761451603174
abs,1,4,39746,0.721934282695114,2.255076145160318
norm,1,0,39762,0.9265881997887431,0.8738803196317373
norm,1,1,40146,0.881084043242166,1.3497453006851687
norm,1,2,40171,0.9053048218864355,2.121829184519383
norm,1,3,40175,0.8942874922215308,2.712680563184431
norm,1,4,39746,0.8838373672822423,3.4612097466675595
cqr,1,0,39762,0.9367738041346009,0.9466075124791126
cqr,1,1,40146,0.9008120360683505,1.4406046747156402
cqr,1,2,40171,0.9056533320056758,2.073679752351268
cqr,1,3,40175,0.8747977598008712,2.5238513225457146
cqr,1,4,39746,0.8660242540129824,3.079039712288312
abs,2,0,39762,0.9990946129470348,2.3512522022138294
abs,2,1,40146,0.9916803666616848,2.3512522022138294
abs,2,2,40171,0.9432924248836225,2.3512522022138294
abs,2,3,40175,0.8495332918481643,2.3512522022138294
abs,2,4,39746,0.7428168872339355,2.3512522022138294
norm,2,0,39762,0.9190684573210604,0.8504589903709673
norm,2,1,40146,0.8714442285657351,1.3135700620451152
norm,2,2,40171,0.8978865350626074,2.0649609168066116
norm,2,3,40175,0.8845799626633478,2.63997657475223
norm,2,4,39746,0.8740502188899512,3.3684440311615167
cqr,2,0,39762,0.9401187063024998,0.9569789984276766
cqr,2,1,40146,0.9035520350719872,1.4509761606642042
cqr,2,2,40171,0.9071967339623112,2.084051238299832
cqr,2,3,40175,0.876241443683883,2.534222808494279
cqr,2,4,39746,0.8675338398832587,3.0894111982368764
abs,3,0,39762,0.9987928172627132,2.158597932683748
abs,3,1,40146,0.9852538235440642,2.158597932683748
abs,3,2,40171,0.9196933110950686,2.158597932683748
abs,3,3,40175,0.8126197884256379,2.158597932683748
abs,3,4,39746,0.7021335480299904,2.158597932683748
norm,3,0,39762,0.9280720285699915,0.8791070608243206
norm,3,1,40146,0.8830518607084142,1.3578182246360821
norm,3,2,40171,0.9070473724826368,2.1345199978415397
norm,3,3,40175,0.8961792159303049,2.7289053011987745
norm,3,4,39746,0.8853721129170231,3.481911491692212
cqr,3,0,39762,0.9433881595493184,0.9680787113397352
cqr,3,1,40146,0.9065411248941364,1.4620758735762631
cqr,3,2,40171,0.9086405615991636,2.0951509512118904
cqr,3,3,40175,0.8782576228998134,2.5453225214063377
cqr,3,4,39746,0.8689427866955165,3.1005109111489344
abs,4,0,39762,0.9993461093506363,2.502326149396516
abs,4,1,40146,0.9944950929108753,2.5023261493965165
abs,4,2,40171,0.9574319782927982,2.5023261493965165
abs,4,3,40175,0.8733540759178594,2.502326149396517
abs,4,4,39746,0.7717254566497258,2.5023261493965165
norm,4,0,39762,0.9351390775111916,0.9048348988404002
norm,4,1,40146,0.8923429482389279,1.3975559640940745
norm,4,2,40171,0.9153867217644569,2.196988594891659
norm,4,3,40175,0.9063845675171126,2.808769104686634
norm,4,4,39746,0.8954360187188648,3.583812680792644
cqr,4,0,39762,0.9707509682611538,1.098134103999606
cqr,4,1,40146,0.9329696607383052,1.5921312662361335
cqr,4,2,40171,0.9272858529785168,2.225206343871761
cqr,4,3,40175,0.896502800248911,2.675377914066208
cqr,4,4,39746,0.8843908821013435,3.2305663038088057
abs,5,0,39762,0.9990946129470348,2.3711721851923793
abs,5,1,40146,0.992103821053156,2.3711721851923793
abs,5,2,40171,0.9454083791790098,2.3711721851923793
abs,5,3,40175,0.8523459863098942,2.3711721851923793
abs,5,4,39746,0.7465153726161123,2.3711721851923793
norm,5,0,39762,0.9298073537548414,0.8854929653789986
norm,5,1,40146,0.8850944054202162,1.3676815256736121
norm,5,2,40171,0.9090388588782953,2.1500253231695896
norm,5,3,40175,0.8985438705662726,2.748728289283832
norm,5,4,39746,0.8886932018316308,3.5072043774448685
cqr,5,0,39762,0.9409737940747447,0.9597551698713183
cqr,5,1,40146,0.9042993075275245,1.4537523321078458
cqr,5,2,40171,0.9075203505016056,2.086827409743474
cqr,5,3,40175,0.8768637212196639,2.5369989799379202
cqr,5,4,39746,0.8678105972928093,3.0921873696805178
abs,6,0,39762,0.9989688647452342,2.2393208109126297
abs,6,1,40146,0.988516913266577,2.2393208109126297
abs,6,2,40171,0.9297503173931443,2.2393208109126297
abs,6,3,40175,0.8286994399502178,2.2393208109126297
abs,6,4,39746,0.7185377144869924,2.2393208109126297
norm,6,0,39762,0.9345354861425481,0.9025794389928316
norm,6,1,40146,0.8914960394559857,1.3940723104841348
norm,6,2,40171,0.9146648079460307,2.191512215092765
norm,6,3,40175,0.9056627255756067,2.801767754556538
norm,6,4,39746,0.8947063855482312,3.574879398474406
cqr,6,0,39762,0.950354609929078,0.9925324709129901
cqr,6,1,40146,0.9119214865740048,1.4865296331495175
cqr,6,2,40171,0.9124741729108063,2.1196047107851457
cqr,6,3,40175,0.8817174859987554,2.569776280979592
cqr,6,4,39746,0.8715342424394907,3.1249646707221896
abs,7,0,39762,0.9990694633066747,2.2876563706938375
abs,7,1,40146,0.9899865490958003,2.2876563706938375
abs,7,2,40171,0.9358492444798486,2.2876563706938375
abs,7,3,40175,0.8383571873055383,2.2876563706938375
abs,7,4,39746,0.7288028984048709,2.287656370693837
norm,7,0,39762,0.9196720486897038,0.8520180015855818
norm,7,1,40146,0.8720918646938673,1.3159780211367313
norm,7,2,40171,0.8985586617211421,2.068746281255094
norm,7,3,40175,0.885326695706285,2.6448160239590206
norm,7,4,39746,0.8748553313540985,3.3746188639045887
cqr,7,0,39762,0.9429103163824757,0.9662828433449809
cqr,7,1,40146,0.9060429432571115,1.4602800055815084
cqr,7,2,40171,0.908416519379652,2.0933550832171366
cqr,7,3,40175,0.8779589296826384,2.543526653411583
cqr,7,4,39746,0.8688169878729936,3.0987150431541806
abs,8,0,39762,0.9991700618681153,2.4126033651707313
abs,8,1,40146,0.9930005479998008,2.412603365170731
abs,8,2,40171,0.9488685867914665,2.412603365170731
abs,8,3,40175,0.8592657125077785,2.412603365170731
abs,8,4,39746,0.7545664972575856,2.412603365170731
norm,8,0,39762,0.9374025451436044,0.9153306221067421
norm,8,1,40146,0.8956060379614408,1.413767054832457
norm,8,2,40171,0.9189713972766423,2.2224727847044567
norm,8,3,40175,0.9100435594275047,2.841349703953552
norm,8,4,39746,0.8994364212750968,3.625383475845102
cqr,8,0,39762,0.929228912026558,0.9223653189569142
cqr,8,1,40146,0.8944602201962836,1.4163624811934417
cqr,8,2,40171,0.9014214234149013,2.0494375588290694
cqr,8,3,40175,0.8707405102675794,2.4996091290235163
cqr,8,4,39746,0.863130881094953,3.054797518766114
abs,9,0,39762,0.9990946129470348,2.353041790357202
abs,9,1,40146,0.9917301848253873,2.353041790357202
abs,9,2,40171,0.9435413606830798,2.353041790357202
abs,9,3,40175,0.8497573117610454,2.3530417903572016
abs,9,4,39746,0.7432194434660092,2.353041790357202
norm,9,0,39762,0.9386348775212514,0.9226452655311816
norm,9,1,40146,0.89839585512878,1.4250648325332818
norm,9,2,40171,0.9211122451519753,2.2402331387754457
norm,9,3,40175,0.9124331051649035,2.864055663337629
norm,9,4,39746,0.9017511196095205,3.654354851610535
cqr,9,0,39762,0.9502288617272773,0.99166737195143
cqr,9,1,40146,0.9116723957554924,1.4856645341879575
cqr,9,2,40171,0.9122999178511861,2.1187396118235853
cqr,9,3,40175,0.8814187927815806,2.568911182018032
cqr,9,4,39746,0.8714587631459769,3.1240995717606297
abs,10,0,39762,0.9990694633066747,2.3055695024296163
abs,10,1,40146,0.9906590943057839,2.3055695024296163
abs,10,2,40171,0.9378905180353987,2.3055695024296163
abs,10,3,40175,0.8413690105787182,2.3055695024296163
abs,10,4,39746,0.7323252654355156,2.3055695024296163
norm,10,0,39762,0.9303103465620441,0.8870749900084594
norm,10,1,40146,0.8857171324664973,1.370125029962715
norm,10,2,40171,0.9095118368972642,2.1538665654472884
norm,10,3,40175,0.8992906036092098,2.753639176239869
norm,10,4,39746,0.8891963971217229,3.5134703602619037
cqr,10,0,39762,0.9512096977013229,0.9960824336082772
cqr,10,1,40146,0.9126438499476909,1.4900795958448048
cqr,10,2,40171,0.9132707674690698,2.1231546734804323
cqr,10,3,40175,0.8821406347230865,2.573326243674879
cqr,10,4,39746,0.8719871182005736,3.1285146334174763
abs,11,0,39762,0.9991449122277551,2.3947764750931775
abs,11,1,40146,0.9926269117720321,2.3947764750931775
abs,11,2,40171,0.9473998655746683,2.3947764750931775
abs,11,3,40175,0.8564779091474798,2.394776475093177
abs,11,4,39746,0.7514215266945101,2.3947764750931775
norm,11,0,39762,0.926940294753785,0.8746595378062008
norm,11,1,40146,0.8813580431425297,1.3509488362787314
norm,11,2,40171,0.9057031191655672,2.1237211688409676
norm,11,3,40175,0.8945861854387057,2.7150993955449514
norm,11,4,39746,0.8840638051627837,3.4642960245933176
cqr,11,0,39762,0.9441677984004829,0.9704356568354514
cqr,11,1,40146,0.9071638519404175,1.464432819071979
cqr,11,2,40171,0.9090886460381867,2.0975078967076066
cqr,11,3,40175,0.8784069695084007,2.547679466902054
cqr,11,4,39746,0.8692195441050672,3.1028678566446506
abs,12,0,39762,0.999295810069916,2.46286800380134
abs,12,1,40146,0.9939969112738505,2.46286800380134
abs,12,2,40171,0.9538970899405044,2.46286800380134
abs,12,3,40175,0.8678531425015557,2.46286800380134
abs,12,4,39746,0.7643284858853722,2.46286800380134
norm,12,0,39762,0.9310899854132086,0.889365237408665
norm,12,1,40146,0.8863896776764808,1.3736624144264555
norm,12,2,40171,0.910457792935202,2.1594274113255594
norm,12,3,40175,0.900261356565028,2.760748513145453
norm,12,4,39746,0.8899763498213656,3.5225414269123254
cqr,12,0,39762,0.9520396358332076,1.0003398215794068
cqr,12,1,40146,0.9137398495491457,1.4943369838159346
cqr,12,2,40171,0.9139677877075503,2.127412061451562
cqr,12,3,40175,0.8826633478531425,2.5775836316460086
cqr,12,4,39746,0.8725909525486841,3.1327720213886066
abs,13,0,39762,0.9990946129470348,2.352273222577903
abs,13,1,40146,0.9916803666616848,2.352273222577903
abs,13,2,40171,0.9434168927833512,2.352273222577903
abs,13,3,40175,0.8496826384567517,2.352273222577903
abs,13,4,39746,0.7430936446434862,2.352273222577903
norm,13,0,39762,0.9246768271213721,0.8679333683433195
norm,13,1,40146,0.8785682259751906,1.3405599816264582
norm,13,2,40171,0.9035622712902343,2.10738966171608
norm,13,3,40175,0.8919477286869943,2.6942201644228545
norm,13,4,39746,0.8811955920092588,3.437655439172566
cqr,13,0,39762,0.9336803983703033,0.9354808364441608
cqr,13,1,40146,0.8978229462462014,1.4294779986806885
cqr,13,2,40171,0.9034626969704513,2.062553076316316
cqr,13,3,40175,0.8729807093963908,2.512724646510763
cqr,13,4,39746,0.864841745081266,3.06791303625336
abs,14,0,39762,0.9990443136663145,2.27614252387382
abs,14,1,40146,0.9896876401135855,2.27614252387382
abs,14,2,40171,0.9346294590625078,2.27614252387382
abs,14,3,40175,0.8361667703795893,2.27614252387382
abs,14,4,39746,0.7261359633673828,2.27614252387382
norm,14,0,39762,0.9284492731753936,0.8803151912597104
norm,14,1,40146,0.8835500423454391,1.3596842334489019
norm,14,2,40171,0.9073460954419855,2.1374534045780553
norm,14,3,40175,0.8966272557560672,2.732655553809172
norm,14,4,39746,0.8857998289136013,3.4866965780985284
cqr,14,0,39762,0.944897137970927,0.9726588780067116
cqr,14,1,40146,0.9076371244955911,1.4666560402432394
cqr,14,2,40171,0.9094122625774813,2.099731117878867
cqr,14,3,40175,0.8787305538270068,2.5499026880733133
cqr,14,4,39746,0.8694963015146179,3.1050910778159113
abs,15,0,39762,0.9990694633066747,2.3166272598614692
abs,15,1,40146,0.99098291236985,2.3166272598614697
abs,15,2,40171,0.9391849841925768,2.3166272598614692
abs,15,3,40175,0.843136278780336,2.3166272598614692
abs,15,4,39746,0.7349922004730036,2.3166272598614692
norm,15,0,39762,0.9322971681504955,0.8935676475464712
norm,15,1,40146,0.8880336770786629,1.3801532155208733
norm,15,2,40171,0.9116526847725972,2.1696310928542557
norm,15,3,40175,0.9022277535780958,2.773793544648349
norm,15,4,39746,0.8916872138076788,3.53918606646045
cqr,15,0,39762,0.9525174790000503,1.001928472917537
cqr,15,1,40146,0.914188213022468,1.4959256351540646
cqr,15,2,40171,0.9141420427671704,2.129000712789692
cqr,15,3,40175,0.8828873677660236,2.579172282984139
cqr,15,4,39746,0.872792230664721,3.134360672726736
abs,16,0,39762,0.9993461093506363,2.499970325752919
abs,16,1,40146,0.9944950929108753,2.499970325752919
abs,16,2,40171,0.9572079360732867,2.499970325752919
abs,16,3,40175,0.8730304915992533,2.499970325752919
abs,16,4,39746,0.7711971015951291,2.499970325752919
norm,16,0,39762,0.9342839897389468,0.9018193617941405
norm,16,1,40146,0.8911971304737707,1.3928983389413
norm,16,2,40171,0.914540340046302,2.189666706106648
norm,16,3,40175,0.9052644679527069,2.799408339202868
norm,16,4,39746,0.8945051074321945,3.571868932911526
cqr,16,0,39762,0.9560635782908304,1.0180819828968823
cqr,16,1,40146,0.9176505753997908,1.5120791451334101
cqr,16,2,40171,0.9163077842224491,2.1451542227690377
cqr,16,3,40175,0.8854760423148724,2.595325792963484
cqr,16,4,39746,0.8746540532380617,3.150514182706082
abs,17,0,39762,0.9990443136663145,2.268769347150795
abs,17,1,40146,0.9894136402132218,2.268769347150795
abs,17,2,40171,0.9336337158646785,2.268769347150795
abs,17,3,40175,0.834673304293715,2.268769347150795
abs,17,4,39746,0.7246263774971067,2.268769347150795
norm,17,0,39762,0.9136864342839898,0.8339027485025717
norm,17,1,40146,0.864046231255916,1.2879982427045777
norm,17,2,40171,0.8916382464962286,2.0247614565451344
norm,17,3,40175,0.8772121966397013,2.5885830435022044
norm,17,4,39746,0.8670306445931666,3.3028691184008947
cqr,17,0,39762,0.9185151652331371,0.891341973054307
cqr,17,1,40146,0.8865391321675883,1.3853391352908344
cqr,17,2,40171,0.8958701550870031,2.018414212926462
cqr,17,3,40175,0.865687616677038,2.468585783120909
cqr,17,4,39746,0.8592814371257484,3.0237741728635066
abs,18,0,39762,0.9990694633066747,2.3267816524951064
abs,18,1,40146,0.9911572759428088,2.3267816524951064
abs,18,2,40171,0.9405292375096462,2.3267816524951064
abs,18,3,40175,0.8450280024891101,2.3267816524951064
abs,18,4,39746,0.7374830171589594,2.3267816524951064
norm,18,0,39762,0.9295558573512399,0.8846950965212217
norm,18,1,40146,0.8849200418472575,1.3664491833068664
norm,18,2,40171,0.9088148166587837,2.148088053969428
norm,18,3,40175,0.8981953951462353,2.7462515618718064
norm,18,4,39746,0.8882403260705479,3.5040442290755087
cqr,18,0,39762,0.9545294502288617,1.0114644984225905
cqr,18,1,40146,0.9161809395705675,1.505461660659118
cqr,18,2,40171,0.9155360832441314,2.138536738294746
cqr,18,3,40175,0.8843310516490355,2.5887083084891924
cqr,18,4,39746,0.8736979821868868,3.14389669823179
abs,19,0,39762,0.9990946129470348,2.3485153187032397
abs,19,1,40146,0.9916554575798336,2.3485153187032397
abs,19,2,40171,0.9430434890841652,2.3485153187032397
abs,19,3,40175,0.8489359054138146,2.3485153187032397
abs,19,4,39746,0.742338851708348,2.3485153187032397
norm,19,0,39762,0.9272672400784668,0.8759543772616241
norm,19,1,40146,0.8819309520251084,1.3529487708588301
norm,19,2,40171,0.9060267357048617,2.126865109817853
norm,19,3,40175,0.8950591163658992,2.7191188084373836
norm,19,4,39746,0.8844663613948573,3.4694245425869132
cqr,19,0,39762,0.938207333635129,0.9501328095612508
cqr,19,1,40146,0.9016091266875903,1.4441299717977785
cqr,19,2,40171,0.9062009907644818,2.077205049433406
cqr,19,3,40175,0.8753702551337896,2.5273766196278524
cqr,19,4,39746,0.8664771297740653,3.0825650093704504
abs,20,0,39762,0.9990694633066747,2.3005934716978507
abs,20,1,40146,0.9905345488965277,2.3005934716978507
abs,20,2,40171,0.9372930721167011,2.3005934716978507
abs,20,3,40175,0.8405724953329184,2.3005934716978507
abs,20,4,39746,0.7313188748553313,2.3005934716978507
norm,20,0,39762,0.9277702328856697,0.877835337084927
norm,20,1,40146,0.8826284063169432,1.3558539932619968
norm,20,2,40171,0.9066739687834507,2.1314321830867353
norm,20,3,40175,0.8957809583074051,2.724957643616731
norm,20,4,39746,0.884868917626931,3.476874528960619
cqr,20,0,39762,0.9518132890699663,0.9989676044596358
cqr,20,1,40146,0.9134907587306332,1.4929647666961636
cqr,20,2,40171,0.9137686390679843,2.126039844331791
cqr,20,3,40175,0.8824642190416926,2.576211414526238
cqr,20,4,39746,0.8723645146681427,3.1313998042688347
abs,21,0,39762,0.9989688647452342,2.232631987118995
abs,21,1,40146,0.9883176406117671,2.232631987118995
abs,21,2,40171,0.9291777650543924,2.232631987118995
abs,21,3,40175,0.8273553204729309,2.232631987118995
abs,21,4,39746,0.7170784481457254,2.232631987118995
norm,21,0,39762,0.9229918012172426,0.8619127772603784
norm,21,1,40146,0.8761022268719175,1.3312609227748167
norm,21,2,40171,0.9017948271140873,2.092771337466342
norm,21,3,40175,0.889607965152458,2.675531174589031
norm,21,4,39746,0.8789815327328536,3.4138094638498155
cqr,21,0,39762,0.9222624616467985,0.9012133517031272
cqr,21,1,40146,0.8893040402530763,1.3952105139396547
cqr,21,2,40171,0.8979861093823903,2.028285591575283
cqr,21,3,40175,0.8671810827629123,2.4784571617697293
cqr,21,4,39746,0.8604136265284557,3.033645551512327
abs,22,0,39762,0.9990946129470348,2.3466258915318283
abs,22,1,40146,0.9916056394161311,2.3466258915318283
abs,22,2,40171,0.9427447661248164,2.3466258915318283
abs,22,3,40175,0.8486372121966397,2.3466258915318283
abs,22,4,39746,0.7418356564182559,2.3466258915318283
norm,22,0,39762,0.9363211106081183,0.910677609438114
norm,22,1,40146,0.8939122203955562,1.406580278974916
norm,22,2,40171,0.9171790595205497,2.211175015599879
norm,22,3,40175,0.9084007467330429,2.8269059217297374
norm,22,4,39746,0.8974236401147285,3.60695411837106
cqr,22,0,39762,0.9582515970021629,1.028004947878939
cqr,22,1,40146,0.9202162108304688,1.5220021101154668
cqr,22,2,40171,0.9176520375395185,2.1550771877510946
cqr,22,3,40175,0.8867205973864344,2.605248757945541
cqr,22,4,39746,0.8757107633472551,3.1604371476881385
abs,23,0,39762,0.9990694633066747,2.3182938705732186
abs,23,1,40146,0.9910078214517013,2.3182938705732186
abs,23,2,40171,0.9393592392521969,2.3182938705732186
abs,23,3,40175,0.8435345364032358,2.318293870573219
abs,23,4,39746,0.7354199164695818,2.3182938705732186
norm,23,0,39762,0.9291031638247573,0.882715000027235
norm,23,1,40146,0.8842973148009764,1.3633908401017147
norm,23,2,40171,0.9081924771601404,2.143280271445071
norm,23,3,40175,0.8974984443061605,2.7401049887635676
norm,23,4,39746,0.8872339354903638,3.4962015884640145
cqr,23,0,39762,0.9353151249937126,0.9402704239408588
cqr,23,1,40146,0.8991929457480198,1.4342675861773864
cqr,23,2,40171,0.9045331209081178,2.067342663813014
cqr,23,3,40175,0.8736776602364654,2.5175142340074603
cqr,23,4,39746,0.8654455794293765,3.072702623750058
abs,24,0,39762,0.9989688647452342,2.238777364081577
abs,24,1,40146,0.9884920041847257,2.238777364081577
abs,24,2,40171,0.9297005302332528,2.238777364081577
abs,24,3,40175,0.8285749844430617,2.238777364081577
abs,24,4,39746,0.7184622351934786,2.238777364081577
norm,24,0,39762,0.9215331220763543,0.8568628100705225
norm,24,1,40146,0.8739351367508593,1.323461033785447
norm,24,2,40171,0.9002763187373977,2.08050974108571
norm,24,3,40175,0.8873677660236465,2.659855174646139
norm,24,4,39746,0.8766668343984301,3.3938078740837865
cqr,24,0,39762,0.9409234947940245,0.9595076816370103
cqr,24,1,40146,0.9042494893638221,1.4535048438735376
cqr,24,2,40171,0.9074207761818227,2.086579921509166
cqr,24,3,40175,0.8768637212196639,2.5367514917036122
cqr,24,4,39746,0.8678105972928093,3.09193988144621
abs,25,0,39762,0.9990946129470348,2.365934408843806
abs,25,1,40146,0.992004184725751,2.365934408843806
abs,25,2,40171,0.9449354011600408,2.365934408843806
abs,25,3,40175,0.8515245799626634,2.365934408843806
abs,25,4,39746,0.7456096210939466,2.365934408843806
norm,25,0,39762,0.9362456616870378,0.9101258570640062
norm,25,1,40146,0.8937627659044488,1.4057280739791476
norm,25,2,40171,0.916955017301038,2.2098353306754
norm,25,3,40175,0.9082514001244555,2.825193183832672
norm,25,4,39746,0.8972978412922055,3.604768772560991
cqr,25,0,39762,0.9460540214274936,0.9760945294997592
cqr,25,1,40146,0.9081851242963185,1.470091691736287
cqr,25,2,40171,0.9099848149162331,2.103166769371915
cqr,25,3,40175,0.8793030491599253,2.553338339566361
cqr,25,4,39746,0.8697478991596639,3.108526729308959
abs,26,0,39762,0.9990694633066747,2.3165544263071216
abs,26,1,40146,0.99098291236985,2.3165544263071216
abs,26,2,40171,0.9391849841925768,2.3165544263071216
abs,26,3,40175,0.8431113876789048,2.3165544263071216
abs,26,4,39746,0.7349670407084989,2.3165544263071216
norm,26,0,39762,0.9351139278708315,0.9045962407142658
norm,26,1,40146,0.8922682209933742,1.39718734647335
norm,26,2,40171,0.9153618281845112,2.1964091199157636
norm,26,3,40175,0.9062601120099565,2.80802826724532
norm,26,4,39746,0.8953856991898556,3.5828674188228513
cqr,26,0,39762,0.9584779437654042,1.0292209672951549
cqr,26,1,40146,0.9206894833856424,1.523218129531683
cqr,26,2,40171,0.9178760797590302,2.15629320716731
cqr,26,3,40175,0.8869695084007467,2.606464777361757
cqr,26,4,39746,0.8758365621697781,3.161653167104354
abs,27,0,39762,0.999295810069916,2.47031021418837
abs,27,1,40146,0.9940965476012554,2.4703102141883706
abs,27,2,40171,0.9545692165990391,2.4703102141883706
abs,27,3,40175,0.8690976975731176,2.4703102141883706
abs,27,4,39746,0.7656367936396116,2.47031021418837
norm,27,0,39762,0.9339067451335445,0.9005947250433785
norm,27,1,40146,0.8906491306730434,1.3910068354227358
norm,27,2,40171,0.9140175748674417,2.186693221134133
norm,27,3,40175,0.9048662103298071,2.7956068480419805
norm,27,4,39746,0.8940522316711116,3.5670184693381493
cqr,27,0,39762,0.9692419898395453,1.0882863584166944
cqr,27,1,40146,0.9311512977631644,1.5822835206532222
cqr,27,2,40171,0.9258171317617186,2.2153585982888497
cqr,27,3,40175,0.8951586807716242,2.6655301684832966
cqr,27,4,39746,0.8830825743471041,3.2207185582258937
abs,28,0,39762,0.9990946129470348,2.338523504356036
abs,28,1,40146,0.9914810940068749,2.3385235043560355
abs,28,2,40171,0.9419232779866072,2.3385235043560355
abs,28,3,40175,0.8472184194150592,2.3385235043560355
abs,28,4,39746,0.7400744729029336,2.3385235043560355
norm,28,0,39762,0.9247774256828127,0.8683495397556926
norm,28,1,40146,0.8786678623025955,1.3412027760635346
norm,28,2,40171,0.9036369520300714,2.1084001486542774
norm,28,3,40175,0.8920721841941506,2.6955120348036554
norm,28,4,39746,0.8814723494188095,3.439303784508226
cqr,28,0,39762,0.95598812936975,1.017842723454148
cqr,28,1,40146,0.9176505753997908,1.5118398856906756
cqr,28,2,40171,0.9162828906425033,2.1449149633263036
cqr,28,3,40175,0.8854511512134412,2.59508653352075
cqr,28,4,39746,0.8745534141800433,3.150274923263348
abs,29,0,39762,0.998943715104874,2.2119534016648084
abs,29,1,40146,0.9874458227469736,2.2119534016648084
abs,29,2,40171,0.9267630877996564,2.2119534016648084
abs,29,3,40175,0.8233229620410704,2.2119534016648084
abs,29,4,39746,0.7129019272379611,2.2119534016648084
norm,29,0,39762,0.9220864141642775,0.8584764697786508
norm,29,1,40146,0.874508045633438,1.3259533997983004
norm,29,2,40171,0.9007492967563665,2.084427795063666
norm,29,3,40175,0.8880647168637212,2.6648642625355183
norm,29,4,39746,0.8773209882755497,3.400199155114045
cqr,29,0,39762,0.9236456918666063,0.9056764409421357
cqr,29,1,40146,0.890400039854531,1.3996736031786634
cqr,29,2,40171,0.8986582360409251,2.0327486808142914
cqr,29,3,40175,0.8679029247044182,2.482920251008738
cqr,29,4,39746,0.860967141347557,3.0381086407513354
abs,30,0,39762,0.9991700618681153,2.418860642878962
abs,30,1,40146,0.993125093409057,2.418860642878962
abs,30,2,40171,0.9494909262901098,2.418860642878962
abs,30,3,40175,0.8602862476664592,2.418860642878962
abs,30,4,39746,0.7558496452473205,2.418860642878962
norm,30,0,39762,0.9283989738946733,0.8800809194344484
norm,30,1,40146,0.8834254969361829,1.3593223906563283
norm,30,2,40171,0.9072714147021483,2.1368845797804434
norm,30,3,40175,0.8965276913503423,2.7319283322290393
norm,30,4,39746,0.8856740300910784,3.4857686891110435
cqr,30,0,39762,0.9254313163321765,0.9102923505961681
cqr,30,1,40146,0.8916953121107956,1.4042895128326955
cqr,30,2,40171,0.8993801498593512,2.0373645904683233
cqr,30,3,40175,0.868823895457374,2.48753616066277
cqr,30,4,39746,0.8615961354601721,3.0427245504053673
abs,31,0,39762,0.9990694633066747,2.287123462768821
abs,31,1,40146,0.9899865490958003,2.287123462768821
abs,31,2,40171,0.9357994573199572,2.2871234627688213
abs,31,3,40175,0.8382576228998133,2.287123462768821
abs,31,4,39746,0.7286267800533387,2.287123462768821
norm,31,0,39762,0.9300085508777225,0.886330514220674
norm,31,1,40146,0.8854680416479849,1.368975155462211
norm,31,2,40171,0.9092131139379154,2.1520589375396635
norm,31,3,40175,0.8989670192906036,2.751328190451635
norm,31,4,39746,0.8888693201831631,3.510521687777866
cqr,31,0,39762,0.9611438056435793,1.0418644300124806
cqr,31,1,40146,0.9234294823892791,1.5358615922490082
cqr,31,2,40171,0.9196684175151228,2.1689366698846357
cqr,31,3,40175,0.8888612321095208,2.6191082400790826
cqr,31,4,39746,0.8770442308659991,3.1742966298216797
abs,32,0,39762,0.998943715104874,2.205495580830129
abs,32,1,40146,0.9871967319284611,2.205495580830129
abs,32,2,40171,0.9259167060815016,2.205495580830129
abs,32,3,40175,0.8221281891723708,2.205495580830129
abs,32,4,39746,0.7117697378352539,2.205495580830129
norm,32,0,39762,0.9190684573210604,0.8504183448993938
norm,32,1,40146,0.8713944104020326,1.3135072833865074
norm,32,2,40171,0.8978865350626074,2.06486222737985
norm,32,3,40175,0.8845799626633478,2.6398504039503
norm,32,4,39746,0.8740502188899512,3.3682830451555303
cqr,32,0,39762,0.9335295005281424,0.9351074779593604
cqr,32,1,40146,0.8976984008369452,1.429104640195888
cqr,32,2,40171,0.9033631226506684,2.0621797178315155
cqr,32,3,40175,0.872906036092097,2.5123512880259624
cqr,32,4,39746,0.8648165853167614,3.06753967776856
abs,33,0,39762,0.9990443136663145,2.2715330686628326
abs,33,1,40146,0.989538185622478,2.2715330686628326
abs,33,2,40171,0.934056906723756,2.2715330686628326
abs,33,3,40175,0.8353702551337897,2.2715330686628326
abs,33,4,39746,0.7252553716097218,2.2715330686628326
norm,33,0,39762,0.920074442935466,0.8528898630824544
norm,33,1,40146,0.872365864594231,1.3173246482798486
norm,33,2,40171,0.8987827039406537,2.0708632086276
norm,33,3,40175,0.8855756067205974,2.6475224377358546
norm,33,4,39746,0.8751572485281538,3.37807207762611
cqr,33,0,39762,0.9543785523867009,1.0106609877477828
cqr,33,1,40146,0.9160563941613112,1.5046581499843101
cqr,33,2,40171,0.9154116153444026,2.137733227619938
cqr,33,3,40175,0.884181705040448,2.5879047978143848
cqr,33,4,39746,0.8736476626578775,3.143093187556982
abs,34,0,39762,0.9990694633066747,2.3010811011889767
abs,34,1,40146,0.9905345488965277,2.301081101188977
abs,34,2,40171,0.9373677528565383,2.3010811011889767
abs,34,3,40175,0.8407218419415059,2.3010811011889767
abs,34,4,39746,0.7314195139133498,2.3010811011889767
norm,34,0,39762,0.91725768321513,0.8456498680034993
norm,34,1,40146,0.8694265929357844,1.306142168121786
norm,34,2,40171,0.8963680266859178,2.0532841048199098
norm,34,3,40175,0.8828873677660236,2.6250482001463076
norm,34,4,39746,0.8720374377295829,3.3493963642931157
cqr,34,0,39762,0.9327750113173382,0.9325174810085916
cqr,34,1,40146,0.897274946445474,1.4265146432451195
cqr,34,2,40171,0.9029648253715367,2.059589720880747
cqr,34,3,40175,0.872383322962041,2.509761291075194
cqr,34,4,39746,0.864464348613697,3.0649496808177914
abs,35,0,39762,0.9990946129470348,2.364700449426131
abs,35,1,40146,0.9919543665620485,2.364700449426131
abs,35,2,40171,0.9448109332603122,2.364700449426131
abs,35,3,40175,0.8513503422526447,2.364700449426131
abs,35,4,39746,0.7453328636843959,2.364700449426131
norm,35,0,39762,0.920602585383029,0.8545507750085125
norm,35,1,40146,0.8729636825586609,1.3198899973518972
norm,35,2,40171,0.8994548305991885,2.0748959935736115
norm,35,3,40175,0.8864965774735533,2.6526782049476365
norm,35,4,39746,0.8758365621697781,3.3846505122443094
cqr,35,0,39762,0.9300588501584427,0.9253647648194621
cqr,35,1,40146,0.8952573108155233,1.4193619270559894
cqr,35,2,40171,0.9018944014338702,2.052437004691617
cqr,35,3,40175,0.8714125700062227,2.502608574886064
cqr,35,4,39746,0.8636089166205404,3.057796964628661
abs,36,0,39762,0.998943715104874,2.2061284631182034
abs,36,1,40146,0.9872465500921636,2.206128463118204
abs,36,2,40171,0.9259415996614473,2.206128463118204
abs,36,3,40175,0.8222775357809583,2.206128463118204
abs,36,4,39746,0.7120213354802999,2.206128463118204
norm,36,0,39762,0.9167546904079271,0.8439232113145939
norm,36,1,40146,0.8685796841528421,1.303475273468833
norm,36,2,40171,0.895695900027383,2.049091687995935
norm,36,3,40175,0.8817921593030491,2.619688349450437
norm,36,4,39746,0.8715090826749862,3.342557531987903
cqr,36,0,39762,0.9215331220763543,0.8988062478802846
cqr,36,1,40146,0.8885816768793903,1.3928034101168123
cqr,36,2,40171,0.897363769883747,2.02587848775244
cqr,36,3,40175,0.8668077162414437,2.4760500579468867
cqr,36,4,39746,0.8602375081769235,3.0312384476894842
abs,37,0,39762,0.9990694633066747,2.288507445143659
abs,37,1,40146,0.9899865490958003,2.288507445143659
abs,37,2,40171,0.9359239252196858,2.288507445143659
abs,37,3,40175,0.8385563161169882,2.288507445143659
abs,37,4,39746,0.728928697227394,2.288507445143659
norm,37,0,39762,0.9314169307378904,0.8910291956169785
norm,37,1,40146,0.8871120410501669,1.3762324686109395
norm,37,2,40171,0.9107814094744965,2.163467592811404
norm,37,3,40175,0.9010329807093964,2.765913736561339
norm,37,4,39746,0.8905801841694762,3.5291319270520813
cqr,37,0,39762,0.9564408228962326,1.0197712865984836
cqr,37,1,40146,0.9180989388731131,1.5137684488350112
cqr,37,2,40171,0.9165318264419606,2.1468435264706387
cqr,37,3,40175,0.8857249533291848,2.5970150966650856
cqr,37,4,39746,0.8748050118250893,3.152203486407682
abs,38,0,39762,0.998943715104874,2.202041230175027
abs,38,1,40146,0.9869974592736511,2.202041230175027
abs,38,2,40171,0.9252445794229668,2.202041230175027
abs,38,3,40175,0.8212321095208462,2.202041230175027
abs,38,4,39746,0.7111910632516479,2.202041230175027
norm,38,0,39762,0.9303103465620441,0.8870499525127379
norm,38,1,40146,0.8857171324664973,1.370086358486276
norm,38,2,40171,0.9095118368972642,2.153805773039066
norm,38,3,40175,0.8992906036092098,2.75356145538214
norm,38,4,39746,0.8891963971217229,3.5133711933367806
cqr,38,0,39762,0.9286253206579146,0.9207774934100116
cqr,38,1,40146,0.89398694764111,1.4147746556465393
cqr,38,2,40171,0.9010978068756068,2.047849733282167
cqr,38,3,40175,0.8705662725575607,2.4980213034766137
cqr,38,4,39746,0.8630302420369346,3.0532096932192117
abs,39,0,39762,0.9990946129470348,2.3545782146166347
abs,39,1,40146,0.9917800029890899,2.3545782146166347
abs,39,2,40171,0.9437156157426999,2.3545782146166347
abs,39,3,40175,0.8499813316739265,2.3545782146166343
abs,39,4,39746,0.7435213606400644,2.3545782146166347
norm,39,0,39762,0.9291031638247573,0.8824459543876204
norm,39,1,40146,0.8842225875554227,1.362975287674704
norm,39,2,40171,0.9081177964203032,2.142627013925388
norm,39,3,40175,0.8974237710018669,2.739269823054035
norm,39,4,39746,0.8871332964323454,3.4951359695580706
cqr,39,0,39762,0.9475629998491022,0.9819783514571206
cqr,39,1,40146,0.9091814875703682,1.4759755136936483
cqr,39,2,40171,0.9108560902143337,2.109050591329276
cqr,39,3,40175,0.8800497822028625,2.559222161523723
cqr,39,4,39746,0.8704775323302973,3.1144105512663205
abs,40,0,39762,0.9990694633066747,2.315835995667501
abs,40,1,40146,0.99098291236985,2.315835995667501
abs,40,2,40171,0.939160090612631,2.315835995667501
abs,40,3,40175,0.8429869321717486,2.315835995667501
abs,40,4,39746,0.7349167211794898,2.315835995667501
norm,40,0,39762,0.9266384990694633,0.8739740190340276
norm,40,1,40146,0.8811836795695711,1.3498900233949922
norm,40,2,40171,0.9054043962062184,2.122056691789984
norm,40,3,40175,0.894312383322962,2.7129714228612825
norm,40,4,39746,0.8838625270467468,3.4615808653175373
cqr,40,0,39762,0.9514863437452844,0.9972334310001086
cqr,40,1,40146,0.9130922134210133,1.4912305932366363
cqr,40,2,40171,0.9134450225286899,2.124305670872264
cqr,40,3,40175,0.8822153080273802,2.574477241066711
cqr,40,4,39746,0.8721380767876012,3.129665630809308
abs,41,0,39762,0.9991449122277551,2.4081625118317396
abs,41,1,40146,0.9928760025905445,2.4081625118317396
abs,41,2,40171,0.9485698638321177,2.4081625118317396
abs,41,3,40175,0.8585687616677038,2.4081625118317396
abs,41,4,39746,0.7535349469128969,2.408162511831739
norm,41,0,39762,0.9284995724561139,0.8806324514691285
norm,41,1,40146,0.8836247695909929,1.3601742553284843
norm,41,2,40171,0.9074456697617684,2.1382237297087476
norm,41,3,40175,0.8967766023646546,2.7336403861531737
norm,41,4,39746,0.8859256277361244,3.487953162214681
cqr,41,0,39762,0.9568935164227151,1.0219952250066955
cqr,41,1,40146,0.9188213022467991,1.5159923872432228
cqr,41,2,40171,0.9168305494013094,2.1490674648788506
cqr,41,3,40175,0.8858991910392034,2.5992390350732975
cqr,41,4,39746,0.8750062899411262,3.154427424815895
abs,42,0,39762,0.9988179669030733,2.1621265619206764
abs,42,1,40146,0.9854530961988741,2.1621265619206764
abs,42,2,40171,0.920016927634363,2.1621265619206764
abs,42,3,40175,0.813366521468575,2.1621265619206764
abs,42,4,39746,0.7029638202586423,2.162126561920677
norm,42,0,39762,0.9219606659624767,0.8580446173715232
norm,42,1,40146,0.8744582274697354,1.3252863853982553
norm,42,2,40171,0.9006248288566379,2.0833792338130412
norm,42,3,40175,0.8877660236465463,2.6635237155468023
norm,42,4,39746,0.8771700296885221,3.398488701488883
cqr,42,0,39762,0.9057139982898245,0.8604271062564134
cqr,42,1,40146,0.8770487719822647,1.3544242684929408
cqr,42,2,40171,0.8904184610788878,1.9874993461285686
cqr,42,3,40175,0.8606098319850654,2.437670916323016
cqr,42,4,39746,0.8551552357469934,2.992859306065613
abs,43,0,39762,0.9990191640259545,2.2604730480189277
abs,43,1,40146,0.9891147312310068,2.2604730480189277
abs,43,2,40171,0.932289462547609,2.2604730480189277
abs,43,3,40175,0.8332794026135657,2.2604730480189277
abs,43,4,39746,0.7229406732752981,2.2604730480189277
norm,43,0,39762,0.930461244404205,0.8876009589926465
norm,43,1,40146,0.8858665869576048,1.3709374114167476
norm,43,2,40171,0.90971098553683,2.1551436468916574
norm,43,3,40175,0.8995892968263846,2.7552718778904155
norm,43,4,39746,0.8894983142957782,3.515553584856412
cqr,43,0,39762,0.9334540516070621,0.9348995374754846
cqr,43,1,40146,0.8976734917550939,1.4288966997120123
cqr,43,2,40171,0.9033382290707227,2.06197177734764
cqr,43,3,40175,0.8727815805849409,2.5121433475420867
cqr,43,4,39746,0.8648165853167614,3.067331737284684
abs,44,0,39762,0.9991449122277551,2.3933713614216385
abs,44,1,40146,0.9926269117720321,2.3933713614216385
abs,44,2,40171,0.9473251848348311,2.393371361421639
abs,44,3,40175,0.8562787803360299,2.3933713614216385
abs,44,4,39746,0.7511196095204549,2.3933713614216385
norm,44,0,39762,0.9378803883104472,0.9182820125438873
norm,44,1,40146,0.8966273103173417,1.4183256028207014
norm,44,2,40171,0.9197928854148515,2.2296389220161252
norm,44,3,40175,0.9109645301804605,2.8505113469078025
norm,44,4,39746,0.900568610677804,3.6370731559051506
cqr,44,0,39762,0.9693425884009859,1.0890800880357432
cqr,44,1,40146,0.9312758431724206,1.5830772502722708
cqr,44,2,40171,0.925966493241393,2.2161523279078987
cqr,44,3,40175,0.8953080273802115,2.666323898102345
cqr,44,4,39746,0.8832335329341318,3.221512287844943
abs,45,0,39762,0.9989940143855943,2.2476607664271064
abs,45,1,40146,0.9886663677576845,2.2476607664271064
abs,45,2,40171,0.9307460605909735,2.2476607664271064
abs,45,3,40175,0.8307902924704418,2.2476607664271064
abs,45,4,39746,0.72027373823781,2.2476607664271064
norm,45,0,39762,0.9321714199486947,0.8931969317380816
norm,45,1,40146,0.8879838589149603,1.3795806291963812
norm,45,2,40171,0.9115780040327599,2.1687309746072447
norm,45,3,40175,0.9021530802738021,2.7726427765794353
norm,45,4,39746,0.8914607759271373,3.5377177587981565
cqr,45,0,39762,0.9552587897993059,1.014746137285735
cqr,45,1,40146,0.9169282120261047,1.5087432995222625
cqr,45,2,40171,0.9159094869433173,2.14181837715789
cqr,45,3,40175,0.8849782202862476,2.591989947352337
cqr,45,4,39746,0.8741508579479697,3.147178337094934
abs,46,0,39762,0.9990694633066747,2.296353943182936
abs,46,1,40146,0.9904598216509739,2.296353943182936
abs,46,2,40171,0.9368200940977321,2.2963539431829356
abs,46,3,40175,0.8399502177971375,2.296353943182936
abs,46,4,39746,0.7304886026266794,2.296353943182936
norm,46,0,39762,0.925884009858659,0.8715616102364759
norm,46,1,40146,0.8800876799681163,1.346163955460199
norm,46,2,40171,0.9045580144880635,2.116199231361314
norm,46,3,40175,0.8931922837585563,2.705482875163663
norm,46,4,39746,0.8829567755245811,3.4520259495522407
cqr,46,0,39762,0.9482420401388261,0.9846803113639372
cqr,46,1,40146,0.9097294873710955,1.4786774736004646
cqr,46,2,40171,0.9111797067536282,2.1117525512360924
cqr,46,3,40175,0.880423148724331,2.5619241214305393
cqr,46,4,39746,0.8708549287978664,3.117112511173137
abs,47,0,39762,0.9989688647452342,2.227739926114949
abs,47,1,40146,0.9880685497932546,2.2277399261149484
abs,47,2,40171,0.9286549998755321,2.227739926114949
abs,47,3,40175,0.8261356565028003,2.227739926114949
abs,47,4,39746,0.7161223770945504,2.227739926114949
norm,47,0,39762,0.9223127609275187,0.8592946989015562
norm,47,1,40146,0.8750062272704628,1.3272171894600133
norm,47,2,40171,0.9009982325558239,2.086414500100501
norm,47,3,40175,0.8885625388923459,2.667404191846287
norm,47,4,39746,0.8777990238011372,3.4034399451302346
cqr,47,0,39762,0.9338564458528243,0.9362556156652198
cqr,47,1,40146,0.8980222189010113,1.4302527779017473
cqr,47,2,40171,0.9036120584501257,2.0633278555373753
cqr,47,3,40175,0.8731549471064095,2.5134994257318213
cqr,47,4,39746,0.8648669048457707,3.068687815474419
abs,48,0,39762,0.9990946129470348,2.3463636702509953
abs,48,1,40146,0.9916056394161311,2.3463636702509953
abs,48,2,40171,0.9426949789649249,2.3463636702509953
abs,48,3,40175,0.848562538892346,2.3463636702509953
abs,48,4,39746,0.7417601771247421,2.3463636702509953
norm,48,0,39762,0.9224385091293195,0.859936564804698
norm,48,1,40146,0.8752553180889753,1.3282085786319322
norm,48,2,40171,0.9011973811953897,2.087972985599303
norm,48,3,40175,0.8888861232109521,2.6693966582292776
norm,48,4,39746,0.8780757812106879,3.4059822068909127
cqr,48,0,39762,0.9364971580906393,0.945593849760959
cqr,48,1,40146,0.9006127634135406,1.4395910119974866
cqr,48,2,40171,0.9055288641059471,2.0726660896331146
cqr,48,3,40175,0.8745986309894213,2.5228376598275606
cqr,48,4,39746,0.8659739344839732,3.078026049570159
abs,49,0,39762,0.9990694633066747,2.2877828284006148
abs,49,1,40146,0.9899865490958003,2.2877828284006148
abs,49,2,40171,0.9358741380597944,2.2877828284006148
abs,49,3,40175,0.8384069695084008,2.2877828284006148
abs,49,4,39746,0.7288532179338801,2.2877828284006148
norm,49,0,39762,0.9252301192092953,0.8696465198695807
norm,49,1,40146,0.8793404075125791,1.3432060169816282
norm,49,2,40171,0.9040352493092032,2.11154928726693
norm,49,3,40175,0.8924704418170504,2.6995380926822263
norm,49,4,39746,0.8820007044734062,3.4444407810861053
cqr,49,0,39762,0.9409989437151048,0.9598548152002325
cqr,49,1,40146,0.9043242166093758,1.4538519774367602
cqr,49,2,40171,0.9075203505016056,2.086927055072388
cqr,49,3,40175,0.8768637212196639,2.5370986252668346
cqr,49,4,39746,0.867835757057314,3.092287015009432
abs,50,0,39762,0.9990694633066747,2.3313651557974993
abs,50,1,40146,0.9912569122702137,2.3313651557974993
abs,50,2,40171,0.941201364168181,2.3313651557974993
abs,50,3,40175,0.8457498444306161,2.3313651557974993
abs,50,4,39746,0.7385648870326573,2.3313651557974993
norm,50,0,39762,0.9216085709974348,0.8572223401348366
norm,50,1,40146,0.8740596821601155,1.3240163432527294
norm,50,2,40171,0.9003509994772348,2.0813826997346654
norm,50,3,40175,0.8874673304293715,2.6609712201679754
norm,50,4,39746,0.8768177929854577,3.395231877960369
cqr,50,0,39762,0.9370755998189226,0.947604207833171
cqr,50,1,40146,0.9010362178050118,1.4416013700696988
cqr,50,2,40171,0.9057777999054044,2.0746764477053268
cqr,50,3,40175,0.874996888612321,2.5248480178997728
cqr,50,4,39746,0.8661500528355055,3.080036407642371
abs,51,0,39762,0.9988934158241537,2.177369281773511
abs,51,1,40146,0.9860758232451552,2.177369281773511
abs,51,2,40171,0.9220084140300217,2.177369281773511
abs,51,3,40175,0.8163534536403236,2.177369281773511
abs,51,4,39746,0.7061842701152318,2.177369281773511
norm,51,0,39762,0.9216588702781551,0.85735102003579
norm,51,1,40146,0.8740845912419668,1.3242150948296931
norm,51,2,40171,0.900425680217072,2.08169514156814
norm,51,3,40175,0.8875420037336652,2.6613706655592337
norm,51,4,39746,0.8768932722789715,3.3957415451509148
cqr,51,0,39762,0.9516372415874453,0.9978076177336501
cqr,51,1,40146,0.9131918497484183,1.491804779970178
cqr,51,2,40171,0.913519703268527,2.1248798576058054
cqr,51,3,40175,0.8822650902302427,2.575051427800252
cqr,51,4,39746,0.8721883963166105,3.1302398175428494
abs,52,0,39762,0.9991449122277551,2.3872434318641553
abs,52,1,40146,0.9925272754446272,2.3872434318641558
abs,52,2,40171,0.9468024196559707,2.3872434318641558
abs,52,3,40175,0.855258245177349,2.3872434318641558
abs,52,4,39746,0.7497861420017109,2.3872434318641558
norm,52,0,39762,0.9307881897288869,0.8883843864783675
norm,52,1,40146,0.8861405868579684,1.372147448470477
norm,52,2,40171,0.910084389236016,2.157045851651066
norm,52,3,40175,0.8999128811449907,2.7577037767047465
norm,52,4,39746,0.8895989533537966,3.5186565347552343
cqr,52,0,39762,0.9524420300789699,1.0016081272567918
cqr,52,1,40146,0.9140387585313605,1.4956052894933194
cqr,52,2,40171,0.9141420427671704,2.128680367128947
cqr,52,3,40175,0.8828375855631612,2.578851937323394
cqr,52,4,39746,0.8727670709002163,3.1340403270659913
abs,53,0,39762,0.9993461093506363,2.490915160887131
abs,53,1,40146,0.9943954565834703,2.4909151608871314
abs,53,2,40171,0.956436235094969,2.4909151608871314
abs,53,3,40175,0.8717112632233976,2.4909151608871314
abs,53,4,39746,0.7696875157248528,2.4909151608871314
norm,53,0,39762,0.9430612142246366,0.9426072881861445
norm,53,1,40146,0.904448762018632,1.455897025072028
norm,53,2,40171,0.9268626621194394,2.2887020209550863
norm,53,3,40175,0.9184816428126945,2.926021346328161
norm,53,4,39746,0.9081165400291853,3.733419164908805
cqr,53,0,39762,0.9576480056335195,1.0252480622096538
cqr,53,1,40146,0.9196931201115927,1.5192452244461816
cqr,53,2,40171,0.9172288466804411,2.1523203020818094
cqr,53,3,40175,0.8863472308649658,2.602491872276256
cqr,53,4,39746,0.8753585266441906,3.1576802620188533
abs,54,0,39762,0.9989940143855943,2.252165027015753
abs,54,1,40146,0.9888158222487919,2.252165027015753
abs,54,2,40171,0.9313435065096711,2.252165027015753
abs,54,3,40175,0.8316116988176727,2.252165027015753
abs,54,4,39746,0.7212549690534896,2.252165027015753
norm,54,0,39762,0.9318193249836527,0.8920492382346482
norm,54,1,40146,0.8875105863597867,1.3778079677940298
norm,54,2,40171,0.9112543874934654,2.165944312045152
norm,54,3,40175,0.9015805849408837,2.76908013099821
norm,54,4,39746,0.8910582196950636,3.533172047158897
cqr,54,0,39762,0.9576983049142397,1.025395022661939
cqr,54,1,40146,0.9197678473571465,1.5193921848984666
cqr,54,2,40171,0.9172537402603869,2.152467262534094
cqr,54,3,40175,0.8863472308649658,2.602638832728541
cqr,54,4,39746,0.8753585266441906,3.1578272224711377
abs,55,0,39762,0.9989688647452342,2.238249397566093
abs,55,1,40146,0.9884920041847257,2.238249397566093
abs,55,2,40171,0.9296258494934156,2.238249397566093
abs,55,3,40175,0.8284754200373367,2.238249397566093
abs,55,4,39746,0.7183364363709556,2.238249397566093
norm,55,0,39762,0.9307881897288869,0.8883705150533968
norm,55,1,40146,0.8861405868579684,1.3721260234649617
norm,55,2,40171,0.910084389236016,2.1570121710729913
norm,55,3,40175,0.8999128811449907,2.7576607173245815
norm,55,4,39746,0.8895989533537966,3.5186015936949664
cqr,55,0,39762,0.9527941250440118,1.0038511951266404
cqr,55,1,40146,0.9147611219050465,1.4978483573631682
cqr,55,2,40171,0.9144158721465734,2.130923434998796
cqr,55,3,40175,0.8832856253889234,2.5810950051932426
cqr,55,4,39746,0.8729431892517486,3.13628339493584
abs,56,0,39762,0.9990946129470348,2.336828561254074
abs,56,1,40146,0.9914561849250236,2.336828561254074
abs,56,2,40171,0.9417241293470414,2.336828561254074
abs,56,3,40175,0.846795270690728,2.336828561254074
abs,56,4,39746,0.7398983545514014,2.336828561254074
norm,56,0,39762,0.9231426990594035,0.862443027390923
norm,56,1,40146,0.876251681363025,1.332079916641382
norm,56,2,40171,0.9019690821737074,2.094058813768084
norm,56,3,40175,0.8899066583696329,2.6771771656823664
norm,56,4,39746,0.8792331303778996,3.415909644937298
cqr,56,0,39762,0.9511845480609628,0.9960106017513056
cqr,56,1,40146,0.9126438499476909,1.490007763987833
cqr,56,2,40171,0.9132707674690698,2.123082841623461
cqr,56,3,40175,0.8821406347230865,2.5732544118179073
cqr,56,4,39746,0.8719871182005736,3.1284428015605057
abs,57,0,39762,0.9989940143855943,2.252751681119542
abs,57,1,40146,0.9888158222487919,2.252751681119542
abs,57,2,40171,0.9313932936695626,2.252751681119542
abs,57,3,40175,0.8317112632233976,2.2527516811195425
abs,57,4,39746,0.7213556081115081,2.252751681119542
norm,57,0,39762,0.938911523565213,0.9237635417728982
norm,57,1,40146,0.8987944004383999,1.4267920577244393
norm,57,2,40171,0.9214358616912698,2.242948374618071
norm,57,3,40175,0.9127815805849409,2.8675269924853706
norm,57,4,39746,0.9021536758415941,3.658784049225293
cqr,57,0,39762,0.9491474271917911,0.9885872851915608
cqr,57,1,40146,0.9108254869725502,1.4825844474280883
cqr,57,2,40171,0.9117273655124344,2.115659525063716
cqr,57,3,40175,0.8810703173615433,2.565831095258163
cqr,57,4,39746,0.8712071655009309,3.1210194850007604
abs,58,0,39762,0.9990443136663145,2.276947562702259
abs,58,1,40146,0.9896876401135855,2.276947562702259
abs,58,2,40171,0.934704139802345,2.276947562702259
abs,58,3,40175,0.836341008089608,2.276947562702259
abs,58,4,39746,0.7263372414834197,2.276947562702259
norm,58,0,39762,0.9261103566219003,0.8725433714333913
norm,58,1,40146,0.8803118617047776,1.347680327361662
norm,58,2,40171,0.9048318438674666,2.118583001212913
norm,58,3,40175,0.8936652146857499,2.7085304372344994
norm,58,4,39746,0.883409651285664,3.45591444703562
cqr,58,0,39762,0.9314420803782506,0.9292631414321575
cqr,58,1,40146,0.8963782194988292,1.4232603036686853
cqr,58,2,40171,0.9025167409325136,2.056335381304313
cqr,58,3,40175,0.8719352831362788,2.5065069514987597
cqr,58,4,39746,0.864086952146128,3.061695341241357
abs,59,0,39762,0.9990946129470348,2.3508869734754363
abs,59,1,40146,0.9916803666616848,2.3508869734754363
abs,59,2,40171,0.9432177441437853,2.3508869734754363
abs,59,3,40175,0.8494835096453018,2.3508869734754363
abs,59,4,39746,0.7427162481759171,2.3508869734754363
norm,59,0,39762,0.9291534631054776,0.8829480978649942
norm,59,1,40146,0.8843720420465302,1.363750869620686
norm,59,2,40171,0.9082671578999776,2.1438462457368526
norm,59,3,40175,0.8975731176104542,2.7408285660768503
norm,59,4,39746,0.8872590952548685,3.4971248275962563
cqr,59,0,39762,0.9484432372617072,0.9854220721439392
cqr,59,1,40146,0.909878941862203,1.4794192343804666
cqr,59,2,40171,0.9112792810734112,2.112494312016094
cqr,59,3,40175,0.8806222775357809,2.562665882210541
cqr,59,4,39746,0.8708800885623711,3.1178542719531386
abs,60,0,39762,0.9990694633066747,2.3206648201559545
abs,60,1,40146,0.9910327305335526,2.3206648201559545
abs,60,2,40171,0.9397575365313285,2.3206648201559545
abs,60,3,40175,0.8439327940261356,2.3206648201559545
abs,60,4,39746,0.7361495496402154,2.3206648201559545
norm,60,0,39762,0.924475629998491,0.8671391365211589
norm,60,1,40146,0.8782942260748269,1.339333256815825
norm,60,2,40171,0.903313335490777,2.1054612234372034
norm,60,3,40175,0.8917485998755444,2.6917547270188558
norm,60,4,39746,0.8809943138932219,3.434509696143206
cqr,60,0,39762,0.9465821638750566,0.9781734402941836
cqr,60,1,40146,0.9085587605240871,1.472170602530711
cqr,60,2,40171,0.9102586442956362,2.105245680166339
cqr,60,3,40175,0.8794275046670815,2.5554172503607853
cqr,60,4,39746,0.8699743370402053,3.110605640103383
abs,61,0,39762,0.9990694633066747,2.3280320971054485
abs,61,1,40146,0.99118218502466,2.3280320971054485
abs,61,2,40171,0.9407781733091036,2.3280320971054485
abs,61,3,40175,0.8452520224019913,2.3280320971054485
abs,61,4,39746,0.7376842952749962,2.3280320971054485
norm,61,0,39762,0.9254564659725366,0.8704827170270099
norm,61,1,40146,0.8795645892492403,1.3444975590364507
norm,61,2,40171,0.9042841851086605,2.1135796196737666
norm,61,3,40175,0.892843808338519,2.7021337979807556
norm,61,4,39746,0.882579379057012,3.447752737753866
cqr,61,0,39762,0.9206780343041094,0.8967996666166628
cqr,61,1,40146,0.8879589498331092,1.3907968288531904
cqr,61,2,40171,0.8970152597645067,2.023871906488818
cqr,61,3,40175,0.8665339141257,2.474043476683265
cqr,61,4,39746,0.8599859105318775,3.0292318664258624
abs,62,0,39762,0.9990946129470348,2.3390441920567016
abs,62,1,40146,0.9914810940068749,2.3390441920567016
abs,62,2,40171,0.9419979587264444,2.3390441920567016
abs,62,3,40175,0.8472433105164904,2.3390441920567016
abs,62,4,39746,0.7402002717254567,2.3390441920567016
norm,62,0,39762,0.9356420703183944,0.906858125778628
norm,62,1,40146,0.8928411298759528,1.4006809241037506
norm,62,2,40171,0.9160837420029374,2.2019011004922504
norm,62,3,40175,0.907255756067206,2.8150495623957106
norm,62,4,39746,0.8962159714185075,3.5918261497322637
cqr,62,0,39762,0.964614456013279,1.0577421442565864
cqr,62,1,40146,0.9261694813929159,1.551739306493114
cqr,62,2,40171,0.9216599039107815,2.184814384128742
cqr,62,3,40175,0.8911512134411947,2.634985954323188
cqr,62,4,39746,0.8789312132038444,3.190174344065786
abs,63,0,39762,0.9990946129470348,2.34895957964958
abs,63,1,40146,0.9916554575798336,2.3489595796495806
abs,63,2,40171,0.9430932762440567,2.3489595796495806
abs,63,3,40175,0.8490354698195395,2.3489595796495806
abs,63,4,39746,0.7424143310018618,2.3489595796495806
norm,63,0,39762,0.9125295508274232,0.8303550885551162
norm,63,1,40146,0.8630996861455686,1.28251873111136
norm,63,2,40171,0.890493141818725,2.0161475442688697
norm,63,3,40175,0.8755942750466709,2.5775704735105758
norm,63,4,39746,0.8653701001358627,3.2888177718810754
cqr,63,0,39762,0.9395654142145767,0.9546929832371358
cqr,63,1,40146,0.9029542171075574,1.4486901454736634
cqr,63,2,40171,0.9070224789026909,2.0817652231092914
cqr,63,3,40175,0.8760174237710019,2.5319367933037378
cqr,63,4,39746,0.8671816031801942,3.0871251830463358
abs,64,0,39762,0.999295810069916,2.464582767552135
abs,64,1,40146,0.9940218203557016,2.464582767552135
abs,64,2,40171,0.9540464514201787,2.464582767552135
abs,64,3,40175,0.8682265090230242,2.464582767552135
abs,64,4,39746,0.7646052432949227,2.464582767552135
norm,64,0,39762,0.9329510587998592,0.8957688084567696
norm,64,1,40146,0.8888058586160514,1.3835530021140523
norm,64,2,40171,0.9126733215503722,2.1749756318653444
norm,64,3,40175,0.9030242688238954,2.7806263411808576
norm,64,4,39746,0.8922658883912846,3.5479042849917004
cqr,64,0,39762,0.9499522156833158,0.9906913306509448
cqr,64,1,40146,0.9113485776914263,1.4846884928874724
cqr,64,2,40171,0.9121505563715118,2.1177635705231004
cqr,64,3,40175,0.8812943372744244,2.5679351407175464
cqr,64,4,39746,0.8712574850299402,3.1231235304601443
abs,65,0,39762,0.9990694633066747,2.299661913032423
abs,65,1,40146,0.9905096398146764,2.299661913032423
abs,65,2,40171,0.9372432849568096,2.299661913032423
abs,65,3,40175,0.8404231487243311,2.2996619130324225
abs,65,4,39746,0.7311930760328084,2.299661913032423
norm,65,0,39762,0.9209295307077109,0.8551808274590091
norm,65,1,40146,0.8732625915408758,1.3208631401440378
norm,65,2,40171,0.8997535535585373,2.0764257953636385
norm,65,3,40175,0.8866957062850032,2.6546340002640583
norm,65,4,39746,0.8760630000503196,3.387145984030983
cqr,65,0,39762,0.9261858055429807,0.9123872742737287
cqr,65,1,40146,0.8920938574204155,1.4063844365102562
cqr,65,2,40171,0.8996788728187001,2.0394595141458836
cqr,65,3,40175,0.8690479153702552,2.489631084340331
cqr,65,4,39746,0.8617470940471997,3.0448194740829284
abs,66,0,39762,0.9991449122277551,2.39148728252058
abs,66,1,40146,0.9926020026901808,2.39148728252058
abs,66,2,40171,0.9471260361952653,2.39148728252058
abs,66,3,40175,0.855980087118855,2.39148728252058
abs,66,4,39746,0.7507422130528858,2.39148728252058
norm,66,0,39762,0.9221618630853579,0.8588022307203703
norm,66,1,40146,0.8746824092063966,1.3264565514202726
norm,66,2,40171,0.9008239774962037,2.0852187604370567
norm,66,3,40175,0.8882887367766024,2.665875482670581
norm,66,4,39746,0.8775474261560912,3.4014894083915617
cqr,66,0,39762,0.9427091192595946,0.9654505689641114
cqr,66,1,40146,0.9058187615204504,1.459447731200639
cqr,66,2,40171,0.9082920514799233,2.0925228088362666
cqr,66,3,40175,0.877909147479776,2.5426943790307135
cqr,66,4,39746,0.8687666683439843,3.0978827687733106
abs,67,0,39762,0.9989940143855943,2.255060984735429
abs,67,1,40146,0.9888158222487919,2.255060984735429
abs,67,2,40171,0.9316671230489657,2.2550609847354295
abs,67,3,40175,0.8322588674548849,2.255060984735429
abs,67,4,39746,0.721934282695114,2.255060984735429
norm,67,0,39762,0.9209295307077109,0.8552984640615943
norm,67,1,40146,0.8732875006227271,1.3210448348772414
norm,67,2,40171,0.8997535535585373,2.0767114234650212
norm,67,3,40175,0.8866957062850032,2.654999165285151
norm,67,4,39746,0.8761636391083379,3.3876119116257413
cqr,67,0,39762,0.9486192847442282,0.9859878115863303
cqr,67,1,40146,0.9100034872714592,1.479984973822858
cqr,67,2,40171,0.9113788553931941,2.113060051458486
cqr,67,3,40175,0.8806969508400747,2.5632316216529323
cqr,67,4,39746,0.8709555678558849,3.11842001139553
abs,68,0,39762,0.9989940143855943,2.2477993206783573
abs,68,1,40146,0.9886663677576845,2.2477993206783573
abs,68,2,40171,0.9307460605909735,2.2477993206783573
abs,68,3,40175,0.830815183571873,2.2477993206783573
abs,68,4,39746,0.7203240577668193,2.2477993206783573
norm,68,0,39762,0.9196217494089834,0.8517772807598528
norm,68,1,40146,0.8719673192846111,1.3156062175888017
norm,68,2,40171,0.8984590874013592,2.06816179793183
norm,68,3,40175,0.8852520224019913,2.6440687835298227
norm,68,4,39746,0.8747043727670709,3.3736654321250628
cqr,68,0,39762,0.9339570444142649,0.9365635119791538
cqr,68,1,40146,0.8980720370647138,1.4305606742156813
cqr,68,2,40171,0.9037863135097458,2.0636357518513093
cqr,68,3,40175,0.873204729309272,2.5138073220457557
cqr,68,4,39746,0.8648920646102752,3.0689957117883533
abs,69,0,39762,0.9990191640259545,2.2636347993847252
abs,69,1,40146,0.9891645493947093,2.2636347993847252
abs,69,2,40171,0.9328620148863608,2.2636347993847257
abs,69,3,40175,0.8340510267579341,2.2636347993847252
abs,69,4,39746,0.7235445076234086,2.2636347993847252
norm,69,0,39762,0.9357678185201952,0.9072184673965298
norm,69,1,40146,0.892965675285209,1.4012374870500466
norm,69,2,40171,0.916208209902666,2.2027760296376777
norm,69,3,40175,0.9073802115743622,2.816168127124804
norm,69,4,39746,0.8962662909475168,3.5932533679588246
cqr,69,0,39762,0.944016900558322,0.9696130407321605
cqr,69,1,40146,0.9069396702037563,1.4636102029686882
cqr,69,2,40171,0.9089641781384581,2.0966852806043157
cqr,69,3,40175,0.8784069695084007,2.5468568507987626
cqr,69,4,39746,0.8691189050470488,3.10204524054136
abs,70,0,39762,0.9989940143855943,2.2467439768526276
abs,70,1,40146,0.9886165495939819,2.2467439768526276
abs,70,2,40171,0.9306713798511363,2.2467439768526276
abs,70,3,40175,0.8305911636589919,2.2467439768526276
abs,70,4,39746,0.7200724601217733,2.2467439768526276
norm,70,0,39762,0.9333786026859816,0.8978568861785192
norm,70,1,40146,0.8895282219897375,1.3867781269155637
norm,70,2,40171,0.9131711931492869,2.1800455987132294
norm,70,3,40175,0.9039950217797138,2.787108107302556
norm,70,4,39746,0.8931213203844413,3.5561746108017194
cqr,70,0,39762,0.9408731955133042,0.9593307260545715
cqr,70,1,40146,0.9041000348727146,1.4533278882910992
cqr,70,2,40171,0.9074207761818227,2.0864029659267267
cqr,70,3,40175,0.8768388301182327,2.5365745361211736
cqr,70,4,39746,0.8678105972928093,3.0917629258637715
abs,71,0,39762,0.9991700618681153,2.4135696434272633
abs,71,1,40146,0.9930005479998008,2.4135696434272633
abs,71,2,40171,0.9489681611112494,2.4135696434272633
abs,71,3,40175,0.8593901680149346,2.4135696434272633
abs,71,4,39746,0.7547677753736225,2.4135696434272633
norm,71,0,39762,0.9249283235249736,0.8688069353124123
norm,71,1,40146,0.8789667712848105,1.3419092429439163
norm,71,2,40171,0.9037116327699086,2.109510730068363
norm,71,3,40175,0.8923210952084629,2.6969318722900106
norm,71,4,39746,0.8816484677703417,3.4411154078202935
cqr,71,0,39762,0.955812081887229,1.0172950572971065
cqr,71,1,40146,0.9176007572360882,1.5112922195336338
cqr,71,2,40171,0.9162331034826119,2.1443672971692616
cqr,71,3,40175,0.8853018046048537,2.5945388673637084
cqr,71,4,39746,0.874503094651034,3.149727257106306
abs,72,0,39762,0.9990443136663145,2.2710424983006554
abs,72,1,40146,0.9895132765406267,2.2710424983006554
abs,72,2,40171,0.9339822259839188,2.2710424983006554
abs,72,3,40175,0.8353204729309271,2.2710424983006554
abs,72,4,39746,0.7251547325517033,2.2710424983006554
norm,72,0,39762,0.9230421004979629,0.8620203170175492
norm,72,1,40146,0.8762018631993225,1.3314270225010805
norm,72,2,40171,0.901819720694033,2.0930324498751407
norm,72,3,40175,0.8896328562538892,2.6758649971989388
norm,72,4,39746,0.8789815327328536,3.4142354004996207
cqr,72,0,39762,0.9187163623560183,0.8921576989050266
cqr,72,1,40146,0.886713495740547,1.3861548611415544
cqr,72,2,40171,0.8960195165666774,2.019229938777182
cqr,72,3,40175,0.8658369632856254,2.469401508971629
cqr,72,4,39746,0.8594323957127761,3.0245898987142255
abs,73,0,39762,0.9990191640259545,2.2643547032523266
abs,73,1,40146,0.989239276640263,2.2643547032523266
abs,73,2,40171,0.9329615892061437,2.2643547032523266
abs,73,3,40175,0.8341257000622277,2.264354703252326
abs,73,4,39746,0.7236954662104362,2.2643547032523266
norm,73,0,39762,0.9340576429757055,0.9010527823868896
norm,73,1,40146,0.8907985851641509,1.3917143244609478
norm,73,2,40171,0.9142416170869533,2.1878054094027224
norm,73,3,40175,0.9049657747355321,2.797028739832712
norm,73,4,39746,0.8942283500226438,3.5688327138133675
cqr,73,0,39762,0.9310396861324883,0.9278988483572811
cqr,73,1,40146,0.8961540377621681,1.4218960105938085
cqr,73,2,40171,0.9022678051330562,2.0549710882294363
cqr,73,3,40175,0.8717361543248289,2.505142658423883
cqr,73,4,39746,0.8639359935591003,3.060331048166481
abs,74,0,39762,0.9990694633066747,2.3240040516383944
abs,74,1,40146,0.9910576396154038,2.3240040516383944
abs,74,2,40171,0.940180727390406,2.3240040516383944
abs,74,3,40175,0.8446048537647791,2.3240040516383944
abs,74,4,39746,0.7369546621043627,2.3240040516383944
norm,74,0,39762,0.9293043609476385,0.883793464481845
norm,74,1,40146,0.8846958601105963,1.3650565742953615
norm,74,2,40171,0.9085658808593263,2.145898842092391
norm,74,3,40175,0.8977971375233355,2.7434527350148383
norm,74,4,39746,0.8877371307804559,3.500473102077347
cqr,74,0,39762,0.9394396660127761,0.9541678645875898
cqr,74,1,40146,0.9027798535345987,1.4481650268241175
cqr,74,2,40171,0.9068482238430708,2.081240104459745
cqr,74,3,40175,0.8758929682638457,2.531411674654192
cqr,74,4,39746,0.8671061238866804,3.0866000643967895
abs,75,0,39762,0.9990946129470348,2.358324552519062
abs,75,1,40146,0.9918298211527923,2.3583245525190617
abs,75,2,40171,0.9441139130218317,2.358324552519062
abs,75,3,40175,0.8504044803982577,2.358324552519062
abs,75,4,39746,0.7442761535752025,2.358324552519062
norm,75,0,39762,0.9311402846939288,0.8896831299313426
norm,75,1,40146,0.8865640412494395,1.374153412940746
norm,75,2,40171,0.9105075800950935,2.1601992717474094
norm,75,3,40175,0.9004853764779092,2.7617353083027263
norm,75,4,39746,0.8900518291148795,3.5238005154547336
cqr,75,0,39762,0.9506312559730395,0.9938355675363844
cqr,75,1,40146,0.9121207592288149,1.487832729772912
cqr,75,2,40171,0.9127231087102636,2.1209078074085395
cqr,75,3,40175,0.8819912881144991,2.571079377602986
cqr,75,4,39746,0.871710360791023,3.1262677673455834
abs,76,0,39762,0.9990946129470348,2.37780468385976
abs,76,1,40146,0.9922532755442635,2.37780468385976
abs,76,2,40171,0.9458315700380872,2.37780468385976
abs,76,3,40175,0.8535905413814562,2.37780468385976
abs,76,4,39746,0.7479997987218839,2.37780468385976
norm,76,0,39762,0.9347869825461496,0.9032437250875829
norm,76,1,40146,0.8918198575200518,1.395098328595035
norm,76,2,40171,0.9148639565855966,2.1931251380423373
norm,76,3,40175,0.9058369632856254,2.803829817217915
norm,76,4,39746,0.8949076636642681,3.577510460708074
cqr,76,0,39762,0.9455510286202907,0.9742453891240704
cqr,76,1,40146,0.9077865789866986,1.468242551360598
cqr,76,2,40171,0.9097856662766672,2.1013176289962257
cqr,76,3,40175,0.8790043559427505,2.551489199190672
cqr,76,4,39746,0.8695969405726363,3.1066775889332696
abs,77,0,39762,0.9989688647452342,2.2358841762468704
abs,77,1,40146,0.9884421860210233,2.2358841762468704
abs,77,2,40171,0.9294018072739041,2.235884176246871
abs,77,3,40175,0.8279775980087118,2.2358841762468704
abs,77,4,39746,0.7177074422583405,2.23588417624687
norm,77,0,39762,0.9161007997585634,0.8420397749572471
norm,77,1,40146,0.8677825935336023,1.3005662259535626
norm,77,2,40171,0.8949241990490653,2.0445186015670203
norm,77,3,40175,0.8809458618543871,2.613841826667177
norm,77,4,39746,0.8705278518593066,3.335097736715223
cqr,77,0,39762,0.9115738644937378,0.8743726720523327
cqr,77,1,40146,0.8818313156977033,1.3683698342888602
cqr,77,2,40171,0.8929576062333524,2.0014449119244877
cqr,77,3,40175,0.862775357809583,2.451616482118935
cqr,77,4,39746,0.8568660997333065,3.0068048718615326
abs,78,0,39762,0.9990946129470348,2.340762950416633
abs,78,1,40146,0.9915309121705774,2.340762950416633
abs,78,2,40171,0.9421722137860645,2.3407629504166336
abs,78,3,40175,0.8475668948350965,2.340762950416633
abs,78,4,39746,0.7405273486640165,2.340762950416633
norm,78,0,39762,0.9342085408178663,0.9014210855962385
norm,78,1,40146,0.8910476759826633,1.392283184423666
norm,78,2,40171,0.9144407657265191,2.188699669727383
norm,78,3,40175,0.905065339141257,2.7981720187633785
norm,78,4,39746,0.8943541488451668,3.5702914658063913
cqr,78,0,39762,0.944192948040843,0.9704990663996232
cqr,78,1,40146,0.9071887610222688,1.464496228636151
cqr,78,2,40171,0.9090886460381867,2.0975713062717785
cqr,78,3,40175,0.8784069695084007,2.5477428764662253
cqr,78,4,39746,0.8692195441050672,3.102931266208823
abs,79,0,39762,0.9990694633066747,2.315458364644158
abs,79,1,40146,0.99098291236985,2.315458364644158
abs,79,2,40171,0.939060516292848,2.315458364644158
abs,79,3,40175,0.8429371499688861,2.315458364644158
abs,79,4,39746,0.7347657625924622,2.315458364644158
norm,79,0,39762,0.9301845983602435,0.886608847622901
norm,79,1,40146,0.8855676779753898,1.3694050532333817
norm,79,2,40171,0.9093624754175899,2.152734746254661
norm,79,3,40175,0.8990416925948973,2.752192187034857
norm,79,4,39746,0.8890454385346953,3.511624093064916
cqr,79,0,39762,0.9394145163724159,0.9541270259847011
cqr,79,1,40146,0.9027798535345987,1.4481241882212286
cqr,79,2,40171,0.9068482238430708,2.0811992658568563
cqr,79,3,40175,0.8758929682638457,2.531370836051303
cqr,79,4,39746,0.8671061238866804,3.0865592257939007
abs,80,0,39762,0.9990946129470348,2.3407690211731667
abs,80,1,40146,0.9915309121705774,2.3407690211731667
abs,80,2,40171,0.9421722137860645,2.3407690211731667
abs,80,3,40175,0.8475668948350965,2.3407690211731667
abs,80,4,39746,0.7405273486640165,2.3407690211731667
norm,80,0,39762,0.9336803983703033,0.8996766952425815
norm,80,1,40146,0.8903253126089772,1.3895888993716796
norm,80,2,40171,0.9136690647482014,2.1844641945960253
norm,80,3,40175,0.9044928438083385,2.7927571196053735
norm,80,4,39746,0.8938257937905701,3.5633823951265358
cqr,80,0,39762,0.9536240631758965,1.0073088439083702
cqr,80,1,40146,0.9153340307876252,1.5013060061448977
cqr,80,2,40171,0.9149137437454881,2.1343810837805255
cqr,80,3,40175,0.883758556316117,2.5845526539749715
cqr,80,4,39746,0.8734463845418406,3.1397410437175695
abs,81,0,39762,0.9991449122277551,2.402747053355566
abs,81,1,40146,0.9928012753449907,2.402747053355566
abs,81,2,40171,0.9481964601329317,2.402747053355566
abs,81,3,40175,0.8578967019290603,2.402747053355566
abs,81,4,39746,0.7527549942132542,2.402747053355566
norm,81,0,39762,0.9360696142045168,0.9092189918909581
norm,81,1,40146,0.8935385841677875,1.404327382170237
norm,81,2,40171,0.9167558686614722,2.207633412463753
norm,81,3,40175,0.9081518357187306,2.822378112394294
norm,81,4,39746,0.8968952850601318,3.601176918498882
cqr,81,0,39762,0.960213268950254,1.0374588368763233
cqr,81,1,40146,0.9223833009515269,1.531455999112851
cqr,81,2,40171,0.919095865176371,2.1645310767484784
cqr,81,3,40175,0.8882638456751711,2.614702646942925
cqr,81,4,39746,0.8766668343984301,3.169891036685523
abs,82,0,39762,0.998943715104874,2.197043578608003
abs,82,1,40146,0.9868978229462462,2.197043578608003
abs,82,2,40171,0.9247467078240522,2.197043578608003
abs,82,3,40175,0.8203360298693217,2.197043578608003
abs,82,4,39746,0.7100085543199316,2.197043578608003
norm,82,0,39762,0.9251295206478547,0.8691647283012924
norm,82,1,40146,0.8791909530214717,1.3424618694243504
norm,82,2,40171,0.9038858878295287,2.1103794710032098
norm,82,3,40175,0.8923459863098943,2.698042525619505
norm,82,4,39746,0.8817994263573693,3.4425325315986637
cqr,82,0,39762,0.9330768070016598,0.9334844935943192
cqr,82,1,40146,0.8974742191002839,1.4274816558308467
cqr,82,2,40171,0.9030892932712653,2.0605567334664747
cqr,82,3,40175,0.8725326695706285,2.510728303660921
cqr,82,4,39746,0.8646153072007245,3.0659166934035187
abs,83,0,39762,0.9990946129470348,2.357278316768311
abs,83,1,40146,0.9918298211527923,2.357278316768311
abs,83,2,40171,0.9441139130218317,2.357278316768311
abs,83,3,40175,0.850230242688239,2.3572783167683116
abs,83,4,39746,0.7441503547526795,2.357278316768311
norm,83,0,39762,0.9272420904381067,0.8757917647212681
norm,83,1,40146,0.8818313156977033,1.3526976088778961
norm,83,2,40171,0.9059769485449702,2.126470277681066
norm,83,3,40175,0.8949844430616055,2.7186140300739807
norm,83,4,39746,0.8844160418658481,3.468780477150301
cqr,83,0,39762,0.9470851566822595,0.9801057982982845
cqr,83,1,40146,0.9089573058337069,1.4741029605348122
cqr,83,2,40171,0.9105075800950935,2.10717803817044
cqr,83,3,40175,0.8797261978842564,2.5573496083648863
cqr,83,4,39746,0.8702762542142606,3.112537998107484
abs,84,0,39762,0.9990694633066747,2.3344884500643066
abs,84,1,40146,0.9913565485976187,2.3344884500643066
abs,84,2,40171,0.9415498742874213,2.3344884500643066
abs,84,3,40175,0.8462974486621033,2.334488450064307
abs,84,4,39746,0.7395209580838323,2.3344884500643066
norm,84,0,39762,0.9329510587998592,0.8958449666871436
norm,84,1,40146,0.8888307676979027,1.3836706317382088
norm,84,2,40171,0.9127480022902094,2.1751605482116894
norm,84,3,40175,0.9030242688238954,2.780862749927709
norm,84,4,39746,0.8922658883912846,3.5482059276804496
cqr,84,0,39762,0.9541773552638197,1.0100065406988596
cqr,84,1,40146,0.9159069396702038,1.504003702935387
cqr,84,2,40171,0.9153369346045654,2.1370787805710147
cqr,84,3,40175,0.8841319228375856,2.5872503507654616
cqr,84,4,39746,0.873622502893373,3.1424387405080587
abs,85,0,39762,0.9990694633066747,2.3003013183687573
abs,85,1,40146,0.9905096398146764,2.3003013183687573
abs,85,2,40171,0.9372930721167011,2.300301318368757
abs,85,3,40175,0.8405476042314872,2.3003013183687573
abs,85,4,39746,0.7313188748553313,2.3003013183687573
norm,85,0,39762,0.9381318847140486,0.9199740914378532
norm,85,1,40146,0.8972998555273253,1.420939090599533
norm,85,2,40171,0.9202658634338204,2.2337473820638802
norm,85,3,40175,0.9114623522090852,2.8557638619535357
norm,85,4,39746,0.9010718059678962,3.643775034673165
cqr,85,0,39762,0.9610683567224989,1.0411743970667362
cqr,85,1,40146,0.9232551188163204,1.5351715593032638
cqr,85,2,40171,0.9195688431953399,2.1682466369388913
cqr,85,3,40175,0.8887865588052272,2.6184182071333377
cqr,85,4,39746,0.8769939113369899,3.173606596875935
abs,86,0,39762,0.9990443136663145,2.2760685621583647
abs,86,1,40146,0.9896876401135855,2.2760685621583647
abs,86,2,40171,0.9346045654825621,2.2760685621583647
abs,86,3,40175,0.8361667703795893,2.2760685621583647
abs,86,4,39746,0.7261108036028783,2.2760685621583647
norm,86,0,39762,0.9296061566319601,0.8850580964236345
norm,86,1,40146,0.8849449509291087,1.367009852086588
norm,86,2,40171,0.9089143909785666,2.148969437574956
norm,86,3,40175,0.8983198506533914,2.747378378390718
norm,86,4,39746,0.8884164444220802,3.505481976066767
cqr,86,0,39762,0.950354609929078,0.9926163671958603
cqr,86,1,40146,0.9119713047377074,1.486613529432388
cqr,86,2,40171,0.9124741729108063,2.1196886070680154
cqr,86,3,40175,0.8817174859987554,2.569860177262462
cqr,86,4,39746,0.8715594022039954,3.12504856700506
abs,87,0,39762,0.9991700618681153,2.4115000524856387
abs,87,1,40146,0.9930005479998008,2.4115000524856383
abs,87,2,40171,0.9487441188917378,2.4115000524856383
abs,87,3,40175,0.8591661481020535,2.4115000524856383
abs,87,4,39746,0.7542645800835304,2.4115000524856383
norm,87,0,39762,0.9227906040943614,0.8609473703352923
norm,87,1,40146,0.8757285906441489,1.3297698107413831
norm,87,2,40171,0.9014712105747927,2.09042727668071
norm,87,3,40175,0.8893590541381456,2.6725343790983764
norm,87,4,39746,0.8786041362652846,3.4099857413290753
cqr,87,0,39762,0.9437402545143605,0.9688521511400635
cqr,87,1,40146,0.9067403975489463,1.4628493133765912
cqr,87,2,40171,0.908789923078838,2.0959243910122187
cqr,87,3,40175,0.8783074051026758,2.546095961206665
cqr,87,4,39746,0.8690685855180396,3.101284350949263
abs,88,0,39762,0.9991700618681153,2.417183811893694
abs,88,1,40146,0.9931001843272057,2.417183811893694
abs,88,2,40171,0.9493913519703269,2.417183811893694
abs,88,3,40175,0.8600124455507157,2.417183811893694
abs,88,4,39746,0.7555980476022744,2.417183811893694
norm,88,0,39762,0.9299079523162819,0.886018743009218
norm,88,1,40146,0.8853684053205799,1.3684936115733075
norm,88,2,40171,0.9091882203579696,2.151301939996065
norm,88,3,40175,0.8988176726820162,2.7503603969374923
norm,88,4,39746,0.88874352136064,3.5092868441367178
cqr,88,0,39762,0.9477641969719833,0.9829539662905349
cqr,88,1,40146,0.9094056693070294,1.4769511285270625
cqr,88,2,40171,0.9110054516940082,2.1100262061626904
cqr,88,3,40175,0.8801244555071562,2.560197776357137
cqr,88,4,39746,0.8706033311528204,3.1153861660997344
abs,89,0,39762,0.9990443136663145,2.2703584811029964
abs,89,1,40146,0.9894883674587754,2.270358481102996
abs,89,2,40171,0.9338826516641359,2.2703584811029964
abs,89,3,40175,0.8351213441194772,2.2703584811029964
abs,89,4,39746,0.7249282946711619,2.2703584811029964
norm,89,0,39762,0.9359941652834365,0.9088661076505573
norm,89,1,40146,0.8934638569222338,1.4037823374604905
norm,89,2,40171,0.9166562943416893,2.206776590238537
norm,89,3,40175,0.9080024891101431,2.8212826966966476
norm,89,4,39746,0.8967946460021134,3.5997792369801638
cqr,89,0,39762,0.9312911825360898,0.9285119852383129
cqr,89,1,40146,0.896253674089573,1.4225091474748406
cqr,89,2,40171,0.9023673794528391,2.055584225110468
cqr,89,3,40175,0.8718108276291225,2.505755795304915
cqr,89,4,39746,0.8639863130881095,3.060944185047512
abs,90,0,39762,0.9991449122277551,2.404666065294223
abs,90,1,40146,0.9928012753449907,2.404666065294223
abs,90,2,40171,0.9483956087724976,2.404666065294223
abs,90,3,40175,0.8581207218419415,2.404666065294223
abs,90,4,39746,0.753082071151814,2.404666065294223
norm,90,0,39762,0.9373773955032443,0.9150283141400913
norm,90,1,40146,0.895431674388482,1.4133001273274197
norm,90,2,40171,0.9188967165368052,2.22173876443653
norm,90,3,40175,0.9098444306160548,2.8404112860411606
norm,90,4,39746,0.8993106224525739,3.624186113623799
cqr,90,0,39762,0.9564408228962326,1.0196743622564421
cqr,90,1,40146,0.9180491207094107,1.51367152449297
cqr,90,2,40171,0.9165069328620149,2.1467466021285975
cqr,90,3,40175,0.8856253889234599,2.5969181723230443
cqr,90,4,39746,0.8748050118250893,3.1521065620656414
abs,91,0,39762,0.9984910215783914,2.075914515241686
abs,91,1,40146,0.9819160065759976,2.075914515241686
abs,91,2,40171,0.9072465211222026,2.075914515241686
abs,91,3,40175,0.7957685127566895,2.075914515241686
abs,91,4,39746,0.682584411009913,2.075914515241686
norm,91,0,39762,0.9241738343141693,0.8660496457100927
norm,91,1,40146,0.8779953170926119,1.3376504919459222
norm,91,2,40171,0.9029897189514824,2.1028158801936803
norm,91,3,40175,0.8912507778469198,2.688372752988142
norm,91,4,39746,0.8806672369546621,3.4301945100365376
cqr,91,0,39762,0.9281223278507117,0.9193337854610614
cqr,91,1,40146,0.8935385841677875,1.413330947697589
cqr,91,2,40171,0.9008737646560951,2.046406025333217
cqr,91,3,40175,0.8702675793403858,2.496577595527663
cqr,91,4,39746,0.8628038041563931,3.051765985270261
abs,92,0,39762,0.9990694633066747,2.3274974325810165
abs,92,1,40146,0.99118218502466,2.3274974325810165
abs,92,2,40171,0.9406288118294291,2.327497432581016
abs,92,3,40175,0.8451524579962664,2.3274974325810165
abs,92,4,39746,0.7375836562169779,2.3274974325810165
norm,92,0,39762,0.9205271364619486,0.8543135087887632
norm,92,1,40146,0.8728889553131072,1.3195235295897523
norm,92,2,40171,0.8992805755395683,2.0743198982225035
norm,92,3,40175,0.886372121966397,2.651941688232298
norm,92,4,39746,0.8757610828762643,3.38371076324905
cqr,92,0,39762,0.9427342688999547,0.9657224380004269
cqr,92,1,40146,0.9059682160115579,1.4597196002369548
cqr,92,2,40171,0.908316945059869,2.0927946778725826
cqr,92,3,40175,0.877909147479776,2.542966248067029
cqr,92,4,39746,0.8687918281084889,3.098154637809626
abs,93,0,39762,0.9988431165434334,2.1703784953849237
abs,93,1,40146,0.9857270960992378,2.1703784953849237
abs,93,2,40171,0.9210624579920839,2.1703784953849237
abs,93,3,40175,0.8149844430616054,2.1703784953849237
abs,93,4,39746,0.7048004830674784,2.1703784953849237
norm,93,0,39762,0.925179819928575,0.8694574257545283
norm,93,1,40146,0.8792656802670253,1.342913953082893
norm,93,2,40171,0.9039854621493117,2.1110901564192317
norm,93,3,40175,0.8923708774113255,2.698951110782083
norm,93,4,39746,0.8818749056508831,3.443691829107952
cqr,93,0,39762,0.9340073436949852,0.936629516707851
cqr,93,1,40146,0.8980720370647138,1.4306266789443787
cqr,93,2,40171,0.9038361006696373,2.063701756580006
cqr,93,3,40175,0.873204729309272,2.5138733267744535
cqr,93,4,39746,0.8648920646102752,3.06906171651705
abs,94,0,39762,0.9987425179819929,2.132084536201432
abs,94,1,40146,0.9840830966970557,2.132084536201432
abs,94,2,40171,0.9154365089243484,2.132084536201432
abs,94,3,40175,0.8077162414436839,2.132084536201432
abs,94,4,39746,0.6955920092587934,2.132084536201432
norm,94,0,39762,0.9318193249836527,0.8923780934200018
norm,94,1,40146,0.8877098590145968,1.3783158986068258
norm,94,2,40171,0.9113539618132483,2.166742790411226
norm,94,3,40175,0.9016801493466086,2.77010095621806
norm,94,4,39746,0.8911336989885774,3.5344745559203576
cqr,94,0,39762,0.9514863437452844,0.9972147952283466
cqr,94,1,40146,0.9130922134210133,1.4912119574648743
cqr,94,2,40171,0.9134450225286899,2.124287035100502
cqr,94,3,40175,0.8822153080273802,2.5744586052949483
cqr,94,4,39746,0.8721380767876012,3.1296469950375463
abs,95,0,39762,0.9992455107891958,2.4539634128636045
abs,95,1,40146,0.9938972749464454,2.4539634128636045
abs,95,2,40171,0.9529511339025666,2.4539634128636045
abs,95,3,40175,0.8663098942128189,2.4539634128636045
abs,95,4,39746,0.7628189000150959,2.453963412863605
norm,95,0,39762,0.9334792012474221,0.8987348488644408
norm,95,1,40146,0.8899765854630598,1.388134177604517
norm,95,2,40171,0.9134450225286899,2.1821773401062536
norm,95,3,40175,0.9041941505911637,2.7898334602597035
norm,95,4,39746,0.8935238766165149,3.5596519897258756
cqr,95,0,39762,0.952819274684372,1.0039075814083631
cqr,95,1,40146,0.9147611219050465,1.4979047436448907
cqr,95,2,40171,0.9144158721465734,2.1309798212805187
cqr,95,3,40175,0.8833105164903547,2.581151391474965
cqr,95,4,39746,0.8729431892517486,3.1363397812175626
abs,96,0,39762,0.9989688647452342,2.2438723296033802
abs,96,1,40146,0.9885418223484282,2.2438723296033802
abs,96,2,40171,0.9302730825720047,2.2438723296033802
abs,96,3,40175,0.8299191039203485,2.2438723296033802
abs,96,4,39746,0.7194937855381673,2.24387232960338
norm,96,0,39762,0.9330516573612997,0.896092460731638
norm,96,1,40146,0.8889304040253077,1.3840528968104382
norm,96,2,40171,0.9127977894501008,2.175761477280356
norm,96,3,40175,0.9031487243310516,2.7816310156374646
norm,96,4,39746,0.8923413676847984,3.54918618639529
cqr,96,0,39762,0.9472360545244203,0.9804685647988477
cqr,96,1,40146,0.9089822149155582,1.4744657270353752
cqr,96,2,40171,0.9106320479948221,2.1075408046710034
cqr,96,3,40175,0.8797510889856877,2.55771237486545
cqr,96,4,39746,0.8703014139787651,3.1129007646080478
abs,97,0,39762,0.9994970071927971,2.5760347495049842
abs,97,1,40146,0.9957405470034375,2.5760347495049842
abs,97,2,40171,0.9627592044011849,2.576034749504984
abs,97,3,40175,0.8831362787803361,2.5760347495049842
abs,97,4,39746,0.7841292205504956,2.5760347495049847
norm,97,0,39762,0.9381318847140486,0.919778874912582
norm,97,1,40146,0.8972002191999203,1.4206375703779635
norm,97,2,40171,0.9202409698538747,2.2332733856695053
norm,97,3,40175,0.9113876789047916,2.855157874998779
norm,97,4,39746,0.9009963266743823,3.6430018334409144
cqr,97,0,39762,0.9767114330265078,1.1409575632159197
cqr,97,1,40146,0.9405918397847856,1.6349547254524475
cqr,97,2,40171,0.9325383983470663,2.268029803088075
cqr,97,3,40175,0.9019041692594897,2.7182013732825223
cqr,97,4,39746,0.8886428823026217,3.273389763025119
abs,98,0,39762,0.9990191640259545,2.264220849859675
abs,98,1,40146,0.9891894584765606,2.264220849859675
abs,98,2,40171,0.932936695626198,2.264220849859675
abs,98,3,40175,0.8341008089607965,2.264220849859675
abs,98,4,39746,0.7236954662104362,2.264220849859675
norm,98,0,39762,0.9259343091393794,0.8721013179475837
norm,98,1,40146,0.8802122253773725,1.3469975569619674
norm,98,2,40171,0.9047073759677379,2.1175096711856383
norm,98,3,40175,0.8934411947728687,2.7071582242759296
norm,98,4,39746,0.8832586926986363,3.4541635896249963
cqr,98,0,39762,0.9108696745636538,0.8724356822334438
cqr,98,1,40146,0.881084043242166,1.3664328444699714
cqr,98,2,40171,0.8926090961141122,1.999507922105599
cqr,98,3,40175,0.862451773490977,2.4496794923000462
cqr,98,4,39746,0.856513863030242,3.0048678820426424
abs,99,0,39762,0.9990694633066747,2.3239097543698337
abs,99,1,40146,0.9910576396154038,2.3239097543698337
abs,99,2,40171,0.940180727390406,2.3239097543698337
abs,99,3,40175,0.8445799626633479,2.3239097543698337
abs,99,4,39746,0.7369546621043627,2.3239097543698337
norm,99,0,39762,0.9161007997585634,0.8419946527231225
norm,99,1,40146,0.8677327753698999,1.3004965327448952
norm,99,2,40171,0.8948993054691196,2.044409042316073
norm,99,3,40175,0.8809458618543871,2.6137017591948606
norm,99,4,39746,0.8705278518593066,3.3349190194320486
cqr,99,0,39762,0.9475881494894624,0.9822839097090801
cqr,99,1,40146,0.9092313057340706,1.4762810719456079
cqr,99,2,40171,0.910930770954171,2.109356149581236
cqr,99,3,40175,0.8800746733042937,2.559527719775682
cqr,99,4,39746,0.8705530116238112,3.11471610951828
abs,100,0,39762,0.9989688647452342,2.242996130707429
abs,100,1,40146,0.988516913266577,2.242996130707429
abs,100,2,40171,0.9302232954121132,2.242996130707429
abs,100,3,40175,0.8296204107031736,2.242996130707429
abs,100,4,39746,0.7193428269511397,2.242996130707429
norm,100,0,39762,0.9250792213671345,0.8690187846914557
norm,100,1,40146,0.8790414985303642,1.3422364533151685
norm,100,2,40171,0.9037365263498544,2.1100251119408893
norm,100,3,40175,0.8923459863098943,2.6975894905930473
norm,100,4,39746,0.88174910682836,3.4419544874048746
cqr,100,0,39762,0.9656455912680448,1.06479273568072
cqr,100,1,40146,0.9271907537488168,1.5587898979172476
cqr,100,2,40171,0.9226556471086107,2.191864975552875
cqr,100,3,40175,0.8921966397013068,2.642036545747322
cqr,100,4,39746,0.8800634026065516,3.197224935489919
abs,101,0,39762,0.9990443136663145,2.2679502874702777
abs,101,1,40146,0.9894136402132218,2.2679502874702777
abs,101,2,40171,0.9335590351248413,2.2679502874702777
abs,101,3,40175,0.8346235220908526,2.2679502874702777
abs,101,4,39746,0.7244502591455744,2.2679502874702777
norm,101,0,39762,0.9358684170816357,0.9082865440035094
norm,101,1,40146,0.8932396751855727,1.4028871767714608
norm,101,2,40171,0.9165069328620149,2.2053693780231254
norm,101,3,40175,0.9078282514001245,2.819483627642044
norm,101,4,39746,0.8966688471795904,3.5974837380440814
cqr,101,0,39762,0.9379558372315275,0.9494010998584199
cqr,101,1,40146,0.9013849449509291,1.4433982620949477
cqr,101,2,40171,0.9060765228647532,2.0764733397305757
cqr,101,3,40175,0.8752209085252023,2.526644909925022
cqr,101,4,39746,0.8663513309515423,3.0818332996676197
abs,102,0,39762,0.9989688647452342,2.2396771024280113
abs,102,1,40146,0.988516913266577,2.2396771024280113
abs,102,2,40171,0.9297503173931443,2.2396771024280113
abs,102,3,40175,0.8287990043559428,2.2396771024280113
abs,102,4,39746,0.7186131937805063,2.2396771024280113
norm,102,0,39762,0.9304360947638449,0.8874340264215256
norm,102,1,40146,0.8858167687939023,1.3706795769646603
norm,102,2,40171,0.9096860919568843,2.1547383254840287
norm,102,3,40175,0.8995395146235221,2.7547536893800784
norm,102,4,39746,0.8893976752377598,3.51489240891593
cqr,102,0,39762,0.9346360847039887,0.9383560999081054
cqr,102,1,40146,0.8986200368654411,1.4323532621446329
cqr,102,2,40171,0.9041348236289861,2.065428339780261
cqr,102,3,40175,0.8735532047293093,2.5155999099747075
cqr,102,4,39746,0.8651185024908167,3.070788299717305
abs,103,0,39762,0.9990694633066747,2.3159895065246943
abs,103,1,40146,0.99098291236985,2.315989506524694
abs,103,2,40171,0.939160090612631,2.3159895065246943
abs,103,3,40175,0.8430118232731798,2.3159895065246943
abs,103,4,39746,0.7349418809439944,2.3159895065246943
norm,103,0,39762,0.9340324933353453,0.9010218968165725
norm,103,1,40146,0.8907985851641509,1.3916666203847052
norm,103,2,40171,0.9142416170869533,2.187730417549711
norm,103,3,40175,0.9049657747355321,2.7969328655071326
norm,103,4,39746,0.8942031902581392,3.568710384205284
cqr,103,0,39762,0.935742668879835,0.9426110974909563
cqr,103,1,40146,0.8998156727943007,1.4366082597274836
cqr,103,2,40171,0.9050060989270867,2.069683337363111
cqr,103,3,40175,0.8741257000622278,2.519854907557558
cqr,103,4,39746,0.8656720173099179,3.0750432973001556
abs,104,0,39762,0.9990946129470348,2.3526022110101623
abs,104,1,40146,0.9917301848253873,2.3526022110101623
abs,104,2,40171,0.9434417863632969,2.3526022110101623
abs,104,3,40175,0.849707529558183,2.3526022110101623
abs,104,4,39746,0.7431188044079907,2.3526022110101623
norm,104,0,39762,0.9279211307278306,0.8784187244657273
norm,104,1,40146,0.8828027698899018,1.3567550598703468
norm,104,2,40171,0.9068731174230166,2.132848679536712
norm,104,3,40175,0.8959054138145613,2.726768582223714
norm,104,4,39746,0.8850450359784633,3.4791851726988376
cqr,104,0,39762,0.9435642070318394,0.9684853519776264
cqr,104,1,40146,0.9067154884670952,1.462482514214154
cqr,104,2,40171,0.9086405615991636,2.0955575918497815
cqr,104,3,40175,0.8782825140012446,2.545729162044229
cqr,104,4,39746,0.869043425753535,3.100917551786825
abs,105,0,39762,0.9990694633066747,2.3249123714894955
abs,105,1,40146,0.9910576396154038,2.3249123714894955
abs,105,2,40171,0.9403798760299719,2.324912371489495
abs,105,3,40175,0.8447293092719352,2.3249123714894955
abs,105,4,39746,0.737130780455895,2.3249123714894955
norm,105,0,39762,0.9336803983703033,0.8997875499370781
norm,105,1,40146,0.8903502216908284,1.3897601191595546
norm,105,2,40171,0.9137188519080929,2.1847333558538535
norm,105,3,40175,0.9045177349097697,2.793101232372697
norm,105,4,39746,0.8938257937905701,3.5638214613698596
cqr,105,0,39762,0.9422061264523918,0.9637092064910315
cqr,105,1,40146,0.9053205798834255,1.4577063687275593
cqr,105,2,40171,0.9081675835801947,2.0907814463631866
cqr,105,3,40175,0.8775357809583074,2.540953016557634
cqr,105,4,39746,0.8684395914054245,3.0961414063002315
abs,106,0,39762,0.999295810069916,2.466516025049427
abs,106,1,40146,0.9940467294375529,2.466516025049427
abs,106,2,40171,0.9541211321600159,2.466516025049427
abs,106,3,40175,0.868624766645924,2.466516025049427
abs,106,4,39746,0.7647562018819504,2.466516025049427
norm,106,0,39762,0.9331774055631005,0.8967004420224958
norm,106,1,40146,0.8890051312708613,1.384991949758313
norm,106,2,40171,0.9129222573498295,2.177237689088316
norm,106,3,40175,0.9034723086496578,2.783518298133065
norm,106,4,39746,0.8926181250943491,3.551594240132667
cqr,106,0,39762,0.9532971178512147,1.0056031761511786
cqr,106,1,40146,0.9150600308872615,1.4996003383877063
cqr,106,2,40171,0.9146399143660849,2.132675416023334
cqr,106,3,40175,0.8835096453018046,2.5828469862177807
cqr,106,4,39746,0.8732702661903085,3.1380353759603783
abs,107,0,39762,0.9992455107891958,2.43992971179921
abs,107,1,40146,0.9935236387186769,2.4399297117992105
abs,107,2,40171,0.9515570934256056,2.43992971179921
abs,107,3,40175,0.8640696950840074,2.43992971179921
abs,107,4,39746,0.7601268052131032,2.43992971179921
norm,107,0,39762,0.9310899854132086,0.8893503477250627
norm,107,1,40146,0.8863896776764808,1.3736394166771995
norm,107,2,40171,0.910457792935202,2.1593912583598662
norm,107,3,40175,0.900261356565028,2.760702292908663
norm,107,4,39746,0.8899763498213656,3.522482452797849
cqr,107,0,39762,0.9453498314974096,0.9736586303134244
cqr,107,1,40146,0.907736760822996,1.467655792549952
cqr,107,2,40171,0.9096611983769386,2.1007308701855796
cqr,107,3,40175,0.8789047915370255,2.550902440380027
cqr,107,4,39746,0.8695717808081317,3.1060908301226235
abs,108,0,39762,0.9990694633066747,2.3058446435210556
abs,108,1,40146,0.9906590943057839,2.3058446435210556
abs,108,2,40171,0.9379154116153444,2.3058446435210556
abs,108,3,40175,0.8413939016801494,2.3058446435210556
abs,108,4,39746,0.7323504252000201,2.3058446435210556
norm,108,0,39762,0.9292540616669182,0.8831778220094484
norm,108,1,40146,0.8844218602102326,1.3641056883269378
norm,108,2,40171,0.9082920514799233,2.1444040285168753
norm,108,3,40175,0.8976228998133168,2.7415416708436653
norm,108,4,39746,0.8873094147838776,3.4980347044180204
cqr,108,0,39762,0.9515366430260047,0.9975426245051052
cqr,108,1,40146,0.9131420315847157,1.491539786741633
cqr,108,2,40171,0.9134948096885813,2.1246148643772607
cqr,108,3,40175,0.8822401991288115,2.5747864345717075
cqr,108,4,39746,0.8721380767876012,3.1299748243143046
abs,109,0,39762,0.9990694633066747,2.287891390506257
abs,109,1,40146,0.9899865490958003,2.287891390506257
abs,109,2,40171,0.9358741380597944,2.287891390506257
abs,109,3,40175,0.8384069695084008,2.287891390506257
abs,109,4,39746,0.7288783776983847,2.287891390506257
norm,109,0,39762,0.9414264876012273,0.9349056241935929
norm,109,1,40146,0.90240621730683,1.4440014776522359
norm,109,2,40171,0.9247964949839437,2.270001959789223
norm,109,3,40175,0.9160423148724331,2.90211400598941
norm,109,4,39746,0.9057766819302572,3.7029149026228536
cqr,109,0,39762,0.955812081887229,1.0172830826154067
cqr,109,1,40146,0.9176007572360882,1.5112802448519342
cqr,109,2,40171,0.9162331034826119,2.1443553224875624
cqr,109,3,40175,0.8853018046048537,2.594526892682009
cqr,109,4,39746,0.8744779348865295,3.1497152824246064
abs,110,0,39762,0.9992455107891958,2.4498437774092414
abs,110,1,40146,0.993747820455338,2.4498437774092414
abs,110,2,40171,0.9526773045231635,2.4498437774092414
abs,110,3,40175,0.8656627255756068,2.4498437774092414
abs,110,4,39746,0.7620389473154531,2.4498437774092414
norm,110,0,39762,0.9342085408178663,0.9014917386196061
norm,110,1,40146,0.8910725850645145,1.3923923110215848
norm,110,2,40171,0.9144905528864106,2.188871219130188
norm,110,3,40175,0.9051151213441194,2.798391338364603
norm,110,4,39746,0.8943541488451668,3.570571303820383
cqr,110,0,39762,0.9540767567023791,1.0095927243004432
cqr,110,1,40146,0.9158322124246501,1.5035898865369706
cqr,110,2,40171,0.915287147444674,2.1366649641725988
cqr,110,3,40175,0.8840074673304293,2.586836534367045
cqr,110,4,39746,0.8735973431288683,3.1420249241096427
abs,111,0,39762,0.9991952115084755,2.434343152473345
abs,111,1,40146,0.9933990933094207,2.434343152473345
abs,111,2,40171,0.9511339025665281,2.434343152473345
abs,111,3,40175,0.8630491599253267,2.4343431524733448
abs,111,4,39746,0.7588939767523776,2.434343152473345
norm,111,0,39762,0.927292389718827,0.8762745140651114
norm,111,1,40146,0.8820554974343646,1.3534432357602317
norm,111,2,40171,0.9061512036045903,2.127642419476188
norm,111,3,40175,0.8952582451773491,2.720112570243058
norm,111,4,39746,0.8845921602173804,3.4706925201344156
cqr,111,0,39762,0.9588551883708063,1.0308405524119304
cqr,111,1,40146,0.921063119613411,1.524837714648458
cqr,111,2,40171,0.918075228398596,2.1579127922840855
cqr,111,3,40175,0.8871188550093342,2.6080843624785324
cqr,111,4,39746,0.8759875207568057,3.163272752221129
abs,112,0,39762,0.9989688647452342,2.227500556684074
abs,112,1,40146,0.9880685497932546,2.2275005566840735
abs,112,2,40171,0.9286301062955864,2.2275005566840735
abs,112,3,40175,0.826110765401369,2.227500556684074
abs,112,4,39746,0.7161223770945504,2.2275005566840744
norm,112,0,39762,0.9283989738946733,0.8800930211115471
norm,112,1,40146,0.8834254969361829,1.3593410822110268
norm,112,2,40171,0.9072714147021483,2.1369139633139462
norm,112,3,40175,0.8965276913503423,2.73196589799578
norm,112,4,39746,0.8856740300910784,3.485816620666182
cqr,112,0,39762,0.9448468386902067,0.9724512172244505
cqr,112,1,40146,0.9076122154137398,1.4664483794609782
cqr,112,2,40171,0.9093624754175899,2.099523457096606
cqr,112,3,40175,0.8786558805227132,2.5496950272910524
cqr,112,4,39746,0.8694963015146179,3.1048834170336503
abs,113,0,39762,0.9990694633066747,2.3228565636161234
abs,113,1,40146,0.9910576396154038,2.3228565636161234
abs,113,2,40171,0.9400562594906774,2.3228565636161234
abs,113,3,40175,0.8444057249533292,2.3228565636161234
abs,113,4,39746,0.7367533839883259,2.3228565636161234
norm,113,0,39762,0.9274432875609879,0.8765051593794673
norm,113,1,40146,0.8821302246799183,1.3537994772525543
norm,113,2,40171,0.9062756715043191,2.1282024389070853
norm,113,3,40175,0.8953578095830741,2.7208285344857424
norm,113,4,39746,0.884617319981885,3.4716060454675044
cqr,113,0,39762,0.9400684070217796,0.9566272312383189
cqr,113,1,40146,0.903427489662731,1.4506243934748466
cqr,113,2,40171,0.9071469468024197,2.0836994711104744
cqr,113,3,40175,0.876141879278158,2.5338710413049212
cqr,113,4,39746,0.867508680118754,3.0890594310475183
abs,114,0,39762,0.9991449122277551,2.403850920870674
abs,114,1,40146,0.9928012753449907,2.403850920870674
abs,114,2,40171,0.9483209280326603,2.403850920870674
abs,114,3,40175,0.8580211574362165,2.403850920870674
abs,114,4,39746,0.7528807930357772,2.403850920870674
norm,114,0,39762,0.9332025552034606,0.8968972081779315
norm,114,1,40146,0.8890549494345639,1.3852958634495436
norm,114,2,40171,0.9129471509297752,2.177715448069437
norm,114,3,40175,0.9035220908525202,2.784129095416574
norm,114,4,39746,0.8927690836813768,3.552373579041792
cqr,114,0,39762,0.9426588199788744,0.9651593947296961
cqr,114,1,40146,0.9057440342748966,1.459156556966224
cqr,114,2,40171,0.9082920514799233,2.0922316346018515
cqr,114,3,40175,0.8778344741754822,2.5424032047962983
cqr,114,4,39746,0.8687163488149751,3.0975915945388954
abs,115,0,39762,0.9991449122277551,2.3994473113445176
abs,115,1,40146,0.9927265480994371,2.3994473113445176
abs,115,2,40171,0.9478977371735829,2.3994473113445176
abs,115,3,40175,0.8572495332918482,2.3994473113445176
abs,115,4,39746,0.7522517989231621,2.3994473113445176
norm,115,0,39762,0.932925909159499,0.8951976177749819
norm,115,1,40146,0.8885816768793903,1.3826707738257862
norm,115,2,40171,0.9124492793308606,2.1735887496672714
norm,115,3,40175,0.9028251400124455,2.7788532633056047
norm,115,4,39746,0.8921904090977708,3.5456419491653905
cqr,115,0,39762,0.9550072933957044,1.013378954322876
cqr,115,1,40146,0.9166293030438898,1.5073761165594035
cqr,115,2,40171,0.9157352318836972,2.1404511941950313
cqr,115,3,40175,0.884704418170504,2.5906227643894777
cqr,115,4,39746,0.8740250591254466,3.145811154132076
abs,116,0,39762,0.9990694633066747,2.305653894650575
abs,116,1,40146,0.9906590943057839,2.305653894650575
abs,116,2,40171,0.9378905180353987,2.305653894650575
abs,116,3,40175,0.8413690105787182,2.305653894650575
abs,116,4,39746,0.7323252654355156,2.305653894650575
norm,116,0,39762,0.9265630501483829,0.8738027913844282
norm,116,1,40146,0.8809844069147611,1.3496255550116194
norm,116,2,40171,0.9052799283064897,2.1216409416970308
norm,116,3,40175,0.8942874922215308,2.7124399016603653
norm,116,4,39746,0.8837618879887285,3.4609026777026224
cqr,116,0,39762,0.9518132890699663,0.9992386612956919
cqr,116,1,40146,0.9134907587306332,1.4932358235322196
cqr,116,2,40171,0.9138433198078215,2.1263109011678476
cqr,116,3,40175,0.882514001244555,2.576482471362294
cqr,116,4,39746,0.8724148341971519,3.1316708611048916
abs,117,0,39762,0.9987928172627132,2.1482710795317597
abs,117,1,40146,0.9848801873162956,2.1482710795317597
abs,117,2,40171,0.918349057777999,2.1482710795317597
abs,117,3,40175,0.8107031736154325,2.1482710795317597
abs,117,4,39746,0.6997936899310623,2.1482710795317597
norm,117,0,39762,0.9149187666616367,0.8379944119201107
norm,117,1,40146,0.8658895033129079,1.2943179907819073
norm,117,2,40171,0.8934305842523214,2.034696238983333
norm,117,3,40175,0.8791537025513378,2.601284297409064
norm,117,4,39746,0.8685653902279474,3.3190751193631733
cqr,117,0,39762,0.9213822242341935,0.898271874423209
cqr,117,1,40146,0.8884322223882828,1.3922690366597366
cqr,117,2,40171,0.8973139827238555,2.0253441142953643
cqr,117,3,40175,0.8667081518357187,2.4755156844898107
cqr,117,4,39746,0.8601871886479142,3.0307040742324083
abs,118,0,39762,0.9990443136663145,2.2708370861719867
abs,118,1,40146,0.9894883674587754,2.2708370861719867
abs,118,2,40171,0.9339075452440816,2.2708370861719867
abs,118,3,40175,0.8352706907280647,2.2708370861719867
abs,118,4,39746,0.7250792532581894,2.2708370861719867
norm,118,0,39762,0.9246768271213721,0.8676478009393369
norm,118,1,40146,0.878518407811488,1.3401189106320721
norm,118,2,40171,0.9034129098105599,2.1066962884493914
norm,118,3,40175,0.8918979464841319,2.6933337122063894
norm,118,4,39746,0.8811955920092588,3.4365243819101585
cqr,118,0,39762,0.9407474473115034,0.9588496016642671
cqr,118,1,40146,0.9040253076271608,1.4528467639007947
cqr,118,2,40171,0.9073460954419855,2.0859218415364222
cqr,118,3,40175,0.8767392657125078,2.536093411730869
cqr,118,4,39746,0.8677854375283047,3.091281801473466
abs,119,0,39762,0.9990694633066747,2.2921669710210475
abs,119,1,40146,0.9901110945050565,2.2921669710210475
abs,119,2,40171,0.9362973289188719,2.2921669710210475
abs,119,3,40175,0.8392532669570628,2.292166971021048
abs,119,4,39746,0.7297841292205505,2.2921669710210475
norm,119,0,39762,0.9081535134047584,0.8184133397556271
norm,119,1,40146,0.8579684152842126,1.2640741924691974
norm,119,2,40171,0.88556421298947,1.987152325418269
norm,119,3,40175,0.870292470441817,2.540501152768284
norm,119,4,39746,0.8599104312383636,3.2415196506069117
cqr,119,0,39762,0.929757054474121,0.9243424087964156
cqr,119,1,40146,0.8950082199970109,1.418339571032943
cqr,119,2,40171,0.9017201463742501,2.051414648668571
cqr,119,3,40175,0.8712134411947728,2.5015862188630176
cqr,119,4,39746,0.8634579580335128,3.056774608605615
abs,120,0,39762,0.9990694633066747,2.3240861195030655
abs,120,1,40146,0.9910576396154038,2.3240861195030655
abs,120,2,40171,0.940180727390406,2.3240861195030655
abs,120,3,40175,0.8446795270690728,2.3240861195030655
abs,120,4,39746,0.7369546621043627,2.3240861195030655
norm,120,0,39762,0.9303857954831246,0.8872968080683774
norm,120,1,40146,0.885791859712051,1.3704676373853286
norm,120,2,40171,0.9095616240571557,2.1544051518218925
norm,120,3,40175,0.8994399502177971,2.754327739108474
norm,120,4,39746,0.889322195944246,3.514348923165459
cqr,120,0,39762,0.9354660228358734,0.9409563770330811
cqr,120,1,40146,0.8994669456483834,1.4349535392696084
cqr,120,2,40171,0.9046824823877921,2.068028616905236
cqr,120,3,40175,0.8738518979464841,2.518200187099683
cqr,120,4,39746,0.8655210587228903,3.07338857684228
abs,121,0,39762,0.9990946129470348,2.359950642789514
abs,121,1,40146,0.9918547302346435,2.359950642789514
abs,121,2,40171,0.944263274501506,2.359950642789514
abs,121,3,40175,0.8506285003111388,2.359950642789514
abs,121,4,39746,0.7445780707492577,2.359950642789514
norm,121,0,39762,0.9318193249836527,0.892124589739909
norm,121,1,40146,0.8875853136053405,1.3779243513969563
norm,121,2,40171,0.9112543874934654,2.166127269618824
norm,121,3,40175,0.9016054760423149,2.76931403552625
norm,121,4,39746,0.8910833794595683,3.5334704946219833
cqr,121,0,39762,0.9486947336653085,0.9863273074713618
cqr,121,1,40146,0.9100782145170129,1.4803244697078894
cqr,121,2,40171,0.911478429712977,2.113399547343517
cqr,121,3,40175,0.8807716241443684,2.5635711175379634
cqr,121,4,39746,0.871005887384894,3.118759507280561
abs,122,0,39762,0.998767667622353,2.1471728818902385
abs,122,1,40146,0.9848801873162956,2.1471728818902385
abs,122,2,40171,0.9181748027183789,2.1471728818902385
abs,122,3,40175,0.8105040448039825,2.1471728818902385
abs,122,4,39746,0.6994162934634932,2.1471728818902385
norm,122,0,39762,0.93486243146723,0.9035610888314066
norm,122,1,40146,0.8919942210930105,1.3955885103879082
norm,122,2,40171,0.9150382116452167,2.1938957145602265
norm,122,3,40175,0.9059116365899191,2.804814970951201
norm,122,4,39746,0.8950586222512957,3.578767454896734
cqr,122,0,39762,0.9421306775313113,0.9633424875977636
cqr,122,1,40146,0.9052209435560206,1.4573396498342914
cqr,122,2,40171,0.9081675835801947,2.0904147274699194
cqr,122,3,40175,0.8774611076540136,2.540586297664366
cqr,122,4,39746,0.8683892718764152,3.0957746874069634
abs,123,0,39762,0.9990443136663145,2.278968210101869
abs,123,1,40146,0.9897125491954366,2.278968210101869
abs,123,2,40171,0.9348783948619651,2.2789682101018687
abs,123,3,40175,0.8369383945239577,2.278968210101869
abs,123,4,39746,0.726639158657475,2.278968210101869
norm,123,0,39762,0.9246768271213721,0.867559122160278
norm,123,1,40146,0.8784685896477856,1.3399819424882469
norm,123,2,40171,0.9034129098105599,2.1064809715264357
norm,123,3,40175,0.8918730553827007,2.6930584374405937
norm,123,4,39746,0.8811452724802495,3.4361731486262563
cqr,123,0,39762,0.9304360947638449,0.9264262206288048
cqr,123,1,40146,0.8956309470432919,1.4204233828653323
cqr,123,2,40171,0.9021184436533818,2.05349846050096
cqr,123,3,40175,0.8714872433105165,2.503670030695407
cqr,123,4,39746,0.8637850349720727,3.058858420438004
abs,124,0,39762,0.9990694633066747,2.2888108358242407
abs,124,1,40146,0.9899865490958003,2.2888108358242407
abs,124,2,40171,0.9359488187996315,2.2888108358242407
abs,124,3,40175,0.8386309894212819,2.2888108358242407
abs,124,4,39746,0.7290293362854123,2.2888108358242407
norm,124,0,39762,0.9335295005281424,0.899045384914589
norm,124,1,40146,0.8901260399541673,1.3886138137342763
norm,124,2,40171,0.9135445968484728,2.18293133861068
norm,124,3,40175,0.9042688238954574,2.7907974196125815
norm,124,4,39746,0.8936245156745333,3.560881941218453
cqr,124,0,39762,0.9433881595493184,0.968084732378782
cqr,124,1,40146,0.9065411248941364,1.4620818946153098
cqr,124,2,40171,0.9086405615991636,2.0951569722509373
cqr,124,3,40175,0.8782576228998134,2.545328542445384
cqr,124,4,39746,0.8689427866955165,3.1005169321879813
abs,125,0,39762,0.9989940143855943,2.254863147462223
abs,125,1,40146,0.9888158222487919,2.254863147462223
abs,125,2,40171,0.9316671230489657,2.254863147462223
abs,125,3,40175,0.83215930304916,2.254863147462223
abs,125,4,39746,0.721808483872591,2.254863147462223
norm,125,0,39762,0.9273678386399075,0.8763922955115652
norm,125,1,40146,0.8820804065162158,1.3536251542109479
norm,125,2,40171,0.9062009907644818,2.127928399266401
norm,125,3,40175,0.8953080273802115,2.7204781848853843
norm,125,4,39746,0.884617319981885,3.4711590214175816
cqr,125,0,39762,0.9482168904984659,0.9844949798045505
cqr,125,1,40146,0.9097045782892442,1.4784921420410782
cqr,125,2,40171,0.9111797067536282,2.1115672196767057
cqr,125,3,40175,0.880423148724331,2.561738789871152
cqr,125,4,39746,0.8708549287978664,3.11692717961375
abs,126,0,39762,0.9990443136663145,2.28037774903622
abs,126,1,40146,0.9897374582772879,2.28037774903622
abs,126,2,40171,0.9351273306614224,2.28037774903622
abs,126,3,40175,0.8371126322339764,2.28037774903622
abs,126,4,39746,0.7269913953605395,2.28037774903622
norm,126,0,39762,0.933982194054625,0.9009742418700025
norm,126,1,40146,0.8907487670004484,1.3915930152940057
norm,126,2,40171,0.9141918299270618,2.1876147087345017
norm,126,3,40175,0.9049159925326695,2.7967849360431134
norm,126,4,39746,0.89415287072913,3.5685216355152862
cqr,126,0,39762,0.9422061264523918,0.9636589929920473
cqr,126,1,40146,0.9052956708015742,1.457656155228575
cqr,126,2,40171,0.9081675835801947,2.090731232864203
cqr,126,3,40175,0.877485998755445,2.5409028030586494
cqr,126,4,39746,0.8684144316409198,3.096091192801247
abs,127,0,39762,0.998943715104874,2.198435027053205
abs,127,1,40146,0.9868978229462462,2.198435027053205
abs,127,2,40171,0.9248960693037266,2.198435027053205
abs,127,3,40175,0.8206098319850653,2.198435027053205
abs,127,4,39746,0.7102853117294822,2.198435027053205
norm,127,0,39762,0.9229163522961622,0.8616526312899772
norm,127,1,40146,0.87595277238081,1.3308591162652148
norm,127,2,40171,0.9016952527943044,2.0921396888299877
norm,127,3,40175,0.8895332918481643,2.6747236350419734
norm,127,4,39746,0.878830574145826,3.4127790941892564
cqr,127,0,39762,0.9469594084804587,0.9796127802309441
cqr,127,1,40146,0.9088825785881532,1.4736099424674716
cqr,127,2,40171,0.9104826865151477,2.1066850201030993
cqr,127,3,40175,0.8796266334785314,2.556856590297546
cqr,127,4,39746,0.8701756151562421,3.112044980040144
abs,128,0,39762,0.9988934158241537,2.1924698158467573
abs,128,1,40146,0.9867234593732875,2.1924698158467573
abs,128,2,40171,0.9240496875855717,2.1924698158467573
abs,128,3,40175,0.8194150591163659,2.1924698158467573
abs,128,4,39746,0.7091782820912796,2.1924698158467573
norm,128,0,39762,0.9217846184799557,0.8577279254236544
norm,128,1,40146,0.8743585911423305,1.3247972412227913
norm,128,2,40171,0.9005501481168007,2.0826102884524533
norm,128,3,40175,0.8876664592408214,2.6625406471881266
norm,128,4,39746,0.8770442308659991,3.3972343681070347
cqr,128,0,39762,0.9286253206579146,0.9210378964761213
cqr,128,1,40146,0.89398694764111,1.415035058712649
cqr,128,2,40171,0.9010978068756068,2.048110136348277
cqr,128,3,40175,0.8706160547604231,2.4982817065427234
cqr,128,4,39746,0.8630554018014391,3.0534700962853205
abs,129,0,39762,0.9991449122277551,2.4052661733852294
abs,129,1,40146,0.9928012753449907,2.4052661733852294
abs,129,2,40171,0.9483956087724976,2.4052661733852294
abs,129,3,40175,0.8582451773490977,2.4052661733852294
abs,129,4,39746,0.753082071151814,2.4052661733852294
norm,129,0,39762,0.9298073537548414,0.8856168205160799
norm,129,1,40146,0.8851691326657699,1.367872825197684
norm,129,2,40171,0.909063752458241,2.150326050212651
norm,129,3,40175,0.898593652769135,2.7491127577464622
norm,129,4,39746,0.8886932018316308,3.507694935016667
cqr,129,0,39762,0.9355163221165937,0.9417639811405708
cqr,129,1,40146,0.8996413092213421,1.4357611433770985
cqr,129,2,40171,0.9048069502875209,2.068836221012726
cqr,129,3,40175,0.8739514623522091,2.519007791207173
cqr,129,4,39746,0.8656216977809088,3.07419618094977
abs,130,0,39762,0.9985413208591117,2.083808420420187
abs,130,1,40146,0.9822398246400638,2.083808420420187
abs,130,2,40171,0.9081675835801947,2.083808420420187
abs,130,3,40175,0.7974859987554449,2.083808420420187
abs,130,4,39746,0.684295274996226,2.083808420420187
norm,130,0,39762,0.9013128112267994,0.8002115306285863
norm,130,1,40146,0.8495491456184925,1.2359607245477031
norm,130,2,40171,0.8782206069054791,1.9429573379020355
norm,130,3,40175,0.86150591163659,2.4839994868942616
norm,130,4,39746,0.8514064308358074,3.1694270794135875
cqr,130,0,39762,0.8953523464614456,0.8376680884288513
cqr,130,1,40146,0.8704478652916854,1.331665250665379
cqr,130,2,40171,0.8857135744691444,1.9647403283010068
cqr,130,3,40175,0.856602364654636,2.414911898495453
cqr,130,4,39746,0.8521109042419363,2.9701002882380507
abs,131,0,39762,0.9990946129470348,2.3408209066433376
abs,131,1,40146,0.9915309121705774,2.340820906643337
abs,131,2,40171,0.9421971073660103,2.340820906643337
abs,131,3,40175,0.8475668948350965,2.340820906643337
abs,131,4,39746,0.7405273486640165,2.340820906643337
norm,131,0,39762,0.925179819928575,0.8695073256376075
norm,131,1,40146,0.8792656802670253,1.3429910255734596
norm,131,2,40171,0.9040103557292575,2.1112113160629984
norm,131,3,40175,0.8923957685127567,2.69910600892991
norm,131,4,39746,0.8819000654153877,3.4438894694000957
cqr,131,0,39762,0.9483677883406267,0.985131525920637
cqr,131,1,40146,0.9098042146166492,1.4791286881571648
cqr,131,2,40171,0.9112792810734112,2.1122037657927923
cqr,131,3,40175,0.8805476042314873,2.5623753359872388
cqr,131,4,39746,0.8708549287978664,3.1175637257298363
abs,132,0,39762,0.9990191640259545,2.263525610150624
abs,132,1,40146,0.9891645493947093,2.263525610150624
abs,132,2,40171,0.932837121306415,2.2635256101506234
abs,132,3,40175,0.8340510267579341,2.263525610150624
abs,132,4,39746,0.7234690283298948,2.263525610150624
norm,132,0,39762,0.9288013681404356,0.8819001835006122
norm,132,1,40146,0.8840731330643152,1.3621323213400227
norm,132,2,40171,0.9078937542007917,2.1413018523785494
norm,132,3,40175,0.8971748599875544,2.737575652761056
norm,132,4,39746,0.8868313792582901,3.492974314842747
cqr,132,0,39762,0.9420300789698707,0.9629309747660133
cqr,132,1,40146,0.9050963981467643,1.456928137002541
cqr,132,2,40171,0.9080182221005203,2.0900032146381684
cqr,132,3,40175,0.8774362165525824,2.5401747848326153
cqr,132,4,39746,0.8682886328183969,3.095363174575212
abs,133,0,39762,0.9984407222976711,2.068235720290825
abs,133,1,40146,0.9814427340208239,2.068235720290825
abs,133,2,40171,0.9061512036045903,2.068235720290825
abs,133,3,40175,0.7942750466708152,2.068235720290825
abs,133,4,39746,0.6807477482010769,2.068235720290825
norm,133,0,39762,0.9212061767516725,0.8559358035527272
norm,133,1,40146,0.8735615005230907,1.3220292328134033
norm,133,2,40171,0.8999775957780488,2.0782589185880402
norm,133,3,40175,0.8869446172993155,2.6569775808769744
norm,133,4,39746,0.8763649172243748,3.3901362454608086
cqr,133,0,39762,0.9397414616970977,0.9555618877468112
cqr,133,1,40146,0.9031285806805162,1.4495590499833386
cqr,133,2,40171,0.9070473724826368,2.082634127618966
cqr,133,3,40175,0.8761169881767268,2.5328056978134135
cqr,133,4,39746,0.8673074020027173,3.0879940875560106
abs,134,0,39762,0.9990946129470348,2.3430718524378724
abs,134,1,40146,0.9916056394161311,2.3430718524378724
abs,134,2,40171,0.9424211495855219,2.3430718524378724
abs,134,3,40175,0.847940261356565,2.3430718524378724
abs,134,4,39746,0.7409802244250994,2.3430718524378724
norm,134,0,39762,0.9326995623962577,0.8946055575468798
norm,134,1,40146,0.8883076769790266,1.3817563116361122
norm,134,2,40171,0.912225237111349,2.1721511950699677
norm,134,3,40175,0.9026260112009956,2.7770154026318647
norm,134,4,39746,0.8918884919237156,3.5432969545636297
cqr,134,0,39762,0.964614456013279,1.058049546284007
cqr,134,1,40146,0.9261943904747671,1.5520467085205347
cqr,134,2,40171,0.9216599039107815,2.1851217861561625
cqr,134,3,40175,0.8912009956440573,2.635293356350609
cqr,134,4,39746,0.878956372968349,3.1904817460932064
abs,135,0,39762,0.9993461093506363,2.511046685487571
abs,135,1,40146,0.9947441837293878,2.511046685487571
abs,135,2,40171,0.9582036792711159,2.511046685487571
abs,135,3,40175,0.8745239576851276,2.511046685487571
abs,135,4,39746,0.7733105218135158,2.511046685487571
norm,135,0,39762,0.9267893969116242,0.8743959617182544
norm,135,1,40146,0.8812584068151248,1.350541731806773
norm,135,2,40171,0.9055537576858929,2.1230811916917145
norm,135,3,40175,0.8945115121344119,2.7142812083005086
norm,135,4,39746,0.8840134856337745,3.46325206914073
cqr,135,0,39762,0.9365726070117197,0.9458012728405175
cqr,135,1,40146,0.9006874906590943,1.4397984350770452
cqr,135,2,40171,0.9055537576858929,2.072873512712673
cqr,135,3,40175,0.8746484131922838,2.5230450829071196
cqr,135,4,39746,0.8659739344839732,3.078233472649717
abs,136,0,39762,0.9990694633066747,2.2923908750199544
abs,136,1,40146,0.9901360035869078,2.2923908750199544
abs,136,2,40171,0.936372009658709,2.292390875019955
abs,136,3,40175,0.8392532669570628,2.2923908750199544
abs,136,4,39746,0.7298344487495597,2.2923908750199544
norm,136,0,39762,0.9223882098485991,0.8598050424397599
norm,136,1,40146,0.8751556817615702,1.328005436748516
norm,136,2,40171,0.9011973811953897,2.0876536421078966
norm,136,3,40175,0.8888114499066584,2.668988389322224
norm,136,4,39746,0.878000301917174,3.40546128144929
cqr,136,0,39762,0.9286253206579146,0.9209253885392789
cqr,136,1,40146,0.89398694764111,1.4149225507758068
cqr,136,2,40171,0.9010978068756068,2.047997628411434
cqr,136,3,40175,0.8706160547604231,2.498169198605881
cqr,136,4,39746,0.8630302420369346,3.053357588348478
abs,137,0,39762,0.998767667622353,2.1466494473817437
abs,137,1,40146,0.9848801873162956,2.1466494473817437
abs,137,2,40171,0.9181001219785417,2.1466494473817437
abs,137,3,40175,0.8104293714996889,2.1466494473817437
abs,137,4,39746,0.6992904946409702,2.1466494473817437
norm,137,0,39762,0.9318193249836527,0.8922515730190177
norm,137,1,40146,0.8876600408508942,1.3781204824693605
norm,137,2,40171,0.9113041746533569,2.1664355919617186
norm,137,3,40175,0.9016552582451773,2.769708214300332
norm,137,4,39746,0.8910833794595683,3.533973441940329
cqr,137,0,39762,0.9469845581208188,0.9796303150688006
cqr,137,1,40146,0.9089074876700045,1.473627477305328
cqr,137,2,40171,0.9104826865151477,2.1067025549409557
cqr,137,3,40175,0.8796515245799627,2.5568741251354026
cqr,137,4,39746,0.8701756151562421,3.112062514878
abs,138,0,39762,0.9991449122277551,2.4030217585547584
abs,138,1,40146,0.9928012753449907,2.4030217585547584
abs,138,2,40171,0.9482711408727689,2.4030217585547584
abs,138,3,40175,0.8578967019290603,2.403021758554758
abs,138,4,39746,0.7528053137422633,2.4030217585547584
norm,138,0,39762,0.9394396660127761,0.9257079166410926
norm,138,1,40146,0.8994918547302346,1.4297952273600956
norm,138,2,40171,0.9220582011899131,2.247669423082373
norm,138,3,40175,0.9134287492221531,2.8735626792882476
norm,138,4,39746,0.9027071906606954,3.6664852058868895
cqr,138,0,39762,0.9602635682309743,1.0381478379795634
cqr,138,1,40146,0.9225327554426344,1.532145000216091
cqr,138,2,40171,0.9191207587563167,2.165220077851719
cqr,138,3,40175,0.888363410080896,2.6153916480461654
cqr,138,4,39746,0.8767674734564485,3.1705800377887634
abs,139,0,39762,0.9990946129470348,2.381829822311997
abs,139,1,40146,0.9923778209535197,2.381829822311997
abs,139,2,40171,0.9462049737372732,2.381829822311997
abs,139,3,40175,0.8541630367143747,2.381829822311997
abs,139,4,39746,0.7487797514215266,2.381829822311997
norm,139,0,39762,0.9249283235249736,0.8687293328645451
norm,139,1,40146,0.8789418622029592,1.341789382664451
norm,139,2,40171,0.9037116327699086,2.1093223070829996
norm,139,3,40175,0.8922962041070317,2.696690980434163
norm,139,4,39746,0.8816233080058371,3.440808044966491
cqr,139,0,39762,0.9358432674412756,0.943130589057944
cqr,139,1,40146,0.899840581876152,1.4371277512944718
cqr,139,2,40171,0.9050558860869782,2.0702028289300993
cqr,139,3,40175,0.8742501555693839,2.520374399124546
cqr,139,4,39746,0.8656971770744226,3.0755627888671437
abs,140,0,39762,0.9990946129470348,2.3482437844866135
abs,140,1,40146,0.9916305484979824,2.3482437844866135
abs,140,2,40171,0.9429937019242737,2.3482437844866135
abs,140,3,40175,0.8488861232109521,2.3482437844866135
abs,140,4,39746,0.7422382126503296,2.3482437844866135
norm,140,0,39762,0.9259594587797394,0.8721661653847085
norm,140,1,40146,0.8802122253773725,1.3470977165851494
norm,140,2,40171,0.9047073759677379,2.1176671243076983
norm,140,3,40175,0.8934660858743,2.707359522300738
norm,140,4,39746,0.8832838524631409,3.4544204332411987
cqr,140,0,39762,0.9461546199889341,0.9765215174529701
cqr,140,1,40146,0.9082847606237234,1.4705186796894976
cqr,140,2,40171,0.9099848149162331,2.1035937573251253
cqr,140,3,40175,0.8793279402613565,2.553765327519572
cqr,140,4,39746,0.8697730589241685,3.1089537172621697
abs,141,0,39762,0.9990443136663145,2.2686213795360177
abs,141,1,40146,0.9894136402132218,2.2686213795360177
abs,141,2,40171,0.9336088222847327,2.2686213795360177
abs,141,3,40175,0.834673304293715,2.2686213795360177
abs,141,4,39746,0.7245257384390882,2.2686213795360173
norm,141,0,39762,0.933982194054625,0.900919071678692
norm,141,1,40146,0.8907487670004484,1.3915078025883452
norm,141,2,40171,0.9141171491872246,2.1874807524942614
norm,141,3,40175,0.9048911014312383,2.796613677917404
norm,141,4,39746,0.8941277109646254,3.5683031209205534
cqr,141,0,39762,0.9593078818972889,1.0331150038189127
cqr,141,1,40146,0.9213869376774773,1.52711216605544
cqr,141,2,40171,0.9182992706181076,2.1601872436910683
cqr,141,3,40175,0.8875917859365277,2.6103588138855147
cqr,141,4,39746,0.8762139586373472,3.165547203628112
abs,142,0,39762,0.9991449122277551,2.4106650883538907
abs,142,1,40146,0.9929507298360982,2.4106650883538903
abs,142,2,40171,0.9486943317318464,2.4106650883538903
abs,142,3,40175,0.859016801493466,2.4106650883538903
abs,142,4,39746,0.7541136214965027,2.4106650883538903
norm,142,0,39762,0.9333786026859816,0.8981446279438728
norm,142,1,40146,0.889677676480845,1.3872225563035157
norm,142,2,40171,0.9132209803091783,2.180744251448184
norm,142,3,40175,0.9040448039825763,2.7880013091249998
norm,142,4,39746,0.8932471192069642,3.557314280136745
cqr,142,0,39762,0.9462552185503748,0.9766033606491812
cqr,142,1,40146,0.9082847606237234,1.4706005228857089
cqr,142,2,40171,0.9100594956560702,2.1036756005213366
cqr,142,3,40175,0.8793279402613565,2.5538471707157835
cqr,142,4,39746,0.869798218688673,3.1090355604583806
abs,143,0,39762,0.9990694633066747,2.3235846665900652
abs,143,1,40146,0.9910576396154038,2.3235846665900652
abs,143,2,40171,0.9401558338104603,2.323584666590065
abs,143,3,40175,0.8444803982576229,2.3235846665900652
abs,143,4,39746,0.7369043425753535,2.3235846665900652
norm,143,0,39762,0.926412152306222,0.8734130617141427
norm,143,1,40146,0.8807104070143974,1.3490236009691856
norm,143,2,40171,0.9051803539867068,2.1206946567539924
norm,143,3,40175,0.8940634723086497,2.7112301111687733
norm,143,4,39746,0.88366124893071,3.4593590611420315
cqr,143,0,39762,0.9475629998491022,0.981830823543188
cqr,143,1,40146,0.9091814875703682,1.4758279857797156
cqr,143,2,40171,0.9107814094744965,2.1089030634153434
cqr,143,3,40175,0.8800248911014312,2.55907463360979
cqr,143,4,39746,0.8704775323302973,3.1142630233523874
abs,144,0,39762,0.9989688647452342,2.226713250484565
abs,144,1,40146,0.9880685497932546,2.226713250484565
abs,144,2,40171,0.9285305319758035,2.226713250484565
abs,144,3,40175,0.8259863098942128,2.226713250484565
abs,144,4,39746,0.716021738036532,2.226713250484565
norm,144,0,39762,0.9276444846838691,0.8770110791573201
norm,144,1,40146,0.8822796791710258,1.3545808918551492
norm,144,2,40171,0.906375245824102,2.1294308397825352
norm,144,3,40175,0.8955071561916614,2.722398999819589
norm,144,4,39746,0.884743118804408,3.4736098604371275
cqr,144,0,39762,0.9393893667320558,0.9539429687581253
cqr,144,1,40146,0.9027300353708962,1.447940130994653
cqr,144,2,40171,0.9068482238430708,2.0810152086302804
cqr,144,3,40175,0.8758680771624144,2.5311867788247278
cqr,144,4,39746,0.8671061238866804,3.086375168567325
abs,145,0,39762,0.9990946129470348,2.3712406970380586
abs,145,1,40146,0.9921287301350072,2.3712406970380586
abs,145,2,40171,0.9454332727589555,2.3712406970380586
abs,145,3,40175,0.8523459863098942,2.371240697038059
abs,145,4,39746,0.7465405323806169,2.371240697038058
norm,145,0,39762,0.9292037623861978,0.8830826325272618
norm,145,1,40146,0.8843969511283815,1.3639586641253743
norm,145,2,40171,0.9082920514799233,2.1441729032508348
norm,145,3,40175,0.8975731176104542,2.7412461856927286
norm,145,4,39746,0.8872590952548685,3.497657683954094
cqr,145,0,39762,0.9319199235450933,0.9304282320035083
cqr,145,1,40146,0.8967020375628955,1.4244253942400362
cqr,145,2,40171,0.9026661024121879,2.057500471875664
cqr,145,3,40175,0.8721593030491599,2.5076720420701104
cqr,145,4,39746,0.8641875912041463,3.062860431812708
abs,146,0,39762,0.9990443136663145,2.265223432964234
abs,146,1,40146,0.9892641857221143,2.265223432964234
abs,146,2,40171,0.9330362699459809,2.265223432964234
abs,146,3,40175,0.834250155569384,2.265223432964234
abs,146,4,39746,0.7239219040909777,2.265223432964234
norm,146,0,39762,0.9218852170413963,0.8578546871645927
norm,146,1,40146,0.8744333183878842,1.3249930301200743
norm,146,2,40171,0.9005750416967464,2.082918072888561
norm,146,3,40175,0.8877162414436839,2.662934138268167
norm,146,4,39746,0.877119710159513,3.3977364379710457
cqr,146,0,39762,0.9335043508877823,0.9349463122396582
cqr,146,1,40146,0.8976734917550939,1.4289434744761857
cqr,146,2,40171,0.9033382290707227,2.0620185521118137
cqr,146,3,40175,0.8727815805849409,2.51219012230626
cqr,146,4,39746,0.8648165853167614,3.0673785120488577
abs,147,0,39762,0.9993461093506363,2.511126224409239
abs,147,1,40146,0.9947441837293878,2.511126224409239
abs,147,2,40171,0.9582285728510617,2.511126224409239
abs,147,3,40175,0.8745239576851276,2.511126224409239
abs,147,4,39746,0.7733356815780205,2.5111262244092387
norm,147,0,39762,0.9329510587998592,0.8957967148630271
norm,147,1,40146,0.8888058586160514,1.3835961047447662
norm,147,2,40171,0.9126982151303179,2.1750433901451705
norm,147,3,40175,0.9030242688238954,2.7807129676491997
norm,147,4,39746,0.8922658883912846,3.5480148149157222
cqr,147,0,39762,0.9615210502489815,1.0442259056531686
cqr,147,1,40146,0.9238529367807503,1.5382230678896964
cqr,147,2,40171,0.9198177789947972,2.171298145525324
cqr,147,3,40175,0.8892097075295582,2.6214697157197704
cqr,147,4,39746,0.8772706687465406,3.1766581054623684
abs,148,0,39762,0.9985664704994719,2.0958007059631707
abs,148,1,40146,0.9827380062770886,2.0958007059631707
abs,148,2,40171,0.9098852405964502,2.0958007059631707
abs,148,3,40175,0.7999751088985687,2.0958007059631707
abs,148,4,39746,0.6872138076787602,2.0958007059631707
norm,148,0,39762,0.9194457019264625,0.8512697500598561
norm,148,1,40146,0.8718427738753549,1.3148223148484781
norm,148,2,40171,0.8982599387617933,2.066929485649357
norm,148,3,40175,0.885003111387679,2.6424933176059753
norm,148,4,39746,0.8744276153575202,3.371655236717181
cqr,148,0,39762,0.9269654443941452,0.9146479877497312
cqr,148,1,40146,0.8926169481392916,1.4086451499862587
cqr,148,2,40171,0.9001020636777775,2.041720227621887
cqr,148,3,40175,0.8694959551960174,2.4918917978163333
cqr,148,4,39746,0.8621496502792734,3.0470801875589313
abs,149,0,39762,0.9993712589909964,2.53456165014046
abs,149,1,40146,0.9950430927116026,2.53456165014046
abs,149,2,40171,0.9599462298673173,2.53456165014046
abs,149,3,40175,0.8774611076540136,2.53456165014046
abs,149,4,39746,0.7775122024857848,2.53456165014046
norm,149,0,39762,0.9409989437151048,0.9331649859104969
norm,149,1,40146,0.9017336720968465,1.441312987832724
norm,149,2,40171,0.9244230912847576,2.2657755948902842
norm,149,3,40175,0.9157436216552582,2.8967107539284425
norm,149,4,39746,0.905021888995119,3.696020692906112
cqr,149,0,39762,0.9611186560032191,1.0414487951243905
cqr,149,1,40146,0.9233298460618742,1.5354459573609183
cqr,149,2,40171,0.9196186303552314,2.168521034996546
cqr,149,3,40175,0.8888114499066584,2.6186926051909922
cqr,149,4,39746,0.8770190711014945,3.1738809949335898
abs,150,0,39762,0.9990694633066747,2.312726973137255
abs,150,1,40146,0.9908583669605938,2.312726973137255
abs,150,2,40171,0.9387120061736078,2.312726973137255
abs,150,3,40175,0.84261356565028,2.312726973137255
abs,150,4,39746,0.7341619282443517,2.312726973137255
norm,150,0,39762,0.9381821839947688,0.9203802896067341
norm,150,1,40146,0.8974742191002839,1.4215664809380923
norm,150,2,40171,0.9203903313335491,2.234733653421717
norm,150,3,40175,0.9116116988176727,2.8570247736055907
norm,150,4,39746,0.90114728526141,3.645383878618526
cqr,150,0,39762,0.9322468688697751,0.9312441887043085
cqr,150,1,40146,0.8968016738903004,1.4252413509408361
cqr,150,2,40171,0.9027656767319708,2.058316428576464
cqr,150,3,40175,0.8722339763534537,2.5084879987709106
cqr,150,4,39746,0.864338549791174,3.063676388513508
abs,151,0,39762,0.9990946129470348,2.353916488571058
abs,151,1,40146,0.9917550939072386,2.353916488571058
abs,151,2,40171,0.9436409350028627,2.353916488571058
abs,151,3,40175,0.8498817672682016,2.353916488571058
abs,151,4,39746,0.7433955618175414,2.353916488571058
norm,151,0,39762,0.9270911925959459,0.8751709111288886
norm,151,1,40146,0.8815822248791909,1.3517386741131436
norm,151,2,40171,0.905902267805133,2.1249628112213803
norm,151,3,40175,0.8947355320472931,2.7166867896558182
norm,151,4,39746,0.8841896039853067,3.466321439617446
cqr,151,0,39762,0.9228157537347216,0.9038400295592551
cqr,151,1,40146,0.890101130872316,1.3978371917957828
cqr,151,2,40171,0.8984839809813049,2.030912269431411
cqr,151,3,40175,0.8676291225886745,2.481083839625857
cqr,151,4,39746,0.860841342525034,3.0362722293684548
abs,152,0,39762,0.9991449122277551,2.4067287602474785
abs,152,1,40146,0.992826184426842,2.406728760247479
abs,152,2,40171,0.9485200766722263,2.4067287602474785
abs,152,3,40175,0.8583198506533914,2.4067287602474785
abs,152,4,39746,0.7532330297388417,2.4067287602474785
norm,152,0,39762,0.9246516774810121,0.8674402919959738
norm,152,1,40146,0.8784685896477856,1.339798404248232
norm,152,2,40171,0.9034129098105599,2.106192445391956
norm,152,3,40175,0.8918232731798382,2.692689567390787
norm,152,4,39746,0.8810949529512404,3.4357024936479403
cqr,152,0,39762,0.9516623912278055,0.9982506115266716
cqr,152,1,40146,0.9133163951576745,1.492247773763199
cqr,152,2,40171,0.9135943840083642,2.125322851398827
cqr,152,3,40175,0.8824144368388301,2.5754944215932736
cqr,152,4,39746,0.8722638756101243,3.130682811335871
abs,153,0,39762,0.9985413208591117,2.0871088029131437
abs,153,1,40146,0.9823892791311712,2.0871088029131437
abs,153,2,40171,0.9086654551791093,2.0871088029131437
abs,153,3,40175,0.7982327317983821,2.0871088029131437
abs,153,4,39746,0.6848236300508227,2.0871088029131437
norm,153,0,39762,0.9145918213369549,0.8370176056064652
norm,153,1,40146,0.865291685348478,1.2928092719082769
norm,153,2,40171,0.892907819073461,2.032324499859159
norm,153,3,40175,0.8786558805227132,2.5982521161807024
norm,153,4,39746,0.868213153524883,3.3152062468672
cqr,153,0,39762,0.920074442935466,0.8954651751345003
cqr,153,1,40146,0.8875853136053405,1.389462337371028
cqr,153,2,40171,0.896616962485375,2.022537415006656
cqr,153,3,40175,0.8662352209085252,2.4727089852011024
cqr,153,4,39746,0.8598601117093544,3.0278973749437
abs,154,0,39762,0.9990694633066747,2.3019906884928814
abs,154,1,40146,0.9905843670602301,2.3019906884928814
abs,154,2,40171,0.9374922207562669,2.3019906884928814
abs,154,3,40175,0.8407716241443683,2.3019906884928814
abs,154,4,39746,0.7315453127358728,2.3019906884928814
norm,154,0,39762,0.9128313465117449,0.8311347292344333
norm,154,1,40146,0.8633985951277836,1.2837229192816286
norm,154,2,40171,0.8907918647780737,2.0180405544553337
norm,154,3,40175,0.8760423148724331,2.57999061740161
norm,154,4,39746,0.8656720173099179,3.2919057232372615
cqr,154,0,39762,0.944192948040843,0.9704893835055518
cqr,154,1,40146,0.9071887610222688,1.4644865457420797
cqr,154,2,40171,0.9090886460381867,2.097561623377707
cqr,154,3,40175,0.8784069695084007,2.547733193572154
cqr,154,4,39746,0.8692195441050672,3.102921583314751
abs,155,0,39762,0.9990946129470348,2.365569504363534
abs,155,1,40146,0.992004184725751,2.365569504363534
abs,155,2,40171,0.9449354011600408,2.365569504363534
abs,155,3,40175,0.8514996888612321,2.365569504363534
abs,155,4,39746,0.7454838222714235,2.3655695043635343
norm,155,0,39762,0.9366732055731603,0.9124924936436132
norm,155,1,40146,0.8942609475414737,1.409383444777634
norm,155,2,40171,0.9179258669189216,2.2155816536568778
norm,155,3,40175,0.9089981331673926,2.8325396463921293
norm,155,4,39746,0.8980777939918483,3.6141423966284236
cqr,155,0,39762,0.9540264574216589,1.0091537085090945
cqr,155,1,40146,0.9157823942609475,1.5031508707456223
cqr,155,2,40171,0.9151875731248911,2.13622594838125
cqr,155,3,40175,0.8839825762289981,2.5863975185756964
cqr,155,4,39746,0.8735470235998591,3.141585908318294
abs,156,0,39762,0.9992455107891958,2.45310679430564
abs,156,1,40146,0.993847456782743,2.4531067943056395
abs,156,2,40171,0.9529511339025666,2.4531067943056395
abs,156,3,40175,0.866210329807094,2.4531067943056395
abs,156,4,39746,0.7626679414280683,2.4531067943056395
norm,156,0,39762,0.9378300890297269,0.9179693647076583
norm,156,1,40146,0.8965276739899367,1.417842704947573
norm,156,2,40171,0.9196684175151228,2.22887979597966
norm,156,3,40175,0.9108400746733043,2.8495408321938234
norm,156,4,39746,0.9004931313842902,3.6358348401842
cqr,156,0,39762,0.9529198732458126,1.0044628395912314
cqr,156,1,40146,0.9148856673143028,1.498460001827759
cqr,156,2,40171,0.9144656593064648,2.1315350794633865
cqr,156,3,40175,0.8834349719975109,2.5817066496578334
cqr,156,4,39746,0.8730186685452624,3.1368950394004314
abs,157,0,39762,0.9991700618681153,2.4221266583070156
abs,157,1,40146,0.9932496388183132,2.4221266583070156
abs,157,2,40171,0.9497896492494585,2.4221266583070156
abs,157,3,40175,0.8609334163036715,2.422126658307015
abs,157,4,39746,0.7567805565339908,2.4221266583070156
norm,157,0,39762,0.937679191187566,0.9170941042336994
norm,157,1,40146,0.8960793105166144,1.4164908279398614
norm,157,2,40171,0.9193199073958827,2.2267546157049916
norm,157,3,40175,0.9106409458618544,2.846823867385149
norm,157,4,39746,0.9002163739747396,3.6323681640098053
cqr,157,0,39762,0.9548815451939038,1.0126788961261293
cqr,157,1,40146,0.9163802122253774,1.5066760583626568
cqr,157,2,40171,0.91566055114386,2.1397511359982846
cqr,157,3,40175,0.884604853764779,2.5899227061927315
cqr,157,4,39746,0.8738992603029235,3.1451110959353286
abs,158,0,39762,0.9989688647452342,2.2358312303793793
abs,158,1,40146,0.9884421860210233,2.2358312303793793
abs,158,2,40171,0.9294018072739041,2.2358312303793793
abs,158,3,40175,0.8279775980087118,2.2358312303793793
abs,158,4,39746,0.7176822824938358,2.2358312303793797
norm,158,0,39762,0.9143906242140737,0.836494672546337
norm,158,1,40146,0.8650176854481144,1.2920015795680047
norm,158,2,40171,0.8927335640138409,2.031054789804357
norm,158,3,40175,0.8783571873055382,2.596628838580568
norm,158,4,39746,0.86808735470236,3.31313504676816
cqr,158,0,39762,0.9063175896584679,0.861739432203568
cqr,158,1,40146,0.8773974991281821,1.3557365944400956
cqr,158,2,40171,0.8906425032983993,1.9888116720757232
cqr,158,3,40175,0.8607093963907902,2.43898324227017
cqr,158,4,39746,0.8552810345695164,2.9941716320127676
abs,159,0,39762,0.9990443136663145,2.27357130029253
abs,159,1,40146,0.9896627310317342,2.27357130029253
abs,159,2,40171,0.9342560553633218,2.2735713002925295
abs,159,3,40175,0.8357436216552583,2.27357130029253
abs,159,4,39746,0.7255321290192723,2.27357130029253
norm,159,0,39762,0.9291031638247573,0.8828005076919754
norm,159,1,40146,0.8842973148009764,1.3635229103246762
norm,159,2,40171,0.9082422643200319,2.1434878887291204
norm,159,3,40175,0.8975233354075918,2.7403704198242447
norm,159,4,39746,0.8872339354903638,3.496540261799442
cqr,159,0,39762,0.9337306976510236,0.9359830951748176
cqr,159,1,40146,0.8978976734917551,1.4299802574113452
cqr,159,2,40171,0.9035622712902343,2.063055335046973
cqr,159,3,40175,0.8730802738021157,2.5132269052414196
cqr,159,4,39746,0.8648669048457707,3.0684152949840175
abs,160,0,39762,0.9990946129470348,2.378359311566932
abs,160,1,40146,0.9922532755442635,2.378359311566932
abs,160,2,40171,0.9458813571979786,2.378359311566932
abs,160,3,40175,0.8536403235843186,2.378359311566932
abs,160,4,39746,0.7481507573089116,2.378359311566932
norm,160,0,39762,0.9346612343443489,0.9028438262927281
norm,160,1,40146,0.8916454939470931,1.3944806679074337
norm,160,2,40171,0.914739488685868,2.192154161908975
norm,160,3,40175,0.905687616677038,2.8025884599477333
norm,160,4,39746,0.8948070246062497,3.5759265669238367
cqr,160,0,39762,0.9535737638951763,1.0067344523424644
cqr,160,1,40146,0.9152593035420714,1.500731614578992
cqr,160,2,40171,0.9148639565855966,2.1338066922146197
cqr,160,3,40175,0.8837087741132545,2.5839782624090666
cqr,160,4,39746,0.8734463845418406,3.139166652151664
abs,161,0,39762,0.9988179669030733,2.1608258638130806
abs,161,1,40146,0.9854032780351716,2.1608258638130806
abs,161,2,40171,0.9199422468945259,2.1608258638130806
abs,161,3,40175,0.8130429371499689,2.16082586381308
abs,161,4,39746,0.7027122226135963,2.1608258638130806
norm,161,0,39762,0.9122529047834615,0.8293954836754687
norm,161,1,40146,0.8627758680815025,1.2810365805837398
norm,161,2,40171,0.8901695252794304,2.0138175711667157
norm,161,3,40175,0.875295581829496,2.5745916886050475
norm,161,4,39746,0.8649927036682936,3.2850170297339294
cqr,161,0,39762,0.9478396458930637,0.9832043020133221
cqr,161,1,40146,0.9094305783888806,1.4772014642498497
cqr,161,2,40171,0.9110054516940082,2.110276541885477
cqr,161,3,40175,0.8801244555071562,2.560448112079924
cqr,161,4,39746,0.870628490917325,3.1156365018225216
abs,162,0,39762,0.9986419194205522,2.10487572485151
abs,162,1,40146,0.983186369750411,2.10487572485151
abs,162,2,40171,0.9112543874934654,2.10487572485151
abs,162,3,40175,0.801991288114499,2.10487572485151
abs,162,4,39746,0.6889246716650732,2.10487572485151
norm,162,0,39762,0.9212061767516725,0.8559273791233856
norm,162,1,40146,0.8735615005230907,1.3220162209241784
norm,162,2,40171,0.8999775957780488,2.0782384636130993
norm,162,3,40175,0.8869446172993155,2.6569514299439256
norm,162,4,39746,0.8763649172243748,3.390102878515367
cqr,162,0,39762,0.9289271163422363,0.9214880032230908
cqr,162,1,40146,0.8941114930503662,1.4154851654596186
cqr,162,2,40171,0.9012222747753355,2.048560243095246
cqr,162,3,40175,0.8706658369632856,2.498731813289693
cqr,162,4,39746,0.863130881094953,3.05392020303229
abs,163,0,39762,0.9990946129470348,2.351120195558644
abs,163,1,40146,0.9916803666616848,2.351120195558644
abs,163,2,40171,0.9432924248836225,2.351120195558644
abs,163,3,40175,0.8495084007467331,2.351120195558644
abs,163,4,39746,0.7428168872339355,2.351120195558644
norm,163,0,39762,0.9231929983401237,0.8626555985483098
norm,163,1,40146,0.87635131769043,1.3324082418299668
norm,163,2,40171,0.9020686564934903,2.094574948157883
norm,163,3,40175,0.8899813316739266,2.6778370245142704
norm,163,4,39746,0.8793337694359181,3.4167515832957642
cqr,163,0,39762,0.9406971480307832,0.9586798062764438
cqr,163,1,40146,0.9040003985453097,1.4526769685129715
cqr,163,2,40171,0.9073460954419855,2.085752046148599
cqr,163,3,40175,0.8767143746110765,2.535923616343046
cqr,163,4,39746,0.8677854375283047,3.0911120060856434
abs,164,0,39762,0.9990443136663145,2.264956517572357
abs,164,1,40146,0.9892641857221143,2.264956517572357
abs,164,2,40171,0.9330362699459809,2.264956517572357
abs,164,3,40175,0.8342252644679528,2.264956517572357
abs,164,4,39746,0.7238715845619685,2.264956517572357
norm,164,0,39762,0.937855238670087,0.9182478413158202
norm,164,1,40146,0.8966024012354905,1.4182728239063973
norm,164,2,40171,0.9197679918349058,2.229555952406495
norm,164,3,40175,0.9109645301804605,2.8504052733138394
norm,164,4,39746,0.9005434509132995,3.636937812672234
cqr,164,0,39762,0.9453246818570494,0.9735474300396784
cqr,164,1,40146,0.907736760822996,1.467544592276206
cqr,164,2,40171,0.9096363047969929,2.100619669911834
cqr,164,3,40175,0.8788799004355943,2.5507912401062804
cqr,164,4,39746,0.8695717808081317,3.105979629848878
abs,165,0,39762,0.9991700618681153,2.4216768705186977
abs,165,1,40146,0.9931749115727594,2.4216768705186977
abs,165,2,40171,0.9497896492494585,2.421676870518698
abs,165,3,40175,0.8608338518979465,2.4216768705186977
abs,165,4,39746,0.7566044381824586,2.4216768705186977
norm,165,0,39762,0.9384588300387304,0.9217888376842326
norm,165,1,40146,0.8980720370647138,1.4237420433185266
norm,165,2,40171,0.9208135221926266,2.238153685148595
norm,165,3,40175,0.9121593030491599,2.861397158366184
norm,165,4,39746,0.9014743621999698,3.6509627665107964
cqr,165,0,39762,0.9666264272420905,1.0709851182725534
cqr,165,1,40146,0.9284112987595278,1.564982280509081
cqr,165,2,40171,0.9233775609270369,2.198057358144709
cqr,165,3,40175,0.8932420659614188,2.6482289283391554
cqr,165,4,39746,0.8809188345997081,3.203417318081753
abs,166,0,39762,0.9990694633066747,2.3262908660445767
abs,166,1,40146,0.9911323668609575,2.3262908660445767
abs,166,2,40171,0.9405043439297005,2.3262908660445767
abs,166,3,40175,0.8449533291848165,2.3262908660445767
abs,166,4,39746,0.7374578573944548,2.3262908660445767
norm,166,0,39762,0.922891202655802,0.8613901472049332
norm,166,1,40146,0.8758531360534051,1.3304536984381579
norm,166,2,40171,0.9015956784745214,2.091502363123473
norm,166,3,40175,0.8895084007467331,2.673908837569542
norm,166,4,39746,0.8787047753233029,3.4117394638725083
cqr,166,0,39762,0.9349127307479503,0.9391421894476214
cqr,166,1,40146,0.8988193095202511,1.4331393516841489
cqr,166,2,40171,0.9043090786886062,2.0662144293197766
cqr,166,3,40175,0.8736029869321718,2.5163859995142235
cqr,166,4,39746,0.8652443013133397,3.071574389256821
abs,167,0,39762,0.9990946129470348,2.3432010906418546
abs,167,1,40146,0.9916056394161311,2.3432010906418546
abs,167,2,40171,0.9424460431654677,2.343201090641854
abs,167,3,40175,0.8479651524579963,2.3432010906418546
abs,167,4,39746,0.7409802244250994,2.3432010906418546
norm,167,0,39762,0.927292389718827,0.876253315984188
norm,167,1,40146,0.8820554974343646,1.3534104944231546
norm,167,2,40171,0.9061263100246446,2.1275909493769665
norm,167,3,40175,0.8952582451773491,2.720046767614475
norm,167,4,39746,0.8845921602173804,3.470608560119921
cqr,167,0,39762,0.9328504602384186,0.9326741199892616
cqr,167,1,40146,0.897274946445474,1.4266712822257892
cqr,167,2,40171,0.9030146125314281,2.059746359861417
cqr,167,3,40175,0.8724082140634724,2.509917930055863
cqr,167,4,39746,0.8644895083782016,3.065106319798461
abs,168,0,39762,0.9990694633066747,2.304947493475141
abs,168,1,40146,0.9906341852239327,2.304947493475141
abs,168,2,40171,0.937865624455453,2.304947493475141
abs,168,3,40175,0.8411698817672683,2.304947493475141
abs,168,4,39746,0.7320988275549741,2.304947493475141
norm,168,0,39762,0.9276444846838691,0.8768933831900565
norm,168,1,40146,0.8822796791710258,1.3543991054306757
norm,168,2,40171,0.9063503522441563,2.129145067540467
norm,168,3,40175,0.8954822650902302,2.7220336505199323
norm,168,4,39746,0.8846927992753988,3.473143697714515
cqr,168,0,39762,0.933278004124541,0.9342351365170333
cqr,168,1,40146,0.8976485826732427,1.428232298753561
cqr,168,2,40171,0.903313335490777,2.061307376389189
cqr,168,3,40175,0.8727069072806471,2.5114789465836354
cqr,168,4,39746,0.8647914255522569,3.066667336326233
abs,169,0,39762,0.9991700618681153,2.429175727276447
abs,169,1,40146,0.9933243660638669,2.429175727276447
abs,169,2,40171,0.9505115630678848,2.429175727276447
abs,169,3,40175,0.8622277535780958,2.429175727276447
abs,169,4,39746,0.757912745936698,2.4291757272764465
norm,169,0,39762,0.9386348775212514,0.922635977277972
norm,169,1,40146,0.8983709460469287,1.425050486431373
norm,169,2,40171,0.9210873515720296,2.240210586388934
norm,169,3,40175,0.9124331051649035,2.8640268309410386
norm,169,4,39746,0.9017511196095205,3.654318063286303
cqr,169,0,39762,0.9650419998994014,1.0617122866747906
cqr,169,1,40146,0.926692572111792,1.5557094489113181
cqr,169,2,40171,0.9220830947698588,2.188784526546946
cqr,169,3,40175,0.891798382078407,2.6389560967413925
cqr,169,4,39746,0.8795853670809641,3.19414448648399
abs,170,0,39762,0.9987928172627132,2.1492964676044073
abs,170,1,40146,0.9849050963981467,2.1492964676044073
abs,170,2,40171,0.9184237385178362,2.1492964676044073
abs,170,3,40175,0.8109271935283137,2.1492964676044073
abs,170,4,39746,0.7001962461631359,2.1492964676044073
norm,170,0,39762,0.9145918213369549,0.8370196674121777
norm,170,1,40146,0.865291685348478,1.2928124564548433
norm,170,2,40171,0.892907819073461,2.032329506036132
norm,170,3,40175,0.8786558805227132,2.5982585163938157
norm,170,4,39746,0.868213153524883,3.3152144131365016
cqr,170,0,39762,0.9101403349932096,0.8709099768584632
cqr,170,1,40146,0.8807353160962487,1.364907139094991
cqr,170,2,40171,0.8923352667347091,1.9979822167306183
cqr,170,3,40175,0.8622028624766646,2.4481537869250656
cqr,170,4,39746,0.8563629044432144,3.0033421766676622
abs,171,0,39762,0.9990946129470348,2.3489103594736216
abs,171,1,40146,0.9916554575798336,2.3489103594736216
abs,171,2,40171,0.9430932762440567,2.3489103594736216
abs,171,3,40175,0.8490105787181083,2.3489103594736216
abs,171,4,39746,0.7424143310018618,2.3489103594736216
norm,171,0,39762,0.9314169307378904,0.8910841205774641
norm,171,1,40146,0.8871618592138694,1.3763173025471664
norm,171,2,40171,0.9108063030544422,2.1636009536177965
norm,171,3,40175,0.9011076540136901,2.7660842334467763
norm,171,4,39746,0.8906053439339808,3.5293494703521158
cqr,171,0,39762,0.966903073286052,1.0729296789570955
cqr,171,1,40146,0.9286852986598914,1.5669268411936235
cqr,171,2,40171,0.9236264967264942,2.200001918829251
cqr,171,3,40175,0.8934411947728687,2.6501734890236976
cqr,171,4,39746,0.8811955920092588,3.205361878766295
abs,172,0,39762,0.9989688647452342,2.234135596755795
abs,172,1,40146,0.9883425496936183,2.234135596755795
abs,172,2,40171,0.9292524457942297,2.234135596755795
abs,172,3,40175,0.827678904791537,2.234135596755795
abs,172,4,39746,0.7173803653197806,2.234135596755795
norm,172,0,39762,0.9187918112770987,0.8495993733737119
norm,172,1,40146,0.8710456832561152,1.3122423470521474
norm,172,2,40171,0.8976624928430957,2.06287371974849
norm,172,3,40175,0.8843310516490355,2.6373081700887395
norm,172,4,39746,0.8736476626578775,3.365039314677508
cqr,172,0,39762,0.9081535134047584,0.8664315899704649
cqr,172,1,40146,0.8792656802670253,1.3604287522069924
cqr,172,2,40171,0.8915884593363371,1.9935038298426202
cqr,172,3,40175,0.8615308027380212,2.443675400037067
cqr,172,4,39746,0.8557842298596086,2.9988637897796644
abs,173,0,39762,0.9990694633066747,2.32735286103295
abs,173,1,40146,0.99118218502466,2.32735286103295
abs,173,2,40171,0.9406039182494834,2.32735286103295
abs,173,3,40175,0.8451524579962664,2.32735286103295
abs,173,4,39746,0.7375584964524732,2.32735286103295
norm,173,0,39762,0.9283989738946733,0.8801344905324402
norm,173,1,40146,0.8834504060180342,1.3594051334943835
norm,173,2,40171,0.9072714147021483,2.137014653334696
norm,173,3,40175,0.8965525824517735,2.732094626483534
norm,173,4,39746,0.8856740300910784,3.4859808701183765
cqr,173,0,39762,0.9245762285599316,0.9083135357088582
cqr,173,1,40146,0.8912967668011758,1.4023106979453857
cqr,173,2,40171,0.8990565333200567,2.035385775581014
cqr,173,3,40175,0.8684007467330429,2.4855573457754603
cqr,173,4,39746,0.8613193780506214,3.0407457355180583
abs,174,0,39762,0.9990443136663145,2.272391138264976
abs,174,1,40146,0.9895880037861804,2.272391138264976
abs,174,2,40171,0.9341315874635931,2.272391138264976
abs,174,3,40175,0.835519601742377,2.272391138264976
abs,174,4,39746,0.7253308509032356,2.272391138264976
norm,174,0,39762,0.9359690156430763,0.9085169039061162
norm,174,1,40146,0.8933891296766802,1.4032429774332047
norm,174,2,40171,0.9165318264419606,2.2059287044586955
norm,174,3,40175,0.9079029247044181,2.820198705915694
norm,174,4,39746,0.8967191667085996,3.598396132936418
cqr,174,0,39762,0.9470348574015391,0.9798116057978777
cqr,174,1,40146,0.9089323967518558,1.4738087680344056
cqr,174,2,40171,0.9104826865151477,2.106883845670033
cqr,174,3,40175,0.8796764156813939,2.55705541586448
cqr,174,4,39746,0.8702510944497559,3.112243805607077
abs,175,0,39762,0.9990694633066747,2.326815303659985
abs,175,1,40146,0.9911572759428088,2.326815303659985
abs,175,2,40171,0.940554131089592,2.3268153036599846
abs,175,3,40175,0.8450280024891101,2.326815303659985
abs,175,4,39746,0.7374830171589594,2.326815303659985
norm,175,0,39762,0.9243750314370505,0.8668865900324887
norm,175,1,40146,0.8782194988292732,1.3389431880287967
norm,175,2,40171,0.9032386547509398,2.104848026757899
norm,175,3,40175,0.8916241443683883,2.690970777620151
norm,175,4,39746,0.8809439943642128,3.4335094260279133
cqr,175,0,39762,0.9543534027463407,1.0104980159867132
cqr,175,1,40146,0.9160065759976087,1.5044951782232407
cqr,175,2,40171,0.9153618281845112,2.137570255858869
cqr,175,3,40175,0.8841568139390168,2.5877418260533154
cqr,175,4,39746,0.8736476626578775,3.142930215795913
abs,176,0,39762,0.9991449122277551,2.394272660944789
abs,176,1,40146,0.9926269117720321,2.3942726609447886
abs,176,2,40171,0.9473749719947225,2.3942726609447886
abs,176,3,40175,0.8563534536403236,2.3942726609447886
abs,176,4,39746,0.7513208876364917,2.3942726609447886
norm,176,0,39762,0.9357678185201952,0.9076938163298586
norm,176,1,40146,0.8930404025307627,1.4019716836837648
norm,176,2,40171,0.9163077842224491,2.2039302028315446
norm,176,3,40175,0.9075046670815183,2.8176436950981327
norm,176,4,39746,0.8964675690635535,3.595136099866323
cqr,176,0,39762,0.9631054775916704,1.0508739911595497
cqr,176,1,40146,0.9249738454640561,1.5448711533960773
cqr,176,2,40171,0.920763735032735,2.177946231031705
cqr,176,3,40175,0.8903298070939639,2.6281178012261517
cqr,176,4,39746,0.8781512605042017,3.183306190968749
abs,177,0,39762,0.9993712589909964,2.521236193377085
abs,177,1,40146,0.994868729138644,2.521236193377085
abs,177,2,40171,0.9588758059296507,2.521236193377085
abs,177,3,40175,0.8758929682638457,2.521236193377085
abs,177,4,39746,0.7751471846223519,2.521236193377085
norm,177,0,39762,0.936798953774961,0.9129397762846243
norm,177,1,40146,0.8943854929507299,1.4100742918298228
norm,177,2,40171,0.9180503348186503,2.216667680358826
norm,177,3,40175,0.9090976975731176,2.8339280915822354
norm,177,4,39746,0.8983545514013989,3.615913965345334
cqr,177,0,39762,0.9633569739952719,1.0523749382351493
cqr,177,1,40146,0.9252976635281224,1.5463721004716768
cqr,177,2,40171,0.920863309352518,2.1794471781073046
cqr,177,3,40175,0.8904791537025514,2.6296187483017515
cqr,177,4,39746,0.8782770593267247,3.1848071380443486
abs,178,0,39762,0.9989940143855943,2.250293420816195
abs,178,1,40146,0.9887909131669407,2.250293420816195
abs,178,2,40171,0.9310447835503224,2.2502934208161953
abs,178,3,40175,0.8312383322962041,2.250293420816195
abs,178,4,39746,0.7209027323504252,2.250293420816195
norm,178,0,39762,0.9307630400885267,0.888204782267983
norm,178,1,40146,0.886090768694266,1.3718700421329002
norm,178,2,40171,0.9099848149162331,2.156609762810644
norm,178,3,40175,0.8998630989421282,2.757146253163329
norm,178,4,39746,0.8895989533537966,3.517945169789621
cqr,178,0,39762,0.9400684070217796,0.9565353685403067
cqr,178,1,40146,0.9034025805808797,1.4505325307768342
cqr,178,2,40171,0.9071469468024197,2.0836076084124624
cqr,178,3,40175,0.8761169881767268,2.5337791786069084
cqr,178,4,39746,0.867508680118754,3.088967568349506
abs,179,0,39762,0.9989688647452342,2.2369634454800726
abs,179,1,40146,0.9884421860210233,2.2369634454800726
abs,179,2,40171,0.929501381593687,2.2369634454800726
abs,179,3,40175,0.8282514001244555,2.2369634454800726
abs,179,4,39746,0.7180596789614049,2.2369634454800726
norm,179,0,39762,0.9235450933051658,0.8642497848328884
norm,179,1,40146,0.8771733173915209,1.3348705303123687
norm,179,2,40171,0.9024669537726221,2.098445719598993
norm,179,3,40175,0.8906036092097075,2.6827856634195317
norm,179,4,39746,0.8797614854324963,3.423065735225072
cqr,179,0,39762,0.9447965394094865,0.9721599434031502
cqr,179,1,40146,0.9075374881681861,1.4661571056396778
cqr,179,2,40171,0.9093126882576983,2.0992321832753054
cqr,179,3,40175,0.8786309894212819,2.549403753469752
cqr,179,4,39746,0.8694459819856086,3.1045921432123493
abs,180,0,39762,0.9989688647452342,2.217377361787339
abs,180,1,40146,0.9876700044836347,2.217377361787339
abs,180,2,40171,0.9272858529785168,2.217377361787339
abs,180,3,40175,0.8243932794026135,2.217377361787339
abs,180,4,39746,0.7139586373471545,2.217377361787339
norm,180,0,39762,0.9306624415270862,0.8880399392031044
norm,180,1,40146,0.885991132366861,1.3716154350120258
norm,180,2,40171,0.9099350277563416,2.15620951483839
norm,180,3,40175,0.8997635345364032,2.7566345508534975
norm,180,4,39746,0.889573793589292,3.5172922698329443
cqr,180,0,39762,0.9561641768522711,1.0186763398750214
cqr,180,1,40146,0.9178996662183032,1.5126735021115492
cqr,180,2,40171,0.916407358542232,2.145748579747177
cqr,180,3,40175,0.8855009334163036,2.5959201499416236
cqr,180,4,39746,0.8747295325315755,3.151108539684221
abs,181,0,39762,0.9988179669030733,2.1659526865611585
abs,181,1,40146,0.9856274597718329,2.1659526865611585
abs,181,2,40171,0.9205645863931692,2.165952686561159
abs,181,3,40175,0.8140634723086496,2.1659526865611585
abs,181,4,39746,0.7036431339002667,2.165952686561158
norm,181,0,39762,0.9139630803279513,0.8352473400385703
norm,181,1,40146,0.8645942310566432,1.2900750214879926
norm,181,2,40171,0.8922107988349804,2.028026198293228
norm,181,3,40175,0.877909147479776,2.5927568957370983
norm,181,4,39746,0.8675338398832587,3.3081946912798506
cqr,181,0,39762,0.911272068809416,0.873759552659386
cqr,181,1,40146,0.8817565884521497,1.3677567148959136
cqr,181,2,40171,0.892808244753678,2.000831792531541
cqr,181,3,40175,0.8627255756067206,2.451003362725988
cqr,181,4,39746,0.8567151411462789,3.0061917524685846
abs,182,0,39762,0.9990694633066747,2.307925170274128
abs,182,1,40146,0.9907338215513376,2.307925170274128
abs,182,2,40171,0.9381145602549102,2.307925170274128
abs,182,3,40175,0.8417921593030492,2.307925170274128
abs,182,4,39746,0.732803300961103,2.307925170274128
norm,182,0,39762,0.9243247321563302,0.8666914167562438
norm,182,1,40146,0.8782194988292732,1.3386417346071864
norm,182,2,40171,0.9032386547509398,2.1043741353745236
norm,182,3,40175,0.8915494710640945,2.6903649249180943
norm,182,4,39746,0.8809188345997081,3.432736396093661
cqr,182,0,39762,0.9583773452039636,1.0289285767318788
cqr,182,1,40146,0.9206147561400887,1.5229257389684063
cqr,182,2,40171,0.917801399019193,2.1560008166040343
cqr,182,3,40175,0.8868201617921593,2.6061723867984807
cqr,182,4,39746,0.8758365621697781,3.1613607765410783
abs,183,0,39762,0.9989688647452342,2.2437568324116812
abs,183,1,40146,0.9885418223484282,2.2437568324116812
abs,183,2,40171,0.9302730825720047,2.2437568324116812
abs,183,3,40175,0.829869321717486,2.2437568324116812
abs,183,4,39746,0.7194937855381673,2.2437568324116812
norm,183,0,39762,0.9200241436547457,0.8527586712790423
norm,183,1,40146,0.8722911373486774,1.3171220169627609
norm,183,2,40171,0.8987329167807623,2.0705446677576482
norm,183,3,40175,0.8855258245177349,2.6471151949508065
norm,183,4,39746,0.8751069289991446,3.377552461451615
cqr,183,0,39762,0.9153966098284795,0.8825796386848385
cqr,183,1,40146,0.8844218602102326,1.376576800921366
cqr,183,2,40171,0.8943267531303677,2.0096518785569937
cqr,183,3,40175,0.8640696950840074,2.45982344875144
cqr,183,4,39746,0.8581240879585367,3.0150118384940376
abs,184,0,39762,0.9990946129470348,2.369915060763307
abs,184,1,40146,0.9920540028894534,2.369915060763307
abs,184,2,40171,0.9452341241193896,2.369915060763307
abs,184,3,40175,0.8521717485998755,2.369915060763307
abs,184,4,39746,0.7462889347355709,2.369915060763307
norm,184,0,39762,0.9291031638247573,0.8824979252336108
norm,184,1,40146,0.8842225875554227,1.3630555588555198
norm,184,2,40171,0.9081177964203032,2.142753201980308
norm,184,3,40175,0.8974486621032981,2.739431149840556
norm,184,4,39746,0.8871332964323454,3.4953418123887685
cqr,184,0,39762,0.9409234947940245,0.9596198361465909
cqr,184,1,40146,0.9042743984456733,1.4536169983831182
cqr,184,2,40171,0.9074456697617684,2.0866920760187457
cqr,184,3,40175,0.8768637212196639,2.536863646213193
cqr,184,4,39746,0.8678105972928093,3.09205203595579
abs,185,0,39762,0.9989688647452342,2.237274383317469
abs,185,1,40146,0.9884421860210233,2.237274383317469
abs,185,2,40171,0.929501381593687,2.237274383317469
abs,185,3,40175,0.828301182327318,2.237274383317469
abs,185,4,39746,0.7181099984904141,2.237274383317469
norm,185,0,39762,0.9336803983703033,0.8998898983388333
norm,185,1,40146,0.8903502216908284,1.3899182006167041
norm,185,2,40171,0.9137686390679843,2.184981863367932
norm,185,3,40175,0.904542626011201,2.793418940088362
norm,185,4,39746,0.8938509535550747,3.5642268364283805
cqr,185,0,39762,0.9501282631658368,0.9914841294090065
cqr,185,1,40146,0.9115478503462362,1.4854812916455344
cqr,185,2,40171,0.9122750242712404,2.1185563692811615
cqr,185,3,40175,0.8813939016801493,2.568727939475609
cqr,185,4,39746,0.8714587631459769,3.123916329218206
abs,186,0,39762,0.999295810069916,2.4669631121060855
abs,186,1,40146,0.9940467294375529,2.4669631121060864
abs,186,2,40171,0.9541709193199074,2.466963112106086
abs,186,3,40175,0.8686496577473554,2.4669631121060855
abs,186,4,39746,0.764907160468978,2.466963112106086
norm,186,0,39762,0.9318193249836527,0.8922134379187071
norm,186,1,40146,0.887635131769043,1.3780615811858794
norm,186,2,40171,0.9113041746533569,2.166342997853606
norm,186,3,40175,0.9016552582451773,2.7695898361390863
norm,186,4,39746,0.8910833794595683,3.5338223988536277
cqr,186,0,39762,0.9520899351139279,1.0005268331605934
cqr,186,1,40146,0.9137647586309968,1.4945239953971212
cqr,186,2,40171,0.9140175748674417,2.127599073032749
cqr,186,3,40175,0.8827131300560049,2.5777706432271956
cqr,186,4,39746,0.8726412720776934,3.132959032969793
abs,187,0,39762,0.9990946129470348,2.369993623024563
abs,187,1,40146,0.9920540028894534,2.369993623024563
abs,187,2,40171,0.9452590176993353,2.369993623024563
abs,187,3,40175,0.8521966397013068,2.369993623024563
abs,187,4,39746,0.7463140945000755,2.369993623024563
norm,187,0,39762,0.9290025652633167,0.882349363276071
norm,187,1,40146,0.8841976784735714,1.362826098597009
norm,187,2,40171,0.9080929028403575,2.142392485426638
norm,187,3,40175,0.8972993154947106,2.7389699869952637
norm,187,4,39746,0.8870829769033362,3.494753397609457
cqr,187,0,39762,0.966727025803531,1.0720558240491898
cqr,187,1,40146,0.928535844168784,1.5660529862857173
cqr,187,2,40171,0.9235020288267656,2.199128063921345
cqr,187,3,40175,0.893366521468575,2.6492996341157915
cqr,187,4,39746,0.8810697931867357,3.204488023858389
abs,188,0,39762,0.9990946129470348,2.338800561202109
abs,188,1,40146,0.9914810940068749,2.3388005612021088
abs,188,2,40171,0.941948171566553,2.3388005612021088
abs,188,3,40175,0.8472433105164904,2.3388005612021088
abs,188,4,39746,0.7401499521964474,2.3388005612021088
norm,188,0,39762,0.9258085609375786,0.8712670313973028
norm,188,1,40146,0.8799631345588601,1.3457089659211015
norm,188,2,40171,0.904508227328172,2.1154839778373953
norm,188,3,40175,0.8931176104542626,2.7045684498431704
norm,188,4,39746,0.8828058169375534,3.4508592003688534
cqr,188,0,39762,0.9527186761229315,1.0032860917510988
cqr,188,1,40146,0.9145867583320879,1.4972832539876264
cqr,188,2,40171,0.9143411914067362,2.130358331623254
cqr,188,3,40175,0.8832109520846297,2.5805299018177004
cqr,188,4,39746,0.872918029487244,3.1357182915602984
abs,189,0,39762,0.9992706604295558,2.4593655005905224
abs,189,1,40146,0.9939720021919992,2.4593655005905224
abs,189,2,40171,0.9535734734012098,2.4593655005905224
abs,189,3,40175,0.8672308649657747,2.4593655005905224
abs,189,4,39746,0.7635988527147386,2.4593655005905224
norm,189,0,39762,0.9381318847140486,0.9202530364497071
norm,189,1,40146,0.8974493100184328,1.4213699330277707
norm,189,2,40171,0.9203654377536034,2.2344246758004833
norm,189,3,40175,0.9115619166148102,2.8566297570822554
norm,189,4,39746,0.9011221254969054,3.644879862384835
cqr,189,0,39762,0.9581509984407223,1.0275757608313034
cqr,189,1,40146,0.9200916654212126,1.5215729230678312
cqr,189,2,40171,0.9176022503796271,2.154648000703459
cqr,189,3,40175,0.8866459240821406,2.604819570897905
cqr,189,4,39746,0.8756604438182458,3.160007960640503
abs,190,0,39762,0.9990694633066747,2.2973144984316436
abs,190,1,40146,0.9904598216509739,2.2973144984316436
abs,190,2,40171,0.9369943491573524,2.2973144984316436
abs,190,3,40175,0.8400746733042938,2.2973144984316436
abs,190,4,39746,0.7306144014492024,2.2973144984316436
norm,190,0,39762,0.9247522760424526,0.8680999433500495
norm,190,1,40146,0.878618044138893,1.340817263805144
norm,190,2,40171,0.90358716487018,2.1077941149378208
norm,190,3,40175,0.8920224019912881,2.69473724298947
norm,190,4,39746,0.8812710713027726,3.4383151988946845
cqr,190,0,39762,0.9576983049142397,1.0254102916246972
cqr,190,1,40146,0.9197678473571465,1.5194074538612248
cqr,190,2,40171,0.9172537402603869,2.1524825314968523
cqr,190,3,40175,0.8863472308649658,2.6026541016912987
cqr,190,4,39746,0.8753585266441906,3.1578424914338963
abs,191,0,39762,0.9990694633066747,2.2909531542331214
abs,191,1,40146,0.9900861854232053,2.2909531542331214
abs,191,2,40171,0.9361977545990889,2.2909531542331214
abs,191,3,40175,0.8390043559427505,2.2909531542331214
abs,191,4,39746,0.7294570522819906,2.2909531542331214
norm,191,0,39762,0.9217594688395956,0.85767466232678
norm,191,1,40146,0.8743585911423305,1.3247149741055544
norm,191,2,40171,0.9004754673769635,2.0824809627417498
norm,191,3,40175,0.8876664592408214,2.662375309024101
norm,191,4,39746,0.8769939113369899,3.3970234070109924
cqr,191,0,39762,0.9399426588199788,0.9563338330576818
cqr,191,1,40146,0.9033527624171773,1.4503309952942094
cqr,191,2,40171,0.9070971596425282,2.083406072929837
cqr,191,3,40175,0.8761169881767268,2.5335776431242842
cqr,191,4,39746,0.867508680118754,3.088766032866881
abs,192,0,39762,0.9987425179819929,2.1330762104371095
abs,192,1,40146,0.984108005778907,2.1330762104371095
abs,192,2,40171,0.9155609768240771,2.1330762104371095
abs,192,3,40175,0.8079153702551338,2.1330762104371095
abs,192,4,39746,0.695868766668344,2.1330762104371095
norm,192,0,39762,0.9100145867914089,0.8230088925314796
norm,192,1,40146,0.8600358690778658,1.2711722190798338
norm,192,2,40171,0.88760548654502,1.9983105787622875
norm,192,3,40175,0.8722339763534537,2.5547665692241637
norm,192,4,39746,0.8618225733407135,3.2597214245818753
cqr,192,0,39762,0.9120265580202203,0.8750550535155881
cqr,192,1,40146,0.8819060429432571,1.3690522157521157
cqr,192,2,40171,0.8930571805531353,2.0021272933877436
cqr,192,3,40175,0.8629495955196017,2.45229886358219
cqr,192,4,39746,0.8569667387913249,3.007487253324788
abs,193,0,39762,0.9990946129470348,2.35690963530449
abs,193,1,40146,0.991804912070941,2.35690963530449
abs,193,2,40171,0.9440641258619402,2.35690963530449
abs,193,3,40175,0.8502053515868078,2.35690963530449
abs,193,4,39746,0.744049715694661,2.35690963530449
norm,193,0,39762,0.9277702328856697,0.8776668739235612
norm,193,1,40146,0.8825536790713894,1.3555937947482146
norm,193,2,40171,0.906649075203505,2.131023145322328
norm,193,3,40175,0.8957062850031113,2.724434703880953
norm,193,4,39746,0.8848437578624264,3.4762072907553705
cqr,193,0,39762,0.9437402545143605,0.9688241493302961
cqr,193,1,40146,0.9067403975489463,1.4628213115668236
cqr,193,2,40171,0.9087152423390008,2.0958963892024514
cqr,193,3,40175,0.8783074051026758,2.5460679593968982
cqr,193,4,39746,0.8690685855180396,3.1012563491394958
abs,194,0,39762,0.9990443136663145,2.2723269274137756
abs,194,1,40146,0.9895880037861804,2.2723269274137756
abs,194,2,40171,0.9341315874635931,2.2723269274137756
abs,194,3,40175,0.8354698195395146,2.2723269274137756
abs,194,4,39746,0.7253308509032356,2.2723269274137756
norm,194,0,39762,0.9272672400784668,0.8759679979767471
norm,194,1,40146,0.8819807701888108,1.3529698086323287
norm,194,2,40171,0.9060267357048617,2.126898181658714
norm,194,3,40175,0.8950591163658992,2.7191610895694116
norm,194,4,39746,0.8844663613948573,3.4694784906515177
cqr,194,0,39762,0.9448216890498465,0.9723004438417008
cqr,194,1,40146,0.9075623972500374,1.4662976060782282
cqr,194,2,40171,0.9093624754175899,2.099372683713856
cqr,194,3,40175,0.8786558805227132,2.549544253908303
cqr,194,4,39746,0.8694459819856086,3.1047326436509004
abs,195,0,39762,0.9987928172627132,2.153135342563515
abs,195,1,40146,0.9850794599711055,2.1531353425635147
abs,195,2,40171,0.9188967165368052,2.153135342563515
abs,195,3,40175,0.8114499066583696,2.153135342563515
abs,195,4,39746,0.7009761988627786,2.153135342563515
norm,195,0,39762,0.9187163623560183,0.8494511542660476
norm,195,1,40146,0.8709958650924127,1.3120134163398434
norm,195,2,40171,0.89763759926315,2.0625138356530592
norm,195,3,40175,0.8842314872433105,2.6368480715106832
norm,195,4,39746,0.8736476626578775,3.3644522578362386
cqr,195,0,39762,0.9312911825360898,0.928543953774476
cqr,195,1,40146,0.896253674089573,1.4225411160110035
cqr,195,2,40171,0.9023673794528391,2.0556161936466313
cqr,195,3,40175,0.8718357187305539,2.505787763841078
cqr,195,4,39746,0.8639863130881095,3.0609761535836753
abs,196,0,39762,0.9987425179819929,2.1405987503297803
abs,196,1,40146,0.9845065510885269,2.1405987503297803
abs,196,2,40171,0.916955017301038,2.1405987503297803
abs,196,3,40175,0.8092594897324207,2.1405987503297803
abs,196,4,39746,0.6976551099481709,2.1405987503297803
norm,196,0,39762,0.9296061566319601,0.8850764269740964
norm,196,1,40146,0.8849449509291087,1.367038164400974
norm,196,2,40171,0.9089143909785666,2.14901394515347
norm,196,3,40175,0.8983447417548226,2.7474352796926844
norm,196,4,39746,0.8884164444220802,3.505554578548474
cqr,196,0,39762,0.9463055178310951,0.9768456317035135
cqr,196,1,40146,0.9083096697055747,1.4708427939400412
cqr,196,2,40171,0.910084389236016,2.103917871575669
cqr,196,3,40175,0.8793528313627879,2.5540894417701154
cqr,196,4,39746,0.8698233784531777,3.1092778315127134
abs,197,0,39762,0.9990946129470348,2.3594751123515936
abs,197,1,40146,0.9918547302346435,2.3594751123515936
abs,197,2,40171,0.9442134873416146,2.3594751123515936
abs,197,3,40175,0.8506036092097076,2.3594751123515936
abs,197,4,39746,0.7444774316912394,2.3594751123515936
norm,197,0,39762,0.9299834012373623,0.8861687577575335
norm,197,1,40146,0.8854182234842823,1.368725315728926
norm,197,2,40171,0.9092131139379154,2.1516661840051508
norm,197,3,40175,0.8989421281891724,2.75082606950478
norm,197,4,39746,0.8888190006541539,3.5098810130375937
cqr,197,0,39762,0.9379558372315275,0.9494171329443517
cqr,197,1,40146,0.9013849449509291,1.4434142951808793
cqr,197,2,40171,0.9060765228647532,2.0764893728165066
cqr,197,3,40175,0.8752209085252023,2.526660943010954
cqr,197,4,39746,0.8663513309515423,3.0818493327535514
abs,198,0,39762,0.9987928172627132,2.1478876315770883
abs,198,1,40146,0.9848801873162956,2.1478876315770883
abs,198,2,40171,0.9182992706181076,2.1478876315770883
abs,198,3,40175,0.8105538270068451,2.1478876315770883
abs,198,4,39746,0.6996678911085392,2.1478876315770883
norm,198,0,39762,0.9277450832453096,0.8773977724668782
norm,198,1,40146,0.8824291336621332,1.3551781561093694
norm,198,2,40171,0.9064997137238306,2.1303697522757523
norm,198,3,40175,0.8956067205973864,2.7235993649052723
norm,198,4,39746,0.8847934383334172,3.475141450772721
cqr,198,0,39762,0.9350133293093909,0.9393802665964799
cqr,198,1,40146,0.8989936730932098,1.4333774288330074
cqr,198,2,40171,0.9043588658484977,2.0664525064686354
cqr,198,3,40175,0.873627878033603,2.5166240766630814
cqr,198,4,39746,0.8652946208423489,3.0718124664056794
abs,199,0,39762,0.9990694633066747,2.294678680857179
abs,199,1,40146,0.9903352762417177,2.294678680857179
abs,199,2,40171,0.9365711582982749,2.294678680857179
abs,199,3,40175,0.8396515245799626,2.2946786808571784
abs,199,4,39746,0.7302873245106426,2.294678680857179
norm,199,0,39762,0.9292792113072783,0.8834617741771665
norm,199,1,40146,0.8845214965376377,1.364544264520253
norm,199,2,40171,0.908416519379652,2.145093479901621
norm,199,3,40175,0.8976726820161792,2.742423109078329
norm,199,4,39746,0.887535852664419,3.499159364155075
cqr,199,0,39762,0.9498516171218752,0.9903334661931041
cqr,199,1,40146,0.9112738504458726,1.4843306284296316
cqr,199,2,40171,0.9121007692116203,2.1174057060652594
cqr,199,3,40175,0.881244555071562,2.567577276259706
cqr,199,4,39746,0.8712574850299402,3.1227656660023038
abs,200,0,39762,0.9990694633066747,2.286764959672861
abs,200,1,40146,0.9899367309320979,2.2867649596728614
abs,200,2,40171,0.9357745637400114,2.286764959672861
abs,200,3,40175,0.8382078406969509,2.286764959672861
abs,200,4,39746,0.7285513007598249,2.2867649596728614
norm,200,0,39762,0.9388360746441325,0.9234894305910277
norm,200,1,40146,0.8987196731928461,1.4263686813520877
norm,200,2,40171,0.9213860745313783,2.242282817684896
norm,200,3,40175,0.9127566894835096,2.866676102428108
norm,200,4,39746,0.9021033563125849,3.657698367040848
cqr,200,0,39762,0.9327750113173382,0.9325761563088111
cqr,200,1,40146,0.897274946445474,1.4265733185453386
cqr,200,2,40171,0.9029648253715367,2.0596483961809664
cqr,200,3,40175,0.8724082140634724,2.5098199663754133
cqr,200,4,39746,0.8644895083782016,3.065008356118011
abs,201,0,39762,0.9990694633066747,2.295865174014293
abs,201,1,40146,0.9904349125691227,2.295865174014293
abs,201,2,40171,0.936745413357895,2.295865174014293
abs,201,3,40175,0.8398506533914125,2.295865174014293
abs,201,4,39746,0.7304131233331655,2.295865174014293
norm,201,0,39762,0.9282983753332328,0.8796930690100652
norm,201,1,40146,0.883226224281373,1.3587233391890738
norm,201,2,40171,0.9072216275422569,2.13594285774918
norm,201,3,40175,0.896403235843186,2.7307243752523087
norm,201,4,39746,0.8855482312685553,3.484232515748436
cqr,201,0,39762,0.9422061264523918,0.9636479990356824
cqr,201,1,40146,0.9052956708015742,1.45764516127221
cqr,201,2,40171,0.9081675835801947,2.090720238907838
cqr,201,3,40175,0.877485998755445,2.5408918091022845
cqr,201,4,39746,0.8684144316409198,3.096080198844882
abs,202,0,39762,0.9990946129470348,2.3438823595077194
abs,202,1,40146,0.9916056394161311,2.3438823595077194
abs,202,2,40171,0.9425456174852506,2.3438823595077194
abs,202,3,40175,0.8481891723708774,2.3438823595077194
abs,202,4,39746,0.7412318220701454,2.3438823595077194
norm,202,0,39762,0.9277702328856697,0.8777574977155348
norm,202,1,40146,0.8825785881532406,1.3557337670471654
norm,202,2,40171,0.906649075203505,2.1312431848429596
norm,202,3,40175,0.8957560672059739,2.7247160163141624
norm,202,4,39746,0.884868917626931,3.4765662277230676
cqr,202,0,39762,0.9595593783008903,1.0338761189653969
cqr,202,1,40146,0.9215613012504359,1.5278732812019247
cqr,202,2,40171,0.918548206417565,2.1609483588375524
cqr,202,3,40175,0.8876166770379589,2.611119929031999
cqr,202,4,39746,0.8763145976953656,3.166308318774597
abs,203,0,39762,0.9991700618681153,2.4302362127774275
abs,203,1,40146,0.9933492751457181,2.4302362127774275
abs,203,2,40171,0.9505613502277762,2.4302362127774275
abs,203,3,40175,0.862352209085252,2.4302362127774275
abs,203,4,39746,0.7582146631107533,2.4302362127774275
norm,203,0,39762,0.9339067451335445,0.900763576626646
norm,203,1,40146,0.8907238579185971,1.3912676338706564
norm,203,2,40171,0.9140673620273332,2.1871032020081502
norm,203,3,40175,0.9048662103298071,2.796130993508702
norm,203,4,39746,0.8941025512001207,3.5676872459802325
cqr,203,0,39762,0.9479653940948645,0.9839687184608326
cqr,203,1,40146,0.9096547601255418,1.4779658806973603
cqr,203,2,40171,0.9111299195937368,2.1110409583329877
cqr,203,3,40175,0.8802738021157436,2.5612125285274345
cqr,203,4,39746,0.870754289739848,3.1164009182700316
abs,204,0,39762,0.9992455107891958,2.44423519231957
abs,204,1,40146,0.9935983659642306,2.44423519231957
abs,204,2,40171,0.9521296457643573,2.44423519231957
abs,204,3,40175,0.864542626011201,2.44423519231957
abs,204,4,39746,0.7609319176772505,2.44423519231957
norm,204,0,39762,0.9374025451436044,0.9152088634927003
norm,204,1,40146,0.895531310715887,1.413578993477339
norm,204,2,40171,0.9189713972766423,2.2221771481339365
norm,204,3,40175,0.9099439950217797,2.840971743472819
norm,204,4,39746,0.899360941981583,3.6249012220487926
cqr,204,0,39762,0.9609929078014184,1.0407601832446436
cqr,204,1,40146,0.9231554824889154,1.5347573454811712
cqr,204,2,40171,0.9194941624555028,2.1678324231167987
cqr,204,3,40175,0.8887616677037959,2.6180039933112456
cqr,204,4,39746,0.8769687515724853,3.1731923830538427
abs,205,0,39762,0.9990946129470348,2.3485571033142145
abs,205,1,40146,0.9916554575798336,2.348557103314215
abs,205,2,40171,0.9430434890841652,2.3485571033142145
abs,205,3,40175,0.8489359054138146,2.3485571033142145
abs,205,4,39746,0.742338851708348,2.3485571033142145
norm,205,0,39762,0.9342336904582265,0.9016370160080014
norm,205,1,40146,0.8911473123100683,1.392616698123431
norm,205,2,40171,0.9144905528864106,2.1892239605704322
norm,205,3,40175,0.9052395768512757,2.7988423053207376
norm,205,4,39746,0.8943793086096714,3.57114670928654
cqr,205,0,39762,0.9491977264725114,0.9886633605397487
cqr,205,1,40146,0.9108753051362527,1.4826605227762764
cqr,205,2,40171,0.9117522590923801,2.115735600411904
cqr,205,3,40175,0.8810952084629745,2.565907170606351
cqr,205,4,39746,0.8712071655009309,3.121095560348948
abs,206,0,39762,0.9990694633066747,2.318155097656155
abs,206,1,40146,0.9910078214517013,2.318155097656155
abs,206,2,40171,0.9393343456722512,2.318155097656155
abs,206,3,40175,0.8435345364032358,2.3181550976561556
abs,206,4,39746,0.7353695969405727,2.318155097656155
norm,206,0,39762,0.926412152306222,0.8734303505108041
norm,206,1,40146,0.8807104070143974,1.3490503042505437
norm,206,2,40171,0.9051803539867068,2.120736634897335
norm,206,3,40175,0.8940883634100809,2.711283778680915
norm,206,4,39746,0.88366124893071,3.4594275375113566
cqr,206,0,39762,0.9507821538152005,0.9942984044418054
cqr,206,1,40146,0.9122702137199222,1.488295566678333
cqr,206,2,40171,0.9127977894501008,2.1213706443139606
cqr,206,3,40175,0.8820161792159303,2.571542214508407
cqr,206,4,39746,0.8717355205555276,3.1267306042510046
abs,207,0,39762,0.9991449122277551,2.384589519373683
abs,207,1,40146,0.9924276391172221,2.3845895193736832
abs,207,2,40171,0.9465285902765677,2.3845895193736832
abs,207,3,40175,0.8546608587429994,2.3845895193736832
abs,207,4,39746,0.7492577869471142,2.3845895193736832
norm,207,0,39762,0.9378300890297269,0.9177181239013252
norm,207,1,40146,0.896452946744383,1.4174546528424157
norm,207,2,40171,0.9195937367752857,2.228269769568441
norm,207,3,40175,0.9107654013690106,2.8487609358662507
norm,207,4,39746,0.9003924923262718,3.6348397415326965
cqr,207,0,39762,0.9416025350837482,0.9616476274796399
cqr,207,1,40146,0.9047974891645494,1.4556447897161675
cqr,207,2,40171,0.9076946055612257,2.0887198673517955
cqr,207,3,40175,0.8771624144368388,2.538891437546242
cqr,207,4,39746,0.86808735470236,3.0940798272888395
abs,208,0,39762,0.9990694633066747,2.304082550533416
abs,208,1,40146,0.9906092761420814,2.3040825505334155
abs,208,2,40171,0.9377411565557243,2.304082550533416
abs,208,3,40175,0.8410703173615433,2.304082550533416
abs,208,4,39746,0.7319227092034418,2.304082550533416
norm,208,0,39762,0.9261606559026206,0.8727764155176925
norm,208,1,40146,0.8804114980321825,1.3480402738561326
norm,208,2,40171,0.9049563117671953,2.11914884498836
norm,208,3,40175,0.8937647790914748,2.7092538476874495
norm,208,4,39746,0.8835102903436823,3.4568374732645744
cqr,208,0,39762,0.9226145566118404,0.9025705511118971
cqr,208,1,40146,0.8896029492352912,1.3965677133484247
cqr,208,2,40171,0.8982350451818476,2.029642790984052
cqr,208,3,40175,0.8674548848786559,2.4798143611784993
cqr,208,4,39746,0.8607155437025109,3.0350027509210964
abs,209,0,39762,0.9990443136663145,2.2719953595261937
abs,209,1,40146,0.9895630947043292,2.2719953595261937
abs,209,2,40171,0.9340818003037017,2.2719953595261937
abs,209,3,40175,0.8354449284380834,2.2719953595261937
abs,209,4,39746,0.7253056911387309,2.2719953595261937
norm,209,0,39762,0.9205271364619486,0.854362484964238
norm,209,1,40146,0.8728889553131072,1.3195991753746585
norm,209,2,40171,0.899305469119514,2.0744388150537145
norm,209,3,40175,0.8864467952706907,2.6520937190267726
norm,209,4,39746,0.8757610828762643,3.383904744978698
cqr,209,0,39762,0.9223882098485991,0.9015554327332039
cqr,209,1,40146,0.8893538584167787,1.3955525949697314
cqr,209,2,40171,0.898011002962336,2.0286276726053596
cqr,209,3,40175,0.8672308649657747,2.4787992427998056
cqr,209,4,39746,0.8605142655864741,3.0339876325424036
abs,210,0,39762,0.9990946129470348,2.3608387362344425
abs,210,1,40146,0.9918547302346435,2.360838736234442
abs,210,2,40171,0.944362848821289,2.3608387362344425
abs,210,3,40175,0.8507031736154325,2.3608387362344425
abs,210,4,39746,0.74475418910079,2.3608387362344425
norm,210,0,39762,0.9419294804084302,0.9366595590699512
norm,210,1,40146,0.9029791261894087,1.4467105046252542
norm,210,2,40171,0.9253441537427497,2.274260609543427
norm,210,3,40175,0.9167392657125077,2.907558533050271
norm,210,4,39746,0.906355356513863,3.7098617766428905
cqr,210,0,39762,0.9482923394195463,0.9848776442615773
cqr,210,1,40146,0.9097543964529468,1.478874806498105
cqr,210,2,40171,0.9112543874934654,2.1119498841337325
cqr,210,3,40175,0.880522713130056,2.5621214543281794
cqr,210,4,39746,0.8708549287978664,3.117309844070777
abs,211,0,39762,0.9991449122277551,2.4026035383543305
abs,211,1,40146,0.9928012753449907,2.4026035383543305
abs,211,2,40171,0.9481964601329317,2.40260353835433
abs,211,3,40175,0.8578967019290603,2.40260353835433
abs,211,4,39746,0.7527549942132542,2.40260353835433
norm,211,0,39762,0.9378300890297269,0.9178835406273345
norm,211,1,40146,0.8965276739899367,1.4177101460072918
norm,211,2,40171,0.9196435239351771,2.2286714104212777
norm,211,3,40175,0.9108151835718731,2.8492744189226715
norm,211,4,39746,0.9004428118552811,3.6354949136099965
cqr,211,0,39762,0.963558171118153,1.053216938111467
cqr,211,1,40146,0.9253972998555273,1.5472141003479947
cqr,211,2,40171,0.9210873515720296,2.180289177983622
cqr,211,3,40175,0.8907031736154325,2.6304607481780686
cqr,211,4,39746,0.8783776983847431,3.185649137920666
abs,212,0,39762,0.9990946129470348,2.3417138195251246
abs,212,1,40146,0.9915558212524286,2.3417138195251246
abs,212,2,40171,0.9423464688456847,2.3417138195251246
abs,212,3,40175,0.8477162414436838,2.341713819525124
abs,212,4,39746,0.7406783072510441,2.3417138195251246
norm,212,0,39762,0.9225642573311201,0.860319007835623
norm,212,1,40146,0.8753798634982315,1.3287992781501317
norm,212,2,40171,0.9012471683552812,2.0889015781836684
norm,212,3,40175,0.8890354698195395,2.6705838296911004
norm,212,4,39746,0.8782770593267247,3.4074969629924574
cqr,212,0,39762,0.9451989336552488,0.9732848350044482
cqr,212,1,40146,0.9077118517411448,1.4672819972409759
cqr,212,2,40171,0.90953673047721,2.1003570748766034
cqr,212,3,40175,0.878855009334163,2.5505286450710503
cqr,212,4,39746,0.8695214612791224,3.105717034813648
abs,213,0,39762,0.9990946129470348,2.345330905714561
abs,213,1,40146,0.9916056394161311,2.345330905714561
abs,213,2,40171,0.9426451918050335,2.345330905714561
abs,213,3,40175,0.8484131922837586,2.3453309057145604
abs,213,4,39746,0.7415840587732099,2.345330905714561
norm,213,0,39762,0.9332277048438208,0.8971956695480559
norm,213,1,40146,0.8891794948438201,1.385756849722734
norm,213,2,40171,0.9130218316696124,2.1784401285907333
norm,213,3,40175,0.9036714374611077,2.785055572806451
norm,213,4,39746,0.8928697227393951,3.553555705907532
cqr,213,0,39762,0.9581258488003621,1.0273745581681344
cqr,213,1,40146,0.9200667563393613,1.521371720404662
cqr,213,2,40171,0.9175275696397899,2.1544467980402895
cqr,213,3,40175,0.8866210329807094,2.6046183682347364
cqr,213,4,39746,0.8756352840537412,3.1598067579773335
abs,214,0,39762,0.9989940143855943,2.2504610307412065
abs,214,1,40146,0.9887909131669407,2.2504610307412065
abs,214,2,40171,0.9310447835503224,2.2504610307412065
abs,214,3,40175,0.8312383322962041,2.2504610307412065
abs,214,4,39746,0.7209027323504252,2.2504610307412065
norm,214,0,39762,0.9311402846939288,0.8898224352917649
norm,214,1,40146,0.8865889503312908,1.374368575991528
norm,214,2,40171,0.9105075800950935,2.1605375127772897
norm,214,3,40175,0.9005102675793404,2.7621677370175926
norm,214,4,39746,0.8900769888793841,3.524352267291255
cqr,214,0,39762,0.9545294502288617,1.0113818989667545
cqr,214,1,40146,0.9161809395705675,1.5053790612032818
cqr,214,2,40171,0.9154862960842399,2.1384541388389096
cqr,214,3,40175,0.884281269446173,2.5886257090333564
cqr,214,4,39746,0.8736979821868868,3.143814098775954
abs,215,0,39762,0.9990946129470348,2.3565814293167975
abs,215,1,40146,0.991804912070941,2.356581429316797
abs,215,2,40171,0.9440143387020488,2.356581429316797
abs,215,3,40175,0.850130678282514,2.356581429316797
abs,215,4,39746,0.7439490766366427,2.356581429316797
norm,215,0,39762,0.9364720084502791,0.9112972535596897
norm,215,1,40146,0.8940367658048124,1.4075373456605995
norm,215,2,40171,0.9174528888999527,2.212679545398341
norm,215,3,40175,0.9086247666459241,2.828829407734547
norm,215,4,39746,0.8977003975242792,3.609408365508662
cqr,215,0,39762,0.9619988934158241,1.0458872477146435
cqr,215,1,40146,0.9241020275992627,1.5398844099511713
cqr,215,2,40171,0.9200916083742003,2.172959487586799
cqr,215,3,40175,0.8894835096453018,2.623131057781246
cqr,215,4,39746,0.8774467870980728,3.1783194475238434
abs,216,0,39762,0.9992455107891958,2.443012013210719
abs,216,1,40146,0.9935734568823793,2.443012013210719
abs,216,2,40171,0.9519056035448458,2.443012013210719
abs,216,3,40175,0.864443061605476,2.443012013210719
abs,216,4,39746,0.7607557993257184,2.443012013210719
norm,216,0,39762,0.9333786026859816,0.8979647556866487
norm,216,1,40146,0.8896029492352912,1.3869447359562004
norm,216,2,40171,0.9132209803091783,2.180307511775382
norm,216,3,40175,0.904019912881145,2.7874429535183256
norm,216,4,39746,0.8931464801489458,3.5566018535082087
cqr,216,0,39762,0.9553090890800262,1.0148382519117867
cqr,216,1,40146,0.916953121107956,1.508835414148314
cqr,216,2,40171,0.9159094869433173,2.141910491783942
cqr,216,3,40175,0.8849782202862476,2.592082061978388
cqr,216,4,39746,0.8741760177124742,3.147270451720986
abs,217,0,39762,0.9989688647452342,2.2323995566954897
abs,217,1,40146,0.9883176406117671,2.2323995566954897
abs,217,2,40171,0.9291030843145552,2.2323995566954897
abs,217,3,40175,0.8272806471686373,2.2323995566954897
abs,217,4,39746,0.7170281286167162,2.2323995566954897
norm,217,0,39762,0.9380815854333283,0.9189620200086626
norm,217,1,40146,0.8968514920540029,1.4193759032558892
norm,217,2,40171,0.9200667147942546,2.231290017311485
norm,217,3,40175,0.9111387678904792,2.8526222115091406
norm,217,4,39746,0.9007698887938409,3.639766486344128
cqr,217,0,39762,0.9495246717971934,0.9892513759254392
cqr,217,1,40146,0.9109998505455089,1.483248538161967
cqr,217,2,40171,0.9118269398322173,2.1163236157975946
cqr,217,3,40175,0.881144990665837,2.5664951859920415
cqr,217,4,39746,0.8712323252654355,3.121683575734639
abs,218,0,39762,0.9990443136663145,2.2690213428015222
abs,218,1,40146,0.989438549295073,2.2690213428015222
abs,218,2,40171,0.9336835030245699,2.2690213428015222
abs,218,3,40175,0.8347479775980087,2.2690213428015222
abs,218,4,39746,0.7247018567906205,2.2690213428015222
norm,218,0,39762,0.9327247120366179,0.8947084942180061
norm,218,1,40146,0.8883325860608778,1.3819153017003116
norm,218,2,40171,0.9122501306912947,2.172401130934235
norm,218,3,40175,0.9026260112009956,2.777334936440706
norm,218,4,39746,0.8919639712172294,3.5437046596021666
cqr,218,0,39762,0.928348674613953,0.9201237169479638
cqr,218,1,40146,0.8937627659044488,1.4141208791844917
cqr,218,2,40171,0.9009733389758782,2.047195956820119
cqr,218,3,40175,0.8704667081518357,2.497367527014566
cqr,218,4,39746,0.8630050822724299,3.052555916757163
abs,219,0,39762,0.9990946129470348,2.3482755783005795
abs,219,1,40146,0.9916305484979824,2.3482755783005795
abs,219,2,40171,0.9429937019242737,2.3482755783005795
abs,219,3,40175,0.8488861232109521,2.3482755783005795
abs,219,4,39746,0.7422633724148342,2.3482755783005795
norm,219,0,39762,0.9310396861324883,0.8890456535664856
norm,219,1,40146,0.8863149504309271,1.3731688035972998
norm,219,2,40171,0.9103831121953648,2.158651444287507
norm,219,3,40175,0.9001369010578718,2.759756467830423
norm,219,4,39746,0.8898505509988427,3.5212756394989024
cqr,219,0,39762,0.9535737638951763,1.0069805192381223
cqr,219,1,40146,0.9153091217057739,1.5009776814746498
cqr,219,2,40171,0.9149137437454881,2.1340527591102774
cqr,219,3,40175,0.8837336652146858,2.5842243293047242
cqr,219,4,39746,0.8734463845418406,3.1394127190473213
abs,220,0,39762,0.9988179669030733,2.16860569276686
abs,220,1,40146,0.9857021870173865,2.1686056927668607
abs,220,2,40171,0.9208384157725723,2.16860569276686
abs,220,3,40175,0.814511512134412,2.16860569276686
abs,220,4,39746,0.7043727670709002,2.16860569276686
norm,220,0,39762,0.9337558472913837,0.90005700255879
norm,220,1,40146,0.8904249489363822,1.3901763001877143
norm,220,2,40171,0.913893106967713,2.1853876015483147
norm,220,3,40175,0.9045924082140635,2.7939376614273357
norm,220,4,39746,0.8939264328485885,3.5648886922246836
cqr,220,0,39762,0.9518132890699663,0.999306233739201
cqr,220,1,40146,0.9134907587306332,1.4933033959757287
cqr,220,2,40171,0.9138433198078215,2.1263784736113567
cqr,220,3,40175,0.882514001244555,2.576550043805803
cqr,220,4,39746,0.8724148341971519,3.1317384335484006
abs,221,0,39762,0.998943715104874,2.2070856472041775
abs,221,1,40146,0.9872963682558661,2.2070856472041775
abs,221,2,40171,0.9260660675611759,2.2070856472041775
abs,221,3,40175,0.8225015556938394,2.2070856472041775
abs,221,4,39746,0.7121722940673275,2.2070856472041775
norm,221,0,39762,0.9182636688295357,0.8481834023822808
norm,221,1,40146,0.8703980471279829,1.3100553196656104
norm,221,2,40171,0.8971646212441812,2.059435664780829
norm,221,3,40175,0.8838581207218419,2.6329127432777706
norm,221,4,39746,0.8731947868967946,3.359431026578509
cqr,221,0,39762,0.9400684070217796,0.956551616204495
cqr,221,1,40146,0.9034025805808797,1.4505487784410227
cqr,221,2,40171,0.9071469468024197,2.0836238560766502
cqr,221,3,40175,0.8761169881767268,2.533795426271097
cqr,221,4,39746,0.867508680118754,3.088983816013694
abs,222,0,39762,0.9990694633066747,2.303482510821195
abs,222,1,40146,0.9906092761420814,2.303482510821195
abs,222,2,40171,0.9376913693958329,2.303482510821195
abs,222,3,40175,0.840945861854387,2.303482510821195
abs,222,4,39746,0.7317717506164142,2.303482510821195
norm,222,0,39762,0.9351390775111916,0.9048856387659057
norm,222,1,40146,0.8923429482389279,1.3976343340658763
norm,222,2,40171,0.9153867217644569,2.1971117942043557
norm,222,3,40175,0.9064343497199752,2.808926610476161
norm,222,4,39746,0.8954360187188648,3.584013648271553
cqr,222,0,39762,0.9307630400885267,0.9271848380000665
cqr,222,1,40146,0.8958800378618044,1.421182000236594
cqr,222,2,40171,0.9021433372333275,2.054257077872222
cqr,222,3,40175,0.8716365899191039,2.5044286480666678
cqr,222,4,39746,0.8639108337945957,3.0596170378092657
abs,223,0,39762,0.9990946129470348,2.336035531995983
abs,223,1,40146,0.9914063667613212,2.336035531995983
abs,223,2,40171,0.9416494486072042,2.3360355319959827
abs,223,3,40175,0.8466210329807093,2.3360355319959827
abs,223,4,39746,0.7397725557288783,2.336035531995983
norm,223,0,39762,0.9301845983602435,0.8865911998829045
norm,223,1,40146,0.8855676779753898,1.3693777955487845
norm,223,2,40171,0.9093624754175899,2.15269189657728
norm,223,3,40175,0.8990416925948973,2.7521374052985044
norm,223,4,39746,0.8890454385346953,3.5115541950155937
cqr,223,0,39762,0.9400935566621398,0.9567662658337758
cqr,223,1,40146,0.9034773078264335,1.4507634280703035
cqr,223,2,40171,0.9071718403823654,2.083838505705931
cqr,223,3,40175,0.876141879278158,2.5340100759003783
cqr,223,4,39746,0.8675338398832587,3.089198465642975
abs,224,0,39762,0.9991700618681153,2.4264648864146947
abs,224,1,40146,0.9932994569820156,2.426464886414695
abs,224,2,40171,0.950212840108536,2.4264648864146947
abs,224,3,40175,0.8618046048537648,2.4264648864146947
abs,224,4,39746,0.7575605092336336,2.426464886414695
norm,224,0,39762,0.9217343191992354,0.8575815993169325
norm,224,1,40146,0.874209136651223,1.3245712343309104
norm,224,2,40171,0.9004505737970178,2.082255000666786
norm,224,3,40175,0.8876166770379589,2.662086424823033
norm,224,4,39746,0.8769687515724853,3.3966548089438393
cqr,224,0,39762,0.9474121020069413,0.9810458260809951
cqr,224,1,40146,0.9090818512429631,1.475042988317523
cqr,224,2,40171,0.9107067287346593,2.10811806595315
cqr,224,3,40175,0.8798506533914126,2.558289636147597
cqr,224,4,39746,0.8703517335077744,3.1134780258901946
abs,225,0,39762,0.9991449122277551,2.406192470052841
abs,225,1,40146,0.9928012753449907,2.406192470052841
abs,225,2,40171,0.9484702895123348,2.406192470052841
abs,225,3,40175,0.8582949595519602,2.406192470052841
abs,225,4,39746,0.7531575504453278,2.406192470052841
norm,225,0,39762,0.9413258890397868,0.9347430599553631
norm,225,1,40146,0.9023065809794251,1.4437503902759885
norm,225,2,40171,0.9247964949839437,2.269607244932638
norm,225,3,40175,0.9160423148724331,2.901609377564432
norm,225,4,39746,0.9057515221657525,3.7022710284982394
cqr,225,0,39762,0.9481162919370253,0.9843353263526898
cqr,225,1,40146,0.9096547601255418,1.4783324885892175
cqr,225,2,40171,0.9111797067536282,2.111407566224845
cqr,225,3,40175,0.880423148724331,2.561579136419292
cqr,225,4,39746,0.8708297690333618,3.1167675261618895
abs,226,0,39762,0.9990946129470348,2.3707494825321183
abs,226,1,40146,0.9920540028894534,2.3707494825321183
abs,226,2,40171,0.9453585920191183,2.3707494825321183
abs,226,3,40175,0.852321095208463,2.3707494825321183
abs,226,4,39746,0.7464902128516077,2.3707494825321183
norm,226,0,39762,0.9306624415270862,0.8879511982064476
norm,226,1,40146,0.885991132366861,1.3714783707704756
norm,226,2,40171,0.9098852405964502,2.1559940468477055
norm,226,3,40175,0.8997635345364032,2.7563590829531677
norm,226,4,39746,0.8895234740602828,3.5169407901215273
cqr,226,0,39762,0.9491977264725114,0.9886797253399169
cqr,226,1,40146,0.9108753051362527,1.4826768875764444
cqr,226,2,40171,0.9117522590923801,2.115751965212072
cqr,226,3,40175,0.8810952084629745,2.5659235354065193
cqr,226,4,39746,0.8712071655009309,3.121111925149116
abs,227,0,39762,0.9991952115084755,2.4364131520916357
abs,227,1,40146,0.9934240023912718,2.436413152091636
abs,227,2,40171,0.9513828383659854,2.4364131520916357
abs,227,3,40175,0.8634225264467953,2.4364131520916357
abs,227,4,39746,0.7594474915714788,2.436413152091636
norm,227,0,39762,0.9363714098888386,0.9109054702523431
norm,227,1,40146,0.89398694764111,1.4069322196884289
norm,227,2,40171,0.9172039531004954,2.2117282741122617
norm,227,3,40175,0.9085252022401992,2.827613242386794
norm,227,4,39746,0.8974991194082423,3.6078566150326465
cqr,227,0,39762,0.9585282430461245,1.029538216676911
cqr,227,1,40146,0.9207642106311962,1.5235353789134387
cqr,227,2,40171,0.9179258669189216,2.1566104565490662
cqr,227,3,40175,0.886994399502178,2.6067820267435127
cqr,227,4,39746,0.8758868816987873,3.16197041648611
abs,228,0,39762,0.9990694633066747,2.307780286410792
abs,228,1,40146,0.9907089124694863,2.307780286410792
abs,228,2,40171,0.9381145602549102,2.307780286410792
abs,228,3,40175,0.841767268201618,2.307780286410792
abs,228,4,39746,0.732803300961103,2.307780286410792
norm,228,0,39762,0.9268396961923444,0.8744987478194788
norm,228,1,40146,0.8812833158969761,1.3507004893093582
norm,228,2,40171,0.90562843842573,2.123330761964029
norm,228,3,40175,0.8945612943372744,2.7146002747134865
norm,228,4,39746,0.8840134856337745,3.4636591778115484
cqr,228,0,39762,0.9243498817966903,0.90776836069153
cqr,228,1,40146,0.8910974941463657,1.4017655229280577
cqr,228,2,40171,0.8990067461601653,2.0348406005636854
cqr,228,3,40175,0.8682514001244555,2.485012170758132
cqr,228,4,39746,0.8611935792280985,3.040200560500729
abs,229,0,39762,0.999119762587395,2.3835265412723485
abs,229,1,40146,0.9924027300353709,2.3835265412723485
abs,229,2,40171,0.9463045480570561,2.383526541272349
abs,229,3,40175,0.8543870566272558,2.3835265412723485
abs,229,4,39746,0.7491823076536004,2.3835265412723485
norm,229,0,39762,0.9247774256828127,0.8682696241725028
norm,229,1,40146,0.8786678623025955,1.3410793430482364
norm,229,2,40171,0.9036369520300714,2.1082061092499096
norm,229,3,40175,0.8920472930927194,2.695263962562704
norm,229,4,39746,0.881371710360791,3.4389872599347417
cqr,229,0,39762,0.9469342588400986,0.9793264396050761
cqr,229,1,40146,0.908857669506302,1.4733236018416036
cqr,229,2,40171,0.910457792935202,2.1063986794772314
cqr,229,3,40175,0.8796266334785314,2.5565702496716782
cqr,229,4,39746,0.8701504553917375,3.111758639414276
abs,230,0,39762,0.9990694633066747,2.305470903875281
abs,230,1,40146,0.9906590943057839,2.305470903875281
abs,230,2,40171,0.9378905180353987,2.305470903875281
abs,230,3,40175,0.8413441194772868,2.305470903875281
abs,230,4,39746,0.7323252654355156,2.305470903875281
norm,230,0,39762,0.9328253105980584,0.8949907198663456
norm,230,1,40146,0.8885318587156877,1.3823512112110559
norm,230,2,40171,0.9123497050110776,2.1730863902355537
norm,230,3,40175,0.9027753578095831,2.7782110152509087
norm,230,4,39746,0.892114929804257,3.544822481050766
cqr,230,0,39762,0.9630048790302299,1.0501774701080713
cqr,230,1,40146,0.924948936382205,1.5441746323445986
cqr,230,2,40171,0.9205645863931692,2.177249709980227
cqr,230,3,40175,0.8902302426882389,2.6274212801746732
cqr,230,4,39746,0.8780757812106879,3.182609669917271
abs,231,0,39762,0.9990694633066747,2.3158526303863622
abs,231,1,40146,0.99098291236985,2.3158526303863622
abs,231,2,40171,0.939160090612631,2.3158526303863622
abs,231,3,40175,0.8429869321717486,2.3158526303863622
abs,231,4,39746,0.7349167211794898,2.3158526303863622
norm,231,0,39762,0.922010965243197,0.8581219724165908
norm,231,1,40146,0.8744582274697354,1.3254058635535806
norm,231,2,40171,0.9006497224365836,2.0835670560908834
norm,231,3,40175,0.8877660236465463,2.6637638394201817
norm,231,4,39746,0.8771700296885221,3.398795084445367
cqr,231,0,39762,0.9196720486897038,0.8946705728595371
cqr,231,1,40146,0.8873611318686794,1.388667735096065
cqr,231,2,40171,0.8964427074257549,2.0217428127316923
cqr,231,3,40175,0.866210329807094,2.471914382926139
cqr,231,4,39746,0.8598349519448498,3.0271027726687367
abs,232,0,39762,0.9992455107891958,2.441577248164854
abs,232,1,40146,0.993548547800528,2.441577248164854
abs,232,2,40171,0.9517064549052799,2.441577248164854
abs,232,3,40175,0.8641941505911637,2.441577248164854
abs,232,4,39746,0.7604287223871584,2.441577248164854
norm,232,0,39762,0.942784568180675,0.940522287904747
norm,232,1,40146,0.9039754894634584,1.4526766535079567
norm,232,2,40171,0.926439471260362,2.2836395263005955
norm,232,3,40175,0.9180087118855009,2.9195491331308605
norm,232,4,39746,0.907563025210084,3.725161028029354
cqr,232,0,39762,0.9656204416276847,1.064403541483839
cqr,232,1,40146,0.9271160265032631,1.5584007037203669
cqr,232,2,40171,0.9224813920489906,2.191475781355994
cqr,232,3,40175,0.8920970752955818,2.641647351550441
cqr,232,4,39746,0.8799376037840286,3.196835741293038
abs,233,0,39762,0.9989688647452342,2.23492158846686
abs,233,1,40146,0.988417276939172,2.23492158846686
abs,233,2,40171,0.9292773393741754,2.23492158846686
abs,233,3,40175,0.8277535780958307,2.23492158846686
abs,233,4,39746,0.7175313239068082,2.23492158846686
norm,233,0,39762,0.9151199637845179,0.8387830483177572
norm,233,1,40146,0.866213321376974,1.2955360732215269
norm,233,2,40171,0.8938786686913445,2.036611091265629
norm,233,3,40175,0.8795519601742378,2.6037323656161813
norm,233,4,39746,0.8688169878729936,3.3221987003899924
cqr,233,0,39762,0.9029223882098486,0.8542169436441304
cqr,233,1,40146,0.8754296816619339,1.348214105880658
cqr,233,2,40171,0.8893231435612755,1.9812891835162856
cqr,233,3,40175,0.8594648413192284,2.431460753710733
cqr,233,4,39746,0.8542998037538369,2.9866491434533295
abs,234,0,39762,0.9988934158241537,2.1815187491495354
abs,234,1,40146,0.9861754595725601,2.1815187491495354
abs,234,2,40171,0.9226805406885564,2.1815187491495354
abs,234,3,40175,0.8169757311761046,2.181518749149536
abs,234,4,39746,0.706989382579379,2.181518749149535
norm,234,0,39762,0.925179819928575,0.8695019483948998
norm,234,1,40146,0.8792656802670253,1.342982720193521
norm,234,2,40171,0.9040103557292575,2.111198259823771
norm,234,3,40175,0.8923957685127567,2.6990893170083177
norm,234,4,39746,0.8819000654153877,3.4438681715582162
cqr,234,0,39762,0.9279211307278306,0.9189859229923516
cqr,234,1,40146,0.8935385841677875,1.4129830852288792
cqr,234,2,40171,0.9008239774962037,2.0460581628645067
cqr,234,3,40175,0.8702426882389546,2.496229733058953
cqr,234,4,39746,0.8627534846273839,3.0514181228015507
abs,235,0,39762,0.9988934158241537,2.187750271991806
abs,235,1,40146,0.9865490958003288,2.187750271991806
abs,235,2,40171,0.9236264967264942,2.187750271991806
abs,235,3,40175,0.8184443061605476,2.187750271991806
abs,235,4,39746,0.7084486489206461,2.1877502719918054
norm,235,0,39762,0.9176349278205321,0.8467948563222216
norm,235,1,40146,0.8698500473272556,1.307910651251359
norm,235,2,40171,0.8966667496452665,2.056064199045653
norm,235,3,40175,0.8833602986932172,2.6286024483511192
norm,235,4,39746,0.8723896744326473,3.3539313614083412
cqr,235,0,39762,0.9407474473115034,0.9589337481368105
cqr,235,1,40146,0.9040253076271608,1.4529309103733377
cqr,235,2,40171,0.9073460954419855,2.0860059880089654
cqr,235,3,40175,0.876764156813939,2.5361775582034123
cqr,235,4,39746,0.8678105972928093,3.09136594794601
abs,236,0,39762,0.9991449122277551,2.389859487362661
abs,236,1,40146,0.9926020026901808,2.389859487362661
abs,236,2,40171,0.9470015682955366,2.389859487362661
abs,236,3,40175,0.8557311761045426,2.389859487362661
abs,236,4,39746,0.7504654556433352,2.389859487362661
norm,236,0,39762,0.9307881897288869,0.8882577567932269
norm,236,1,40146,0.886090768694266,1.3719518635389871
norm,236,2,40171,0.9100097084961788,2.1567383878536543
norm,236,3,40175,0.8998630989421282,2.757310695549483
norm,236,4,39746,0.8895989533537966,3.518154987929451
cqr,236,0,39762,0.9393390674513354,0.9535968194047773
cqr,236,1,40146,0.9025058536342351,1.4475939816413048
cqr,236,2,40171,0.9068233302631251,2.0806690592769326
cqr,236,3,40175,0.875818294959552,2.530840629471379
cqr,236,4,39746,0.8670809641221758,3.0860290192139765
abs,237,0,39762,0.9990694633066747,2.294928642742129
abs,237,1,40146,0.990360185323569,2.294928642742129
abs,237,2,40171,0.9365960518782206,2.294928642742129
abs,237,3,40175,0.8397013067828252,2.294928642742129
abs,237,4,39746,0.7303376440396517,2.294928642742129
norm,237,0,39762,0.9389366732055732,0.924192558154845
norm,237,1,40146,0.8989189458476561,1.427454691763038
norm,237,2,40171,0.9215603295909984,2.2439900498445318
norm,237,3,40175,0.913005600497822,2.868858735945488
norm,237,4,39746,0.9022039953706034,3.6604832701017855
cqr,237,0,39762,0.938031286152608,0.9495560959166349
cqr,237,1,40146,0.9013849449509291,1.4435532581531625
cqr,237,2,40171,0.9060765228647532,2.0766283357887905
cqr,237,3,40175,0.8752209085252023,2.526799905983237
cqr,237,4,39746,0.8664016504805515,3.0819882957258344
abs,238,0,39762,0.9991449122277551,2.3946732808840876
abs,238,1,40146,0.9926269117720321,2.394673280884088
abs,238,2,40171,0.9473749719947225,2.3946732808840876
abs,238,3,40175,0.8564281269446173,2.3946732808840876
abs,238,4,39746,0.7513963669300056,2.394673280884088
norm,238,0,39762,0.9254564659725366,0.8701954514430047
norm,238,1,40146,0.879539680167389,1.3440538651308336
norm,238,2,40171,0.9041846107888776,2.112882123133157
norm,238,3,40175,0.8927691350342253,2.701242074310252
norm,238,4,39746,0.8823781009409752,3.446614954447727
cqr,238,0,39762,0.9381067350736885,0.9499206240070189
cqr,238,1,40146,0.9015094903601854,1.4439177862435466
cqr,238,2,40171,0.9061760971845361,2.0769928638791746
cqr,238,3,40175,0.875295581829496,2.527164434073621
cqr,238,4,39746,0.8664519700095608,3.0823528238162186
abs,239,0,39762,0.9987928172627132,2.1511169161966595
abs,239,1,40146,0.9849549145618492,2.1511169161966595
abs,239,2,40171,0.9186975678972393,2.1511169161966595
abs,239,3,40175,0.8112009956440572,2.1511169161966595
abs,239,4,39746,0.7004478438081819,2.151116916196659
norm,239,0,39762,0.9197474976107841,0.8521725440388362
norm,239,1,40146,0.8721416828575699,1.3162167185250924
norm,239,2,40171,0.8986333424609794,2.069121518779267
norm,239,3,40175,0.885326695706285,2.6452957513309636
norm,239,4,39746,0.8749308106476124,3.375230965852031
cqr,239,0,39762,0.932749861676978,0.9323935273419894
cqr,239,1,40146,0.8972251282817716,1.4263906895785172
cqr,239,2,40171,0.9029648253715367,2.059465767214145
cqr,239,3,40175,0.872383322962041,2.509637337408592
cqr,239,4,39746,0.8644391888491924,3.0648257271511894
abs,240,0,39762,0.9990443136663145,2.2662013396889273
abs,240,1,40146,0.989338912967668,2.2662013396889273
abs,240,2,40171,0.9332354185855468,2.2662013396889273
abs,240,3,40175,0.8343497199751089,2.2662013396889273
abs,240,4,39746,0.7242238212650329,2.2662013396889273
norm,240,0,39762,0.9191187566017806,0.8505523603345685
norm,240,1,40146,0.8714691376475863,1.313714275922879
norm,240,2,40171,0.8979861093823903,2.065187624182068
norm,240,3,40175,0.884604853764779,2.6402664117925614
norm,240,4,39746,0.874125698183465,3.3688138449916285
cqr,240,0,39762,0.9390121221266536,0.9519120105256789
cqr,240,1,40146,0.9021073083246152,1.4459091727622064
cqr,240,2,40171,0.9064997137238306,2.078984250397834
cqr,240,3,40175,0.8754449284380834,2.529155820592281
cqr,240,4,39746,0.8666784078901022,3.0843442103348786
abs,241,0,39762,0.9990443136663145,2.265238658494358
abs,241,1,40146,0.9892641857221143,2.265238658494358
abs,241,2,40171,0.9330362699459809,2.265238658494358
abs,241,3,40175,0.8342750466708152,2.265238658494358
abs,241,4,39746,0.7239219040909777,2.265238658494358
norm,241,0,39762,0.9171067853729692,0.8449365770767202
norm,241,1,40146,0.8691027748717183,1.3050404599647154
norm,241,2,40171,0.8961439844664061,2.0515521954594487
norm,241,3,40175,0.8823646546359677,2.622834017735397
norm,241,4,39746,0.8718613193780507,3.346571206828741
cqr,241,0,39762,0.941024093355465,0.9599907044501276
cqr,241,1,40146,0.9043740347730783,1.4539878666866555
cqr,241,2,40171,0.9075203505016056,2.087062944322283
cqr,241,3,40175,0.8768637212196639,2.53723451451673
cqr,241,4,39746,0.8678609168218185,3.0924229042593274
abs,242,0,39762,0.9989688647452342,2.2451914985827774
abs,242,1,40146,0.9885667314302795,2.2451914985827774
abs,242,2,40171,0.9304473376316248,2.2451914985827774
abs,242,3,40175,0.8302426882389545,2.245191498582777
abs,242,4,39746,0.7197453831832133,2.2451914985827774
norm,242,0,39762,0.9378049393893667,0.9176457585846208
norm,242,1,40146,0.896452946744383,1.4173428815346514
norm,242,2,40171,0.9195439496153942,2.228094062623816
norm,242,3,40175,0.9107405102675793,2.848536301000739
norm,242,4,39746,0.9003924923262718,3.6345531215758533
cqr,242,0,39762,0.9524420300789699,1.0015859016569983
cqr,242,1,40146,0.9140387585313605,1.495583063893526
cqr,242,2,40171,0.9141420427671704,2.128658141529154
cqr,242,3,40175,0.8828375855631612,2.5788297117236003
cqr,242,4,39746,0.8727670709002163,3.134018101466198
abs,243,0,39762,0.9990946129470348,2.355277971360671
abs,243,1,40146,0.9917800029890899,2.355277971360671
abs,243,2,40171,0.9437902964825372,2.355277971360671
abs,243,3,40175,0.8500311138767891,2.355277971360671
abs,243,4,39746,0.7436471594625874,2.355277971360671
norm,243,0,39762,0.9363462602484784,0.9107381160714612
norm,243,1,40146,0.8939122203955562,1.406673734042144
norm,243,2,40171,0.9171790595205497,2.2113219290130877
norm,243,3,40175,0.9084505289359054,2.827093745124471
norm,243,4,39746,0.8974739596437378,3.607193769206963
cqr,243,0,39762,0.95070670489412,0.9941505816102508
cqr,243,1,40146,0.9122453046380711,1.4881477438467785
cqr,243,2,40171,0.9127728958701551,2.1212228214824065
cqr,243,3,40175,0.8820161792159303,2.571394391676853
cqr,243,4,39746,0.871710360791023,3.126582781419451
abs,244,0,39762,0.9988934158241537,2.19169949926873
abs,244,1,40146,0.9866985502914363,2.19169949926873
abs,244,2,40171,0.9239999004256803,2.19169949926873
abs,244,3,40175,0.819215930304916,2.19169949926873
abs,244,4,39746,0.7090776430332613,2.19169949926873
norm,244,0,39762,0.9159499019164026,0.841780471960482
norm,244,1,40146,0.8675085936332387,1.3001657214525746
norm,244,2,40171,0.8947748375693908,2.0438889997167333
norm,244,3,40175,0.8808960796515246,2.6130369038608174
norm,244,4,39746,0.8704523725657928,3.3340707058511776
cqr,244,0,39762,0.9222373120064383,0.9009839061845507
cqr,244,1,40146,0.8891794948438201,1.394981068421078
cqr,244,2,40171,0.8978616414826617,2.028056146056706
cqr,244,3,40175,0.8671561916614811,2.4782277162511526
cqr,244,4,39746,0.8604136265284557,3.03341610599375
abs,245,0,39762,0.9989940143855943,2.254866246583944
abs,245,1,40146,0.9888158222487919,2.254866246583944
abs,245,2,40171,0.9316671230489657,2.254866246583944
abs,245,3,40175,0.83215930304916,2.254866246583944
abs,245,4,39746,0.721808483872591,2.254866246583944
norm,245,0,39762,0.935390573914793,0.9059573884259091
norm,245,1,40146,0.8927165844666965,1.3992896969738202
norm,245,2,40171,0.9157103383037515,2.1997140609633234
norm,245,3,40175,0.9068574984443062,2.8122535128058943
norm,245,4,39746,0.8958385749509384,3.588258566352274
cqr,245,0,39762,0.9518384387103265,0.9996238498209048
cqr,245,1,40146,0.9135156678124844,1.4936210120574327
cqr,245,2,40171,0.9138682133877672,2.1266960896930605
cqr,245,3,40175,0.8825637834474176,2.5768676598875064
cqr,245,4,39746,0.8724651537261611,3.1320560496301044
abs,246,0,39762,0.9990443136663145,2.2727137050456676
abs,246,1,40146,0.9896627310317342,2.2727137050456676
abs,246,2,40171,0.9341564810435389,2.2727137050456676
abs,246,3,40175,0.8355693839452396,2.2727137050456676
abs,246,4,39746,0.7253560106677401,2.2727137050456676
norm,246,0,39762,0.9170313364518887,0.8447485810581922
norm,246,1,40146,0.8690280476261645,1.3047500921227406
norm,246,2,40171,0.8960444101466232,2.051095730850137
norm,246,3,40175,0.8822899813316739,2.622250444522955
norm,246,4,39746,0.8718109998490414,3.345826604121659
cqr,246,0,39762,0.941552235803028,0.9614148974149451
cqr,246,1,40146,0.9046729437552932,1.4554120596514728
cqr,246,2,40171,0.9076946055612257,2.0884871372871
cqr,246,3,40175,0.8770877411325451,2.5386587074815474
cqr,246,4,39746,0.8680621949378554,3.093847097224145
abs,247,0,39762,0.9989940143855943,2.2470232641111387
abs,247,1,40146,0.9886165495939819,2.2470232641111387
abs,247,2,40171,0.9307460605909735,2.2470232641111387
abs,247,3,40175,0.8306658369632857,2.2470232641111387
abs,247,4,39746,0.7201227796507824,2.2470232641111387
norm,247,0,39762,0.9254816156128968,0.870654442699121
norm,247,1,40146,0.8796642255766453,1.3447627966367626
norm,247,2,40171,0.9043090786886062,2.1139965789926007
norm,247,3,40175,0.8928935905413815,2.702666865132481
norm,247,4,39746,0.882579379057012,3.4484328979047594
cqr,247,0,39762,0.9398420602585383,0.9558793338140238
cqr,247,1,40146,0.9032282170079211,1.4498764960505512
cqr,247,2,40171,0.9070722660625825,2.082951573686179
cqr,247,3,40175,0.8761169881767268,2.533123143880626
cqr,247,4,39746,0.8673325617672218,3.0883115336232234
abs,248,0,39762,0.9990443136663145,2.278438431715492
abs,248,1,40146,0.9897125491954366,2.278438431715492
abs,248,2,40171,0.9348037141221279,2.278438431715492
abs,248,3,40175,0.836764156813939,2.278438431715492
abs,248,4,39746,0.7265385195994566,2.278438431715492
norm,248,0,39762,0.927292389718827,0.8761265121506389
norm,248,1,40146,0.8820305883525134,1.3532146405120449
norm,248,2,40171,0.9061014164446989,2.1272830627376984
norm,248,3,40175,0.8951586807716242,2.719653145871454
norm,248,4,39746,0.8845670004528757,3.4701063235381655
cqr,248,0,39762,0.9564659725365927,1.0198341996642437
cqr,248,1,40146,0.9180989388731131,1.5138313619007715
cqr,248,2,40171,0.9165318264419606,2.1469064395363993
cqr,248,3,40175,0.8857249533291848,2.5970780097308457
cqr,248,4,39746,0.8748050118250893,3.1522663994734432
abs,249,0,39762,0.9989940143855943,2.2578528599567274
abs,249,1,40146,0.9890150949036018,2.257852859956728
abs,249,2,40171,0.9320405267481516,2.2578528599567274
abs,249,3,40175,0.8326820161792159,2.2578528599567274
abs,249,4,39746,0.722563276807729,2.2578528599567274
norm,249,0,39762,0.9228409033750817,0.8610872366528866
norm,249,1,40146,0.8757534997260001,1.329985840214362
norm,249,2,40171,0.9014961041547385,2.090766879745266
norm,249,3,40175,0.8893839452395769,2.6729685491244757
norm,249,4,39746,0.8786292960297891,3.4105397149691856
cqr,249,0,39762,0.9293295105879986,0.9228798386551825
cqr,249,1,40146,0.8947591291784985,1.4168770008917102
cqr,249,2,40171,0.901446316994847,2.049952078527338
cqr,249,3,40175,0.8708649657747355,2.5001236487217846
cqr,249,4,39746,0.8632063603884668,3.055312038464382
abs,250,0,39762,0.9990443136663145,2.271371051679114
abs,250,1,40146,0.9895132765406267,2.271371051679114
abs,250,2,40171,0.9339822259839188,2.271371051679114
abs,250,3,40175,0.8353453640323585,2.271371051679114
abs,250,4,39746,0.7252553716097218,2.2713710516791137
norm,250,0,39762,0.9365474573713596,0.9117808493183701
norm,250,1,40146,0.8942360384596224,1.4082842798666306
norm,250,2,40171,0.9176769311194642,2.2138537423349547
norm,250,3,40175,0.9087492221530803,2.8303305753264247
norm,250,4,39746,0.8978765158758114,3.6113237609189826
cqr,250,0,39762,0.9498516171218752,0.9903264529485538
cqr,250,1,40146,0.9112738504458726,1.4843236151850814
cqr,250,2,40171,0.9121007692116203,2.117398692820709
cqr,250,3,40175,0.881244555071562,2.567570263015156
cqr,250,4,39746,0.8712574850299402,3.122758652757753
abs,251,0,39762,0.9987928172627132,2.1596492565077847
abs,251,1,40146,0.9853285507896179,2.1596492565077847
abs,251,2,40171,0.9198177789947972,2.1596492565077847
abs,251,3,40175,0.8127193528313628,2.1596492565077847
abs,251,4,39746,0.7023096663815227,2.1596492565077847
norm,251,0,39762,0.9200241436547457,0.8525816824780262
norm,251,1,40146,0.8722164101031236,1.3168486502361296
norm,251,2,40171,0.8987080232008166,2.0701149292741365
norm,251,3,40175,0.8854511512134412,2.646565790107109
norm,251,4,39746,0.8750062899411262,3.3768514554335534
cqr,251,0,39762,0.9458025250238922,0.9754299305685511
cqr,251,1,40146,0.9080107607233597,1.4694270928050785
cqr,251,2,40171,0.9099350277563416,2.1025021704407063
cqr,251,3,40175,0.8791288114499066,2.552673740635153
cqr,251,4,39746,0.8696472601016455,3.1078621303777507
abs,252,0,39762,0.9991449122277551,2.3841031113169757
abs,252,1,40146,0.9924276391172221,2.3841031113169757
abs,252,2,40171,0.9463792287968933,2.3841031113169757
abs,252,3,40175,0.8544866210329807,2.3841031113169757
abs,252,4,39746,0.749207467418105,2.3841031113169757
norm,252,0,39762,0.9398672098988985,0.9275080525147028
norm,252,1,40146,0.899940218203557,1.4325756137372874
norm,252,2,40171,0.9225311792088821,2.2520402513833644
norm,252,3,40175,0.9143248288736776,2.8791506224948082
norm,252,4,39746,0.9033613445378151,3.6736150698866763
cqr,252,0,39762,0.9626276344248277,1.048490539799508
cqr,252,1,40146,0.92465002739999,1.5424877020360355
cqr,252,2,40171,0.9203405441736576,2.175562779671663
cqr,252,3,40175,0.8899564405724953,2.6257343498661094
cqr,252,4,39746,0.877874503094651,3.1809227396087074
abs,253,0,39762,0.9989688647452342,2.2181020826534277
abs,253,1,40146,0.9877198226473373,2.2181020826534277
abs,253,2,40171,0.9273854272982998,2.2181020826534277
abs,253,3,40175,0.824542626011201,2.2181020826534277
abs,253,4,39746,0.7141095959341821,2.218102082653428
norm,253,0,39762,0.9373773955032443,0.9150729621176246
norm,253,1,40146,0.8955064016340357,1.4133690880266216
norm,253,2,40171,0.9189216101167509,2.2218471721665485
norm,253,3,40175,0.9098942128189172,2.8405498813363272
norm,253,4,39746,0.8993357822170784,3.6243629525015444
cqr,253,0,39762,0.9566168703787535,1.0206842163735503
cqr,253,1,40146,0.9182982115279231,1.514681378610078
cqr,253,2,40171,0.9166562943416893,2.1477564562457054
cqr,253,3,40175,0.8857747355320473,2.5979280264401523
cqr,253,4,39746,0.8749056508831078,3.1531164161827503
abs,254,0,39762,0.9988179669030733,2.1682185219947527
abs,254,1,40146,0.9857021870173865,2.1682185219947527
abs,254,2,40171,0.9208384157725723,2.1682185219947527
abs,254,3,40175,0.8144866210329808,2.1682185219947527
abs,254,4,39746,0.7042972877773864,2.1682185219947527
norm,254,0,39762,0.915321160907399,0.8392668103646073
norm,254,1,40146,0.8662880486225277,1.2962832642667044
norm,254,2,40171,0.8939533494311817,2.0377856919590074
norm,254,3,40175,0.8796266334785314,2.605234049396231
norm,254,4,39746,0.8691440648115534,3.324114754423947
cqr,254,0,39762,0.9277702328856697,0.9185033946097455
cqr,254,1,40146,0.8933393115129776,1.4125005568462732
cqr,254,2,40171,0.9006497224365836,2.0455756344819007
cqr,254,3,40175,0.8701431238332297,2.4957472046763476
cqr,254,4,39746,0.8626276858048608,3.0509355944189447
abs,255,0,39762,0.9985664704994719,2.097772219256388
abs,255,1,40146,0.9828127335226423,2.097772219256388
abs,255,2,40171,0.9101341763959075,2.097772219256388
abs,255,3,40175,0.8002986932171748,2.097772219256388
abs,255,4,39746,0.6875157248528154,2.097772219256388
norm,255,0,39762,0.9240229364720085,0.8656596124560133
norm,255,1,40146,0.8778458626015045,1.3370480690054143
norm,255,2,40171,0.9028901446316995,2.1018688581325957
norm,255,3,40175,0.8911014312383323,2.6871620201182416
norm,255,4,39746,0.8803904795451114,3.42864969106051
cqr,255,0,39762,0.9476635984105427,0.9826122626699347
cqr,255,1,40146,0.9093558511433268,1.4766094249064625
cqr,255,2,40171,0.9109805581140624,2.10968450254209
cqr,255,3,40175,0.8801244555071562,2.5598560727365367
cqr,255,4,39746,0.8706033311528204,3.115044462479134
abs,256,0,39762,0.9990694633066747,2.3234614433738416
abs,256,1,40146,0.9910576396154038,2.3234614433738416
abs,256,2,40171,0.9401558338104603,2.3234614433738416
abs,256,3,40175,0.8444555071561917,2.3234614433738416
abs,256,4,39746,0.7368791828108489,2.3234614433738416
norm,256,0,39762,0.9293295105879986,0.8838705995611577
norm,256,1,40146,0.8846958601105963,1.3651757127042277
norm,256,2,40171,0.9085907744392722,2.146086130281355
norm,256,3,40175,0.8977971375233355,2.7436921760752333
norm,256,4,39746,0.8877622905449605,3.5007786138074195
cqr,256,0,39762,0.9473366530858609,0.9809652964416148
cqr,256,1,40146,0.909056942161112,1.4749624586781422
cqr,256,2,40171,0.9106569415747678,2.1080375363137698
cqr,256,3,40175,0.8798506533914126,2.5582091065082166
cqr,256,4,39746,0.8703517335077744,3.113397496250814
abs,257,0,39762,0.9990694633066747,2.322721437532827
abs,257,1,40146,0.9910576396154038,2.322721437532827
abs,257,2,40171,0.9400064723307859,2.322721437532827
abs,257,3,40175,0.844380833851898,2.322721437532827
abs,257,4,39746,0.7367282242238212,2.322721437532827
norm,257,0,39762,0.9257582616568583,0.8711845622051961
norm,257,1,40146,0.879938225477009,1.3455815887482823
norm,257,2,40171,0.9044833337482263,2.1152837381309917
norm,257,3,40175,0.8931176104542626,2.704312450744137
norm,257,4,39746,0.8828058169375534,3.450532561623127
cqr,257,0,39762,0.9245762285599316,0.9084609806292259
cqr,257,1,40146,0.8912967668011758,1.4024581428657534
cqr,257,2,40171,0.8990814269000025,2.035533220501381
cqr,257,3,40175,0.8684505289359055,2.4857047906958276
cqr,257,4,39746,0.8613696975796307,3.0408931804384256
abs,258,0,39762,0.9989688647452342,2.230196827441688
abs,258,1,40146,0.9882429133662133,2.230196827441688
abs,258,2,40171,0.928854148515098,2.230196827441688
abs,258,3,40175,0.8265836963285625,2.230196827441688
abs,258,4,39746,0.7167010516781563,2.230196827441688
norm,258,0,39762,0.9261103566219003,0.872552956611829
norm,258,1,40146,0.8803118617047776,1.347695132077207
norm,258,2,40171,0.9048318438674666,2.1186062745501086
norm,258,3,40175,0.8936901057871811,2.7085601913400197
norm,258,4,39746,0.883409651285664,3.4559524114024636
cqr,258,0,39762,0.937327096222524,0.9483031257358467
cqr,258,1,40146,0.9012105813779704,1.4423002879723743
cqr,258,2,40171,0.9058773742251873,2.075375365608002
cqr,258,3,40175,0.8751213441194773,2.5255469358024487
cqr,258,4,39746,0.8662003723645146,3.080735325545046
abs,259,0,39762,0.9992455107891958,2.449235904186817
abs,259,1,40146,0.993747820455338,2.449235904186817
abs,259,2,40171,0.9526026237833263,2.449235904186817
abs,259,3,40175,0.865588052271313,2.4492359041868172
abs,259,4,39746,0.7619383082574347,2.449235904186817
norm,259,0,39762,0.9421055278909511,0.9374009387917784
norm,259,1,40146,0.9032282170079211,1.447855597120278
norm,259,2,40171,0.9256179831221528,2.2760607200336667
norm,259,3,40175,0.9169135034225264,2.9098599080968985
norm,259,4,39746,0.9065817943944044,3.7127981864252404
cqr,259,0,39762,0.9670539711282129,1.0737078672442437
cqr,259,1,40146,0.9288347531509988,1.5677050294807713
cqr,259,2,40171,0.9238505389460058,2.200780107116399
cqr,259,3,40175,0.8935158680771624,2.6509516773108452
cqr,259,4,39746,0.8813968701252957,3.206140067053443
abs,260,0,39762,0.9989688647452342,2.226399323124298
abs,260,1,40146,0.9880685497932546,2.226399323124298
abs,260,2,40171,0.928480744815912,2.226399323124298
abs,260,3,40175,0.8259863098942128,2.226399323124298
abs,260,4,39746,0.716021738036532,2.226399323124298
norm,260,0,39762,0.9194205522861023,0.8512110712085191
norm,260,1,40146,0.8718427738753549,1.3147316828682607
norm,260,2,40171,0.8982599387617933,2.0667870101907813
norm,260,3,40175,0.8849782202862476,2.642311167972993
norm,260,4,39746,0.8744024555930157,3.3714228252443426
cqr,260,0,39762,0.926236104823701,0.9125266341226562
cqr,260,1,40146,0.8921187665022667,1.406523796359184
cqr,260,2,40171,0.8997037663986458,2.039598873994812
cqr,260,3,40175,0.8690976975731176,2.4897704441892583
cqr,260,4,39746,0.861797413576209,3.044958833931856
abs,261,0,39762,0.9990946129470348,2.3362111231712346
abs,261,1,40146,0.9914312758431724,2.336211123171235
abs,261,2,40171,0.94167434218715,2.3362111231712346
abs,261,3,40175,0.8466708151835719,2.3362111231712346
abs,261,4,39746,0.739797715493383,2.336211123171235
norm,261,0,39762,0.9365977566520799,0.912025070591351
norm,261,1,40146,0.8942609475414737,1.4086614900041379
norm,261,2,40171,0.9177267182793557,2.214446724935488
norm,261,3,40175,0.9088985687616677,2.8310886817689753
norm,261,4,39746,0.8979771549338298,3.6122910570479783
cqr,261,0,39762,0.9601378200291736,1.0367126417384722
cqr,261,1,40146,0.922084391969312,1.5307098039749996
cqr,261,2,40171,0.9189465036966966,2.1637848816106273
cqr,261,3,40175,0.8880647168637212,2.6139564518050737
cqr,261,4,39746,0.8766165148694208,3.1691448415476713
abs,262,0,39762,0.9991449122277551,2.3948463952553993
abs,262,1,40146,0.9926269117720321,2.3948463952553993
abs,262,2,40171,0.9473998655746683,2.3948463952553993
abs,262,3,40175,0.8564779091474798,2.3948463952553993
abs,262,4,39746,0.7514215266945101,2.3948463952553993
norm,262,0,39762,0.9308384890096072,0.8885011972648427
norm,262,1,40146,0.8861904050216709,1.3723278676955954
norm,262,2,40171,0.9101092828159618,2.1573294746257936
norm,262,3,40175,0.8999875544492844,2.7580663782451666
norm,262,4,39746,0.8896241131183013,3.51911919150992
cqr,262,0,39762,0.9529198732458126,1.004465791523286
cqr,262,1,40146,0.9148856673143028,1.4984629537598138
cqr,262,2,40171,0.9144656593064648,2.1315380313954417
cqr,262,3,40175,0.8834349719975109,2.5817096015898877
cqr,262,4,39746,0.8730186685452624,3.1368979913324857
abs,263,0,39762,0.9990694633066747,2.287662657983688
abs,263,1,40146,0.9899865490958003,2.287662657983688
abs,263,2,40171,0.9358492444798486,2.287662657983688
abs,263,3,40175,0.8383571873055383,2.287662657983688
abs,263,4,39746,0.7288028984048709,2.287662657983688
norm,263,0,39762,0.9307881897288869,0.8882444559885139
norm,263,1,40146,0.886090768694266,1.3719313198807155
norm,263,2,40171,0.9099848149162331,2.156706092772756
norm,263,3,40175,0.8998630989421282,2.757269407476495
norm,263,4,39746,0.8895989533537966,3.518102306945709
cqr,263,0,39762,0.9482420401388261,0.9848061334746444
cqr,263,1,40146,0.9097294873710955,1.4788032957111719
cqr,263,2,40171,0.9111797067536282,2.1118783733467996
cqr,263,3,40175,0.880423148724331,2.5620499435412465
cqr,263,4,39746,0.8708549287978664,3.117238333283844
abs,264,0,39762,0.998943715104874,2.1974673115938574
abs,264,1,40146,0.9868978229462462,2.1974673115938574
abs,264,2,40171,0.9247964949839437,2.1974673115938574
abs,264,3,40175,0.8204355942750466,2.1974673115938574
abs,264,4,39746,0.71010919337795,2.1974673115938574
norm,264,0,39762,0.9216085709974348,0.8572130294381282
norm,264,1,40146,0.8740596821601155,1.3240019624858828
norm,264,2,40171,0.9003509994772348,2.081360092854111
norm,264,3,40175,0.8874673304293715,2.6609423181027574
norm,264,4,39746,0.8768177929854577,3.3951950007433496
cqr,264,0,39762,0.9357929681605553,0.9427998325272587
cqr,264,1,40146,0.8998156727943007,1.4367969947637862
cqr,264,2,40171,0.9050309925070325,2.069872072399414
cqr,264,3,40175,0.8742003733665215,2.5200436425938606
cqr,264,4,39746,0.8656720173099179,3.075232032336458
abs,265,0,39762,0.9991449122277551,2.40673776929842
abs,265,1,40146,0.992826184426842,2.40673776929842
abs,265,2,40171,0.9485200766722263,2.40673776929842
abs,265,3,40175,0.8583198506533914,2.40673776929842
abs,265,4,39746,0.7532330297388417,2.40673776929842
norm,265,0,39762,0.9291031638247573,0.8825602002988753
norm,265,1,40146,0.8842225875554227,1.3631517453410167
norm,265,2,40171,0.9081426900002489,2.142904409242878
norm,265,3,40175,0.8974486621032981,2.7396244627637545
norm,265,4,39746,0.88715845619685,3.495588467517652
cqr,265,0,39762,0.9550072933957044,1.0132270265865209
cqr,265,1,40146,0.9166293030438898,1.5072241888230486
cqr,265,2,40171,0.9157103383037515,2.140299266458676
cqr,265,3,40175,0.8846297448662104,2.590470836653123
cqr,265,4,39746,0.8739747395964373,3.145659226395721
abs,266,0,39762,0.9991449122277551,2.393054095548382
abs,266,1,40146,0.9926269117720321,2.393054095548382
abs,266,2,40171,0.9472753976749396,2.393054095548382
abs,266,3,40175,0.8562538892345987,2.393054095548382
abs,266,4,39746,0.7510944497559503,2.393054095548382
norm,266,0,39762,0.9335043508877823,0.8989309328900078
norm,266,1,40146,0.8900264036267623,1.3884370377171698
norm,266,2,40171,0.913519703268527,2.1826534428387663
norm,266,3,40175,0.9042190416925949,2.7904421400902906
norm,266,4,39746,0.893574196145524,3.56042862689828
cqr,266,0,39762,0.9289271163422363,0.9216285073263631
cqr,266,1,40146,0.8942111293777711,1.4156256695628908
cqr,266,2,40171,0.9012471683552812,2.0487007471985184
cqr,266,3,40175,0.8706658369632856,2.4988723173929652
cqr,266,4,39746,0.863130881094953,3.0540607071355623
abs,267,0,39762,0.9988179669030733,2.161473139239153
abs,267,1,40146,0.9854032780351716,2.161473139239153
abs,267,2,40171,0.9199920340544173,2.161473139239153
abs,267,3,40175,0.8131673926571251,2.161473139239153
abs,267,4,39746,0.7027877019071102,2.161473139239153
norm,267,0,39762,0.9336803983703033,0.8995370355178195
norm,267,1,40146,0.8902505853634235,1.3893731889901113
norm,267,2,40171,0.9136441711682557,2.1841250931501586
norm,267,3,40175,0.9044679527069073,2.7923235908803172
norm,267,4,39746,0.8937754742615609,3.5628292397462125
cqr,267,0,39762,0.9435139077511192,0.9684389159012916
cqr,267,1,40146,0.9066656703033926,1.4624360781378192
cqr,267,2,40171,0.9086405615991636,2.095511155773447
cqr,267,3,40175,0.8782825140012446,2.5456827259678936
cqr,267,4,39746,0.869043425753535,3.100871115710491
abs,268,0,39762,0.9990694633066747,2.3126604683641085
abs,268,1,40146,0.9908583669605938,2.3126604683641085
abs,268,2,40171,0.9387120061736078,2.3126604683641085
abs,268,3,40175,0.8425886745488488,2.3126604683641085
abs,268,4,39746,0.7341619282443517,2.3126604683641085
norm,268,0,39762,0.9396660127760174,0.9264948024746164
norm,268,1,40146,0.8997160364668958,1.4310106059790144
norm,268,2,40171,0.9222573498294789,2.249580024899289
norm,268,3,40175,0.9140012445550716,2.8760053134317247
norm,268,4,39746,0.9030091078347506,3.6696018533903536
cqr,268,0,39762,0.9445198933655249,0.9715192690246819
cqr,268,1,40146,0.9074627609226323,1.4655164312612095
cqr,268,2,40171,0.9091633267780239,2.098591508896837
cqr,268,3,40175,0.8784816428126945,2.548763079091284
cqr,268,4,39746,0.8694208222211041,3.1039514688338805
abs,269,0,39762,0.9986670690609124,2.116012481578019
abs,269,1,40146,0.9834852787326259,2.116012481578019
abs,269,2,40171,0.9128973637698837,2.116012481578019
abs,269,3,40175,0.8048537647790914,2.116012481578019
abs,269,4,39746,0.691541287173552,2.116012481578019
norm,269,0,39762,0.9277702328856697,0.8777399106635961
norm,269,1,40146,0.8825785881532406,1.355706603097853
norm,269,2,40171,0.906649075203505,2.131200482519501
norm,269,3,40175,0.8957560672059739,2.7246614229643797
norm,269,4,39746,0.884868917626931,3.476496570043157
cqr,269,0,39762,0.9338815954931845,0.9363403120198073
cqr,269,1,40146,0.8980222189010113,1.4303374742563348
cqr,269,2,40171,0.9036369520300714,2.063412551891963
cqr,269,3,40175,0.8731798382078407,2.513584122086409
cqr,269,4,39746,0.8648669048457707,3.068772511829007
abs,270,0,39762,0.9988431165434334,2.1694654272547567
abs,270,1,40146,0.9857021870173865,2.1694654272547567
abs,270,2,40171,0.920962883672301,2.1694654272547567
abs,270,3,40175,0.8148102053515868,2.1694654272547567
abs,270,4,39746,0.7045488854224324,2.1694654272547567
norm,270,0,39762,0.9164528947236055,0.8432831615283203
norm,270,1,40146,0.8683305933343297,1.302486689366617
norm,270,2,40171,0.8953971770680341,2.0475376121281625
norm,270,3,40175,0.8814934660858743,2.6177015206185135
norm,270,4,39746,0.8711820057364263,3.340022463387735
cqr,270,0,39762,0.929757054474121,0.9243635687128039
cqr,270,1,40146,0.8950082199970109,1.4183607309493316
cqr,270,2,40171,0.9017201463742501,2.051435808584959
cqr,270,3,40175,0.8712134411947728,2.5016073787794055
cqr,270,4,39746,0.8634579580335128,3.056795768522003
abs,271,0,39762,0.9990443136663145,2.270287065992793
abs,271,1,40146,0.9894883674587754,2.270287065992793
abs,271,2,40171,0.9338826516641359,2.270287065992793
abs,271,3,40175,0.8350466708151836,2.270287065992793
abs,271,4,39746,0.7248779751421527,2.270287065992793
norm,271,0,39762,0.925884009858659,0.8716907675445696
norm,271,1,40146,0.8801125890499676,1.3463634444127843
norm,271,2,40171,0.904607801647955,2.116512832365422
norm,271,3,40175,0.8932918481642813,2.705883802511936
norm,271,4,39746,0.8830070950535903,3.452537507626709
cqr,271,0,39762,0.9393893667320558,0.9539936232529125
cqr,271,1,40146,0.9027549444527475,1.44799078548944
cqr,271,2,40171,0.9068482238430708,2.0810658631250676
cqr,271,3,40175,0.8758680771624144,2.531237433319515
cqr,271,4,39746,0.8671061238866804,3.0864258230621124
abs,272,0,39762,0.9991700618681153,2.4179374254474935
abs,272,1,40146,0.993125093409057,2.417937425447494
abs,272,2,40171,0.9494411391302183,2.4179374254474935
abs,272,3,40175,0.8601369010578718,2.4179374254474935
abs,272,4,39746,0.7556483671312837,2.4179374254474935
norm,272,0,39762,0.9326241134751773,0.8945024963657157
norm,272,1,40146,0.888257858815324,1.3815971292608666
norm,272,2,40171,0.9121505563715118,2.171900956888523
norm,272,3,40175,0.9025762289981332,2.7766954823216317
norm,272,4,39746,0.891863332159211,3.5428887563736318
cqr,272,0,39762,0.9516875408681655,0.9985694018325301
cqr,272,1,40146,0.9134409405669307,1.4925665640690577
cqr,272,2,40171,0.9136939583281471,2.1256416417046853
cqr,272,3,40175,0.8824393279402614,2.575813211899132
cqr,272,4,39746,0.8723393549036381,3.1310016016417297
abs,273,0,39762,0.9989688647452342,2.226874392838883
abs,273,1,40146,0.9880685497932546,2.226874392838883
abs,273,2,40171,0.9285554255557492,2.226874392838883
abs,273,3,40175,0.8260112009956441,2.226874392838883
abs,273,4,39746,0.7160468978010366,2.2268743928388828
norm,273,0,39762,0.9287510688597153,0.881794112391719
norm,273,1,40146,0.884048223982464,1.3619684900034537
norm,273,2,40171,0.9078439670409002,2.1410443059280486
norm,273,3,40175,0.8971748599875544,2.7372463890976624
norm,273,4,39746,0.8868313792582901,3.492554195121896
cqr,273,0,39762,0.9381318847140486,0.9499538790117608
cqr,273,1,40146,0.9015094903601854,1.4439510412482883
cqr,273,2,40171,0.9061760971845361,2.077026118883916
cqr,273,3,40175,0.8753453640323584,2.527197689078363
cqr,273,4,39746,0.8664519700095608,3.08238607882096
abs,274,0,39762,0.9989940143855943,2.2485034367125967
abs,274,1,40146,0.9886912768395357,2.2485034367125967
abs,274,2,40171,0.9308207413308108,2.248503436712597
abs,274,3,40175,0.8308898568761668,2.2485034367125967
abs,274,4,39746,0.7204750163538469,2.2485034367125962
norm,274,0,39762,0.9393390674513354,0.9254736095130967
norm,274,1,40146,0.899417127484681,1.429433330040949
norm,274,2,40171,0.9220084140300217,2.247100512567793
norm,274,3,40175,0.9134038581207219,2.872835348122124
norm,274,4,39746,0.9027071906606954,3.6655571770745734
cqr,274,0,39762,0.955812081887229,1.0172302116603156
cqr,274,1,40146,0.917575848154237,1.5112273738968431
cqr,274,2,40171,0.9162331034826119,2.144302451532471
cqr,274,3,40175,0.8852520224019913,2.5944740217269175
cqr,274,4,39746,0.8744779348865295,3.149662411469515
abs,275,0,39762,0.9991952115084755,2.4368922145293963
abs,275,1,40146,0.9934240023912718,2.4368922145293963
abs,275,2,40171,0.9514326255258769,2.4368922145293963
abs,275,3,40175,0.8635718730553827,2.4368922145293963
abs,275,4,39746,0.7595229708649927,2.4368922145293963
norm,275,0,39762,0.9303857954831246,0.8872973265130544
norm,275,1,40146,0.885791859712051,1.3704684381451702
norm,275,2,40171,0.9095616240571557,2.154406410633907
norm,275,3,40175,0.8994399502177971,2.7543293484533313
norm,275,4,39746,0.889322195944246,3.514350976588254
cqr,275,0,39762,0.960037221467733,1.0361760781950395
cqr,275,1,40146,0.9220096647237583,1.530173240431567
cqr,275,2,40171,0.9188967165368052,2.1632483180671946
cqr,275,3,40175,0.8879651524579962,2.613419888261641
cqr,275,4,39746,0.8765661953404116,3.168608278004239
abs,276,0,39762,0.9987425179819929,2.141992609458356
abs,276,1,40146,0.9845812783340806,2.141992609458356
abs,276,2,40171,0.917154165940604,2.141992609458356
abs,276,3,40175,0.8095830740510268,2.141992609458356
abs,276,4,39746,0.6981331454737584,2.141992609458356
norm,276,0,39762,0.9308384890096072,0.8884722356544
norm,276,1,40146,0.8861904050216709,1.3722831352571632
norm,276,2,40171,0.9101092828159618,2.1572591542525257
norm,276,3,40175,0.8999875544492844,2.757976476234604
norm,276,4,39746,0.8896241131183013,3.519004482200084
cqr,276,0,39762,0.941024093355465,0.9599580380104411
cqr,276,1,40146,0.904349125691227,1.4539552002469687
cqr,276,2,40171,0.9075203505016056,2.087030277882597
cqr,276,3,40175,0.8768637212196639,2.5372018480770433
cqr,276,4,39746,0.8678609168218185,3.092390237819641
abs,277,0,39762,0.9990946129470348,2.3714427529984867
abs,277,1,40146,0.9921287301350072,2.3714427529984867
abs,277,2,40171,0.9454332727589555,2.3714427529984867
abs,277,3,40175,0.8523957685127567,2.3714427529984867
abs,277,4,39746,0.7465908519096262,2.3714427529984867
norm,277,0,39762,0.9327247120366179,0.8947605047097533
norm,277,1,40146,0.8883824042245803,1.381995634115684
norm,277,2,40171,0.9122750242712404,2.172527415251219
norm,277,3,40175,0.9026509023024268,2.777496386294736
norm,277,4,39746,0.8919639712172294,3.543910659459264
cqr,277,0,39762,0.9652431970222826,1.0624305971999815
cqr,277,1,40146,0.926792208439197,1.556427759436509
cqr,277,2,40171,0.922157775509696,2.1895028370721366
cqr,277,3,40175,0.8918979464841319,2.6396744072665834
cqr,277,4,39746,0.8796860061389825,3.1948627970091805
abs,278,0,39762,0.9989940143855943,2.260169530828626
abs,278,1,40146,0.9891147312310068,2.260169530828626
abs,278,2,40171,0.932289462547609,2.260169530828626
abs,278,3,40175,0.8332545115121344,2.260169530828626
abs,278,4,39746,0.722890353746289,2.260169530828626
norm,278,0,39762,0.935214526432272,0.9051522318015576
norm,278,1,40146,0.8924425845663329,1.398046098341811
norm,278,2,40171,0.9154365089243484,2.1977590966675513
norm,278,3,40175,0.9065090230242688,2.809754162865026
norm,278,4,39746,0.8955114980123786,3.5850695530592707
cqr,278,0,39762,0.9480911422966651,0.9841755156899525
cqr,278,1,40146,0.9096547601255418,1.4781726779264803
cqr,278,2,40171,0.9111548131736825,2.111247755562108
cqr,278,3,40175,0.8803733665214686,2.5614193257565545
cqr,278,4,39746,0.8708046092688573,3.1166077154991525
abs,279,0,39762,0.999295810069916,2.476329667722041
abs,279,1,40146,0.9941214566831067,2.476329667722041
abs,279,2,40171,0.9550919817778994,2.476329667722041
abs,279,3,40175,0.8699191039203484,2.476329667722041
abs,279,4,39746,0.766693503748805,2.4763296677220406
norm,279,0,39762,0.9298073537548414,0.8855845134770923
norm,279,1,40146,0.8850944054202162,1.3678229256026557
norm,279,2,40171,0.909063752458241,2.1502476069560066
norm,279,3,40175,0.898593652769135,2.749012470928293
norm,279,4,39746,0.8886932018316308,3.5075669753456244
cqr,279,0,39762,0.9596599768623308,1.03437541339422
cqr,279,1,40146,0.9216858466596921,1.5283725756307474
cqr,279,2,40171,0.9185730999975107,2.161447653266375
cqr,279,3,40175,0.8877411325451151,2.611619223460822
cqr,279,4,39746,0.8763397574598701,3.16680761320342
abs,280,0,39762,0.9991449122277551,2.408305685532114
abs,280,1,40146,0.9928760025905445,2.408305685532114
abs,280,2,40171,0.9485947574120634,2.408305685532114
abs,280,3,40175,0.858593652769135,2.408305685532114
abs,280,4,39746,0.7535349469128969,2.408305685532114
norm,280,0,39762,0.9365977566520799,0.9121951532168141
norm,280,1,40146,0.8942609475414737,1.4089241898490592
norm,280,2,40171,0.9178760797590302,2.2148596948472488
norm,280,3,40175,0.908923459863099,2.8316166486105034
norm,280,4,39746,0.8980023146983345,3.6129647095239137
cqr,280,0,39762,0.9689150445148634,1.0854521350575812
cqr,280,1,40146,0.9307278433716933,1.5794492972941088
cqr,280,2,40171,0.9254437280625327,2.2125243749297367
cqr,280,3,40175,0.8948102053515868,2.662695945124183
cqr,280,4,39746,0.8826800181150305,3.2178843348667807
abs,281,0,39762,0.9989940143855943,2.246766078418111
abs,281,1,40146,0.9886165495939819,2.246766078418111
abs,281,2,40171,0.9306713798511363,2.246766078418111
abs,281,3,40175,0.8306160547604231,2.246766078418111
abs,281,4,39746,0.7200724601217733,2.246766078418111
norm,281,0,39762,0.9212816256727528,0.8561157200860756
norm,281,1,40146,0.8737358640960494,1.3223071215470747
norm,281,2,40171,0.900052276517886,2.0786957657656924
norm,281,3,40175,0.8870441817050404,2.657536073924644
norm,281,4,39746,0.8763649172243748,3.3908488474554095
cqr,281,0,39762,0.9272672400784668,0.9161167600075942
cqr,281,1,40146,0.8928909480396553,1.4101139222441217
cqr,281,2,40171,0.9002265315775062,2.04318899987975
cqr,281,3,40175,0.8697697573117611,2.4933605700741963
cqr,281,4,39746,0.8623509283953102,3.048548959816794
abs,282,0,39762,0.9990694633066747,2.2908091718573114
abs,282,1,40146,0.9900612763413541,2.290809171857311
abs,282,2,40171,0.9361728610191432,2.2908091718573114
abs,282,3,40175,0.838954573739888,2.2908091718573114
abs,282,4,39746,0.7294570522819906,2.2908091718573114
norm,282,0,39762,0.9357678185201952,0.9071260146655783
norm,282,1,40146,0.8928909480396553,1.4010946898771
norm,282,2,40171,0.916208209902666,2.2025515493532333
norm,282,3,40175,0.9073802115743622,2.815881137338409
norm,282,4,39746,0.8962662909475168,3.59288718704562
cqr,282,0,39762,0.9419546300487903,0.9626274634790318
cqr,282,1,40146,0.9049967618193593,1.4566246257155595
cqr,282,2,40171,0.9079186477807374,2.0896997033511875
cqr,282,3,40175,0.87738643434972,2.5398712735456335
cqr,282,4,39746,0.8682383132893876,3.0950596632882315
abs,283,0,39762,0.9993461093506363,2.5076013063831217
abs,283,1,40146,0.9945947292382803,2.5076013063831217
abs,283,2,40171,0.95783027557193,2.5076013063831217
abs,283,3,40175,0.8741008089607966,2.5076013063831217
abs,283,4,39746,0.7726815277009007,2.5076013063831217
norm,283,0,39762,0.9428097178210352,0.9411341360151343
norm,283,1,40146,0.9041000348727146,1.4536216789229657
norm,283,2,40171,0.9264892584202534,2.2851251269577424
norm,283,3,40175,0.9181580584940884,2.921448418924787
norm,283,4,39746,0.9077139837971117,3.7275843972202796
cqr,283,0,39762,0.9697449826467481,1.091959076235393
cqr,283,1,40146,0.931823842973148,1.5859562384719206
cqr,283,2,40171,0.9262652162007419,2.219031316107549
cqr,283,3,40175,0.8957560672059739,2.669202886301995
cqr,283,4,39746,0.8835857696371962,3.2243912760445923
abs,284,0,39762,0.998943715104874,2.201427729978988
abs,284,1,40146,0.9869974592736511,2.201427729978988
abs,284,2,40171,0.9251947922630753,2.201427729978988
abs,284,3,40175,0.8210827629122589,2.201427729978988
abs,284,4,39746,0.7110904241936296,2.201427729978988
norm,284,0,39762,0.9322468688697751,0.8934389738130688
norm,284,1,40146,0.8880087679968116,1.3799544734699543
norm,284,2,40171,0.9115780040327599,2.1693186659959314
norm,284,3,40175,0.9022028624766646,2.77339411840227
norm,284,4,39746,0.8916620540431741,3.5386764236979493
cqr,284,0,39762,0.9481162919370253,0.9843505245280663
cqr,284,1,40146,0.9096547601255418,1.4783476867645942
cqr,284,2,40171,0.9111797067536282,2.111422764400222
cqr,284,3,40175,0.880423148724331,2.561594334594668
cqr,284,4,39746,0.8708297690333618,3.1167827243372663
abs,285,0,39762,0.9991700618681153,2.4182395314865923
abs,285,1,40146,0.993125093409057,2.4182395314865923
abs,285,2,40171,0.9494411391302183,2.4182395314865923
abs,285,3,40175,0.8602115743621656,2.4182395314865923
abs,285,4,39746,0.7557490061893021,2.4182395314865923
norm,285,0,39762,0.9358684170816357,0.9083417957393126
norm,285,1,40146,0.8932645842674239,1.4029725154260564
norm,285,2,40171,0.9165069328620149,2.2055035322578527
norm,285,3,40175,0.9078282514001245,2.8196551388964215
norm,285,4,39746,0.8966688471795904,3.597702575615071
cqr,285,0,39762,0.9434133091896786,0.9681471638742495
cqr,285,1,40146,0.9065411248941364,1.4621443261107774
cqr,285,2,40171,0.9086405615991636,2.095219403746405
cqr,285,3,40175,0.8782576228998134,2.545390973940852
cqr,285,4,39746,0.8689427866955165,3.1005793636834493
abs,286,0,39762,0.9990443136663145,2.270491546430225
abs,286,1,40146,0.9894883674587754,2.270491546430225
abs,286,2,40171,0.9338826516641359,2.270491546430225
abs,286,3,40175,0.8351462352209085,2.270491546430225
abs,286,4,39746,0.7249786142001711,2.2704915464302244
norm,286,0,39762,0.9401187063024998,0.9285348419359423
norm,286,1,40146,0.9003636725950281,1.4341615336452846
norm,286,2,40171,0.9228299021682308,2.2545333522249758
norm,286,3,40175,0.9145488487865588,2.8823379602147527
norm,286,4,39746,0.9037639007698888,3.6776819123051747
cqr,286,0,39762,0.929757054474121,0.9243994779245183
cqr,286,1,40146,0.8950082199970109,1.4183966401610462
cqr,286,2,40171,0.9017201463742501,2.0514717177966735
cqr,286,3,40175,0.8712134411947728,2.5016432879911203
cqr,286,4,39746,0.8634579580335128,3.0568316777337174
abs,287,0,39762,0.998943715104874,2.2037169713954166
abs,287,1,40146,0.9871718228466099,2.2037169713954166
abs,287,2,40171,0.9255433023823156,2.2037169713954166
abs,287,3,40175,0.8217548226509023,2.2037169713954166
abs,287,4,39746,0.7113420218386756,2.2037169713954166
norm,287,0,39762,0.914616970977315,0.8371230499122561
norm,287,1,40146,0.8654162307577342,1.2929721351208106
norm,287,2,40171,0.8929576062333524,2.0325805243974653
norm,287,3,40175,0.8786558805227132,2.598579434135336
norm,287,4,39746,0.8683137925829014,3.315623883986076
cqr,287,0,39762,0.9226145566118404,0.9024277865673849
cqr,287,1,40146,0.88957804015344,1.3964249488039127
cqr,287,2,40171,0.8981354708620647,2.0295000264395404
cqr,287,3,40175,0.8674051026757934,2.479671596633987
cqr,287,4,39746,0.8606903839380063,3.0348599863765844
abs,288,0,39762,0.9991700618681153,2.4156054399969094
abs,288,1,40146,0.9930503661635032,2.4156054399969094
abs,288,2,40171,0.9492419904906525,2.41560543999691
abs,288,3,40175,0.859738643434972,2.4156054399969094
abs,288,4,39746,0.75524581089921,2.4156054399969094
norm,288,0,39762,0.9293043609476385,0.8837662074036917
norm,288,1,40146,0.8846958601105963,1.3650144745795068
norm,288,2,40171,0.9085658808593263,2.1458326604166955
norm,288,3,40175,0.8977722464219041,2.7433681241768846
norm,288,4,39746,0.8877371307804559,3.5003651439709
cqr,288,0,39762,0.9687641466727026,1.084051189322315
cqr,288,1,40146,0.9305783888805859,1.5780483515588428
cqr,288,2,40171,0.9251947922630753,2.2111234291944704
cqr,288,3,40175,0.8947355320472931,2.661294999388917
cqr,288,4,39746,0.8826296985860212,3.2164833891315148
abs,289,0,39762,0.998943715104874,2.1993234811682245
abs,289,1,40146,0.9869476411099487,2.1993234811682245
abs,289,2,40171,0.9249707500435638,2.1993234811682245
abs,289,3,40175,0.8207342874922215,2.1993234811682245
abs,289,4,39746,0.7106123886680421,2.199323481168224
norm,289,0,39762,0.9221115638046375,0.8586397764546927
norm,289,1,40146,0.8745827728789917,1.3262056339013075
norm,289,2,40171,0.900799083916258,2.08482431259984
norm,289,3,40175,0.8881393901680149,2.665371195620043
norm,289,4,39746,0.8774467870980728,3.400845969839259
cqr,289,0,39762,0.9300839997988029,0.9254143656351242
cqr,289,1,40146,0.8952573108155233,1.4194115278716517
cqr,289,2,40171,0.901919295013816,2.0524866055072795
cqr,289,3,40175,0.8714125700062227,2.5026581757017263
cqr,289,4,39746,0.8636089166205404,3.057846565444324
abs,290,0,39762,0.9990946129470348,2.345789140233197
abs,290,1,40146,0.9916056394161311,2.3457891402331965
abs,290,2,40171,0.9426451918050335,2.3457891402331965
abs,290,3,40175,0.848462974486621,2.3457891402331965
abs,290,4,39746,0.7416846978312283,2.3457891402331965
norm,290,0,39762,0.9241738343141693,0.8659587018479519
norm,290,1,40146,0.8779953170926119,1.3375100252849925
norm,290,2,40171,0.9029150382116452,2.102595063525187
norm,290,3,40175,0.8912258867454885,2.6880904469999782
norm,290,4,39746,0.8805917576611483,3.4298343053552207
cqr,290,0,39762,0.937327096222524,0.9482114572906679
cqr,290,1,40146,0.9012105813779704,1.4422086195271955
cqr,290,2,40171,0.9058275870652959,2.0752836971628237
cqr,290,3,40175,0.8750964530180461,2.52545526735727
cqr,290,4,39746,0.8662003723645146,3.0806436570998676
abs,291,0,39762,0.9989688647452342,2.2293100989620234
abs,291,1,40146,0.9882180042843621,2.2293100989620234
abs,291,2,40171,0.9287794677752608,2.2293100989620234
abs,291,3,40175,0.8263596764156814,2.2293100989620234
abs,291,4,39746,0.7164997735621195,2.2293100989620234
norm,291,0,39762,0.929757054474121,0.8854343249530028
norm,291,1,40146,0.885069496338365,1.367590953042967
norm,291,2,40171,0.9090388588782953,2.1498829410098415
norm,291,3,40175,0.8985438705662726,2.7485462589299696
norm,291,4,39746,0.888617722538117,3.5069721181646836
cqr,291,0,39762,0.9562647754137116,1.0192946446092583
cqr,291,1,40146,0.9179245753001545,1.513291806845786
cqr,291,2,40171,0.9164820392820692,2.1463668844814134
cqr,291,3,40175,0.8856253889234599,2.59653845467586
cqr,291,4,39746,0.8748050118250893,3.1517268444184574
abs,292,0,39762,0.9988934158241537,2.1724151185386447
abs,292,1,40146,0.9858267324266428,2.1724151185386447
abs,292,2,40171,0.9213362873714869,2.1724151185386447
abs,292,3,40175,0.8154075917859366,2.1724151185386447
abs,292,4,39746,0.7052030392995522,2.1724151185386447
norm,292,0,39762,0.9286253206579146,0.881371945594554
norm,292,1,40146,0.8838738604095053,1.361316435439713
norm,292,2,40171,0.9077194991411714,2.1400192618678537
norm,292,3,40175,0.8970752955818295,2.735935907971855
norm,292,4,39746,0.8865043023197303,3.490882103646392
cqr,292,0,39762,0.9542025049041799,1.0101380912163174
cqr,292,1,40146,0.9159567578339063,1.5041352534528452
cqr,292,2,40171,0.9153618281845112,2.137210331088473
cqr,292,3,40175,0.8841319228375856,2.5873819012829196
cqr,292,4,39746,0.873622502893373,3.142570291025517
abs,293,0,39762,0.998943715104874,2.1999329919961963
abs,293,1,40146,0.9869476411099487,2.1999329919961963
abs,293,2,40171,0.9249956436235095,2.1999329919961963
abs,293,3,40175,0.8208089607965152,2.1999329919961963
abs,293,4,39746,0.7107885070195743,2.1999329919961967
norm,293,0,39762,0.9237965897087672,0.865032536439762
norm,293,1,40146,0.8775718627011408,1.336079523442488
norm,293,2,40171,0.9027158895720794,2.100346283287616
norm,293,3,40175,0.8908774113254512,2.685215464185227
norm,293,4,39746,0.8800885623710563,3.426166008145823
cqr,293,0,39762,0.944016900558322,0.9696673164144486
cqr,293,1,40146,0.9069894883674587,1.4636644786509763
cqr,293,2,40171,0.9089641781384581,2.096739556286604
cqr,293,3,40175,0.8784069695084007,2.5469111264810507
cqr,293,4,39746,0.8691189050470488,3.102099516223648
abs,294,0,39762,0.998767667622353,2.145733680859408
abs,294,1,40146,0.9848054600707418,2.145733680859408
abs,294,2,40171,0.9179507604988674,2.145733680859408
abs,294,3,40175,0.8102053515868077,2.145733680859408
abs,294,4,39746,0.6991898555829518,2.145733680859408
norm,294,0,39762,0.9148936170212766,0.8379611387032806
norm,294,1,40146,0.8658895033129079,1.294266598884131
norm,294,2,40171,0.8934305842523214,2.0346154497940727
norm,294,3,40175,0.8791288114499066,2.601181011402339
norm,294,4,39746,0.8685653902279474,3.3189433329162106
cqr,294,0,39762,0.9228157537347216,0.9038373517946234
cqr,294,1,40146,0.890101130872316,1.397834514031151
cqr,294,2,40171,0.8984839809813049,2.0309095916667785
cqr,294,3,40175,0.8676291225886745,2.4810811618612254
cqr,294,4,39746,0.860841342525034,3.0362695516038225
abs,295,0,39762,0.9990694633066747,2.313300542354327
abs,295,1,40146,0.9908832760424451,2.313300542354327
abs,295,2,40171,0.938786686913445,2.313300542354327
abs,295,3,40175,0.8426882389545738,2.313300542354327
abs,295,4,39746,0.7341870880088562,2.313300542354327
norm,295,0,39762,0.9343594386600271,0.9021892141816812
norm,295,1,40146,0.8913465849648782,1.3934695916755881
norm,295,2,40171,0.914540340046302,2.190564727920641
norm,295,3,40175,0.9055133789670193,2.8005564270592824
norm,295,4,39746,0.8946057464902128,3.5733338207912806
cqr,295,0,39762,0.9476132991298224,0.9823589539382273
cqr,295,1,40146,0.9092562148159219,1.4763561161747547
cqr,295,2,40171,0.910930770954171,2.1094311938103822
cqr,295,3,40175,0.8801244555071562,2.559602764004829
cqr,295,4,39746,0.8705530116238112,3.1147911537474267
abs,296,0,39762,0.9990694633066747,2.326149397474155
abs,296,1,40146,0.9911323668609575,2.326149397474155
abs,296,2,40171,0.9405043439297005,2.326149397474155
abs,296,3,40175,0.8449533291848165,2.326149397474155
abs,296,4,39746,0.7374326976299502,2.326149397474155
norm,296,0,39762,0.9191439062421407,0.8506562808786853
norm,296,1,40146,0.8714940467294375,1.3138747856207351
norm,296,2,40171,0.898011002962336,2.0654399489437365
norm,296,3,40175,0.8846546359676416,2.640588999718858
norm,296,4,39746,0.8741760177124742,3.369225446891907
cqr,296,0,39762,0.9281223278507117,0.919336653702631
cqr,296,1,40146,0.8935385841677875,1.4133338159391586
cqr,296,2,40171,0.9008737646560951,2.0464088935747866
cqr,296,3,40175,0.8702675793403858,2.496580463769233
cqr,296,4,39746,0.8628038041563931,3.0517688535118306
abs,297,0,39762,0.9990946129470348,2.3782976990975833
abs,297,1,40146,0.9922532755442635,2.3782976990975833
abs,297,2,40171,0.9458564636180329,2.3782976990975833
abs,297,3,40175,0.8536403235843186,2.3782976990975833
abs,297,4,39746,0.7481507573089116,2.3782976990975833
norm,297,0,39762,0.932925909159499,0.8953880206187984
norm,297,1,40146,0.8886813132067952,1.3829648591117287
norm,297,2,40171,0.9124492793308606,2.174051058179948
norm,297,3,40175,0.9028749222153081,2.7794443077335353
norm,297,4,39746,0.8921904090977708,3.5463960846734293
cqr,297,0,39762,0.9288265177807957,0.9213350131989863
cqr,297,1,40146,0.8940367658048124,1.4153321754355142
cqr,297,2,40171,0.901172487615444,2.0484072530711415
cqr,297,3,40175,0.8706409458618544,2.4985788232655883
cqr,297,4,39746,0.863130881094953,3.0537672130081854
abs,298,0,39762,0.9990694633066747,2.335546852796604
abs,298,1,40146,0.99138145767947,2.335546852796604
abs,298,2,40171,0.9416245550272585,2.335546852796604
abs,298,3,40175,0.8464965774735532,2.335546852796604
abs,298,4,39746,0.73967191667086,2.335546852796604
norm,298,0,39762,0.925884009858659,0.8719327404093734
norm,298,1,40146,0.8801624072136701,1.3467371817882865
norm,298,2,40171,0.9046575888078464,2.1171003557079997
norm,298,3,40175,0.8934163036714374,2.7066349294940015
norm,298,4,39746,0.8832083731696271,3.4534958984031956
cqr,298,0,39762,0.9361702127659575,0.9441725214219491
cqr,298,1,40146,0.9000896726946644,1.4381696836584767
cqr,298,2,40171,0.9052799283064897,2.0712447612941047
cqr,298,3,40175,0.8744990665836964,2.521416331488551
cqr,298,4,39746,0.8657726563679364,3.0766047212311487
abs,299,0,39762,0.9990694633066747,2.3166340326310193
abs,299,1,40146,0.99098291236985,2.3166340326310193
abs,299,2,40171,0.9391849841925768,2.3166340326310197
abs,299,3,40175,0.843136278780336,2.3166340326310193
abs,299,4,39746,0.7350173602375082,2.3166340326310193
norm,299,0,39762,0.9360696142045168,0.9094845199309336
norm,299,1,40146,0.8935634932496388,1.4047375015150778
norm,299,2,40171,0.9167558686614722,2.2082781290592304
norm,299,3,40175,0.9081767268201618,2.8232023588464
norm,299,4,39746,0.8969959241181502,3.6022286051192687
cqr,299,0,39762,0.9467582113575775,0.9786538150671503
cqr,299,1,40146,0.9087082150151945,1.4726509773036782
cqr,299,2,40171,0.9104328993552563,2.1057260549393058
cqr,299,3,40175,0.879576851275669,2.555897625133752
cqr,299,4,39746,0.8700246565692145,3.1110860148763493
abs,300,0,39762,0.9990946129470348,2.3537413060388417
abs,300,1,40146,0.9917301848253873,2.3537413060388417
abs,300,2,40171,0.943616041422917,2.3537413060388417
abs,300,3,40175,0.8498817672682016,2.3537413060388412
abs,300,4,39746,0.7433200825240276,2.3537413060388417
norm,300,0,39762,0.9291031638247573,0.8826059722278413
norm,300,1,40146,0.8842724057191252,1.3632224420309835
norm,300,2,40171,0.9081426900002489,2.1430155459884146
norm,300,3,40175,0.8974735532047293,2.7397665470048764
norm,300,4,39746,0.8872087757258592,3.4957697580709484
cqr,300,0,39762,0.9474624012876616,0.9814118954949648
cqr,300,1,40146,0.9091565784885169,1.4754090577314924
cqr,300,2,40171,0.9107565158945508,2.1084841353671204
cqr,300,3,40175,0.8799253266957063,2.558655705561567
cqr,300,4,39746,0.870376893272279,3.1138440953041644
abs,301,0,39762,0.9990694633066747,2.3127716697120286
abs,301,1,40146,0.9908583669605938,2.3127716697120286
abs,301,2,40171,0.9387368997535536,2.3127716697120286
abs,301,3,40175,0.84261356565028,2.3127716697120286
abs,301,4,39746,0.7341619282443517,2.3127716697120286
norm,301,0,39762,0.9208037825059102,0.8549908011231551
norm,301,1,40146,0.873187864295322,1.3205696363906476
norm,301,2,40171,0.8996539792387543,2.075964401032876
norm,301,3,40175,0.8866459240821406,2.654044124584077
norm,301,4,39746,0.8760126805213103,3.3863933397718027
cqr,301,0,39762,0.9402193048639405,0.9573252560584722
cqr,301,1,40146,0.9035520350719872,1.4513224182949997
cqr,301,2,40171,0.9071967339623112,2.0843974959306273
cqr,301,3,40175,0.8762912258867455,2.534569066125074
cqr,301,4,39746,0.8676344789412771,3.0897574558676717
abs,302,0,39762,0.9991700618681153,2.414149653468776
abs,302,1,40146,0.993025457081652,2.414149653468776
abs,302,2,40171,0.9490428418510866,2.414149653468776
abs,302,3,40175,0.8594648413192284,2.414149653468776
abs,302,4,39746,0.7548684144316409,2.4141496534687765
norm,302,0,39762,0.9231929983401237,0.8626227929793799
norm,302,1,40146,0.8763264086085787,1.3323575722342518
norm,302,2,40171,0.9020686564934903,2.0944952944432873
norm,302,3,40175,0.8899813316739266,2.677735190170137
norm,302,4,39746,0.8793086096714134,3.416621649078945
cqr,302,0,39762,0.9405211005482622,0.9580877505100708
cqr,302,1,40146,0.9038011258904997,1.4520849127465985
cqr,302,2,40171,0.9072963082820941,2.0851599903822264
cqr,302,3,40175,0.8764903546981954,2.535331560576673
cqr,302,4,39746,0.8677099582347909,3.0905199503192704
abs,303,0,39762,0.9990443136663145,2.284232559456285
abs,303,1,40146,0.9898869127683954,2.284232559456285
abs,303,2,40171,0.9355505215204999,2.284232559456285
abs,303,3,40175,0.8375357809583074,2.284232559456285
abs,303,4,39746,0.7278719871182006,2.284232559456285
norm,303,0,39762,0.94014385594286,0.9286648476862672
norm,303,1,40146,0.9003885816768794,1.4343623330529627
norm,303,2,40171,0.9228796893281223,2.2548490132932
norm,303,3,40175,0.9145488487865588,2.8827415212792222
norm,303,4,39746,0.9037890605343935,3.678196830835824
cqr,303,0,39762,0.9474121020069413,0.9812430061603227
cqr,303,1,40146,0.9091565784885169,1.4752401683968501
cqr,303,2,40171,0.910731622314605,2.1083152460324777
cqr,303,3,40175,0.8798755444928438,2.558486816226925
cqr,303,4,39746,0.870376893272279,3.113675205969522
abs,304,0,39762,0.9993209597102761,2.4830775479590703
abs,304,1,40146,0.9942958202560653,2.4830775479590703
abs,304,2,40171,0.9556396405367056,2.4830775479590703
abs,304,3,40175,0.870815183571873,2.4830775479590708
abs,304,4,39746,0.7680018115030444,2.4830775479590703
norm,304,0,39762,0.9283738242543131,0.8798957841016232
norm,304,1,40146,0.8834005878543317,1.359036441265024
norm,304,2,40171,0.9072465211222026,2.13643506107239
norm,304,3,40175,0.8964779091474798,2.731353639095858
norm,304,4,39746,0.8856237105620691,3.4850354168264612
cqr,304,0,39762,0.9488959307881897,0.9870474248354273
cqr,304,1,40146,0.9102525780899716,1.481044587071955
cqr,304,2,40171,0.9115282168728684,2.1141196647075824
cqr,304,3,40175,0.8808711885500934,2.564291234902029
cqr,304,4,39746,0.8710310471493987,3.119479624644626
abs,305,0,39762,0.9989688647452342,2.2428691475031783
abs,305,1,40146,0.988516913266577,2.2428691475031783
abs,305,2,40171,0.9302232954121132,2.2428691475031783
abs,305,3,40175,0.8295955196017424,2.2428691475031783
abs,305,4,39746,0.7193176671866351,2.2428691475031783
norm,305,0,39762,0.9194960012071828,0.8514408112891547
norm,305,1,40146,0.8719175011209087,1.3150865261886222
norm,305,2,40171,0.8983346195016305,2.0673448316647236
norm,305,3,40175,0.8850777846919726,2.6430243222085608
norm,305,4,39746,0.8744527751220249,3.3723327651851243
cqr,305,0,39762,0.9181882199084553,0.8905371842117314
cqr,305,1,40146,0.8863398595127784,1.3845343464482587
cqr,305,2,40171,0.895695900027383,2.017609424083887
cqr,305,3,40175,0.8655133789670193,2.4677809942783333
cqr,305,4,39746,0.8591556383032255,3.022969384020931
abs,306,0,39762,0.9991700618681153,2.4261132613474485
abs,306,1,40146,0.9932994569820156,2.4261132613474485
abs,306,2,40171,0.9501879465285903,2.4261132613474485
abs,306,3,40175,0.8618046048537648,2.4261132613474485
abs,306,4,39746,0.7575101897046244,2.4261132613474485
norm,306,0,39762,0.9294301091494391,0.8842426828187715
norm,306,1,40146,0.8847705873561501,1.365750411112174
norm,306,2,40171,0.9087152423390008,2.1469895687698304
norm,306,3,40175,0.8979215930304916,2.7448471889507275
norm,306,4,39746,0.8879132491319881,3.5022523375758743
cqr,306,0,39762,0.9589557869322469,1.0311329914955165
cqr,306,1,40146,0.9210880286952623,1.5251301537320443
cqr,306,2,40171,0.9181001219785417,2.158205231367672
cqr,306,3,40175,0.8871935283136279,2.6083768015621183
cqr,306,4,39746,0.8760126805213103,3.163565191304716
abs,307,0,39762,0.9990694633066747,2.3024842646591166
abs,307,1,40146,0.9905843670602301,2.3024842646591166
abs,307,2,40171,0.9375171143362127,2.3024842646591166
abs,307,3,40175,0.8408711885500934,2.3024842646591166
abs,307,4,39746,0.731595632264882,2.3024842646591166
norm,307,0,39762,0.9312911825360898,0.8905667296147949
norm,307,1,40146,0.8868629502316545,1.3755181702120043
norm,307,2,40171,0.9107067287346593,2.16234470007857
norm,307,3,40175,0.9008338518979465,2.764478159506822
norm,307,4,39746,0.8903537462889347,3.5273002210411994
cqr,307,0,39762,0.9544791509481414,1.0110868085948057
cqr,307,1,40146,0.9161311214068649,1.5050839708313337
cqr,307,2,40171,0.9154862960842399,2.1381590484669615
cqr,307,3,40175,0.884281269446173,2.588330618661408
cqr,307,4,39746,0.8736728224223821,3.1435190084040054
abs,308,0,39762,0.9987425179819929,2.1333001017338336
abs,308,1,40146,0.984108005778907,2.1333001017338336
abs,308,2,40171,0.9155858704040228,2.1333001017338336
abs,308,3,40175,0.8079900435594275,2.1333001017338336
abs,308,4,39746,0.6959442459618578,2.1333001017338336
norm,308,0,39762,0.9205271364619486,0.854369202003079
norm,308,1,40146,0.8728889553131072,1.319609550126677
norm,308,2,40171,0.899305469119514,2.0744551243911897
norm,308,3,40175,0.8864467952706907,2.6521145699148136
norm,308,4,39746,0.8757610828762643,3.3839313494001306
cqr,308,0,39762,0.9276696343242291,0.9181652682402022
cqr,308,1,40146,0.8932894933492751,1.4121624304767297
cqr,308,2,40171,0.9005999352766921,2.0452375081123573
cqr,308,3,40175,0.8701182327317983,2.495409078306804
cqr,308,4,39746,0.8626276858048608,3.0505974680494017
abs,309,0,39762,0.998943715104874,2.20129358943052
abs,309,1,40146,0.9869974592736511,2.20129358943052
abs,309,2,40171,0.9251450051031839,2.20129358943052
abs,309,3,40175,0.8210329807093963,2.20129358943052
abs,309,4,39746,0.7110401046646203,2.20129358943052
norm,309,0,39762,0.9247774256828127,0.8683024748789824
norm,309,1,40146,0.8786678623025955,1.3411300823608163
norm,309,2,40171,0.9036369520300714,2.108285872560943
norm,309,3,40175,0.8920472930927194,2.695365937021852
norm,309,4,39746,0.8814220298898002,3.4391173729295064
cqr,309,0,39762,0.9336803983703033,0.9355046138309979
cqr,309,1,40146,0.8978229462462014,1.4295017760675255
cqr,309,2,40171,0.9034875905503971,2.062576853703153
cqr,309,3,40175,0.8729807093963908,2.5127484238976003
cqr,309,4,39746,0.864841745081266,3.0679368136401974
abs,310,0,39762,0.9990443136663145,2.275680845242511
abs,310,1,40146,0.9896876401135855,2.275680845242511
abs,310,2,40171,0.9345547783226705,2.275680845242511
abs,310,3,40175,0.8360920970752956,2.2756808452425106
abs,310,4,39746,0.7259850047803552,2.275680845242511
norm,310,0,39762,0.9333031537649011,0.897656324204997
norm,310,1,40146,0.8894784038260349,1.386468350421945
norm,310,2,40171,0.913146299569341,2.1795586232783064
norm,310,3,40175,0.9038954573739888,2.786485527121879
norm,310,4,39746,0.8930458410909274,3.555380237657056
cqr,310,0,39762,0.9219606659624767,0.9004355602371604
cqr,310,1,40146,0.8889553131071589,1.3944327224736879
cqr,310,2,40171,0.8977122800029872,2.0275078001093156
cqr,310,3,40175,0.867056627255756,2.4776793703037625
cqr,310,4,39746,0.8604136265284557,3.03286776004636
abs,311,0,39762,0.9992706604295558,2.457049428015769
abs,311,1,40146,0.993947093110148,2.457049428015769
abs,311,2,40171,0.9533494311816982,2.457049428015769
abs,311,3,40175,0.8669570628500312,2.457049428015769
abs,311,4,39746,0.7632717757761788,2.457049428015769
norm,311,0,39762,0.9311402846939288,0.8898128098158051
norm,311,1,40146,0.8865889503312908,1.3743537090347477
norm,311,2,40171,0.9105075800950935,2.1605141415955074
norm,311,3,40175,0.9005102675793404,2.762137857821368
norm,311,4,39746,0.8900769888793841,3.524314143316542
cqr,311,0,39762,0.9516875408681655,0.9984417121101635
cqr,311,1,40146,0.9134160314850794,1.4924388743466912
cqr,311,2,40171,0.9136690647482014,2.125513951982319
cqr,311,3,40175,0.8824144368388301,2.5756855221767654
cqr,311,4,39746,0.8723393549036381,3.130873911919363
abs,312,0,39762,0.9993209597102761,2.4832205652920596
abs,312,1,40146,0.9942958202560653,2.4832205652920596
abs,312,2,40171,0.9556396405367056,2.4832205652920596
abs,312,3,40175,0.870815183571873,2.4832205652920596
abs,312,4,39746,0.7680018115030444,2.4832205652920596
norm,312,0,39762,0.93310195664202,0.896399906669833
norm,312,1,40146,0.8889802221890101,1.3845277601309305
norm,312,2,40171,0.9128973637698837,2.1765079728240466
norm,312,3,40175,0.9032731798382079,2.7825853827310314
norm,312,4,39746,0.8924168469783123,3.550403898768424
cqr,312,0,39762,0.956868366782355,1.0216773939033663
cqr,312,1,40146,0.918796393164948,1.5156745561398937
cqr,312,2,40171,0.9168056558213636,2.1487496337755214
cqr,312,3,40175,0.8858742999377722,2.5989212039699683
cqr,312,4,39746,0.8750062899411262,3.154109593712566
abs,313,0,39762,0.9990694633066747,2.295272993593888
abs,313,1,40146,0.9903850944054202,2.295272993593888
abs,313,2,40171,0.936645839038112,2.295272993593888
abs,313,3,40175,0.8397013067828252,2.295272993593888
abs,313,4,39746,0.730387963568661,2.295272993593888
norm,313,0,39762,0.91725768321513,0.845535274159394
norm,313,1,40146,0.8693767747720819,1.3059651730583957
norm,313,2,40171,0.8963182395260262,2.05300586470244
norm,313,3,40175,0.8827629122588675,2.6246924803908884
norm,313,4,39746,0.8719871182005736,3.3489424882631664
cqr,313,0,39762,0.9224133594889593,0.9016126854065435
cqr,313,1,40146,0.8893538584167787,1.3956098476430712
cqr,313,2,40171,0.8980358965422818,2.0286849252786987
cqr,313,3,40175,0.867255756067206,2.478856495473145
cqr,313,4,39746,0.8605142655864741,3.0340448852157427
abs,314,0,39762,0.9987425179819929,2.1325032438746057
abs,314,1,40146,0.984108005778907,2.1325032438746057
abs,314,2,40171,0.9155360832441314,2.1325032438746057
abs,314,3,40175,0.8077411325451151,2.1325032438746057
abs,314,4,39746,0.6957681276103256,2.1325032438746057
norm,314,0,39762,0.927996579648911,0.8787159541903885
norm,314,1,40146,0.882927315299158,1.3572141438147642
norm,314,2,40171,0.9069477981628538,2.1335703695554993
norm,314,3,40175,0.895980087118855,2.727691236366136
norm,314,4,39746,0.8851959945654909,3.4803624213413396
cqr,314,0,39762,0.9527438257632915,1.0036808254872007
cqr,314,1,40146,0.9147362128231953,1.4976779877237283
cqr,314,2,40171,0.9144158721465734,2.130753065359356
cqr,314,3,40175,0.8832856253889234,2.5809246355538025
cqr,314,4,39746,0.8729431892517486,3.1361130252963996
abs,315,0,39762,0.9989688647452342,2.2288873085293517
abs,315,1,40146,0.9881681861206596,2.2288873085293517
abs,315,2,40171,0.9287794677752608,2.228887308529352
abs,315,3,40175,0.8263347853142502,2.2288873085293517
abs,315,4,39746,0.7163739747395964,2.2288873085293517
norm,315,0,39762,0.9128313465117449,0.8311359767812235
norm,315,1,40146,0.8633985951277836,1.283724846170677
norm,315,2,40171,0.8907918647780737,2.0180435835671346
norm,315,3,40175,0.8760423148724331,2.579994490009624
norm,315,4,39746,0.8656720173099179,3.2919106644414664
cqr,315,0,39762,0.9217343191992354,0.8993479919324575
cqr,315,1,40146,0.888656404124944,1.3933451541689852
cqr,315,2,40171,0.8974384506235842,2.026420231804613
cqr,315,3,40175,0.8668574984443062,2.4765918019990596
cqr,315,4,39746,0.8602878277059327,3.0317801917416567
abs,316,0,39762,0.9989688647452342,2.2243797117836834
abs,316,1,40146,0.9880187316295521,2.224379711783684
abs,316,2,40171,0.9282069154365089,2.2243797117836834
abs,316,3,40175,0.8257622899813317,2.2243797117836834
abs,316,4,39746,0.7155437025109445,2.2243797117836834
norm,316,0,39762,0.9176349278205321,0.8467871053082592
norm,316,1,40146,0.8698500473272556,1.3078986794808132
norm,316,2,40171,0.8966667496452665,2.056045379160063
norm,316,3,40175,0.8833602986932172,2.6285783878196622
norm,316,4,39746,0.8723896744326473,3.353900661683825
cqr,316,0,39762,0.9227403048136411,0.9033487605986348
cqr,316,1,40146,0.8899018582175061,1.3973459228351623
cqr,316,2,40171,0.8983595130815762,2.03042100047079
cqr,316,3,40175,0.8675544492843809,2.480592570665237
cqr,316,4,39746,0.8607910229960247,3.035780960407834
abs,317,0,39762,0.9991449122277551,2.3887215061217404
abs,317,1,40146,0.9925770936083296,2.388721506121741
abs,317,2,40171,0.946877100395808,2.388721506121741
abs,317,3,40175,0.855457373988799,2.3887215061217404
abs,317,4,39746,0.7501886982337845,2.3887215061217404
norm,317,0,39762,0.9241989839545295,0.8662081433809524
norm,317,1,40146,0.8780202261744632,1.337895298336004
norm,317,2,40171,0.9030643996913196,2.103200721202402
norm,317,3,40175,0.8913005600497822,2.688864758061826
norm,317,4,39746,0.8807427162481759,3.4308222775590234
cqr,317,0,39762,0.9536240631758965,1.0073883531907926
cqr,317,1,40146,0.9153340307876252,1.5013855154273201
cqr,317,2,40171,0.9149137437454881,2.134460593062948
cqr,317,3,40175,0.883758556316117,2.5846321632573948
cqr,317,4,39746,0.8734463845418406,3.1398205529999923
abs,318,0,39762,0.9991449122277551,2.384453466814733
abs,318,1,40146,0.9924276391172221,2.384453466814733
abs,318,2,40171,0.9465036966966219,2.384453466814733
abs,318,3,40175,0.8546359676415681,2.384453466814733
abs,318,4,39746,0.7492577869471142,2.384453466814733
norm,318,0,39762,0.9402947537850209,0.9297082869268947
norm,318,1,40146,0.9007123997409455,1.4359739693147573
norm,318,2,40171,0.9232530930273083,2.2573825408064057
norm,318,3,40175,0.9148724331051649,2.885980543011747
norm,318,4,39746,0.904065817943944,3.682329618802987
cqr,318,0,39762,0.9551581912378653,1.0138784044880167
cqr,318,1,40146,0.9167787575349973,1.5078755667245445
cqr,318,2,40171,0.9157850190435887,2.140950644360172
cqr,318,3,40175,0.8847790914747977,2.5911222145546184
cqr,318,4,39746,0.8740753786544558,3.1463106042972164
abs,319,0,39762,0.9990443136663145,2.2695344828571926
abs,319,1,40146,0.9894634583769242,2.2695344828571926
abs,319,2,40171,0.9337581837644071,2.2695344828571926
abs,319,3,40175,0.8348724331051649,2.2695344828571926
abs,319,4,39746,0.7248024958486389,2.2695344828571926
norm,319,0,39762,0.911272068809416,0.8268056513897397
norm,319,1,40146,0.8614307776615354,1.2770364745295166
norm,319,2,40171,0.8891488885016554,2.007529316810346
norm,319,3,40175,0.8740012445550716,2.566552386717159
norm,319,4,39746,0.863759875207568,3.274759386269231
cqr,319,0,39762,0.9258337105779387,0.911433011869485
cqr,319,1,40146,0.8917451302744981,1.4054301741060127
cqr,319,2,40171,0.8995792984989172,2.03850525174164
cqr,319,3,40175,0.8689483509645302,2.488676821936087
cqr,319,4,39746,0.8616464549891814,3.043865211678684
abs,320,0,39762,0.9990946129470348,2.3668091278053716
abs,320,1,40146,0.992004184725751,2.3668091278053716
abs,320,2,40171,0.9449851883199323,2.3668091278053716
abs,320,3,40175,0.8517237087741133,2.3668091278053716
abs,320,4,39746,0.7458108992099834,2.3668091278053716
norm,320,0,39762,0.9332025552034606,0.8967847081683143
norm,320,1,40146,0.8890051312708613,1.3851221024025255
norm,320,2,40171,0.9129471509297752,2.1774422918965586
norm,320,3,40175,0.9034723086496578,2.7837798752973066
norm,320,4,39746,0.8926936043878629,3.5519279961386885
cqr,320,0,39762,0.9589557869322469,1.0312226622382996
cqr,320,1,40146,0.9211129377771136,1.5252198244748272
cqr,320,2,40171,0.9181001219785417,2.158294902110455
cqr,320,3,40175,0.8872682016179216,2.6084664723049014
cqr,320,4,39746,0.8760378402858149,3.1636548620474993
abs,321,0,39762,0.9991700618681153,2.41415344900756
abs,321,1,40146,0.993025457081652,2.4141534490075602
abs,321,2,40171,0.9490428418510866,2.41415344900756
abs,321,3,40175,0.8594648413192284,2.4141534490075602
abs,321,4,39746,0.7548684144316409,2.41415344900756
norm,321,0,39762,0.9356420703183944,0.9068819483611863
norm,321,1,40146,0.8928411298759528,1.4007177190951654
norm,321,2,40171,0.9160837420029374,2.201958943024903
norm,321,3,40175,0.907255756067206,2.8151235119460307
norm,321,4,39746,0.8962411311830121,3.591920504706382
cqr,321,0,39762,0.9564659725365927,1.0199115454843648
cqr,321,1,40146,0.9180989388731131,1.5139087077208921
cqr,321,2,40171,0.9165318264419606,2.14698378535652
cqr,321,3,40175,0.8857249533291848,2.5971553555509668
cqr,321,4,39746,0.8748050118250893,3.152343745293564
abs,322,0,39762,0.998943715104874,2.205757594938457
abs,322,1,40146,0.9872216410103124,2.205757594938457
abs,322,2,40171,0.9259167060815016,2.205757594938457
abs,322,3,40175,0.8222028624766646,2.205757594938457
abs,322,4,39746,0.7118452171287677,2.205757594938457
norm,322,0,39762,0.9135858357225491,0.8334891605519914
norm,322,1,40146,0.8639964130922134,1.287359438534058
norm,322,2,40171,0.8915386721764457,2.0237572423933874
norm,322,3,40175,0.8770877411325451,2.5872991926481426
norm,322,4,39746,0.8667287274191113,3.3012310054768546
cqr,322,0,39762,0.9207786328655501,0.896946279113505
cqr,322,1,40146,0.8879838589149603,1.3909434413500326
cqr,322,2,40171,0.8970401533444524,2.02401851898566
cqr,322,3,40175,0.8665588052271312,2.474190089180107
cqr,322,4,39746,0.8599859105318775,3.029378478922704
abs,323,0,39762,0.9991449122277551,2.3954298487474164
abs,323,1,40146,0.9926518208538834,2.3954298487474164
abs,323,2,40171,0.9474745463145055,2.3954298487474164
abs,323,3,40175,0.8565525824517735,2.3954298487474164
abs,323,4,39746,0.7515976450460423,2.395429848747416
norm,323,0,39762,0.9354660228358734,0.9061110768138766
norm,323,1,40146,0.8927165844666965,1.3995270752220415
norm,323,2,40171,0.9158596997834259,2.2000872247702956
norm,323,3,40175,0.9069819539514623,2.8127305890066747
norm,323,4,39746,0.8958888944799477,3.588867285572094
cqr,323,0,39762,0.9482923394195463,0.9848782415421006
cqr,323,1,40146,0.9097543964529468,1.4788754037786285
cqr,323,2,40171,0.9112543874934654,2.111950481414256
cqr,323,3,40175,0.880522713130056,2.562122051608702
cqr,323,4,39746,0.8708549287978664,3.1173104413512998
abs,324,0,39762,0.9987928172627132,2.1566860747677166
abs,324,1,40146,0.9851541872166591,2.1566860747677166
abs,324,2,40171,0.9193945881357198,2.1566860747677166
abs,324,3,40175,0.8121966397013067,2.1566860747677166
abs,324,4,39746,0.7018567906204398,2.156686074767717
norm,324,0,39762,0.909159499019164,0.8208938879618899
norm,324,1,40146,0.8589896876401136,1.2679055046172234
norm,324,2,40171,0.886684424087028,1.9931752320559575
norm,324,3,40175,0.8712632233976354,2.5482012173583724
norm,324,4,39746,0.8609923011120616,3.2513444486206873
cqr,324,0,39762,0.9251295206478547,0.9094478682535015
cqr,324,1,40146,0.8915458576196882,1.4034450304900292
cqr,324,2,40171,0.8992058947997311,2.0365201081256568
cqr,324,3,40175,0.8686496577473554,2.486691678320103
cqr,324,4,39746,0.8614451768731445,3.0418800680627007
abs,325,0,39762,0.9990694633066747,2.293652841035545
abs,325,1,40146,0.990260548996164,2.293652841035545
abs,325,2,40171,0.9365213711383834,2.293652841035545
abs,325,3,40175,0.839477286869944,2.293652841035545
abs,325,4,39746,0.7301615256881195,2.293652841035545
norm,325,0,39762,0.9238217393491273,0.8651067800924979
norm,325,1,40146,0.8775967717829921,1.3361941959200971
norm,325,2,40171,0.9027158895720794,2.1005265509348003
norm,325,3,40175,0.8908774113254512,2.6854459297411992
norm,325,4,39746,0.8801137221355608,3.4264600676968904
cqr,325,0,39762,0.9393390674513354,0.9536601275112186
cqr,325,1,40146,0.9025805808797888,1.4476572897477462
cqr,325,2,40171,0.9068233302631251,2.080732367383374
cqr,325,3,40175,0.8758431860609832,2.5309039375778206
cqr,325,4,39746,0.8670809641221758,3.086092327320418
abs,326,0,39762,0.9991449122277551,2.4088862819818013
abs,326,1,40146,0.9928760025905445,2.4088862819818013
abs,326,2,40171,0.9485947574120634,2.4088862819818013
abs,326,3,40175,0.8587429993777225,2.4088862819818013
abs,326,4,39746,0.7537362250289338,2.4088862819818013
norm,326,0,39762,0.939615713495297,0.9261297579243168
norm,326,1,40146,0.8995665819757884,1.4304467791537174
norm,326,2,40171,0.922157775509696,2.248693676776926
norm,326,3,40175,0.9136776602364655,2.8748721499606544
norm,326,4,39746,0.9028833090122277,3.668156008087421
cqr,326,0,39762,0.964966550978321,1.0608114842829803
cqr,326,1,40146,0.926493299456982,1.5548086465195081
cqr,326,2,40171,0.9220084140300217,2.1878837241551357
cqr,326,3,40175,0.8916739265712508,2.6380552943495816
cqr,326,4,39746,0.8794092487294319,3.1932436840921796
abs,327,0,39762,0.9990946129470348,2.360034038713839
abs,327,1,40146,0.9918547302346435,2.360034038713839
abs,327,2,40171,0.944263274501506,2.3600340387138385
abs,327,3,40175,0.85065339141257,2.3600340387138385
abs,327,4,39746,0.7446032305137624,2.360034038713839
norm,327,0,39762,0.9321211206679745,0.8931411362207278
norm,327,1,40146,0.8879838589149603,1.379494450648066
norm,327,2,40171,0.9115780040327599,2.1685955000411896
norm,327,3,40175,0.9021530802738021,2.772469577330021
norm,327,4,39746,0.8914607759271373,3.537496767451691
cqr,327,0,39762,0.9527186761229315,1.0032730629258473
cqr,327,1,40146,0.9145867583320879,1.4972702251623748
cqr,327,2,40171,0.9143411914067362,2.1303453027980024
cqr,327,3,40175,0.8832109520846297,2.580516872992449
cqr,327,4,39746,0.872918029487244,3.135705262735047
abs,328,0,39762,0.9990443136663145,2.264542935239997
abs,328,1,40146,0.9892641857221143,2.264542935239997
abs,328,2,40171,0.9330113763660352,2.264542935239997
abs,328,3,40175,0.834150591163659,2.264542935239997
abs,328,4,39746,0.7237961052684547,2.264542935239997
norm,328,0,39762,0.9193954026457422,0.8510632038012271
norm,328,1,40146,0.8716684103023963,1.314503295372132
norm,328,2,40171,0.8982101516019019,2.066427980043079
norm,328,3,40175,0.884903546981954,2.6418521611356973
norm,328,4,39746,0.8743772958285111,3.3708371613956025
cqr,328,0,39762,0.9163019968814446,0.8854854535080497
cqr,328,1,40146,0.8849947690928113,1.3794826157445772
cqr,328,2,40171,0.8948495183092281,2.0125576933802054
cqr,328,3,40175,0.8645675171126322,2.4627292635746514
cqr,328,4,39746,0.8584763246616012,3.0179176533172494
abs,329,0,39762,0.9991449122277551,2.4010895612699628
abs,329,1,40146,0.9927763662631396,2.4010895612699628
abs,329,2,40171,0.9481217793930945,2.401089561269963
abs,329,3,40175,0.8575980087118855,2.4010895612699628
abs,329,4,39746,0.752453077039199,2.4010895612699628
norm,329,0,39762,0.9318193249836527,0.8920484870927352
norm,329,1,40146,0.8875105863597867,1.3778068076234153
norm,329,2,40171,0.9112543874934654,2.165942488231527
norm,329,3,40175,0.9015805849408837,2.769077799319578
norm,329,4,39746,0.8910582196950636,3.533169072083646
cqr,329,0,39762,0.9601378200291736,1.0367603056483123
cqr,329,1,40146,0.922084391969312,1.5307574678848401
cqr,329,2,40171,0.9189465036966966,2.1638325455204677
cqr,329,3,40175,0.8880647168637212,2.614004115714915
cqr,329,4,39746,0.8766165148694208,3.169192505457513
abs,330,0,39762,0.9989688647452342,2.237996551557086
abs,330,1,40146,0.9884920041847257,2.237996551557086
abs,330,2,40171,0.9296009559134699,2.237996551557086
abs,330,3,40175,0.8284505289359054,2.237996551557086
abs,330,4,39746,0.7182357973129372,2.237996551557086
norm,330,0,39762,0.925355867411096,0.8700917766478219
norm,330,1,40146,0.8794898620036865,1.3438937350026525
norm,330,2,40171,0.9041348236289861,2.1126303950633334
norm,330,3,40175,0.8927193528313628,2.7009202492325306
norm,330,4,39746,0.8823529411764706,3.4462043258942407
cqr,330,0,39762,0.9243247321563302,0.9075791136303373
cqr,330,1,40146,0.8910725850645145,1.4015762758668648
cqr,330,2,40171,0.8989818525802196,2.034651353502493
cqr,330,3,40175,0.8682265090230242,2.4848229236969392
cqr,330,4,39746,0.8611684194635938,3.040011313439537
abs,331,0,39762,0.9990694633066747,2.3348708767784556
abs,331,1,40146,0.99138145767947,2.3348708767784556
abs,331,2,40171,0.941574767867367,2.3348708767784556
abs,331,3,40175,0.846372121966397,2.3348708767784556
abs,331,4,39746,0.7395964373773461,2.3348708767784556
norm,331,0,39762,0.9241738343141693,0.866021609071359
norm,331,1,40146,0.8779953170926119,1.3376071881656129
norm,331,2,40171,0.9029399317915909,2.102747805702283
norm,331,3,40175,0.8912507778469198,2.688285722254938
norm,331,4,39746,0.8806420771901575,3.4300834642959837
cqr,331,0,39762,0.9433881595493184,0.9678417867370241
cqr,331,1,40146,0.9064913067304339,1.4618389489735522
cqr,331,2,40171,0.9086405615991636,2.0949140266091795
cqr,331,3,40175,0.8782576228998134,2.545085596803626
cqr,331,4,39746,0.8689176269310119,3.1002739865462234
abs,332,0,39762,0.9989688647452342,2.2179711162497817
abs,332,1,40146,0.9876700044836347,2.2179711162497817
abs,332,2,40171,0.9273854272982998,2.2179711162497817
abs,332,3,40175,0.8245177349097698,2.2179711162497817
abs,332,4,39746,0.7140341166406683,2.2179711162497817
norm,332,0,39762,0.9277702328856697,0.8775034006462145
norm,332,1,40146,0.8824789518258357,1.3553413033224098
norm,332,2,40171,0.9065743944636678,2.130626223269077
norm,332,3,40175,0.8956067205973864,2.723927253636227
norm,332,4,39746,0.8847934383334172,3.4755598161662733
cqr,332,0,39762,0.9271917911573865,0.9156652394536842
cqr,332,1,40146,0.8928162207941015,1.4096624016902117
cqr,332,2,40171,0.9002265315775062,2.0427374793258397
cqr,332,3,40175,0.8695955196017424,2.4929090495202857
cqr,332,4,39746,0.862300608866301,3.0480974392628837
abs,333,0,39762,0.9991449122277551,2.391540631794908
abs,333,1,40146,0.9926020026901808,2.391540631794908
abs,333,2,40171,0.9471260361952653,2.391540631794908
abs,333,3,40175,0.855980087118855,2.391540631794908
abs,333,4,39746,0.7507422130528858,2.391540631794908
norm,333,0,39762,0.9173834314169307,0.8462150980681397
norm,333,1,40146,0.8696756837542968,1.3070151899834932
norm,333,2,40171,0.8965173881655921,2.0546565143137263
norm,333,3,40175,0.8831113876789048,2.626802775201532
norm,333,4,39746,0.8721632365521059,3.3516350916850626
cqr,333,0,39762,0.9383330818369298,0.9506712560636216
cqr,333,1,40146,0.9017585811786978,1.4446684183001492
cqr,333,2,40171,0.9063005650842648,2.0777434959357772
cqr,333,3,40175,0.8753702551337896,2.5279150661302237
cqr,333,4,39746,0.8665274493030746,3.083103455872821
abs,334,0,39762,0.9990946129470348,2.347999588682445
abs,334,1,40146,0.9916305484979824,2.3479995886824456
abs,334,2,40171,0.942968808344328,2.3479995886824456
abs,334,3,40175,0.8488612321095208,2.347999588682445
abs,334,4,39746,0.7421878931213204,2.3479995886824456
norm,334,0,39762,0.9236708415069664,0.8646304441713072
norm,334,1,40146,0.8773227718826284,1.3354584748416714
norm,334,2,40171,0.9026661024121879,2.099369981280453
norm,334,3,40175,0.8907031736154325,2.683967297981297
norm,334,4,39746,0.8800130830775424,3.4245734265904657
cqr,334,0,39762,0.9426839696192344,0.9651930062640374
cqr,334,1,40146,0.9057440342748966,1.4591901685005648
cqr,334,2,40171,0.9082920514799233,2.092265246136193
cqr,334,3,40175,0.8778593652769136,2.5424368163306394
cqr,334,4,39746,0.8687163488149751,3.097625206073237
abs,335,0,39762,0.9994215582717167,2.5441068636323942
abs,335,1,40146,0.9950680017934539,2.5441068636323942
abs,335,2,40171,0.9607926115854721,2.5441068636323942
abs,335,3,40175,0.878755444928438,2.5441068636323942
abs,335,4,39746,0.7789714688270518,2.5441068636323942
norm,335,0,39762,0.9412504401187063,0.9344397465579602
norm,335,1,40146,0.9021322174064664,1.4432819098404162
norm,335,2,40171,0.924771601403998,2.2688707834238864
norm,335,3,40175,0.9159925326695706,2.9006678386154436
norm,335,4,39746,0.9056257233432295,3.7010696840305797
cqr,335,0,39762,0.9735677279814898,1.1161460499880462
cqr,335,1,40146,0.936133114133413,1.6101432122245738
cqr,335,2,40171,0.9295760623335242,2.2432182898602018
cqr,335,3,40175,0.8987181082762912,2.693389860054648
cqr,335,4,39746,0.8861017460876566,3.2485782497972457
abs,336,0,39762,0.9990694633066747,2.334349049978681
abs,336,1,40146,0.9913565485976187,2.334349049978681
abs,336,2,40171,0.9415498742874213,2.334349049978681
abs,336,3,40175,0.8462476664592408,2.334349049978681
abs,336,4,39746,0.7393951592613093,2.334349049978681
norm,336,0,39762,0.9311402846939288,0.8898921652893378
norm,336,1,40146,0.8866138594131421,1.374476276936871
norm,336,2,40171,0.9105324736750392,2.1607068210230103
norm,336,3,40175,0.9005102675793404,2.7623841913819236
norm,336,4,39746,0.8900769888793841,3.524628449443219
cqr,336,0,39762,0.9483677883406267,0.9852119151571369
cqr,336,1,40146,0.9098042146166492,1.4792090773936646
cqr,336,2,40171,0.9112792810734112,2.112284155029292
cqr,336,3,40175,0.8805973864343497,2.562455725223739
cqr,336,4,39746,0.8708549287978664,3.1176441149663368
abs,337,0,39762,0.9990694633066747,2.3238495740642833
abs,337,1,40146,0.9910576396154038,2.3238495740642833
abs,337,2,40171,0.9401558338104603,2.3238495740642833
abs,337,3,40175,0.8445799626633479,2.3238495740642833
abs,337,4,39746,0.7369546621043627,2.3238495740642833
norm,337,0,39762,0.9229918012172426,0.861827341477317
norm,337,1,40146,0.876052408708215,1.3311289635761634
norm,337,2,40171,0.9017699335341416,2.092563894714938
norm,337,3,40175,0.889607965152458,2.675265966661922
norm,337,4,39746,0.8789815327328536,3.4134710752187836
cqr,337,0,39762,0.9420049293295106,0.9628799143082543
cqr,337,1,40146,0.9050714890649131,1.4568770765447818
cqr,337,2,40171,0.9079933285205746,2.0899521541804096
cqr,337,3,40175,0.8774362165525824,2.540123724374856
cqr,337,4,39746,0.8682886328183969,3.0953121141174536
abs,338,0,39762,0.9989940143855943,2.2525567074010207
abs,338,1,40146,0.9888158222487919,2.2525567074010207
abs,338,2,40171,0.9313932936695626,2.2525567074010207
abs,338,3,40175,0.8316863721219664,2.2525567074010207
abs,338,4,39746,0.7212801288179943,2.2525567074010207
norm,338,0,39762,0.9263618530255018,0.8732737096962623
norm,338,1,40146,0.8806854979325462,1.3488083658539767
norm,338,2,40171,0.9051803539867068,2.1203563024372545
norm,338,3,40175,0.8939887990043559,2.7107975376208264
norm,338,4,39746,0.8835857696371962,3.4588071245076097
cqr,338,0,39762,0.9557869322468688,1.0171333988011444
cqr,338,1,40146,0.9175260299905346,1.511130561037672
cqr,338,2,40171,0.916208209902666,2.1442056386733
cqr,338,3,40175,0.8852520224019913,2.5943772088677464
cqr,338,4,39746,0.8744779348865295,3.149565598610344
abs,339,0,39762,0.9990694633066747,2.2992213864343323
abs,339,1,40146,0.9904847307328252,2.2992213864343327
abs,339,2,40171,0.9371934977969182,2.2992213864343327
abs,339,3,40175,0.8403733665214685,2.2992213864343327
abs,339,4,39746,0.7309917979167715,2.2992213864343327
norm,339,0,39762,0.9337558472913837,0.9001899504419058
norm,339,1,40146,0.8904498580182334,1.3903816438445518
norm,339,2,40171,0.9139180005476587,2.1857104062757795
norm,339,3,40175,0.9046670815183572,2.794350355397371
norm,339,4,39746,0.8939515926130931,3.5654152637682937
cqr,339,0,39762,0.9299834012373623,0.9251668783110588
cqr,339,1,40146,0.8952324017336721,1.4191640405475865
cqr,339,2,40171,0.9018944014338702,2.052239118183214
cqr,339,3,40175,0.8713627878033603,2.5024106883776605
cqr,339,4,39746,0.8635837568560358,3.057599078120258
abs,340,0,39762,0.9989688647452342,2.240217917012952
abs,340,1,40146,0.988516913266577,2.240217917012952
abs,340,2,40171,0.9298001045530357,2.240217917012952
abs,340,3,40175,0.8289483509645302,2.240217917012952
abs,340,4,39746,0.7186886730740201,2.240217917012952
norm,340,0,39762,0.9381318847140486,0.9197789463824273
norm,340,1,40146,0.8972002191999203,1.4206376807661776
norm,340,2,40171,0.9202409698538747,2.233273559202196
norm,340,3,40175,0.9113876789047916,2.8551580968539416
norm,340,4,39746,0.9009963266743823,3.643002116514144
cqr,340,0,39762,0.9659725365927267,1.0666826169631094
cqr,340,1,40146,0.9276391172221392,1.5606797791996374
cqr,340,2,40171,0.922904582908068,2.1937548568352647
cqr,340,3,40175,0.8924206596141879,2.6439264270297116
cqr,340,4,39746,0.8804659588386252,3.1991148167723087
abs,341,0,39762,0.9990946129470348,2.379514035385434
abs,341,1,40146,0.9923030937079659,2.379514035385434
abs,341,2,40171,0.9460556122575987,2.379514035385434
abs,341,3,40175,0.8538394523957685,2.379514035385434
abs,341,4,39746,0.7484526744829668,2.379514035385434
norm,341,0,39762,0.9279714300085509,0.8785829375796275
norm,341,1,40146,0.8828525880536043,1.3570086940051571
norm,341,2,40171,0.9068980110029623,2.1332473979535553
norm,341,3,40175,0.8959303049159926,2.7272783290532168
norm,341,4,39746,0.8851708348009862,3.4798355775856313
cqr,341,0,39762,0.9476132991298224,0.9823509366150771
cqr,341,1,40146,0.9092562148159219,1.476348098851605
cqr,341,2,40171,0.910930770954171,2.109423176487233
cqr,341,3,40175,0.8801244555071562,2.5595947466816793
cqr,341,4,39746,0.8705530116238112,3.1147831364242773
abs,342,0,39762,0.9990946129470348,2.3733811217306835
abs,342,1,40146,0.9921785482987097,2.3733811217306835
abs,342,2,40171,0.9455079534987927,2.3733811217306835
abs,342,3,40175,0.8527691350342252,2.373381121730684
abs,342,4,39746,0.746917928848186,2.3733811217306835
norm,342,0,39762,0.9293798098687189,0.8840972126604923
norm,342,1,40146,0.8847456782742988,1.365525726269048
norm,342,2,40171,0.9086654551791093,2.146636359273771
norm,342,3,40175,0.8978469197261979,2.7443956236024496
norm,342,4,39746,0.8878126100739697,3.5016761685989852
cqr,342,0,39762,0.946481565313616,0.977591073617363
cqr,342,1,40146,0.9084591241966821,1.4715882358538908
cqr,342,2,40171,0.9101590699758533,2.1046633134895187
cqr,342,3,40175,0.8793777224642191,2.554834883683965
cqr,342,4,39746,0.8698988577466915,3.110023273426563
abs,343,0,39762,0.9990191640259545,2.262326203946045
abs,343,1,40146,0.9891396403128581,2.262326203946045
abs,343,2,40171,0.9325881855069578,2.262326203946045
abs,343,3,40175,0.8337523335407592,2.262326203946045
abs,343,4,39746,0.7232929099783626,2.262326203946045
norm,343,0,39762,0.9374276947839646,0.9156855041608739
norm,343,1,40146,0.8956558561251432,1.4143151852504343
norm,343,2,40171,0.9190460780164795,2.2233344577306173
norm,343,3,40175,0.9101680149346608,2.842451321221775
norm,343,4,39746,0.8995370603331153,3.6267890701777405
cqr,343,0,39762,0.959333031537649,1.0332241783408278
cqr,343,1,40146,0.9214118467593284,1.5272213405773554
cqr,343,2,40171,0.9182992706181076,2.160296418212983
cqr,343,3,40175,0.8875917859365277,2.6104679884074296
cqr,343,4,39746,0.8762391184018518,3.165656378150027
abs,344,0,39762,0.9990946129470348,2.3697328862571463
abs,344,1,40146,0.9920290938076023,2.3697328862571463
abs,344,2,40171,0.9452092305394438,2.3697328862571463
abs,344,3,40175,0.8521717485998755,2.3697328862571463
abs,344,4,39746,0.7462637749710662,2.3697328862571463
norm,344,0,39762,0.9362205120466778,0.9099970997073651
norm,344,1,40146,0.8937129477407463,1.4055292027685817
norm,344,2,40171,0.9169301237210923,2.2095227007752807
norm,344,3,40175,0.9082514001244555,2.824793498005127
norm,344,4,39746,0.8972978412922055,3.6042587985888694
cqr,344,0,39762,0.9592072833358483,1.0323244534445062
cqr,344,1,40146,0.9213122104319235,1.526321615681034
cqr,344,2,40171,0.9182494834582161,2.1593966933166615
cqr,344,3,40175,0.8873677660236465,2.6095682635111084
cqr,344,4,39746,0.8761384793438334,3.1647566532537055
abs,345,0,39762,0.998943715104874,2.2154373534806497
abs,345,1,40146,0.987595277238081,2.2154373534806497
abs,345,2,40171,0.9271613850787882,2.2154373534806497
abs,345,3,40175,0.8239452395768513,2.2154373534806497
abs,345,4,39746,0.7136818799376038,2.2154373534806497
norm,345,0,39762,0.925884009858659,0.8718119792258286
norm,345,1,40146,0.8801374981318189,1.3465506610069704
norm,345,2,40171,0.904607801647955,2.116807140953249
norm,345,3,40175,0.8933416303671438,2.706260065215645
norm,345,4,39746,0.8831077341116087,3.4530175951663407
cqr,345,0,39762,0.9180624717066546,0.8901302890041727
cqr,345,1,40146,0.8862651322672246,1.3841274512407
cqr,345,2,40171,0.8956212192875458,2.0172025288763282
cqr,345,3,40175,0.8652893590541382,2.4673740990707747
cqr,345,4,39746,0.8591304785387209,3.022562488813372
abs,346,0,39762,0.9990946129470348,2.3524269768988333
abs,346,1,40146,0.9917052757435361,2.3524269768988333
abs,346,2,40171,0.9434168927833512,2.3524269768988333
abs,346,3,40175,0.8496826384567517,2.3524269768988333
abs,346,4,39746,0.7431188044079907,2.3524269768988333
norm,346,0,39762,0.9396408631356572,0.9263803763110117
norm,346,1,40146,0.8996413092213421,1.4308338699052852
norm,346,2,40171,0.9222075626695875,2.2493021919192397
norm,346,3,40175,0.9139265712507778,2.875650114186522
norm,346,4,39746,0.9030091078347506,3.6691486414986954
cqr,346,0,39762,0.9360444645641567,0.9437096124254692
cqr,346,1,40146,0.9000149454491108,1.4377067746619971
cqr,346,2,40171,0.9052301411465983,2.0707818522976242
cqr,346,3,40175,0.8744243932794026,2.5209534224920715
cqr,346,4,39746,0.8657726563679364,3.0761418122346686
abs,347,0,39762,0.9990694633066747,2.2942040640728862
abs,347,1,40146,0.9902854580780153,2.2942040640728862
abs,347,2,40171,0.9365462647183291,2.2942040640728862
abs,347,3,40175,0.839576851275669,2.2942040640728862
abs,347,4,39746,0.7301866854526242,2.2942040640728862
norm,347,0,39762,0.9285498717368341,0.8807772810610683
norm,347,1,40146,0.8836745877546953,1.36039795078967
norm,347,2,40171,0.9075452440815513,2.138575383874721
norm,347,3,40175,0.8968014934660858,2.7340899630691466
norm,347,4,39746,0.8859759472651336,3.4885267940770386
cqr,347,0,39762,0.9527186761229315,1.003454538975029
cqr,347,1,40146,0.9146365764957903,1.497451701211557
cqr,347,2,40171,0.9143660849866819,2.130526778847184
cqr,347,3,40175,0.883235843186061,2.5806983490416306
cqr,347,4,39746,0.872918029487244,3.1358867387842286
abs,348,0,39762,0.9990946129470348,2.3511965087461064
abs,348,1,40146,0.9916803666616848,2.3511965087461064
abs,348,2,40171,0.9432924248836225,2.3511965087461064
abs,348,3,40175,0.8495084007467331,2.3511965087461064
abs,348,4,39746,0.7428168872339355,2.3511965087461064
norm,348,0,39762,0.9365977566520799,0.9121008252640802
norm,348,1,40146,0.8942609475414737,1.4087784963163577
norm,348,2,40171,0.9177765054392473,2.2146306614218125
norm,348,3,40175,0.908923459863099,2.831323837800833
norm,348,4,39746,0.8980023146983345,3.6125911013512026
cqr,348,0,39762,0.9319450731854535,0.9306168991093607
cqr,348,1,40146,0.8967518557265979,1.4246140613458884
cqr,348,2,40171,0.9027407831520251,2.057689138981516
cqr,348,3,40175,0.8721593030491599,2.507860709175963
cqr,348,4,39746,0.8642127509686509,3.0630490989185604
abs,349,0,39762,0.9993209597102761,2.479632784256867
abs,349,1,40146,0.9941961839286604,2.479632784256867
abs,349,2,40171,0.9553658111573026,2.479632784256867
abs,349,3,40175,0.8704169259489732,2.479632784256867
abs,349,4,39746,0.76732249786142,2.479632784256867
norm,349,0,39762,0.9274432875609879,0.876485497675935
norm,349,1,40146,0.8821302246799183,1.3537691089156663
norm,349,2,40171,0.9062756715043191,2.128154699216152
norm,349,3,40175,0.8953329184816428,2.720767501046938
norm,349,4,39746,0.884617319981885,3.471528170639141
cqr,349,0,39762,0.9604144660731352,1.0387903852140081
cqr,349,1,40146,0.9227320280974444,1.5327875474505361
cqr,349,2,40171,0.9192203330760996,2.1658626250861635
cqr,349,3,40175,0.888462974486621,2.6160341952806103
cqr,349,4,39746,0.876792633220953,3.1712225850232074
abs,350,0,39762,0.9990694633066747,2.3098088002437787
abs,350,1,40146,0.9907587306331889,2.3098088002437787
abs,350,2,40171,0.9384381767942048,2.3098088002437787
abs,350,3,40175,0.8421406347230865,2.309808800243778
abs,350,4,39746,0.7333568157802043,2.3098088002437787
norm,350,0,39762,0.939087571047734,0.9244721128981541
norm,350,1,40146,0.8990434912569123,1.4278864759474266
norm,350,2,40171,0.9215852231709443,2.244668824042437
norm,350,3,40175,0.9130553827006845,2.869726523789526
norm,350,4,39746,0.9022794746641172,3.661590512799133
cqr,350,0,39762,0.9420049293295106,0.962900015318528
cqr,350,1,40146,0.9050714890649131,1.4568971775550557
cqr,350,2,40171,0.9080182221005203,2.0899722551906836
cqr,350,3,40175,0.8774362165525824,2.54014382538513
cqr,350,4,39746,0.8682886328183969,3.095332215127728
abs,351,0,39762,0.9990694633066747,2.2986753949696626
abs,351,1,40146,0.9904847307328252,2.2986753949696626
abs,351,2,40171,0.937118817057081,2.2986753949696626
abs,351,3,40175,0.8402738021157437,2.2986753949696626
abs,351,4,39746,0.7308659990942484,2.2986753949696626
norm,351,0,39762,0.9363714098888386,0.9110039827356246
norm,351,1,40146,0.89398694764111,1.4070843764064382
norm,351,2,40171,0.9172786338403326,2.211967467806604
norm,351,3,40175,0.9085252022401992,2.8279190427265264
norm,351,4,39746,0.8975242791727469,3.608246797028558
cqr,351,0,39762,0.9502288617272773,0.9916848623968297
cqr,351,1,40146,0.9116723957554924,1.4856820246333573
cqr,351,2,40171,0.9122999178511861,2.118757102268985
cqr,351,3,40175,0.8814187927815806,2.5689286724634317
cqr,351,4,39746,0.8714587631459769,3.1241170622060292
abs,352,0,39762,0.9986419194205522,2.1107682923057993
abs,352,1,40146,0.9833358242415184,2.1107682923057993
abs,352,2,40171,0.912225237111349,2.1107682923057993
abs,352,3,40175,0.8036838830118233,2.1107682923057993
abs,352,4,39746,0.690207819654808,2.1107682923057993
norm,352,0,39762,0.9150948141441577,0.8385856359972775
norm,352,1,40146,0.8661385941314204,1.2952311615009182
norm,352,2,40171,0.8937293072116701,2.0361317633604594
norm,352,3,40175,0.8794275046670815,2.603119562520988
norm,352,4,39746,0.8687415085794797,3.3214168021913397
cqr,352,0,39762,0.8930385795483125,0.8322976961399505
cqr,352,1,40146,0.868778956807652,1.3262948583764782
cqr,352,2,40171,0.8846929376913694,1.959369936012106
cqr,352,3,40175,0.8556067205973864,2.4095415062065526
cqr,352,4,39746,0.8513309515422935,2.96472989594915
abs,353,0,39762,0.999295810069916,2.461133901777849
abs,353,1,40146,0.9939969112738505,2.461133901777849
abs,353,2,40171,0.95374772846083,2.461133901777849
abs,353,3,40175,0.8675295581829496,2.461133901777849
abs,353,4,39746,0.7640265687113169,2.461133901777849
norm,353,0,39762,0.9338312962124642,0.9005012719244698
norm,353,1,40146,0.8905993125093409,1.3908624931080642
norm,353,2,40171,0.9140175748674417,2.1864663118530445
norm,353,3,40175,0.9048413192283759,2.7953167528727247
norm,353,4,39746,0.8940522316711116,3.5666483261517694
cqr,353,0,39762,0.9545294502288617,1.011800722359822
cqr,353,1,40146,0.9162307577342699,1.5057978845963498
cqr,353,2,40171,0.9155609768240771,2.1388729622319773
cqr,353,3,40175,0.8843310516490355,2.589044532426424
cqr,353,4,39746,0.8736979821868868,3.1442329221690213
abs,354,0,39762,0.9991449122277551,2.395791887208226
abs,354,1,40146,0.9926518208538834,2.395791887208226
abs,354,2,40171,0.9475492270543426,2.395791887208226
abs,354,3,40175,0.856602364654636,2.395791887208226
abs,354,4,39746,0.7516479645750516,2.395791887208226
norm,354,0,39762,0.9237211407876867,0.8648465201651261
norm,354,1,40146,0.877497135455587,1.33579221339911
norm,354,2,40171,0.9026661024121879,2.099894625604692
norm,354,3,40175,0.89085252022402,2.6846380364513545
norm,354,4,39746,0.8800885623710563,3.425429246682789
cqr,354,0,39762,0.9143151752929933,0.8803585809723361
cqr,354,1,40146,0.8837991331639515,1.3743557432088638
cqr,354,2,40171,0.8940778173309104,2.0074308208444918
cqr,354,3,40175,0.8637461107654014,2.457602391038938
cqr,354,4,39746,0.8577718512554723,3.0127907807815357
abs,355,0,39762,0.9991449122277551,2.387218748205448
abs,355,1,40146,0.9925272754446272,2.387218748205448
abs,355,2,40171,0.9468024196559707,2.387218748205448
abs,355,3,40175,0.8552333540759178,2.387218748205448
abs,355,4,39746,0.7497861420017109,2.387218748205448
norm,355,0,39762,0.9092852472209647,0.8212145596492488
norm,355,1,40146,0.8591889602949235,1.2684007956695016
norm,355,2,40171,0.8868088919867566,1.9939538404415709
norm,355,3,40175,0.8714623522090853,2.5491966395390993
norm,355,4,39746,0.8611180999345847,3.2526145447023054
cqr,355,0,39762,0.9233187465419245,0.9051609383599922
cqr,355,1,40146,0.8903502216908284,1.3991581005965201
cqr,355,2,40171,0.8986084488810335,2.0322331782321474
cqr,355,3,40175,0.8678282514001244,2.4824047484265943
cqr,355,4,39746,0.860967141347557,3.037593138169192
abs,356,0,39762,0.9990694633066747,2.2957026008203414
abs,356,1,40146,0.9904349125691227,2.2957026008203414
abs,356,2,40171,0.9366707326180578,2.2957026008203414
abs,356,3,40175,0.8398008711885501,2.2957026008203414
abs,356,4,39746,0.7304131233331655,2.2957026008203414
norm,356,0,39762,0.9326241134751773,0.8944286125792315
norm,356,1,40146,0.888257858815324,1.3814830126119808
norm,356,2,40171,0.9121505563715118,2.1717215630162694
norm,356,3,40175,0.9025264467952707,2.7764661338547674
norm,356,4,39746,0.891863332159211,3.542596122157991
cqr,356,0,39762,0.9562899250540717,1.0193232704855788
cqr,356,1,40146,0.9179494843820056,1.5133204327221061
cqr,356,2,40171,0.9164820392820692,2.1463955103577343
cqr,356,3,40175,0.8856253889234599,2.5965670805521808
cqr,356,4,39746,0.8748050118250893,3.1517554702947783
abs,357,0,39762,0.9989940143855943,2.2579308354520187
abs,357,1,40146,0.9890150949036018,2.2579308354520187
abs,357,2,40171,0.9320405267481516,2.2579308354520187
abs,357,3,40175,0.8326820161792159,2.2579308354520187
abs,357,4,39746,0.722563276807729,2.2579308354520187
norm,357,0,39762,0.9174085810572908,0.8463646515227875
norm,357,1,40146,0.8697753200817018,1.307246181651434
norm,357,2,40171,0.8965671753254836,2.0550196382765717
norm,357,3,40175,0.883235843186061,2.6272670158309026
norm,357,4,39746,0.8721883963166105,3.3522274335232374
cqr,357,0,39762,0.9236708415069664,0.9058442231165078
cqr,357,1,40146,0.8904498580182334,1.3998413853530352
cqr,357,2,40171,0.898757810360708,2.0329164629886627
cqr,357,3,40175,0.8679278158058494,2.483088033183109
cqr,357,4,39746,0.8610174608765662,3.038276422925707
abs,358,0,39762,0.9989940143855943,2.252150000491117
abs,358,1,40146,0.9888158222487919,2.2521500004911172
abs,358,2,40171,0.9313435065096711,2.2521500004911172
abs,358,3,40175,0.8316116988176727,2.2521500004911172
abs,358,4,39746,0.7212549690534896,2.2521500004911177
norm,358,0,39762,0.9235450933051658,0.8642904150927816
norm,358,1,40146,0.8771733173915209,1.33493328547589
norm,358,2,40171,0.9024669537726221,2.098544372090965
norm,358,3,40175,0.8906036092097075,2.6829117870016894
norm,358,4,39746,0.879786645197001,3.4232266609816016
cqr,358,0,39762,0.9293546602283588,0.9229248469054255
cqr,358,1,40146,0.8947840382603497,1.4169220091419532
cqr,358,2,40171,0.901446316994847,2.049997086777581
cqr,358,3,40175,0.8708649657747355,2.5001686569720274
cqr,358,4,39746,0.8632063603884668,3.055357046714626
abs,359,0,39762,0.9984658719380313,2.0753241519838244
abs,359,1,40146,0.9819160065759976,2.0753241519838244
abs,359,2,40171,0.9071469468024197,2.0753241519838244
abs,359,3,40175,0.7956689483509646,2.0753241519838244
abs,359,4,39746,0.6824334524228853,2.0753241519838244
norm,359,0,39762,0.9171570846536895,0.845345670321251
norm,359,1,40146,0.8693767747720819,1.3056723218706803
norm,359,2,40171,0.8962933459460805,2.0525454962192153
norm,359,3,40175,0.8826633478531425,2.62410391621925
norm,359,4,39746,0.8718864791425552,3.348191517406124
cqr,359,0,39762,0.9176852271012524,0.8894365165338017
cqr,359,1,40146,0.8860409505305634,1.3834336787703294
cqr,359,2,40171,0.8955216449677628,2.016508756405957
cqr,359,3,40175,0.8652146857498444,2.466680326600404
cqr,359,4,39746,0.8590298394807024,3.021868716343001
abs,360,0,39762,0.9990946129470348,2.3494563343678534
abs,360,1,40146,0.9916803666616848,2.3494563343678534
abs,360,2,40171,0.9431181698240024,2.3494563343678534
abs,360,3,40175,0.8491848164281269,2.3494563343678534
abs,360,4,39746,0.7424646505308711,2.3494563343678534
norm,360,0,39762,0.9386600271616116,0.9227089564874985
norm,360,1,40146,0.8984456732924825,1.425163205922696
norm,360,2,40171,0.921137138731921,2.2403877838988877
norm,360,3,40175,0.9124828873677661,2.864253371439493
norm,360,4,39746,0.901776279374025,3.6546071147109003
cqr,360,0,39762,0.9610432070821388,1.0408560375314706
cqr,360,1,40146,0.9231554824889154,1.5348531997679982
cqr,360,2,40171,0.9195190560354485,2.1679282774036257
cqr,360,3,40175,0.8887616677037959,2.6180998475980726
cqr,360,4,39746,0.8769687515724853,3.17328823734067
abs,361,0,39762,0.998943715104874,2.1995981432019382
abs,361,1,40146,0.9869476411099487,2.1995981432019382
abs,361,2,40171,0.9249956436235095,2.1995981432019382
abs,361,3,40175,0.820784069695084,2.1995981432019382
abs,361,4,39746,0.7106627081970512,2.1995981432019382
norm,361,0,39762,0.9333031537649011,0.8976894676401305
norm,361,1,40146,0.8894784038260349,1.386519541866374
norm,361,2,40171,0.913146299569341,2.179639097350512
norm,361,3,40175,0.9038954573739888,2.786588410263041
norm,361,4,39746,0.8930458410909274,3.5555115100729067
cqr,361,0,39762,0.9581258488003621,1.0274430711799123
cqr,361,1,40146,0.9200667563393613,1.5214402334164399
cqr,361,2,40171,0.9175275696397899,2.1545153110520676
cqr,361,3,40175,0.8866459240821406,2.6046868812465145
cqr,361,4,39746,0.8756352840537412,3.1598752709891116
abs,362,0,39762,0.9990946129470348,2.3529698013021374
abs,362,1,40146,0.9917301848253873,2.3529698013021374
abs,362,2,40171,0.9434915735231884,2.3529698013021374
abs,362,3,40175,0.8497324206596142,2.3529698013021374
abs,362,4,39746,0.7431942837015045,2.3529698013021374
norm,362,0,39762,0.9163019968814446,0.8425584989829707
norm,362,1,40146,0.8679320480247098,1.3013674172612784
norm,362,2,40171,0.8950486669487939,2.045778091856212
norm,362,3,40175,0.881144990665837,2.6154520386729008
norm,362,4,39746,0.8707794495043526,3.337152265937738
cqr,362,0,39762,0.9235702429455259,0.9055337371138442
cqr,362,1,40146,0.8903751307726797,1.399530899350372
cqr,362,2,40171,0.8986333424609794,2.0326059769859994
cqr,362,3,40175,0.8679029247044182,2.4827775471804463
cqr,362,4,39746,0.860967141347557,3.0379659369230434
abs,363,0,39762,0.9993209597102761,2.485068966890474
abs,363,1,40146,0.9942958202560653,2.4850689668904735
abs,363,2,40171,0.9558138955963257,2.485068966890474
abs,363,3,40175,0.870914747977598,2.4850689668904735
abs,363,4,39746,0.7685050067931364,2.485068966890474
norm,363,0,39762,0.9299582515970022,0.8860924219584957
norm,363,1,40146,0.8853933144024311,1.3686074118424205
norm,363,2,40171,0.9091882203579696,2.1514808365123836
norm,363,3,40175,0.8988176726820162,2.7505891095530877
norm,363,4,39746,0.8888190006541539,3.5095786670461417
cqr,363,0,39762,0.9405713998289824,0.9583517145309791
cqr,363,1,40146,0.9039256712997559,1.4523488767675068
cqr,363,2,40171,0.9072963082820941,2.0854239544031343
cqr,363,3,40175,0.8766148102053516,2.535595524597581
cqr,363,4,39746,0.8677099582347909,3.0907839143401783
abs,364,0,39762,0.9990443136663145,2.266632672330992
abs,364,1,40146,0.9893638220495192,2.266632672330992
abs,364,2,40171,0.933310099325384,2.2666326723309917
abs,364,3,40175,0.8343746110765401,2.266632672330992
abs,364,4,39746,0.7242741407940422,2.266632672330992
norm,364,0,39762,0.9374276947839646,0.9155259293052179
norm,364,1,40146,0.8956309470432919,1.4140687151026456
norm,364,2,40171,0.9189962908565881,2.2229470012583294
norm,364,3,40175,0.9101182327317984,2.8419559723741283
norm,364,4,39746,0.8994364212750968,3.6261570362100315
cqr,364,0,39762,0.936798953774961,0.9467540254666139
cqr,364,1,40146,0.9008120360683505,1.4407511877031414
cqr,364,2,40171,0.9056782255856215,2.0738262653387696
cqr,364,3,40175,0.8748475420037337,2.523997835533216
cqr,364,4,39746,0.8660242540129824,3.079186225275814
abs,365,0,39762,0.9990694633066747,2.328313247635066
abs,365,1,40146,0.9912070941065112,2.328313247635066
abs,365,2,40171,0.9408279604689951,2.328313247635066
abs,365,3,40175,0.8452769135034225,2.328313247635066
abs,365,4,39746,0.73775977456851,2.328313247635066
norm,365,0,39762,0.9344851868618279,0.9024298683769174
norm,365,1,40146,0.8914462212922831,1.393841292309889
norm,365,2,40171,0.9145901272061935,2.1911490494614267
norm,365,3,40175,0.905588052271313,2.801303460655532
norm,365,4,39746,0.8946560660192221,3.574286988664976
cqr,365,0,39762,0.9510336502188018,0.9953279724686938
cqr,365,1,40146,0.9124694863747322,1.4893251347052217
cqr,365,2,40171,0.9130716188295038,2.122400212340849
cqr,365,3,40175,0.8820659614187928,2.572571782535296
cqr,365,4,39746,0.8719116389070598,3.1277601722778936
abs,366,0,39762,0.9989940143855943,2.260258065477
abs,366,1,40146,0.9891147312310068,2.260258065477
abs,366,2,40171,0.932289462547609,2.260258065477
abs,366,3,40175,0.8332545115121344,2.260258065477
abs,366,4,39746,0.722890353746289,2.260258065477
norm,366,0,39762,0.9277702328856697,0.8776473758705697
norm,366,1,40146,0.8825536790713894,1.3555636791765433
norm,366,2,40171,0.906649075203505,2.1309758029838526
norm,366,3,40175,0.8957062850031113,2.72437417844265
norm,366,4,39746,0.8848437578624264,3.4761300641036894
cqr,366,0,39762,0.9269654443941452,0.9146966675874458
cqr,366,1,40146,0.8926169481392916,1.4086938298239733
cqr,366,2,40171,0.9001020636777775,2.0417689074596015
cqr,366,3,40175,0.8694959551960174,2.4919404776540475
cqr,366,4,39746,0.8621496502792734,3.047128867396646
abs,367,0,39762,0.9990443136663145,2.2700534617916692
abs,367,1,40146,0.9894883674587754,2.2700534617916692
abs,367,2,40171,0.9338577580841901,2.2700534617916692
abs,367,3,40175,0.8350466708151836,2.2700534617916692
abs,367,4,39746,0.7248528153776481,2.2700534617916692
norm,367,0,39762,0.9308887882903274,0.8886146633864775
norm,367,1,40146,0.8862153141035222,1.3725031209436926
norm,367,2,40171,0.910183963555799,2.157604976571461
norm,367,3,40175,0.9000622277535781,2.758418597348658
norm,367,4,39746,0.8896744326473104,3.519568600928231
cqr,367,0,39762,0.9352648257129923,0.9398672597092157
cqr,367,1,40146,0.8990933094206147,1.4338644219457435
cqr,367,2,40171,0.9045331209081178,2.066939499581371
cqr,367,3,40175,0.8736776602364654,2.5171110697758174
cqr,367,4,39746,0.8653449403713581,3.072299459518415
abs,368,0,39762,0.9991449122277551,2.394825840239899
abs,368,1,40146,0.9926269117720321,2.394825840239899
abs,368,2,40171,0.9473998655746683,2.394825840239899
abs,368,3,40175,0.8564779091474798,2.3948258402398985
abs,368,4,39746,0.7514215266945101,2.394825840239899
norm,368,0,39762,0.935742668879835,0.9070062237282854
norm,368,1,40146,0.892866038957804,1.4009096676823627
norm,368,2,40171,0.9161335291628289,2.202260690409418
norm,368,3,40175,0.9073055382700684,2.8155092848776775
norm,368,4,39746,0.8962411311830121,3.592412726698583
cqr,368,0,39762,0.9656455912680448,1.0647992351892803
cqr,368,1,40146,0.9271907537488168,1.5587963974258077
cqr,368,2,40171,0.9226556471086107,2.191871475061436
cqr,368,3,40175,0.8921966397013068,2.6420430452558823
cqr,368,4,39746,0.8800634026065516,3.19723143499848
abs,369,0,39762,0.9990946129470348,2.3552207213323793
abs,369,1,40146,0.9917800029890899,2.3552207213323797
abs,369,2,40171,0.9437902964825372,2.3552207213323797
abs,369,3,40175,0.8500311138767891,2.3552207213323797
abs,369,4,39746,0.7436219996980828,2.3552207213323797
norm,369,0,39762,0.9298325033952014,0.8857255885547944
norm,369,1,40146,0.8852936780750261,1.3680408220570037
norm,369,2,40171,0.909063752458241,2.150590144956179
norm,369,3,40175,0.8986434349719975,2.7494503931616188
norm,369,4,39746,0.8886932018316308,3.5081257365661096
cqr,369,0,39762,0.9419546300487903,0.9626256485926056
cqr,369,1,40146,0.9049967618193593,1.456622810829133
cqr,369,2,40171,0.9079186477807374,2.0896978884647606
cqr,369,3,40175,0.87738643434972,2.5398694586592074
cqr,369,4,39746,0.8682383132893876,3.0950578484018045
abs,370,0,39762,0.9993712589909964,2.521110531715265
abs,370,1,40146,0.994868729138644,2.521110531715265
abs,370,2,40171,0.9588758059296507,2.521110531715265
abs,370,3,40175,0.8758431860609832,2.521110531715265
abs,370,4,39746,0.7751220248578473,2.521110531715265
norm,370,0,39762,0.9374779940646849,0.9161769709674081
norm,370,1,40146,0.8959049469436556,1.415074276624459
norm,370,2,40171,0.9191954394961539,2.22452776600167
norm,370,3,40175,0.910292470441817,2.8439769219517443
norm,370,4,39746,0.8997131786846475,3.6287356407352016
cqr,370,0,39762,0.957396509229918,1.0239495358920483
cqr,370,1,40146,0.9192945748019729,1.517946698128576
cqr,370,2,40171,0.9171043787807125,2.1510217757642036
cqr,370,3,40175,0.8860983198506533,2.60119334595865
cqr,370,4,39746,0.8752075680571629,3.156381735701248
abs,371,0,39762,0.9990443136663145,2.267751136574752
abs,371,1,40146,0.9894136402132218,2.267751136574752
abs,371,2,40171,0.9334843543850041,2.267751136574752
abs,371,3,40175,0.8346235220908526,2.267751136574752
abs,371,4,39746,0.7244502591455744,2.267751136574752
norm,371,0,39762,0.9310899854132086,0.8895207237058604
norm,371,1,40146,0.8864644049220346,1.3739025696219054
norm,371,2,40171,0.9104826865151477,2.1598049405544146
norm,371,3,40175,0.9003609209707529,2.7612311703775347
norm,371,4,39746,0.8900015095858703,3.5231572671769893
cqr,371,0,39762,0.9345857854232684,0.9381407234557625
cqr,371,1,40146,0.8985951277835899,1.43213788569229
cqr,371,2,40171,0.9041099300490404,2.0652129633279177
cqr,371,3,40175,0.8734785314250155,2.5153845335223646
cqr,371,4,39746,0.8650681829618074,3.070572923264962
abs,372,0,39762,0.9990694633066747,2.3257777258743495
abs,372,1,40146,0.9911074577791062,2.3257777258743495
abs,372,2,40171,0.9404296631898633,2.3257777258743495
abs,372,3,40175,0.8448537647790915,2.3257777258743495
abs,372,4,39746,0.737382378100941,2.3257777258743495
norm,372,0,39762,0.9212816256727528,0.856130927343994
norm,372,1,40146,0.8737358640960494,1.3223306098033614
norm,372,2,40171,0.900052276517886,2.078732689819184
norm,372,3,40175,0.8870441817050404,2.6575832799688217
norm,372,4,39746,0.8763649172243748,3.390909079398096
cqr,372,0,39762,0.9463055178310951,0.9769456161020668
cqr,372,1,40146,0.9083096697055747,1.4709427783385942
cqr,372,2,40171,0.910084389236016,2.104017855974222
cqr,372,3,40175,0.8793528313627879,2.5541894261686684
cqr,372,4,39746,0.8698233784531777,3.109377815911266
abs,373,0,39762,0.9992455107891958,2.4483355218923895
abs,373,1,40146,0.9936980022916355,2.4483355218923895
abs,373,2,40171,0.9524781558835976,2.4483355218923895
abs,373,3,40175,0.8653142501555694,2.4483355218923895
abs,373,4,39746,0.7618125094349117,2.4483355218923895
norm,373,0,39762,0.934158241537146,0.9013280988629242
norm,373,1,40146,0.8909978578189608,1.3921395624613704
norm,373,2,40171,0.9144158721465734,2.188473892856012
norm,373,3,40175,0.9050404480398258,2.7978833713382922
norm,373,4,39746,0.8943038293161576,3.5699231698504947
cqr,373,0,39762,0.9388360746441325,0.9516594881067872
cqr,373,1,40146,0.9020823992427639,1.4456566503433146
cqr,373,2,40171,0.9064250329839935,2.078731727978943
cqr,373,3,40175,0.8754449284380834,2.528903298173389
cqr,373,4,39746,0.8666784078901022,3.0840916879159863
abs,374,0,39762,0.9990694633066747,2.297843663371313
abs,374,1,40146,0.9904598216509739,2.297843663371313
abs,374,2,40171,0.9370441363172438,2.297843663371313
abs,374,3,40175,0.8401742377100186,2.297843663371313
abs,374,4,39746,0.7307150405072208,2.297843663371313
norm,374,0,39762,0.928172627131432,0.8793832881406329
norm,374,1,40146,0.8830767697902655,1.358244869468032
norm,374,2,40171,0.9071469468024197,2.1351906928648123
norm,374,3,40175,0.8963036714374611,2.7297627601152286
norm,374,4,39746,0.8854475922105369,3.483005555327744
cqr,374,0,39762,0.9590312358533273,1.0315252257463372
cqr,374,1,40146,0.9211876650226672,1.5255223879828652
cqr,374,2,40171,0.9181250155584875,2.158597465618493
cqr,374,3,40175,0.8872682016179216,2.6087690358129394
cqr,374,4,39746,0.8760881598148241,3.163957425555537
abs,375,0,39762,0.9990694633066747,2.3099445981955293
abs,375,1,40146,0.9907587306331889,2.3099445981955293
abs,375,2,40171,0.9384381767942048,2.3099445981955293
abs,375,3,40175,0.8421655258245178,2.3099445981955293
abs,375,4,39746,0.7333568157802043,2.3099445981955293
norm,375,0,39762,0.9277450832453096,0.8772436709823455
norm,375,1,40146,0.8823793154984307,1.3549401398159433
norm,375,2,40171,0.9064997137238306,2.1299955854477393
norm,375,3,40175,0.8955320472930928,2.723121006378986
norm,375,4,39746,0.8847934383334172,3.474531095386225
cqr,375,0,39762,0.9368744026960415,0.9470590507258493
cqr,375,1,40146,0.9008867633139043,1.441056212962377
cqr,375,2,40171,0.9057031191655672,2.074131290598005
cqr,375,3,40175,0.8748475420037337,2.524302860792451
cqr,375,4,39746,0.8660745735419917,3.079491250535049
abs,376,0,39762,0.9990694633066747,2.308030620763787
abs,376,1,40146,0.9907338215513376,2.308030620763787
abs,376,2,40171,0.9381145602549102,2.308030620763787
abs,376,3,40175,0.8418170504044804,2.308030620763787
abs,376,4,39746,0.732803300961103,2.308030620763787
norm,376,0,39762,0.916905588250088,0.8443281533775898
norm,376,1,40146,0.8689284112987595,1.3041007236984576
norm,376,2,40171,0.8958452615070573,2.0500749094600206
norm,376,3,40175,0.882090852520224,2.6209453619255174
norm,376,4,39746,0.871710360791023,3.344161400828738
cqr,376,0,39762,0.9289774156229565,0.9217654333072054
cqr,376,1,40146,0.8942609475414737,1.4157625955437332
cqr,376,2,40171,0.9012969555151726,2.048837673179361
cqr,376,3,40175,0.8706658369632856,2.4990092433738074
cqr,376,4,39746,0.863130881094953,3.0541976331164054
abs,377,0,39762,0.9990443136663145,2.276652867885886
abs,377,1,40146,0.9896876401135855,2.276652867885886
abs,377,2,40171,0.9346792462223993,2.276652867885886
abs,377,3,40175,0.836241443683883,2.276652867885886
abs,377,4,39746,0.7262617621899059,2.276652867885886
norm,377,0,39762,0.9249283235249736,0.8687732361865669
norm,377,1,40146,0.8789418622029592,1.3418571932115615
norm,377,2,40171,0.9037116327699086,2.109428906748732
norm,377,3,40175,0.8923210952084629,2.696827264185647
norm,377,4,39746,0.8816484677703417,3.4409819344599137
cqr,377,0,39762,0.9495246717971934,0.9892471129696605
cqr,377,1,40146,0.9109998505455089,1.483244275206188
cqr,377,2,40171,0.9118269398322173,2.1163193528418156
cqr,377,3,40175,0.881144990665837,2.566490923036262
cqr,377,4,39746,0.8712323252654355,3.1216793127788596
abs,378,0,39762,0.9990694633066747,2.3062556974746813
abs,378,1,40146,0.9906590943057839,2.3062556974746817
abs,378,2,40171,0.9379403051952901,2.3062556974746817
abs,378,3,40175,0.841468574984443,2.3062556974746817
abs,378,4,39746,0.7326020228450661,2.3062556974746817
norm,378,0,39762,0.9332277048438208,0.8970554969230994
norm,378,1,40146,0.8890798585164151,1.3855403471450132
norm,378,2,40171,0.9129969380896666,2.1780997817951584
norm,378,3,40175,0.9035469819539514,2.7846204519476014
norm,378,4,39746,0.8927942434458813,3.553000519064648
cqr,378,0,39762,0.9488959307881897,0.9870081365493321
cqr,378,1,40146,0.9102525780899716,1.4810052987858595
cqr,378,2,40171,0.9115282168728684,2.1140803764214873
cqr,378,3,40175,0.880846297448662,2.564251946615934
cqr,378,4,39746,0.8710310471493987,3.1194403363585317
abs,379,0,39762,0.9991700618681153,2.4212093445431693
abs,379,1,40146,0.9931500024909082,2.4212093445431693
abs,379,2,40171,0.9497398620895671,2.4212093445431693
abs,379,3,40175,0.860784069695084,2.4212093445431693
abs,379,4,39746,0.7564283198309264,2.4212093445431693
norm,379,0,39762,0.9331522559227403,0.8964841067045356
norm,379,1,40146,0.8890051312708613,1.3846578106637146
norm,379,2,40171,0.9129222573498295,2.1767124151108863
norm,379,3,40175,0.9032731798382079,2.782846754674564
norm,379,4,39746,0.8924420067428169,3.5507373929257304
cqr,379,0,39762,0.9338564458528243,0.9362714117687493
cqr,379,1,40146,0.8980222189010113,1.430268574005277
cqr,379,2,40171,0.9036120584501257,2.0633436516409045
cqr,379,3,40175,0.8731549471064095,2.5135152218353514
cqr,379,4,39746,0.8648669048457707,3.0687036115779485
abs,380,0,39762,0.9990443136663145,2.2655134507365093
abs,380,1,40146,0.9892641857221143,2.2655134507365093
abs,380,2,40171,0.9330860571058724,2.2655134507365093
abs,380,3,40175,0.8342750466708152,2.26551345073651
abs,380,4,39746,0.7240225431489962,2.265513450736509
norm,380,0,39762,0.933982194054625,0.9009564025524627
norm,380,1,40146,0.8907487670004484,1.3915654617097493
norm,380,2,40171,0.9141918299270618,2.1875713938963743
norm,380,3,40175,0.9048911014312383,2.7967295596158572
norm,380,4,39746,0.8941277109646254,3.568450978677781
cqr,380,0,39762,0.9468085106382979,0.9787250967446014
cqr,380,1,40146,0.9087082150151945,1.4727222589811289
cqr,380,2,40171,0.9104328993552563,2.105797336616757
cqr,380,3,40175,0.879576851275669,2.5559689068112035
cqr,380,4,39746,0.8700246565692145,3.111157296553801
abs,381,0,39762,0.999119762587395,2.3837050903985917
abs,381,1,40146,0.9924027300353709,2.3837050903985917
abs,381,2,40171,0.9463294416370018,2.3837050903985917
abs,381,3,40175,0.8544368388301182,2.3837050903985917
abs,381,4,39746,0.7491823076536004,2.3837050903985917
norm,381,0,39762,0.9374276947839646,0.9155951910698038
norm,381,1,40146,0.8956309470432919,1.4141756928422367
norm,381,2,40171,0.9190460780164795,2.2231151726087632
norm,381,3,40175,0.9101431238332296,2.842170973259654
norm,381,4,39746,0.8994867408041061,3.6264313638144765
cqr,381,0,39762,0.9527186761229315,1.0031882946287425
cqr,381,1,40146,0.9145369401683854,1.49718545686527
cqr,381,2,40171,0.9143411914067362,2.130260534500898
cqr,381,3,40175,0.8831860609831985,2.5804321046953445
cqr,381,4,39746,0.872918029487244,3.135620494437942
abs,382,0,39762,0.9990946129470348,2.364745422532404
abs,382,1,40146,0.9919543665620485,2.3647454225324043
abs,382,2,40171,0.9448109332603122,2.364745422532404
abs,382,3,40175,0.8513752333540759,2.3647454225324043
abs,382,4,39746,0.7453328636843959,2.364745422532404
norm,382,0,39762,0.935214526432272,0.9054725869362537
norm,382,1,40146,0.8925671299755891,1.398540900465045
norm,382,2,40171,0.9154862960842399,2.1985369364459952
norm,382,3,40175,0.9065588052271313,2.81074860240976
norm,382,4,39746,0.8956372968349017,3.5863383953591783
cqr,382,0,39762,0.9470851566822595,0.9801643972833641
cqr,382,1,40146,0.9089573058337069,1.474161559519892
cqr,382,2,40171,0.9105075800950935,2.1072366371555193
cqr,382,3,40175,0.8797261978842564,2.557408207349966
cqr,382,4,39746,0.8702762542142606,3.1125965970925638
abs,383,0,39762,0.9988179669030733,2.1664848933422856
abs,383,1,40146,0.9856274597718329,2.1664848933422856
abs,383,2,40171,0.9206392671330064,2.1664848933422856
abs,383,3,40175,0.8142128189172371,2.1664848933422856
abs,383,4,39746,0.7037437729582852,2.1664848933422856
norm,383,0,39762,0.9199486947336654,0.852414902757845
norm,383,1,40146,0.8721665919394211,1.3165910518688164
norm,383,2,40171,0.8986582360409251,2.069709978996946
norm,383,3,40175,0.88542626011201,2.646048076073385
norm,383,4,39746,0.8749811301766216,3.3761908848953808
cqr,383,0,39762,0.9337055480106634,0.9358038484935028
cqr,383,1,40146,0.8978976734917551,1.4298010107300303
cqr,383,2,40171,0.9035373777102885,2.0628760883656585
cqr,383,3,40175,0.8730553827006845,2.513047658560105
cqr,383,4,39746,0.864841745081266,3.0682360483027025
abs,384,0,39762,0.9989688647452342,2.240257688239269
abs,384,1,40146,0.988516913266577,2.240257688239269
abs,384,2,40171,0.9298249981329815,2.2402576882392693
abs,384,3,40175,0.8289483509645302,2.240257688239269
abs,384,4,39746,0.7187138328385246,2.240257688239269
norm,384,0,39762,0.9269905940345053,0.8748822066231141
norm,384,1,40146,0.8814327703880835,1.3512927577316882
norm,384,2,40171,0.9057777999054044,2.12426182090006
norm,384,3,40175,0.8946608587429994,2.715790599315192
norm,384,4,39746,0.8841392844562975,3.4651779571212233
cqr,384,0,39762,0.9361702127659575,0.9440633111734309
cqr,384,1,40146,0.9000647636128132,1.4380604734099585
cqr,384,2,40171,0.905255034726544,2.0711355510455864
cqr,384,3,40175,0.8744990665836964,2.5213071212400324
cqr,384,4,39746,0.8657726563679364,3.0764955109826304
abs,385,0,39762,0.9991700618681153,2.4249411795250646
abs,385,1,40146,0.9932994569820156,2.4249411795250646
abs,385,2,40171,0.9500136914689702,2.4249411795250646
abs,385,3,40175,0.8616054760423149,2.4249411795250646
abs,385,4,39746,0.7572082725305691,2.4249411795250646
norm,385,0,39762,0.9392384688898949,0.9249646454020909
norm,385,1,40146,0.8992178548298709,1.4286472133363906
norm,385,2,40171,0.9218092653904558,2.2458647198850374
norm,385,3,40175,0.913204729309272,2.8712554326345368
norm,385,4,39746,0.9024807527801539,3.663541304303278
cqr,385,0,39762,0.9528444243247322,1.0040020816798563
cqr,385,1,40146,0.9148109400687491,1.4979992439163838
cqr,385,2,40171,0.9144158721465734,2.1310743215520116
cqr,385,3,40175,0.8833602986932172,2.5812458917464585
cqr,385,4,39746,0.8729683490162532,3.136434281489056
abs,386,0,39762,0.9991700618681153,2.4220158832579246
abs,386,1,40146,0.9931998206546107,2.4220158832579246
abs,386,2,40171,0.9497896492494585,2.4220158832579246
abs,386,3,40175,0.8609334163036715,2.422015883257924
abs,386,4,39746,0.7567302370049817,2.4220158832579246
norm,386,0,39762,0.9404205019868216,0.9304713544250784
norm,386,1,40146,0.9008867633139043,1.437152559502271
norm,386,2,40171,0.9234273480869284,2.2592353104031475
norm,386,3,40175,0.9149719975108899,2.888349240789028
norm,386,4,39746,0.9042922558244855,3.6853519281544465
cqr,386,0,39762,0.9552587897993059,1.0146600469253513
cqr,386,1,40146,0.9169033029442535,1.5086572091618788
cqr,386,2,40171,0.9158845933633716,2.1417322867975064
cqr,386,3,40175,0.8849782202862476,2.591903856991953
cqr,386,4,39746,0.874125698183465,3.1470922467345503
abs,387,0,39762,0.9990694633066747,2.3243392073281868
abs,387,1,40146,0.9910576396154038,2.3243392073281868
abs,387,2,40171,0.9402554081302432,2.3243392073281868
abs,387,3,40175,0.844704418170504,2.3243392073281868
abs,387,4,39746,0.7370301413978765,2.3243392073281868
norm,387,0,39762,0.9294804084301594,0.8844969873599438
norm,387,1,40146,0.8848951327654063,1.3661431952860235
norm,387,2,40171,0.9087650294988923,2.1476070340967097
norm,387,3,40175,0.8981207218419415,2.745636595658339
norm,387,4,39746,0.8881648467770341,3.5032595708740186
cqr,387,0,39762,0.93134148181681,0.928708585665118
cqr,387,1,40146,0.896253674089573,1.4227057479016456
cqr,387,2,40171,0.9023673794528391,2.055780825537273
cqr,387,3,40175,0.8718855009334163,2.50595239573172
cqr,387,4,39746,0.8639863130881095,3.061140785474318
abs,388,0,39762,0.9991449122277551,2.392351830427118
abs,388,1,40146,0.9926269117720321,2.392351830427118
abs,388,2,40171,0.9472256105150482,2.392351830427118
abs,388,3,40175,0.8561294337274424,2.392351830427118
abs,388,4,39746,0.7509183314044181,2.392351830427118
norm,388,0,39762,0.923067250138323,0.8622023942014967
norm,388,1,40146,0.8762018631993225,1.331708248451447
norm,388,2,40171,0.9018695078539245,2.093474543230553
norm,388,3,40175,0.8898319850653391,2.676430197291901
norm,388,4,39746,0.8790570120263674,3.4149565602620813
cqr,388,0,39762,0.9254313163321765,0.9103531563476144
cqr,388,1,40146,0.8916953121107956,1.404350318584142
cqr,388,2,40171,0.8993801498593512,2.03742539621977
cqr,388,3,40175,0.868823895457374,2.4875969664142166
cqr,388,4,39746,0.8615961354601721,3.0427853561568146
abs,389,0,39762,0.998943715104874,2.1991644083035635
abs,389,1,40146,0.9869476411099487,2.1991644083035635
abs,389,2,40171,0.924945856463618,2.1991644083035635
abs,389,3,40175,0.8207093963907903,2.1991644083035635
abs,389,4,39746,0.7105620691390329,2.199164408303564
norm,389,0,39762,0.9270408933152255,0.8749834224146771
norm,389,1,40146,0.881482588551786,1.3514490898242506
norm,389,2,40171,0.9058275870652959,2.1245075783746796
norm,389,3,40175,0.8947106409458618,2.716104791206566
norm,389,4,39746,0.8841644442208021,3.4655788462091275
cqr,389,0,39762,0.9384839796790906,0.951065453030364
cqr,389,1,40146,0.9019578538335077,1.4450626152668917
cqr,389,2,40171,0.9063503522441563,2.0781376929025193
cqr,389,3,40175,0.8754200373366522,2.528309263096966
cqr,389,4,39746,0.866628088361093,3.0834976528395637
abs,390,0,39762,0.9987425179819929,2.1361675406274365
abs,390,1,40146,0.9843072784337169,2.1361675406274365
abs,390,2,40171,0.9162828906425033,2.1361675406274365
abs,390,3,40175,0.8085127566894835,2.1361675406274365
abs,390,4,39746,0.6966235596034821,2.136167540627436
norm,390,0,39762,0.9295810069916001,0.8849000092855263
norm,390,1,40146,0.8849200418472575,1.3667656797817924
norm,390,2,40171,0.9088646038186752,2.148585593362197
norm,390,3,40175,0.8982700684505289,2.746887647684005
norm,390,4,39746,0.8883409651285664,3.5048558345563667
cqr,390,0,39762,0.9279211307278306,0.9189658557262257
cqr,390,1,40146,0.8935385841677875,1.4129630179627537
cqr,390,2,40171,0.9008239774962037,2.0460380955983815
cqr,390,3,40175,0.8702177971375233,2.4962096657928274
cqr,390,4,39746,0.8627534846273839,3.0513980555354254
abs,391,0,39762,0.9990946129470348,2.3368651745506455
abs,391,1,40146,0.9914561849250236,2.336865174550645
abs,391,2,40171,0.9417241293470414,2.3368651745506455
abs,391,3,40175,0.846795270690728,2.3368651745506455
abs,391,4,39746,0.7398983545514014,2.3368651745506455
norm,391,0,39762,0.9274935868417081,0.8766344748139197
norm,391,1,40146,0.8821551337617696,1.353999210438023
norm,391,2,40171,0.9063005650842648,2.1285164238506367
norm,391,3,40175,0.8954324828873678,2.721229952686472
norm,391,4,39746,0.8846424797463895,3.4721182298388276
cqr,391,0,39762,0.954051607062019,1.0093715225716586
cqr,391,1,40146,0.9158073033427988,1.5033686848081864
cqr,391,2,40171,0.9152622538647283,2.136443762443814
cqr,391,3,40175,0.8839825762289981,2.5866153326382606
cqr,391,4,39746,0.8735470235998591,3.1418037223808586
abs,392,0,39762,0.9988934158241537,2.1791582982406723
abs,392,1,40146,0.9861007323270065,2.1791582982406723
abs,392,2,40171,0.9224067113091534,2.1791582982406723
abs,392,3,40175,0.8167517112632234,2.1791582982406723
abs,392,4,39746,0.7065868263473054,2.1791582982406723
norm,392,0,39762,0.9318193249836527,0.8922432804745726
norm,392,1,40146,0.8876600408508942,1.3781076742819647
norm,392,2,40171,0.9113041746533569,2.1664154572105154
norm,392,3,40175,0.9016552582451773,2.7696824727615548
norm,392,4,39746,0.8910833794595683,3.533940597356222
cqr,392,0,39762,0.9245510789195714,0.9080771692068399
cqr,392,1,40146,0.8912469486374732,1.4020743314433677
cqr,392,2,40171,0.8990565333200567,2.035149409078995
cqr,392,3,40175,0.8683509645301805,2.485320979273442
cqr,392,4,39746,0.861218738992603,3.0405093690160396
abs,393,0,39762,0.9986922187012726,2.119158095240379
abs,393,1,40146,0.9835600059781796,2.119158095240379
abs,393,2,40171,0.9134201289487441,2.119158095240379
abs,393,3,40175,0.8053018046048538,2.119158095240379
abs,393,4,39746,0.6923463996376994,2.119158095240379
norm,393,0,39762,0.9252301192092953,0.8696215015441913
norm,393,1,40146,0.8793404075125791,1.3431673751145818
norm,393,2,40171,0.9040103557292575,2.111488541405321
norm,393,3,40175,0.8924704418170504,2.6994604313326307
norm,393,4,39746,0.8820007044734062,3.4443416900896167
cqr,393,0,39762,0.9393139178109753,0.9535769295855573
cqr,393,1,40146,0.9025058536342351,1.447574091822085
cqr,393,2,40171,0.9068233302631251,2.0806491694577125
cqr,393,3,40175,0.875818294959552,2.530820739652159
cqr,393,4,39746,0.8670809641221758,3.0860091293947565
abs,394,0,39762,0.9993461093506363,2.494462925521944
abs,394,1,40146,0.9944452747471728,2.494462925521944
abs,394,2,40171,0.956710064474372,2.494462925521944
abs,394,3,40175,0.8722837585563161,2.494462925521944
abs,394,4,39746,0.7702913500729633,2.4944629255219444
norm,394,0,39762,0.9355666213973141,0.9064704673075814
norm,394,1,40146,0.8927913117122502,1.4000821691165846
norm,394,2,40171,0.9159094869433173,2.2009598445341814
norm,394,3,40175,0.9071064094586185,2.813846201276416
norm,394,4,39746,0.8960650128314799,3.5902907366462586
cqr,394,0,39762,0.9665761279613702,1.0702102552660242
cqr,394,1,40146,0.928236935186569,1.564207417502552
cqr,394,2,40171,0.923277986607254,2.1972824951381797
cqr,394,3,40175,0.8930927193528314,2.647454065332626
cqr,394,4,39746,0.8808181955416897,3.202642455075224
abs,395,0,39762,0.9991449122277551,2.3930476389893824
abs,395,1,40146,0.9926269117720321,2.3930476389893824
abs,395,2,40171,0.9472753976749396,2.3930476389893824
abs,395,3,40175,0.8562538892345987,2.3930476389893824
abs,395,4,39746,0.7510944497559503,2.3930476389893824
norm,395,0,39762,0.9266384990694633,0.8741628719706566
norm,395,1,40146,0.8812334977332735,1.3501817147833997
norm,395,2,40171,0.9055288641059471,2.1225152370432863
norm,395,3,40175,0.894411947728687,2.7135576561005306
norm,395,4,39746,0.8839883258692699,3.4623288620514865
cqr,395,0,39762,0.9276947839645893,0.9182439706631511
cqr,395,1,40146,0.8932894933492751,1.4122411328996785
cqr,395,2,40171,0.9006248288566379,2.0453162105353067
cqr,395,3,40175,0.8701182327317983,2.4954877807297526
cqr,395,4,39746,0.8626276858048608,3.0506761704723506
abs,396,0,39762,0.9990694633066747,2.323699725477745
abs,396,1,40146,0.9910576396154038,2.323699725477745
abs,396,2,40171,0.9401558338104603,2.323699725477745
abs,396,3,40175,0.8445301804604853,2.323699725477745
abs,396,4,39746,0.7369043425753535,2.323699725477745
norm,396,0,39762,0.9257079623761381,0.8710638738791265
norm,396,1,40146,0.8798884073133064,1.3453951804984332
norm,396,2,40171,0.9044833337482263,2.114990700278173
norm,396,3,40175,0.8930429371499689,2.703937812628393
norm,396,4,39746,0.8827806571730489,3.450054546955539
cqr,396,0,39762,0.9522911322368091,1.0009868869803793
cqr,396,1,40146,0.9139142131221043,1.494984049216907
cqr,396,2,40171,0.9140175748674417,2.1280591268525346
cqr,396,3,40175,0.8827629122588675,2.5782306970469815
cqr,396,4,39746,0.8726664318421979,3.1334190867895786
abs,397,0,39762,0.9989688647452342,2.239630576923577
abs,397,1,40146,0.988516913266577,2.239630576923577
abs,397,2,40171,0.9297503173931443,2.239630576923577
abs,397,3,40175,0.8287990043559428,2.239630576923577
abs,397,4,39746,0.7186131937805063,2.2396305769235765
norm,397,0,39762,0.9127558975906644,0.8309496646471795
norm,397,1,40146,0.8633985951277836,1.2834370791598666
norm,397,2,40171,0.8907420776181822,2.017591207521395
norm,397,3,40175,0.8759427504667081,2.579416143875316
norm,397,4,39746,0.8655713782518996,3.2911727311572525
cqr,397,0,39762,0.9460540214274936,0.9760664116746346
cqr,397,1,40146,0.9081851242963185,1.4700635739111623
cqr,397,2,40171,0.9099848149162331,2.10313865154679
cqr,397,3,40175,0.8793030491599253,2.5533102217412367
cqr,397,4,39746,0.8697478991596639,3.1084986114838338
abs,398,0,39762,0.9990946129470348,2.3664440052002926
abs,398,1,40146,0.992004184725751,2.3664440052002926
abs,398,2,40171,0.9449602947399866,2.366444005200292
abs,398,3,40175,0.8516241443683883,2.3664440052002926
abs,398,4,39746,0.745710260151965,2.3664440052002926
norm,398,0,39762,0.937679191187566,0.9171523611200888
norm,398,1,40146,0.8961540377621681,1.4165808081772808
norm,398,2,40171,0.9193199073958827,2.2268960666096103
norm,398,3,40175,0.9106409458618544,2.8470047071635833
norm,398,4,39746,0.9002163739747396,3.6325989041906417
cqr,398,0,39762,0.9689150445148634,1.0855158194997312
cqr,398,1,40146,0.9307527524535446,1.5795129817362588
cqr,398,2,40171,0.9254437280625327,2.2125880593718867
cqr,398,3,40175,0.8948599875544493,2.662759629566333
cqr,398,4,39746,0.8827051778795351,3.2179480193089307
abs,399,0,39762,0.9991952115084755,2.4333393741615197
abs,399,1,40146,0.9933741842275694,2.4333393741615197
abs,399,2,40171,0.9510343282467452,2.4333393741615197
abs,399,3,40175,0.8627255756067206,2.4333393741615197
abs,399,4,39746,0.7586423791073316,2.4333393741615197
norm,399,0,39762,0.9299834012373623,0.8861506503605167
norm,399,1,40146,0.8854182234842823,1.368697348084522
norm,399,2,40171,0.9092131139379154,2.151622218255399
norm,399,3,40175,0.8988923459863098,2.750769860910956
norm,399,4,39746,0.8888190006541539,3.5098092944078987
cqr,399,0,39762,0.9526935264825713,1.0028506085364304
cqr,399,1,40146,0.9144373038409804,1.496847770772958
cqr,399,2,40171,0.9142914042468447,2.1299228484085853
cqr,399,3,40175,0.8831362787803361,2.5800944186030326
cqr,399,4,39746,0.8728928697227394,3.1352828083456297
abs,400,0,39762,0.9990946129470348,2.3501272504658393
abs,400,1,40146,0.9916803666616848,2.3501272504658393
abs,400,2,40171,0.9431679569838939,2.3501272504658393
abs,400,3,40175,0.8493341630367144,2.3501272504658393
abs,400,4,39746,0.7425401298243849,2.350127250465839
norm,400,0,39762,0.9154217594688396,0.8399057894310641
norm,400,1,40146,0.8664873212773377,1.2972701945966492
norm,400,2,40171,0.8941524980707476,2.039337168060536
norm,400,3,40175,0.8798755444928438,2.6072175545226424
norm,400,4,39746,0.8694963015146179,3.3266455821849723
cqr,400,0,39762,0.9369498516171219,0.9473422041550827
cqr,400,1,40146,0.900961490559458,1.4413393663916105
cqr,400,2,40171,0.9057529063254587,2.0744144440272385
cqr,400,3,40175,0.8748973242065962,2.5245860142216845
cqr,400,4,39746,0.8661500528355055,3.0797744039642825
abs,401,0,39762,0.9991700618681153,2.427735257657436
abs,401,1,40146,0.9932994569820156,2.427735257657436
abs,401,2,40171,0.9502626272684275,2.427735257657436
abs,401,3,40175,0.8620535158680772,2.427735257657436
abs,401,4,39746,0.7577617873496704,2.427735257657436
norm,401,0,39762,0.9368492530556813,0.9131929492190225
norm,401,1,40146,0.8944353111144323,1.4104653281889075
norm,401,2,40171,0.9181499091384332,2.217282398082601
norm,401,3,40175,0.909247044181705,2.834713985580347
norm,401,4,39746,0.8984803502239219,3.616916716647138
cqr,401,0,39762,0.9707258186207938,1.097702666167438
cqr,401,1,40146,0.9328949334927514,1.5916998284039656
cqr,401,2,40171,0.9272111722386797,2.224774906039593
cqr,401,3,40175,0.896403235843186,2.67494647623404
cqr,401,4,39746,0.8843405625723343,3.2301348659766376
abs,402,0,39762,0.9991700618681153,2.4129866931897928
abs,402,1,40146,0.9930005479998008,2.4129866931897928
abs,402,2,40171,0.9489432675313036,2.4129866931897928
abs,402,3,40175,0.8592657125077785,2.4129866931897923
abs,402,4,39746,0.7546419765510994,2.4129866931897928
norm,402,0,39762,0.927116342236306,0.8754043748518131
norm,402,1,40146,0.881681861206596,1.352099268757306
norm,402,2,40171,0.9059271613850788,2.125529673902344
norm,402,3,40175,0.8948350964530181,2.7174115027419914
norm,402,4,39746,0.8842147637498113,3.4672461279244455
cqr,402,0,39762,0.9535989135355365,1.0071616913903005
cqr,402,1,40146,0.9153091217057739,1.5011588536268283
cqr,402,2,40171,0.9149137437454881,2.134233931262456
cqr,402,3,40175,0.8837336652146858,2.5844055014569025
cqr,402,4,39746,0.8734463845418406,3.1395938911995
abs,403,0,39762,0.9991449122277551,2.395851453281799
abs,403,1,40146,0.9926518208538834,2.3958514532817996
abs,403,2,40171,0.9475741206342884,2.395851453281799
abs,403,3,40175,0.856602364654636,2.395851453281799
abs,403,4,39746,0.7516479645750516,2.395851453281799
norm,403,0,39762,0.9367738041346009,0.9128735484508457
norm,403,1,40146,0.8943605838688786,1.4099720001253302
norm,403,2,40171,0.9180503348186503,2.216506875558234
norm,403,3,40175,0.9090976975731176,2.8337225085597115
norm,403,4,39746,0.8983293916368943,3.6156516543416117
cqr,403,0,39762,0.9463055178310951,0.9768531729015429
cqr,403,1,40146,0.9083096697055747,1.4708503351380706
cqr,403,2,40171,0.910084389236016,2.103925412773698
cqr,403,3,40175,0.8793528313627879,2.554096982968145
cqr,403,4,39746,0.8698233784531777,3.1092853727107426
abs,404,0,39762,0.9990946129470348,2.3814582304669965
abs,404,1,40146,0.9923778209535197,2.3814582304669965
abs,404,2,40171,0.9461800801573275,2.3814582304669965
abs,404,3,40175,0.8541381456129433,2.3814582304669965
abs,404,4,39746,0.7486287928344991,2.3814582304669965
norm,404,0,39762,0.9277450832453096,0.8772259145860333
norm,404,1,40146,0.8823793154984307,1.3549127143070478
norm,404,2,40171,0.9064997137238306,2.129952471946885
norm,404,3,40175,0.8955320472930928,2.723065887354028
norm,404,4,39746,0.8847934383334172,3.474460766977859
cqr,404,0,39762,0.9516372415874453,0.9979744386584073
cqr,404,1,40146,0.9132416679121208,1.4919716008949349
cqr,404,2,40171,0.9135694904284185,2.125046678530562
cqr,404,3,40175,0.8823397635345364,2.5752182487250095
cqr,404,4,39746,0.8721883963166105,3.1304066384676066
abs,405,0,39762,0.9990946129470348,2.354334432136212
abs,405,1,40146,0.9917800029890899,2.354334432136212
abs,405,2,40171,0.9436658285828085,2.354334432136212
abs,405,3,40175,0.8499315494710641,2.354334432136212
abs,405,4,39746,0.7434962008755598,2.354334432136212
norm,405,0,39762,0.9359690156430763,0.9086423323485272
norm,405,1,40146,0.8933891296766802,1.403436706994236
norm,405,2,40171,0.9165567200219064,2.206233251573097
norm,405,3,40175,0.9079278158058494,2.820588058199016
norm,405,4,39746,0.8967946460021134,3.598892921956183
cqr,405,0,39762,0.9506312559730395,0.9938361181248898
cqr,405,1,40146,0.9121207592288149,1.4878332803614176
cqr,405,2,40171,0.9127231087102636,2.120908357997045
cqr,405,3,40175,0.8819912881144991,2.571079928191492
cqr,405,4,39746,0.871710360791023,3.126268317934089
abs,406,0,39762,0.9992706604295558,2.456050773310186
abs,406,1,40146,0.993947093110148,2.456050773310186
abs,406,2,40171,0.9531751761220781,2.456050773310186
abs,406,3,40175,0.8667081518357187,2.456050773310186
abs,406,4,39746,0.7631711367181603,2.456050773310186
norm,406,0,39762,0.933806146572104,0.9002974677292658
norm,406,1,40146,0.8904747671000847,1.3905477088652378
norm,406,2,40171,0.9139428941276045,2.18597146412665
norm,406,3,40175,0.9047168637212196,2.7946841082569747
norm,406,4,39746,0.8940019121421023,3.565841111421097
cqr,406,0,39762,0.960741411397817,1.0397037263319662
cqr,406,1,40146,0.9229562098341055,1.533700888568494
cqr,406,2,40171,0.9193448009758284,2.166775966204122
cqr,406,3,40175,0.8886123210952085,2.6169475363985684
cqr,406,4,39746,0.8768932722789715,3.1721359261411664
abs,407,0,39762,0.9987425179819929,2.1451574518913157
abs,407,1,40146,0.9847805509888905,2.1451574518913157
abs,407,2,40171,0.9178511861790845,2.1451574518913157
abs,407,3,40175,0.8102053515868077,2.1451574518913157
abs,407,4,39746,0.6990640567604287,2.1451574518913157
norm,407,0,39762,0.9215834213570746,0.8571106053508617
norm,407,1,40146,0.8740347730782644,1.3238437641292442
norm,407,2,40171,0.9003261058972891,2.081111401571475
norm,407,3,40175,0.8874424393279403,2.660624375445751
norm,407,4,39746,0.8767423136919439,3.394789325914456
cqr,407,0,39762,0.9162516976007243,0.8854403456900394
cqr,407,1,40146,0.88496986001096,1.3794375079265673
cqr,407,2,40171,0.8948495183092281,2.012512585562195
cqr,407,3,40175,0.864542626011201,2.4626841557566412
cqr,407,4,39746,0.8584511648970966,3.0178725454992392
abs,408,0,39762,0.9990946129470348,2.3716029937342675
abs,408,1,40146,0.9921287301350072,2.3716029937342675
abs,408,2,40171,0.9454332727589555,2.3716029937342675
abs,408,3,40175,0.8524206596141879,2.3716029937342675
abs,408,4,39746,0.7466160116741307,2.371602993734267
norm,408,0,39762,0.9284995724561139,0.8807068158414781
norm,408,1,40146,0.8836247695909929,1.3602891142626687
norm,408,2,40171,0.9075203505016056,2.138404290469753
norm,408,3,40175,0.8968014934660858,2.733871226444384
norm,408,4,39746,0.885950787500629,3.4882476999043384
cqr,408,0,39762,0.9275438861224284,0.917555464158548
cqr,408,1,40146,0.8931649479400189,1.4115526263950755
cqr,408,2,40171,0.9005003609569092,2.0446277040307033
cqr,408,3,40175,0.8700186683260734,2.49479927422515
cqr,408,4,39746,0.8625270467468424,3.0499876639677477
abs,409,0,39762,0.9990946129470348,2.3403317895113736
abs,409,1,40146,0.9915309121705774,2.3403317895113736
abs,409,2,40171,0.9421722137860645,2.340331789511374
abs,409,3,40175,0.8474424393279403,2.3403317895113736
abs,409,4,39746,0.7405021888995119,2.3403317895113736
norm,409,0,39762,0.9254816156128968,0.8705493947836977
norm,409,1,40146,0.8795894983310916,1.3446005456660015
norm,409,2,40171,0.9043090786886062,2.1137415169117753
norm,409,3,40175,0.8928686994399502,2.7023407776443316
norm,409,4,39746,0.882579379057012,3.448016830783711
cqr,409,0,39762,0.9330265077209395,0.9334064878849604
cqr,409,1,40146,0.8974742191002839,1.4274036501214882
cqr,409,2,40171,0.9030892932712653,2.060478727757116
cqr,409,3,40175,0.8725077784691972,2.5106502979515626
cqr,409,4,39746,0.86459014743622,3.06583868769416
abs,410,0,39762,0.9990694633066747,2.29075802379196
abs,410,1,40146,0.9900612763413541,2.29075802379196
abs,410,2,40171,0.9361728610191432,2.29075802379196
abs,410,3,40175,0.838954573739888,2.29075802379196
abs,410,4,39746,0.7294570522819906,2.29075802379196
norm,410,0,39762,0.9176852271012524,0.8468574035965718
norm,410,1,40146,0.8698500473272556,1.3080072581753601
norm,410,2,40171,0.8966667496452665,2.0562160672467638
norm,410,3,40175,0.8833602986932172,2.6287966062599293
norm,410,4,39746,0.8723896744326473,3.3541790946857075
cqr,410,0,39762,0.9275941854031488,0.9178243414979933
cqr,410,1,40146,0.8932396751855727,1.411821503734521
cqr,410,2,40171,0.9005003609569092,2.0448965813701485
cqr,410,3,40175,0.8700933416303671,2.4950681515645954
cqr,410,4,39746,0.8625773662758517,3.050256541307192
abs,411,0,39762,0.9990694633066747,2.3250426851883317
abs,411,1,40146,0.991082548697255,2.3250426851883317
abs,411,2,40171,0.9404047696099176,2.325042685188332
abs,411,3,40175,0.8447293092719352,2.325042685188332
abs,411,4,39746,0.7371810999849041,2.3250426851883317
norm,411,0,39762,0.9294804084301594,0.8845899906720021
norm,411,1,40146,0.8849200418472575,1.366286842854894
norm,411,2,40171,0.9087650294988923,2.147832851222178
norm,411,3,40175,0.8981207218419415,2.745925294546808
norm,411,4,39746,0.8881648467770341,3.5036279324939534
cqr,411,0,39762,0.9563150746944319,1.019341700268591
cqr,411,1,40146,0.9179743934638569,1.5133388625051187
cqr,411,2,40171,0.9164820392820692,2.146413940140746
cqr,411,3,40175,0.8856253889234599,2.596585510335193
cqr,411,4,39746,0.8748050118250893,3.1517739000777905
abs,412,0,39762,0.9990443136663145,2.281909779576633
abs,412,1,40146,0.9898121855228417,2.281909779576633
abs,412,2,40171,0.9352269049812053,2.281909779576633
abs,412,3,40175,0.8372619788425638,2.281909779576633
abs,412,4,39746,0.7274191113571177,2.281909779576633
norm,412,0,39762,0.9168552889693677,0.8442470628574152
norm,412,1,40146,0.8689035022169083,1.3039754759430422
norm,412,2,40171,0.8957954743471659,2.0498780172444286
norm,412,3,40175,0.8820659614187928,2.620693642470353
norm,412,4,39746,0.8716600412620138,3.343840222639362
cqr,412,0,39762,0.9388360746441325,0.951666194481181
cqr,412,1,40146,0.9020823992427639,1.4456633567177086
cqr,412,2,40171,0.9064250329839935,2.0787384343533364
cqr,412,3,40175,0.8754449284380834,2.528910004547783
cqr,412,4,39746,0.8666784078901022,3.0840983942903804
abs,413,0,39762,0.9990946129470348,2.355883880507016
abs,413,1,40146,0.991804912070941,2.355883880507016
abs,413,2,40171,0.9439147643822658,2.355883880507016
abs,413,3,40175,0.8500560049782203,2.355883880507016
abs,413,4,39746,0.7438232778141196,2.355883880507016
norm,413,0,39762,0.9280720285699915,0.879044936770225
norm,413,1,40146,0.8830269516265631,1.3577222713937542
norm,413,2,40171,0.9070224789026909,2.134369157242341
norm,413,3,40175,0.8961543248288737,2.72871245704121
norm,413,4,39746,0.8853217933880139,3.4816654346787885
cqr,413,0,39762,0.9466827624364972,0.9785316181651272
cqr,413,1,40146,0.9086833059333433,1.472528780401655
cqr,413,2,40171,0.9103582186154191,2.1056038580372824
cqr,413,3,40175,0.8795519601742378,2.5557754282317293
cqr,413,4,39746,0.8699994968047099,3.110963817974327
abs,414,0,39762,0.9989940143855943,2.2489774801081532
abs,414,1,40146,0.988716185921387,2.2489774801081537
abs,414,2,40171,0.9308705284907023,2.2489774801081537
abs,414,3,40175,0.831014312383323,2.2489774801081532
abs,414,4,39746,0.7205756554118653,2.2489774801081532
norm,414,0,39762,0.9225642573311201,0.8603377851830947
norm,414,1,40146,0.8753798634982315,1.3288282805614915
norm,414,2,40171,0.9012471683552812,2.088947170609745
norm,414,3,40175,0.8890354698195395,2.6706421179307718
norm,414,4,39746,0.8782770593267247,3.4075713351194246
cqr,414,0,39762,0.9261355062622605,0.9120420069269499
cqr,414,1,40146,0.8918945847656056,1.4060391691634777
cqr,414,2,40171,0.8996788728187001,2.0391142467991052
cqr,414,3,40175,0.8689732420659614,2.489285816993552
cqr,414,4,39746,0.8616716147536859,3.0444742067361497
abs,415,0,39762,0.9990443136663145,2.2758600926061163
abs,415,1,40146,0.9896876401135855,2.2758600926061163
abs,415,2,40171,0.9345796719026163,2.2758600926061163
abs,415,3,40175,0.8361418792781581,2.2758600926061163
abs,415,4,39746,0.7259850047803552,2.2758600926061163
norm,415,0,39762,0.9300085508777225,0.886323877465466
norm,415,1,40146,0.8854680416479849,1.368964904711676
norm,415,2,40171,0.9092131139379154,2.152042823135237
norm,415,3,40175,0.8989670192906036,2.751307588778327
norm,415,4,39746,0.8888693201831631,3.510495401338755
cqr,415,0,39762,0.9532468185704944,1.0054028618797344
cqr,415,1,40146,0.9150600308872615,1.4994000241162622
cqr,415,2,40171,0.9146399143660849,2.1324751017518895
cqr,415,3,40175,0.8835096453018046,2.5826466719463363
cqr,415,4,39746,0.8731947868967946,3.1378350616889334
abs,416,0,39762,0.998943715104874,2.2085004707124365
abs,416,1,40146,0.9873461864195686,2.2085004707124365
abs,416,2,40171,0.9262403226207961,2.2085004707124365
abs,416,3,40175,0.8227006845052893,2.2085004707124365
abs,416,4,39746,0.7124993710058873,2.2085004707124365
norm,416,0,39762,0.9293546602283588,0.8840003441072048
norm,416,1,40146,0.8846958601105963,1.3653761086707952
norm,416,2,40171,0.9086156680192179,2.146401157131315
norm,416,3,40175,0.8978220286247667,2.7440949263149803
norm,416,4,39746,0.8877622905449605,3.5012924977767326
cqr,416,0,39762,0.9482923394195463,0.9848730133665772
cqr,416,1,40146,0.9097543964529468,1.478870175603105
cqr,416,2,40171,0.9112294939135197,2.111945253238732
cqr,416,3,40175,0.8804978220286248,2.5621168234331795
cqr,416,4,39746,0.8708549287978664,3.1173052131757766
abs,417,0,39762,0.9995221568331573,2.587692373406445
abs,417,1,40146,0.9958401833308425,2.587692373406445
abs,417,2,40171,0.9634811182196111,2.587692373406445
abs,417,3,40175,0.8846297448662104,2.5876923734064445
abs,417,4,39746,0.7856891259497811,2.5876923734064445
norm,417,0,39762,0.9425330717770736,0.9398932974137247
norm,417,1,40146,0.9037762168086484,1.4517051509573664
norm,417,2,40171,0.9262901097806876,2.282112303006222
norm,417,3,40175,0.9177349097697574,2.917596634326285
norm,417,4,39746,0.907437226387561,3.7226697623844145
cqr,417,0,39762,0.9730898848146472,1.1126382348575579
cqr,417,1,40146,0.9357096597419419,1.6066353970940854
cqr,417,2,40171,0.9291777650543924,2.2397104747297134
cqr,417,3,40175,0.8982202862476665,2.68988204492416
cqr,417,4,39746,0.8859256277361244,3.2450704346667574
abs,418,0,39762,0.9988934158241537,2.1842139152498956
abs,418,1,40146,0.9863000049818164,2.184213915249895
abs,418,2,40171,0.9231784122874711,2.1842139152498956
abs,418,3,40175,0.8175731176104543,2.1842139152498956
abs,418,4,39746,0.7074925778694712,2.1842139152498956
norm,418,0,39762,0.9318193249836527,0.8922086487437053
norm,418,1,40146,0.887635131769043,1.3780541841015104
norm,418,2,40171,0.9113041746533569,2.166331369474914
norm,418,3,40175,0.9016552582451773,2.769574969684666
norm,418,4,39746,0.8910833794595683,3.53380343019302
cqr,418,0,39762,0.9393893667320558,0.9540867413913442
cqr,418,1,40146,0.9027798535345987,1.4480839036278719
cqr,418,2,40171,0.9068482238430708,2.0811589812634996
cqr,418,3,40175,0.8758929682638457,2.531330551457946
cqr,418,4,39746,0.8671061238866804,3.0865189412005436
abs,419,0,39762,0.9991700618681153,2.4255252603566864
abs,419,1,40146,0.9932994569820156,2.425525260356686
abs,419,2,40171,0.9501132657887531,2.425525260356686
abs,419,3,40175,0.8617050404480399,2.425525260356686
abs,419,4,39746,0.7573089115885875,2.425525260356686
norm,419,0,39762,0.9365223077309994,0.9117215568515954
norm,419,1,40146,0.8942360384596224,1.4081927001312855
norm,419,2,40171,0.9176520375395185,2.2137097769845524
norm,419,3,40175,0.9087492221530803,2.830146520921548
norm,419,4,39746,0.8978261963468022,3.6110889190770346
cqr,419,0,39762,0.9554851365625472,1.0156931276200738
cqr,419,1,40146,0.9171773028446172,1.5096902898566014
cqr,419,2,40171,0.9160588484229917,2.142765367492229
cqr,419,3,40175,0.8851026757934038,2.5929369376866753
cqr,419,4,39746,0.8743521360640064,3.148125327429273
abs,420,0,39762,0.9988934158241537,2.1921840257295093
abs,420,1,40146,0.9866985502914363,2.1921840257295093
abs,420,2,40171,0.9240496875855717,2.1921840257295093
abs,420,3,40175,0.8192657125077785,2.1921840257295093
abs,420,4,39746,0.7091028027977658,2.1921840257295093
norm,420,0,39762,0.9207786328655501,0.854873976074857
norm,420,1,40146,0.8731629552134709,1.3203891951375375
norm,420,2,40171,0.8996539792387543,2.0756807434296634
norm,420,3,40175,0.8865961418792782,2.6536814787724117
norm,420,4,39746,0.8759372012277965,3.385930626529794
cqr,420,0,39762,0.9362456616870378,0.944567974253655
cqr,420,1,40146,0.9001893090220694,1.4385651364901826
cqr,420,2,40171,0.9054043962062184,2.0716402141258103
cqr,420,3,40175,0.8745239576851276,2.5218117843202568
cqr,420,4,39746,0.8658481356614502,3.0770001740628543
abs,421,0,39762,0.9990694633066747,2.3068078054339436
abs,421,1,40146,0.9906590943057839,2.3068078054339436
abs,421,2,40171,0.9380149859351273,2.3068078054339436
abs,421,3,40175,0.8416179215930305,2.3068078054339436
abs,421,4,39746,0.7326523423740754,2.3068078054339436
norm,421,0,39762,0.9168804386097279,0.8442994256880244
norm,421,1,40146,0.8689035022169083,1.3040563525607638
norm,421,2,40171,0.8958452615070573,2.0500051570594295
norm,421,3,40175,0.882090852520224,2.620856186047129
norm,421,4,39746,0.8716852010265184,3.3440476180178775
cqr,421,0,39762,0.9208540817866304,0.8971838503305282
cqr,421,1,40146,0.8880336770786629,1.3911810125670558
cqr,421,2,40171,0.8971148340842897,2.024256090202684
cqr,421,3,40175,0.8665588052271312,2.4744276603971302
cqr,421,4,39746,0.860011070296382,3.0296160501397273
abs,422,0,39762,0.9990694633066747,2.2899315006944976
abs,422,1,40146,0.9900612763413541,2.2899315006944976
abs,422,2,40171,0.9360483931194145,2.2899315006944976
abs,422,3,40175,0.8388052271313006,2.2899315006944976
abs,422,4,39746,0.7293312534594676,2.2899315006944976
norm,422,0,39762,0.9269905940345053,0.8749669538107298
norm,422,1,40146,0.881482588551786,1.3514236533654045
norm,422,2,40171,0.9058275870652959,2.1244675917040805
norm,422,3,40175,0.8947106409458618,2.7160536697190727
norm,422,4,39746,0.8841644442208021,3.4655136184070856
cqr,422,0,39762,0.9375785926261254,0.9488184957709918
cqr,422,1,40146,0.9013102177053753,1.4428156580075195
cqr,422,2,40171,0.9059520549650245,2.075890735643147
cqr,422,3,40175,0.8751711263223397,2.5260623058375935
cqr,422,4,39746,0.8663010114225331,3.081250695580191
abs,423,0,39762,0.9990946129470348,2.370387552973969
abs,423,1,40146,0.9920540028894534,2.370387552973969
abs,423,2,40171,0.9453088048592269,2.370387552973969
abs,423,3,40175,0.852221530802738,2.370387552973969
abs,423,4,39746,0.7463895737935893,2.370387552973969
norm,423,0,39762,0.9377043408279262,0.9172092158865695
norm,423,1,40146,0.8962287650077219,1.4166686227808998
norm,423,2,40171,0.9193696945557741,2.2270341130904465
norm,423,3,40175,0.9106409458618544,2.8471811945114402
norm,423,4,39746,0.9002415337392442,3.6328240909438696
cqr,423,0,39762,0.9512348473416831,0.9961376437132701
cqr,423,1,40146,0.9126438499476909,1.4901348059497979
cqr,423,2,40171,0.9132956610490155,2.123209883585426
cqr,423,3,40175,0.8821406347230865,2.573381453779872
cqr,423,4,39746,0.8719871182005736,3.12856984352247
abs,424,0,39762,0.9990694633066747,2.318494024653414
abs,424,1,40146,0.9910078214517013,2.318494024653414
abs,424,2,40171,0.9393592392521969,2.318494024653414
abs,424,3,40175,0.8435594275046671,2.318494024653414
abs,424,4,39746,0.7354199164695818,2.318494024653414
norm,424,0,39762,0.9355163221165937,0.9062513927249927
norm,424,1,40146,0.8927414935485478,1.3997437991113262
norm,424,2,40171,0.9158596997834259,2.200427919472498
norm,424,3,40175,0.9070317361543249,2.8131661546513502
norm,424,4,39746,0.8959140542444523,3.589423039933712
cqr,424,0,39762,0.9525677782807705,1.002097181407426
cqr,424,1,40146,0.9142131221043193,1.496094343643954
cqr,424,2,40171,0.9142167235070076,2.1291694212795815
cqr,424,3,40175,0.8828873677660236,2.579340991474028
cqr,424,4,39746,0.8728425501937301,3.1345293812166255
abs,425,0,39762,0.998943715104874,2.202429298351972
abs,425,1,40146,0.9869974592736511,2.202429298351972
abs,425,2,40171,0.9252943665828582,2.202429298351972
abs,425,3,40175,0.8214063472308649,2.202429298351972
abs,425,4,39746,0.7112665425451618,2.202429298351972
norm,425,0,39762,0.9246768271213721,0.8675549154818293
norm,425,1,40146,0.8784685896477856,1.3399754450945653
norm,425,2,40171,0.9034129098105599,2.1064707574812154
norm,425,3,40175,0.8918730553827007,2.6930453791594924
norm,425,4,39746,0.8811452724802495,3.4361564870810537
cqr,425,0,39762,0.9424324732156331,0.9642551188783922
cqr,425,1,40146,0.9054451252926817,1.45825228111492
cqr,425,2,40171,0.9082173707400861,2.0913273587505476
cqr,425,3,40175,0.8775855631611699,2.541498928944994
cqr,425,4,39746,0.8685402304634429,3.096687318687592
abs,426,0,39762,0.9990694633066747,2.3095312525492346
abs,426,1,40146,0.9907587306331889,2.3095312525492346
abs,426,2,40171,0.9384132832142591,2.3095312525492346
abs,426,3,40175,0.8420659614187928,2.3095312525492346
abs,426,4,39746,0.7333316560156997,2.3095312525492346
norm,426,0,39762,0.9269905940345053,0.8749536120708843
norm,426,1,40146,0.881482588551786,1.351403046481081
norm,426,2,40171,0.9058275870652959,2.1244351972304436
norm,426,3,40175,0.8947106409458618,2.7160122545761243
norm,426,4,39746,0.8841644442208021,3.465460775290067
cqr,426,0,39762,0.9195211508475429,0.894294087269549
cqr,426,1,40146,0.8873113137049768,1.3882912495060766
cqr,426,2,40171,0.8964427074257549,2.0213663271417044
cqr,426,3,40175,0.8661605476042314,2.4715378973361513
cqr,426,4,39746,0.8598349519448498,3.0267262870787484
abs,427,0,39762,0.9990443136663145,2.2738235088612875
abs,427,1,40146,0.9896876401135855,2.2738235088612875
abs,427,2,40171,0.9342560553633218,2.2738235088612875
abs,427,3,40175,0.8357685127566895,2.2738235088612875
abs,427,4,39746,0.7255824485482816,2.2738235088612875
norm,427,0,39762,0.9261103566219003,0.8725496476214477
norm,427,1,40146,0.8803118617047776,1.3476900212009044
norm,427,2,40171,0.9048318438674666,2.118598240140586
norm,427,3,40175,0.8936652146857499,2.7085499196429823
norm,427,4,39746,0.883409651285664,3.4559393053632252
cqr,427,0,39762,0.9432372617071576,0.9674920650524851
cqr,427,1,40146,0.9064165794848802,1.4614892272890128
cqr,427,2,40171,0.9085160936994349,2.0945643049246403
cqr,427,3,40175,0.8782327317983821,2.5447358751190867
cqr,427,4,39746,0.8689176269310119,3.0999242648616847
abs,428,0,39762,0.998943715104874,2.2123667919545364
abs,428,1,40146,0.9874707318288248,2.2123667919545364
abs,428,2,40171,0.9267879813796022,2.2123667919545364
abs,428,3,40175,0.823397635345364,2.2123667919545364
abs,428,4,39746,0.7130528858249887,2.2123667919545364
norm,428,0,39762,0.9180373220662944,0.8476135270549893
norm,428,1,40146,0.8700991381457679,1.3091751229982769
norm,428,2,40171,0.8969405790246695,2.0580519763353746
norm,428,3,40175,0.8836092097075295,2.6311437484977604
norm,428,4,39746,0.8728425501937301,3.3571739005248666
cqr,428,0,39762,0.9196468990493436,0.8945977355435927
cqr,428,1,40146,0.8873611318686794,1.3885948977801206
cqr,428,2,40171,0.8964427074257549,2.021669975415748
cqr,428,3,40175,0.866210329807094,2.4718415456101948
cqr,428,4,39746,0.8598349519448498,3.0270299353527923
abs,429,0,39762,0.9990694633066747,2.309535678173703
abs,429,1,40146,0.9907587306331889,2.309535678173703
abs,429,2,40171,0.9384132832142591,2.309535678173703
abs,429,3,40175,0.8420659614187928,2.309535678173703
abs,429,4,39746,0.7333316560156997,2.309535678173703
norm,429,0,39762,0.9234947940244455,0.8640954758020927
norm,429,1,40146,0.8771733173915209,1.334632193454917
norm,429,2,40171,0.9024420601926763,2.0980710488373093
norm,429,3,40175,0.8905787181082763,2.6823066606325825
norm,429,4,39746,0.8797111659034872,3.4224545578025003
cqr,429,0,39762,0.9426839696192344,0.9651895339637092
cqr,429,1,40146,0.9057440342748966,1.4591866962002367
cqr,429,2,40171,0.9082920514799233,2.092261773835865
cqr,429,3,40175,0.8778593652769136,2.542433344030311
cqr,429,4,39746,0.8687163488149751,3.097621733772909
abs,430,0,39762,0.9990694633066747,2.334107342779343
abs,430,1,40146,0.9913565485976187,2.334107342779343
abs,430,2,40171,0.9415249807074756,2.334107342779343
abs,430,3,40175,0.8461481020535159,2.334107342779343
abs,430,4,39746,0.7393448397323001,2.334107342779343
norm,430,0,39762,0.9207031839444696,0.8546395947093844
norm,430,1,40146,0.8730882279679171,1.3200271831554529
norm,430,2,40171,0.89950461775908,2.0751116526624327
norm,430,3,40175,0.8864965774735533,2.652953917159904
norm,430,4,39746,0.8758617219342827,3.3850023036823904
cqr,430,0,39762,0.923243297620844,0.9048687221164546
cqr,430,1,40146,0.8902754944452748,1.398865884352982
cqr,430,2,40171,0.8985835553010878,2.0319409619886097
cqr,430,3,40175,0.8677535780958308,2.482112532183056
cqr,430,4,39746,0.8608916620540432,3.037300921925654
abs,431,0,39762,0.9993209597102761,2.4800177389206373
abs,431,1,40146,0.9941961839286604,2.4800177389206373
abs,431,2,40171,0.955415598317194,2.4800177389206373
abs,431,3,40175,0.8704667081518357,2.4800177389206377
abs,431,4,39746,0.76732249786142,2.4800177389206373
norm,431,0,39762,0.9424827724963533,0.9396033089923701
norm,431,1,40146,0.903726398644946,1.4512572515137199
norm,431,2,40171,0.9262403226207961,2.2814081952676903
norm,431,3,40175,0.9176851275668948,2.916696458482424
norm,431,4,39746,0.9073869068585518,3.7215211946367885
cqr,431,0,39762,0.9649917006186811,1.0608864052271147
cqr,431,1,40146,0.926493299456982,1.5548835674636425
cqr,431,2,40171,0.9220333076099674,2.18795864509927
cqr,431,3,40175,0.8916739265712508,2.6381302152937165
cqr,431,4,39746,0.8794092487294319,3.1933186050363145
abs,432,0,39762,0.9990443136663145,2.2684696002725664
abs,432,1,40146,0.9894136402132218,2.2684696002725664
abs,432,2,40171,0.933583928704787,2.2684696002725664
abs,432,3,40175,0.8346235220908526,2.2684696002725664
abs,432,4,39746,0.724475418910079,2.2684696002725664
norm,432,0,39762,0.9272672400784668,0.8759909517492324
norm,432,1,40146,0.8819807701888108,1.3530052617096542
norm,432,2,40171,0.9060267357048617,2.1269539146730176
norm,432,3,40175,0.8950591163658992,2.71923234217812
norm,432,4,39746,0.8844663613948573,3.469569404497801
cqr,432,0,39762,0.9392384688898949,0.9530554146620672
cqr,432,1,40146,0.90240621730683,1.447052576898595
cqr,432,2,40171,0.9067735431032337,2.080127654534223
cqr,432,3,40175,0.875718730553827,2.5302992247286693
cqr,432,4,39746,0.8669300055351482,3.085487614471267
abs,433,0,39762,0.9989688647452342,2.2285012623469242
abs,433,1,40146,0.9881432770388083,2.2285012623469242
abs,433,2,40171,0.928754574195315,2.2285012623469242
abs,433,3,40175,0.8262352209085252,2.2285012623469242
abs,433,4,39746,0.7162984954460826,2.2285012623469242
norm,433,0,39762,0.9319702228258135,0.8928815047921284
norm,433,1,40146,0.8879091316694067,1.3790934388701486
norm,433,2,40171,0.911478429712977,2.167965100740456
norm,433,3,40175,0.9020286247666459,2.7716636350125987
norm,433,4,39746,0.8913852966336235,3.5364684357556664
cqr,433,0,39762,0.927116342236306,0.915508973682482
cqr,433,1,40146,0.8927913117122502,1.4095061359190095
cqr,433,2,40171,0.9002016379975605,2.0425812135546373
cqr,433,3,40175,0.8695955196017424,2.492752783749084
cqr,433,4,39746,0.8622251295727872,3.0479411734916817
abs,434,0,39762,0.9990694633066747,2.3275235538639203
abs,434,1,40146,0.99118218502466,2.3275235538639203
abs,434,2,40171,0.9406537054093749,2.3275235538639203
abs,434,3,40175,0.8451524579962664,2.3275235538639203
abs,434,4,39746,0.7375836562169779,2.3275235538639203
norm,434,0,39762,0.9321965695890548,0.8933248408946983
norm,434,1,40146,0.8879838589149603,1.3797781903259545
norm,434,2,40171,0.9115780040327599,2.16904154503134
norm,434,3,40175,0.9021530802738021,2.7730398294426397
norm,434,4,39746,0.8915362552206512,3.5382243732734167
cqr,434,0,39762,0.9609426085206981,1.0402593243603186
cqr,434,1,40146,0.9230309370796592,1.5342564865968464
cqr,434,2,40171,0.9194194817156656,2.1673315642324744
cqr,434,3,40175,0.8886869943995022,2.617503134426921
cqr,434,4,39746,0.8769184320434761,3.1726915241695184
abs,435,0,39762,0.9990946129470348,2.3658309657684056
abs,435,1,40146,0.992004184725751,2.3658309657684056
abs,435,2,40171,0.9449354011600408,2.3658309657684056
abs,435,3,40175,0.8515245799626634,2.365830965768405
abs,435,4,39746,0.745584461329442,2.365830965768406
norm,435,0,39762,0.9351642271515518,0.9049418148037585
norm,435,1,40146,0.8923927664026304,1.397721100344278
norm,435,2,40171,0.9154116153444026,2.197248192694983
norm,435,3,40175,0.9064343497199752,2.8091009909291556
norm,435,4,39746,0.8954611784833694,3.5842361467594768
cqr,435,0,39762,0.958804889090086,1.0307087893877673
cqr,435,1,40146,0.9210382105315598,1.5247059516242947
cqr,435,2,40171,0.918075228398596,2.1577810292599224
cqr,435,3,40175,0.8871188550093342,2.6079525994543693
cqr,435,4,39746,0.8759875207568057,3.163140989196967
abs,436,0,39762,0.9990443136663145,2.279685155779089
abs,436,1,40146,0.9897125491954366,2.279685155779089
abs,436,2,40171,0.934977969181748,2.279685155779089
abs,436,3,40175,0.8369881767268201,2.279685155779089
abs,436,4,39746,0.7267901172445026,2.279685155779089
norm,436,0,39762,0.9266384990694633,0.8741698732957103
norm,436,1,40146,0.8812334977332735,1.3501925286275587
norm,436,2,40171,0.9055288641059471,2.1225322366432264
norm,436,3,40175,0.894411947728687,2.7135793894637428
norm,436,4,39746,0.8839883258692699,3.4623565924557207
cqr,436,0,39762,0.9427091192595946,0.9653349929659697
cqr,436,1,40146,0.9057938524385991,1.4593321552024974
cqr,436,2,40171,0.9082920514799233,2.092407232838125
cqr,436,3,40175,0.877909147479776,2.5425788030325713
cqr,436,4,39746,0.8687415085794797,3.097767192775169
abs,437,0,39762,0.9993712589909964,2.523730655623091
abs,437,1,40146,0.9949434563841977,2.523730655623091
abs,437,2,40171,0.9590002738293794,2.523730655623091
abs,437,3,40175,0.8761667703795893,2.523730655623091
abs,437,4,39746,0.7755749006189302,2.523730655623091
norm,437,0,39762,0.9277450832453096,0.8773491064399314
norm,437,1,40146,0.8824291336621332,1.355102989362048
norm,437,2,40171,0.9064997137238306,2.13025158850212
norm,437,3,40175,0.8955818294959552,2.7234482968672125
norm,437,4,39746,0.8847934383334172,3.474948697459692
cqr,437,0,39762,0.9436396559529199,0.9686385403089874
cqr,437,1,40146,0.9067154884670952,1.462635702545515
cqr,437,2,40171,0.9086405615991636,2.0957107801811428
cqr,437,3,40175,0.8783074051026758,2.545882350375589
cqr,437,4,39746,0.8690685855180396,3.1010707401181867
abs,438,0,39762,0.998943715104874,2.2114364349749276
abs,438,1,40146,0.9874458227469736,2.2114364349749276
abs,438,2,40171,0.926713300639765,2.2114364349749276
abs,438,3,40175,0.8232731798382078,2.2114364349749276
abs,438,4,39746,0.7128264479444473,2.2114364349749276
norm,438,0,39762,0.9055631004476636,0.8113497911289431
norm,438,1,40146,0.8546305983161461,1.253164241357075
norm,438,2,40171,0.8828010256154938,1.9700016432416914
norm,438,3,40175,0.8666085874299938,2.518574636475083
norm,438,4,39746,0.8565641825592513,3.213542795191468
cqr,438,0,39762,0.9243498817966903,0.9077611302973821
cqr,438,1,40146,0.8910974941463657,1.4017582925339098
cqr,438,2,40171,0.8990067461601653,2.0348333701695376
cqr,438,3,40175,0.8682514001244555,2.485004940363984
cqr,438,4,39746,0.8611935792280985,3.040193330106582
abs,439,0,39762,0.9990946129470348,2.347224184151755
abs,439,1,40146,0.9916056394161311,2.347224184151755
abs,439,2,40171,0.9428194468646536,2.347224184151755
abs,439,3,40175,0.8488114499066584,2.347224184151755
abs,439,4,39746,0.7419362954762744,2.347224184151755
norm,439,0,39762,0.9248780242442534,0.8686602706847613
norm,439,1,40146,0.8788920440392567,1.3416827131920708
norm,439,2,40171,0.9037116327699086,2.1091546203353757
norm,439,3,40175,0.892221530802738,2.696476599095503
norm,439,4,39746,0.8815729884768279,3.440534507864872
cqr,439,0,39762,0.9383330818369298,0.9506941054388104
cqr,439,1,40146,0.901783490260549,1.4446912676753383
cqr,439,2,40171,0.9063005650842648,2.0777663453109656
cqr,439,3,40175,0.8753702551337896,2.527937915505412
cqr,439,4,39746,0.8665274493030746,3.0831263052480096
abs,440,0,39762,0.9990443136663145,2.2836488738134064
abs,440,1,40146,0.9898869127683954,2.2836488738134064
abs,440,2,40171,0.9355007343606084,2.283648873813406
abs,440,3,40175,0.8374362165525825,2.283648873813406
abs,440,4,39746,0.7277965078246867,2.283648873813406
norm,440,0,39762,0.9357678185201952,0.9071528245230503
norm,440,1,40146,0.8928909480396553,1.4011360988416022
norm,440,2,40171,0.916208209902666,2.2026166451526685
norm,440,3,40175,0.9073802115743622,2.815964359923508
norm,440,4,39746,0.8962662909475168,3.592993373828757
cqr,440,0,39762,0.9635330214777929,1.0531686664783182
cqr,440,1,40146,0.9253972998555273,1.5471658287148455
cqr,440,2,40171,0.9210624579920839,2.1802409063504733
cqr,440,3,40175,0.8907031736154325,2.63041247654492
cqr,440,4,39746,0.8783776983847431,3.1856008662875177
abs,441,0,39762,0.9990694633066747,2.310432808492478
abs,441,1,40146,0.9907587306331889,2.310432808492478
abs,441,2,40171,0.938512857534042,2.310432808492478
abs,441,3,40175,0.8422899813316739,2.310432808492478
abs,441,4,39746,0.7335077743672319,2.310432808492478
norm,441,0,39762,0.9316684271414919,0.8915843006533566
norm,441,1,40146,0.8872864046231256,1.3770898519361001
norm,441,2,40171,0.9110054516940082,2.1648154181831405
norm,441,3,40175,0.9013565650280025,2.7676368817207857
norm,441,4,39746,0.8908821013435314,3.5313305518742375
cqr,441,0,39762,0.9302348976409638,0.9260090942517621
cqr,441,1,40146,0.8955064016340357,1.4200062564882896
cqr,441,2,40171,0.9020437629135446,2.0530813341239176
cqr,441,3,40175,0.8714872433105165,2.5032529043183644
cqr,441,4,39746,0.863759875207568,3.058441294060962
abs,442,0,39762,0.9991700618681153,2.413219202465672
abs,442,1,40146,0.9930005479998008,2.4132192024656716
abs,442,2,40171,0.9489681611112494,2.4132192024656716
abs,442,3,40175,0.859315494710641,2.4132192024656716
abs,442,4,39746,0.7546419765510994,2.4132192024656716
norm,442,0,39762,0.9199989940143856,0.8525154537448847
norm,442,1,40146,0.8721915010212724,1.316746357142533
norm,442,2,40171,0.8986582360409251,2.0699541222898428
norm,442,3,40175,0.8854511512134412,2.646360204292803
norm,442,4,39746,0.8750062899411262,3.3765891408676927
cqr,442,0,39762,0.9392384688898949,0.953233273452684
cqr,442,1,40146,0.9024560354705325,1.4472304356892118
cqr,442,2,40171,0.9067984366831794,2.0803055133248396
cqr,442,3,40175,0.8757436216552582,2.5304770835192865
cqr,442,4,39746,0.8669803250641575,3.085665473261884
abs,443,0,39762,0.9990946129470348,2.375150875491375
abs,443,1,40146,0.9922034573805609,2.375150875491375
abs,443,2,40171,0.9456822085584128,2.3751508754913755
abs,443,3,40175,0.8531922837585563,2.3751508754913746
abs,443,4,39746,0.7473959643737734,2.375150875491375
norm,443,0,39762,0.9384588300387304,0.9217369115018003
norm,443,1,40146,0.8980471279828626,1.4236618411224748
norm,443,2,40171,0.9208135221926266,2.238027605539236
norm,443,3,40175,0.9121344119477287,2.8612359702233228
norm,443,4,39746,0.9014743621999698,3.6507571005806865
cqr,443,0,39762,0.9535989135355365,1.0070974504030952
cqr,443,1,40146,0.9153091217057739,1.5010946126396225
cqr,443,2,40171,0.9149137437454881,2.1341696902752503
cqr,443,3,40175,0.8837336652146858,2.584341260469697
cqr,443,4,39746,0.8734463845418406,3.1395296502122947
abs,444,0,39762,0.9993461093506363,2.499682334555854
abs,444,1,40146,0.9944950929108753,2.499682334555854
abs,444,2,40171,0.9572079360732867,2.499682334555854
abs,444,3,40175,0.8729807093963908,2.499682334555854
abs,444,4,39746,0.7711216223016153,2.499682334555854
norm,444,0,39762,0.9333534530456215,0.8977763664317076
norm,444,1,40146,0.8894784038260349,1.3866537607438696
norm,444,2,40171,0.9131711931492869,2.179850092366564
norm,444,3,40175,0.9039452395768512,2.786858159629836
norm,444,4,39746,0.893071000855432,3.555855693295281
cqr,444,0,39762,0.9611186560032191,1.0414474319010745
cqr,444,1,40146,0.9233298460618742,1.5354445941376023
cqr,444,2,40171,0.9196186303552314,2.16851967177323
cqr,444,3,40175,0.8888114499066584,2.6186912419676767
cqr,444,4,39746,0.8770190711014945,3.173879631710274
abs,445,0,39762,0.9990694633066747,2.28930112638897
abs,445,1,40146,0.9900114581776516,2.28930112638897
abs,445,2,40171,0.9359737123795773,2.2893011263889695
abs,445,3,40175,0.8386558805227131,2.28930112638897
abs,445,4,39746,0.7291551351079354,2.28930112638897
norm,445,0,39762,0.9334540516070621,0.8985441233450024
norm,445,1,40146,0.8898769491356548,1.3878395939323607
norm,445,2,40171,0.9133703417888527,2.1817142481195297
norm,445,3,40175,0.9041692594897324,2.7892414141890227
norm,445,4,39746,0.8934483973230011,3.558896576184699
cqr,445,0,39762,0.9596096775816105,1.0342903139348136
cqr,445,1,40146,0.9216858466596921,1.5282874761713412
cqr,445,2,40171,0.9185730999975107,2.1613625538069687
cqr,445,3,40175,0.8877162414436839,2.6115341240014156
cqr,445,4,39746,0.8763145976953656,3.1667225137440127
abs,446,0,39762,0.9990694633066747,2.3265883711088255
abs,446,1,40146,0.9911572759428088,2.3265883711088255
abs,446,2,40171,0.9405043439297005,2.3265883711088255
abs,446,3,40175,0.8449782202862477,2.3265883711088255
abs,446,4,39746,0.7374830171589594,2.3265883711088255
norm,446,0,39762,0.9246013782002918,0.8672833224436137
norm,446,1,40146,0.8784436805659344,1.3395559581021301
norm,446,2,40171,0.9033382290707227,2.1058113147384825
norm,446,3,40175,0.891798382078407,2.692202305869806
norm,446,4,39746,0.8810697931867357,3.435080778600291
cqr,446,0,39762,0.9466073135154167,0.978281464296171
cqr,446,1,40146,0.9085836696059383,1.4722786265326988
cqr,446,2,40171,0.9103084314555276,2.1053537041683263
cqr,446,3,40175,0.879477286869944,2.555525274362773
cqr,446,4,39746,0.8699743370402053,3.1107136641053708
abs,447,0,39762,0.9990946129470348,2.374249265960443
abs,447,1,40146,0.9921785482987097,2.374249265960443
abs,447,2,40171,0.9456075278185756,2.374249265960443
abs,447,3,40175,0.8529184816428127,2.374249265960443
abs,447,4,39746,0.747169526493232,2.374249265960443
norm,447,0,39762,0.9234947940244455,0.8641034539088589
norm,447,1,40146,0.8771733173915209,1.334644515979952
norm,447,2,40171,0.9024669537726221,2.098090420116641
norm,447,3,40175,0.8905787181082763,2.682331426100656
norm,447,4,39746,0.8797111659034872,3.4224861569817926
cqr,447,0,39762,0.9574468085106383,1.0241729284548744
cqr,447,1,40146,0.9194191202112291,1.518170090691402
cqr,447,2,40171,0.9171292723606582,2.1512451683270295
cqr,447,3,40175,0.8861481020535159,2.6014167385214764
cqr,447,4,39746,0.8752075680571629,3.1566051282640735
abs,448,0,39762,0.9990946129470348,2.3423445392460236
abs,448,1,40146,0.9916056394161311,2.3423445392460236
abs,448,2,40171,0.9423962560055762,2.342344539246024
abs,448,3,40175,0.8478406969508401,2.3423445392460236
abs,448,4,39746,0.7407789463090626,2.3423445392460236
norm,448,0,39762,0.9280720285699915,0.8789593414032454
norm,448,1,40146,0.8830269516265631,1.3575900657109556
norm,448,2,40171,0.9069975853227452,2.134161327012461
norm,448,3,40175,0.8961045426260112,2.728446753737122
norm,448,4,39746,0.8852966336235093,3.481326413977894
cqr,448,0,39762,0.9501031135254766,0.9914610902578085
cqr,448,1,40146,0.9115478503462362,1.4854582524943358
cqr,448,2,40171,0.9122750242712404,2.1185333301299636
cqr,448,3,40175,0.8813939016801493,2.5687049003244105
cqr,448,4,39746,0.8714587631459769,3.123893290067008
abs,449,0,39762,0.9991449122277551,2.4105568021931942
abs,449,1,40146,0.992925820754247,2.4105568021931942
abs,449,2,40171,0.9486943317318464,2.4105568021931942
abs,449,3,40175,0.8589670192906036,2.4105568021931942
abs,449,4,39746,0.7541136214965027,2.4105568021931942
norm,449,0,39762,0.9165786429254061,0.8435813462766256
norm,449,1,40146,0.8684551387435859,1.302947248385649
norm,449,2,40171,0.8955465385477085,2.048261620996562
norm,449,3,40175,0.8816179215930305,2.6186271393248677
norm,449,4,39746,0.8714084436169678,3.3412034946273184
cqr,449,0,39762,0.9452240832956089,0.9733520294099071
cqr,449,1,40146,0.9077118517411448,1.467349191646435
cqr,449,2,40171,0.90953673047721,2.1004242692820623
cqr,449,3,40175,0.878855009334163,2.550595839476509
cqr,449,4,39746,0.8695214612791224,3.1057842292191062
abs,450,0,39762,0.9990694633066747,2.2903082620993445
abs,450,1,40146,0.9900612763413541,2.2903082620993445
abs,450,2,40171,0.9360981802793059,2.2903082620993445
abs,450,3,40175,0.8389047915370255,2.2903082620993445
abs,450,4,39746,0.7293815729884768,2.2903082620993445
norm,450,0,39762,0.9303103465620441,0.8870092976144572
norm,450,1,40146,0.8856673143027948,1.3700235652677182
norm,450,2,40171,0.9095118368972642,2.153707060723743
norm,450,3,40175,0.8992906036092098,2.7534352553180277
norm,450,4,39746,0.8891712373572184,3.5132101699940903
cqr,450,0,39762,0.9431115135053568,0.9672297487823417
cqr,450,1,40146,0.9063916704030289,1.461226911018869
cqr,450,2,40171,0.9085160936994349,2.094301988654497
cqr,450,3,40175,0.8780833851897947,2.5444735588489436
cqr,450,4,39746,0.8689176269310119,3.099661948591541
abs,451,0,39762,0.9990694633066747,2.314766398281946
abs,451,1,40146,0.9909580032879988,2.314766398281946
abs,451,2,40171,0.9390356227129023,2.314766398281946
abs,451,3,40175,0.8428375855631611,2.314766398281946
abs,451,4,39746,0.7345393247119207,2.314766398281946
norm,451,0,39762,0.9350133293093909,0.9042033904872261
norm,451,1,40146,0.8921187665022667,1.3965805725983607
norm,451,2,40171,0.9152124667048368,2.1954552580903486
norm,451,3,40175,0.9061356565028003,2.806808789988317
norm,451,4,39746,0.8952095808383234,3.5813114425589805
cqr,451,0,39762,0.9404959509079021,0.9578476912434848
cqr,451,1,40146,0.9037513077267972,1.4518448534800126
cqr,451,2,40171,0.9072963082820941,2.0849199311156403
cqr,451,3,40175,0.8763907902924705,2.5350915013100868
cqr,451,4,39746,0.8676847984702863,3.0902798910526843
abs,452,0,39762,0.9989688647452342,2.2188572511656277
abs,452,1,40146,0.9877198226473373,2.2188572511656277
abs,452,2,40171,0.9275098951980284,2.2188572511656277
abs,452,3,40175,0.8246670815183572,2.2188572511656277
abs,452,4,39746,0.7141850752276959,2.2188572511656277
norm,452,0,39762,0.9359690156430763,0.9085627445174818
norm,452,1,40146,0.8933891296766802,1.4033137802060567
norm,452,2,40171,0.9165567200219064,2.2060400079688516
norm,452,3,40175,0.9079029247044181,2.8203410033592475
norm,452,4,39746,0.8967191667085996,3.5985776955226054
cqr,452,0,39762,0.946657612796137,0.9784613190088913
cqr,452,1,40146,0.9086334877696408,1.4724584812454191
cqr,452,2,40171,0.9103582186154191,2.105533558881047
cqr,452,3,40175,0.8795270690728064,2.5557051290754935
cqr,452,4,39746,0.8699743370402053,3.110893518818091
abs,453,0,39762,0.9990694633066747,2.3019609346632706
abs,453,1,40146,0.9905843670602301,2.3019609346632706
abs,453,2,40171,0.9374922207562669,2.3019609346632706
abs,453,3,40175,0.8407716241443683,2.3019609346632706
abs,453,4,39746,0.7315453127358728,2.3019609346632706
norm,453,0,39762,0.933806146572104,0.900361215597976
norm,453,1,40146,0.8905245852637872,1.3906461701582626
norm,453,2,40171,0.9139677877075503,2.1861262474364938
norm,453,3,40175,0.904741754822651,2.7948819930250712
norm,453,4,39746,0.8940270719066069,3.5660935999364605
cqr,453,0,39762,0.9429103163824757,0.9662533156400189
cqr,453,1,40146,0.9060429432571115,1.4602504778765466
cqr,453,2,40171,0.9083916257997062,2.0933255555121746
cqr,453,3,40175,0.8779589296826384,2.543497125706621
cqr,453,4,39746,0.8688169878729936,3.0986855154492186
abs,454,0,39762,0.9987425179819929,2.1386501700268346
abs,454,1,40146,0.9843820056792707,2.1386501700268346
abs,454,2,40171,0.916681187921635,2.1386501700268346
abs,454,3,40175,0.8089607965152458,2.1386501700268346
abs,454,4,39746,0.6972525537160972,2.1386501700268346
norm,454,0,39762,0.9265881997887431,0.8739158868032716
norm,454,1,40146,0.881084043242166,1.3498002356934973
norm,454,2,40171,0.9053297154663812,2.1219155435560575
norm,454,3,40175,0.894312383322962,2.7127909700361945
norm,454,4,39746,0.8838625270467468,3.4613506188648273
cqr,454,0,39762,0.9325235149137368,0.9317765537263288
cqr,454,1,40146,0.8969262192995566,1.4257737159628563
cqr,454,2,40171,0.9028652510517537,2.058848793598484
cqr,454,3,40175,0.872383322962041,2.509020363792931
cqr,454,4,39746,0.8643888693201832,3.064208753535528
abs,455,0,39762,0.9993712589909964,2.5278991223527543
abs,455,1,40146,0.9949932745479002,2.5278991223527543
abs,455,2,40171,0.9594483582684026,2.527899122352754
abs,455,3,40175,0.8766148102053516,2.527899122352754
abs,455,4,39746,0.7763548533185729,2.5278991223527543
norm,455,0,39762,0.9348372818268699,0.9035223135207844
norm,455,1,40146,0.8919942210930105,1.3955286202723864
norm,455,2,40171,0.9150382116452167,2.1938015659864814
norm,455,3,40175,0.9058867454884879,2.804694605462823
norm,455,4,39746,0.8950586222512957,3.578613876105634
cqr,455,0,39762,0.9564156732558724,1.0194781842720828
cqr,455,1,40146,0.9179743934638569,1.5134753465086106
cqr,455,2,40171,0.9165069328620149,2.146550424144238
cqr,455,3,40175,0.8856253889234599,2.5967219943386843
cqr,455,4,39746,0.8748050118250893,3.151910384081282
abs,456,0,39762,0.9990694633066747,2.307972150655815
abs,456,1,40146,0.9907338215513376,2.307972150655815
abs,456,2,40171,0.9381145602549102,2.307972150655815
abs,456,3,40175,0.8417921593030492,2.307972150655815
abs,456,4,39746,0.732803300961103,2.307972150655815
norm,456,0,39762,0.9257834112972184,0.8712314665493542
norm,456,1,40146,0.8799631345588601,1.3456540345016497
norm,456,2,40171,0.904508227328172,2.1153976244425143
norm,456,3,40175,0.8931176104542626,2.7044580502042326
norm,456,4,39746,0.8828058169375534,3.4507183373746964
cqr,456,0,39762,0.9333534530456215,0.9344040497228203
cqr,456,1,40146,0.8976485826732427,1.4284012119593479
cqr,456,2,40171,0.903313335490777,2.061476289594976
cqr,456,3,40175,0.8727317983820784,2.5116478597894223
cqr,456,4,39746,0.8647914255522569,3.06683624953202
abs,457,0,39762,0.9990694633066747,2.302550572384866
abs,457,1,40146,0.9905843670602301,2.302550572384866
abs,457,2,40171,0.9375171143362127,2.302550572384866
abs,457,3,40175,0.8408960796515246,2.302550572384866
abs,457,4,39746,0.7316207920293866,2.302550572384866
norm,457,0,39762,0.9405965494693426,0.9313832208376888
norm,457,1,40146,0.901160763214268,1.4385609759382791
norm,457,2,40171,0.9237509646262229,2.2614493718978323
norm,457,3,40175,0.915295581829496,2.891179836968092
norm,457,4,39746,0.9044935339405223,3.6889635908090255
cqr,457,0,39762,0.9429103163824757,0.9662393724766776
cqr,457,1,40146,0.9060429432571115,1.460236534713205
cqr,457,2,40171,0.9083916257997062,2.0933116123488325
cqr,457,3,40175,0.8779589296826384,2.5434831825432798
cqr,457,4,39746,0.8687918281084889,3.098671572285877
abs,458,0,39762,0.9990946129470348,2.3669541796678564
abs,458,1,40146,0.992004184725751,2.3669541796678564
abs,458,2,40171,0.945010081899878,2.3669541796678564
abs,458,3,40175,0.8517734909769757,2.3669541796678564
abs,458,4,39746,0.745836058974488,2.3669541796678564
norm,458,0,39762,0.9286504702982747,0.8815812416147629
norm,458,1,40146,0.8839734967369103,1.361639702039707
norm,458,2,40171,0.9077941798810086,2.1405274440455577
norm,458,3,40175,0.8971499688861232,2.73658560019311
norm,458,4,39746,0.8867055804357671,3.4917110700492406
cqr,458,0,39762,0.9520396358332076,1.0002747260881377
cqr,458,1,40146,0.9137149404672944,1.4942718883246653
cqr,458,2,40171,0.9139428941276045,2.127346965960293
cqr,458,3,40175,0.8826384567517113,2.5775185361547397
cqr,458,4,39746,0.8725657927841796,3.132706925897337
abs,459,0,39762,0.9990946129470348,2.366897326237442
abs,459,1,40146,0.992004184725751,2.366897326237442
abs,459,2,40171,0.945010081899878,2.366897326237442
abs,459,3,40175,0.8517485998755445,2.366897326237442
abs,459,4,39746,0.7458108992099834,2.366897326237442
norm,459,0,39762,0.9378300890297269,0.9179868131188873
norm,459,1,40146,0.8965276739899367,1.417869654760415
norm,459,2,40171,0.9196684175151228,2.228922161675897
norm,459,3,40175,0.9108400746733043,2.8495949951780855
norm,459,4,39746,0.9004931313842902,3.6359039487447804
cqr,459,0,39762,0.9468588099190182,0.9791690061398468
cqr,459,1,40146,0.908857669506302,1.4731661683763748
cqr,459,2,40171,0.910457792935202,2.1062412460120026
cqr,459,3,40175,0.8796017423771002,2.5564128162064486
cqr,459,4,39746,0.8700749760982237,3.111601205949046
abs,460,0,39762,0.9990946129470348,2.36897375512957
abs,460,1,40146,0.9920290938076023,2.36897375512957
abs,460,2,40171,0.9451594433795524,2.36897375512957
abs,460,3,40175,0.8520721841941505,2.36897375512957
abs,460,4,39746,0.7461631359130478,2.36897375512957
norm,460,0,39762,0.9324229163522961,0.8940401338237421
norm,460,1,40146,0.8881333134060678,1.380882990660624
norm,460,2,40171,0.9118269398322173,2.1707783153627345
norm,460,3,40175,0.9024019912881145,2.7752602264260826
norm,460,4,39746,0.8917375333366879,3.5410574601413893
cqr,460,0,39762,0.9640108646446356,1.0555883305762777
cqr,460,1,40146,0.9257958451651472,1.549585492812805
cqr,460,2,40171,0.9214607552712155,2.1826605704484328
cqr,460,3,40175,0.8909271935283136,2.632832140642879
cqr,460,4,39746,0.8785034972072662,3.188020530385477
abs,461,0,39762,0.9990946129470348,2.363036309865257
abs,461,1,40146,0.9919045483983461,2.363036309865257
abs,461,2,40171,0.9445619974608549,2.363036309865257
abs,461,3,40175,0.8510018668326074,2.363036309865257
abs,461,4,39746,0.7451567453328637,2.363036309865257
norm,461,0,39762,0.9295558573512399,0.8846656669813472
norm,461,1,40146,0.8849200418472575,1.3664037281315358
norm,461,2,40171,0.9088148166587837,2.148016597437922
norm,461,3,40175,0.8981953951462353,2.7461602073247278
norm,461,4,39746,0.8881900065415388,3.503927666420457
cqr,461,0,39762,0.9649162516976008,1.0603394802814319
cqr,461,1,40146,0.9264683903751307,1.5543366425179592
cqr,461,2,40171,0.9219586268701302,2.187411720153587
cqr,461,3,40175,0.8915494710640945,2.637583290348034
cqr,461,4,39746,0.8793337694359181,3.192771680090631
abs,462,0,39762,0.9991449122277551,2.398404069954367
abs,462,1,40146,0.9927016390175858,2.398404069954367
abs,462,2,40171,0.9478230564337458,2.398404069954367
abs,462,3,40175,0.857025513378967,2.398404069954367
abs,462,4,39746,0.7519750415136114,2.398404069954367
norm,462,0,39762,0.9174840299783713,0.8464827723449382
norm,462,1,40146,0.8697753200817018,1.3074286242823403
norm,462,2,40171,0.896616962485375,2.0553064420895293
norm,462,3,40175,0.883235843186061,2.627633683955996
norm,462,4,39746,0.8722387158456197,3.35269527898414
cqr,462,0,39762,0.944016900558322,0.9695742231922472
cqr,462,1,40146,0.9069396702037563,1.4635713854287749
cqr,462,2,40171,0.9089143909785666,2.0966464630644026
cqr,462,3,40175,0.8783820784069695,2.546818033258849
cqr,462,4,39746,0.8691189050470488,3.102006423001447
abs,463,0,39762,0.9990946129470348,2.3762186125353084
abs,463,1,40146,0.9922034573805609,2.3762186125353084
abs,463,2,40171,0.9456822085584128,2.3762186125353084
abs,463,3,40175,0.8533914125700062,2.376218612535308
abs,463,4,39746,0.7475720827253057,2.3762186125353084
norm,463,0,39762,0.9219606659624767,0.8581191807057433
norm,463,1,40146,0.8744582274697354,1.325401551637506
norm,463,2,40171,0.9006497224365836,2.083560277664344
norm,463,3,40175,0.8877660236465463,2.6637551734511877
norm,463,4,39746,0.8771700296885221,3.398784027214099
cqr,463,0,39762,0.9392384688898949,0.9532109397812265
cqr,463,1,40146,0.9024560354705325,1.4472081020177539
cqr,463,2,40171,0.9067984366831794,2.080283179653382
cqr,463,3,40175,0.875718730553827,2.5304547498478285
cqr,463,4,39746,0.8669803250641575,3.085643139590426
abs,464,0,39762,0.9990694633066747,2.306239626459768
abs,464,1,40146,0.9906590943057839,2.306239626459768
abs,464,2,40171,0.9379403051952901,2.3062396264597687
abs,464,3,40175,0.841468574984443,2.306239626459768
abs,464,4,39746,0.7326020228450661,2.306239626459768
norm,464,0,39762,0.928348674613953,0.879772586611631
norm,464,1,40146,0.883226224281373,1.358846157504837
norm,464,2,40171,0.9072465211222026,2.13613593083241
norm,464,3,40175,0.8964281269446173,2.7309712120872316
norm,464,4,39746,0.8855733910330599,3.484547464021545
cqr,464,0,39762,0.9272672400784668,0.9162440078289585
cqr,464,1,40146,0.8929158571215065,1.410241170065486
cqr,464,2,40171,0.9002265315775062,2.0433162477011138
cqr,464,3,40175,0.8697697573117611,2.4934878178955606
cqr,464,4,39746,0.8623509283953102,3.048676207638158
abs,465,0,39762,0.9988934158241537,2.1758375112076793
abs,465,1,40146,0.9860010959996015,2.1758375112076793
abs,465,2,40171,0.9218092653904558,2.1758375112076793
abs,465,3,40175,0.81607965152458,2.1758375112076793
abs,465,4,39746,0.7059326724701857,2.1758375112076793
norm,465,0,39762,0.9106433278004125,0.8249439642826506
norm,465,1,40146,0.8608080506152543,1.2741610196557895
norm,465,2,40171,0.8884020811032834,2.003009038749925
norm,465,3,40175,0.8731549471064095,2.5607733774905186
norm,465,4,39746,0.8628792834499069,3.267385734047589
cqr,465,0,39762,0.9272672400784668,0.9161740465875013
cqr,465,1,40146,0.8928909480396553,1.410171208824029
cqr,465,2,40171,0.9002265315775062,2.043246286459657
cqr,465,3,40175,0.8697697573117611,2.4934178566541036
cqr,465,4,39746,0.8623509283953102,3.0486062463967016
abs,466,0,39762,0.9989688647452342,2.2390718414378403
abs,466,1,40146,0.988516913266577,2.2390718414378403
abs,466,2,40171,0.9297254238131986,2.2390718414378403
abs,466,3,40175,0.8285998755444929,2.2390718414378403
abs,466,4,39746,0.7184622351934786,2.2390718414378403
norm,466,0,39762,0.9245007796388511,0.8671542582743909
norm,466,1,40146,0.8783689533203806,1.33935661300649
norm,466,2,40171,0.903313335490777,2.1054979398806437
norm,466,3,40175,0.8917485998755444,2.691801667641219
norm,466,4,39746,0.8809943138932219,3.434569589424355
cqr,466,0,39762,0.9499019164025955,0.9905612672421654
cqr,466,1,40146,0.9112987595277238,1.484558429478693
cqr,466,2,40171,0.912125662791566,2.117633507114321
cqr,466,3,40175,0.8812943372744244,2.5678050773087673
cqr,466,4,39746,0.8712574850299402,3.1229934670513657
abs,467,0,39762,0.9990946129470348,2.366373915476064
abs,467,1,40146,0.992004184725751,2.366373915476064
abs,467,2,40171,0.9449602947399866,2.366373915476064
abs,467,3,40175,0.8516241443683883,2.366373915476064
abs,467,4,39746,0.7456851003874604,2.366373915476064
norm,467,0,39762,0.9357678185201952,0.9073983081685526
norm,467,1,40146,0.8929905843670602,1.40151525876713
norm,467,2,40171,0.9162579970625576,2.203212692862689
norm,467,3,40175,0.9074051026757934,2.81672638499579
norm,467,4,39746,0.8963417702410306,3.593965669882773
cqr,467,0,39762,0.9603138675116946,1.0384663905123048
cqr,467,1,40146,0.9226573008518906,1.5324635527488324
cqr,467,2,40171,0.9191705459162082,2.1655386303844604
cqr,467,3,40175,0.8883883011823274,2.615710200578907
cqr,467,4,39746,0.876792633220953,3.1708985903215043
abs,468,0,39762,0.9989688647452342,2.225376052114428
abs,468,1,40146,0.9880436407114034,2.225376052114428
abs,468,2,40171,0.9283313833362375,2.225376052114428
abs,468,3,40175,0.8258369632856254,2.2253760521144286
abs,468,4,39746,0.7158456196849997,2.225376052114428
norm,468,0,39762,0.9193451033650218,0.8510360398861359
norm,468,1,40146,0.8716684103023963,1.314461339550586
norm,468,2,40171,0.8982101516019019,2.0663620245723906
norm,468,3,40175,0.8848786558805227,2.6417678394925237
norm,468,4,39746,0.8743772958285111,3.3707295722835013
cqr,468,0,39762,0.9245762285599316,0.9084492370405788
cqr,468,1,40146,0.8912967668011758,1.4024463992771063
cqr,468,2,40171,0.8990814269000025,2.035521476912734
cqr,468,3,40175,0.8684505289359055,2.4856930471071808
cqr,468,4,39746,0.8613696975796307,3.0408814368497783
abs,469,0,39762,0.998943715104874,2.203378319874012
abs,469,1,40146,0.9870970956010562,2.203378319874012
abs,469,2,40171,0.9254686216424785,2.203378319874012
abs,469,3,40175,0.8216552582451774,2.203378319874012
abs,469,4,39746,0.711316862074171,2.2033783198740124
norm,469,0,39762,0.9229918012172426,0.8618267683251525
norm,469,1,40146,0.876052408708215,1.331128078318282
norm,469,2,40171,0.9017699335341416,2.0925625030701527
norm,469,3,40175,0.889607965152458,2.6752641874952543
norm,469,4,39746,0.8789815327328536,3.413468805114041
cqr,469,0,39762,0.9227654544540013,0.903606145676027
cqr,469,1,40146,0.8900014945449111,1.3976033079125547
cqr,469,2,40171,0.8984093002414677,2.0306783855481823
cqr,469,3,40175,0.8676042314872433,2.4808499557426287
cqr,469,4,39746,0.8608161827605294,3.036038345485226
abs,470,0,39762,0.9990443136663145,2.2713611523291743
abs,470,1,40146,0.9895132765406267,2.271361152329174
abs,470,2,40171,0.9339822259839188,2.2713611523291743
abs,470,3,40175,0.8353453640323585,2.2713611523291743
abs,470,4,39746,0.7252553716097218,2.271361152329175
norm,470,0,39762,0.932925909159499,0.8953148779227914
norm,470,1,40146,0.888656404124944,1.3828518871085873
norm,470,2,40171,0.9124492793308606,2.173873463715882
norm,470,3,40175,0.9028500311138767,2.7792172597438514
norm,470,4,39746,0.8921904090977708,3.5461063857219495
cqr,470,0,39762,0.9186157637945778,0.8915583071684797
cqr,470,1,40146,0.8866138594131421,1.3855554694050074
cqr,470,2,40171,0.8959448358268403,2.0186305470406354
cqr,470,3,40175,0.8657622899813316,2.468802117235082
cqr,470,4,39746,0.8593065968902531,3.0239905069776793
abs,471,0,39762,0.9990946129470348,2.3487232716759014
abs,471,1,40146,0.9916554575798336,2.3487232716759014
abs,471,2,40171,0.9430434890841652,2.3487232716759014
abs,471,3,40175,0.8489607965152458,2.348723271675901
abs,471,4,39746,0.7424143310018618,2.3487232716759014
norm,471,0,39762,0.9334289019667019,0.8983300603213281
norm,471,1,40146,0.8897524037263986,1.3875089644928775
norm,471,2,40171,0.9132707674690698,2.1811944913968353
norm,471,3,40175,0.9040696950840075,2.7885769243377547
norm,471,4,39746,0.8933477582649827,3.5580487289368565
cqr,471,0,39762,0.9551833408782254,1.0142480445319788
cqr,471,1,40146,0.916853484780551,1.5082452067685064
cqr,471,2,40171,0.9158596997834259,2.141320284404134
cqr,471,3,40175,0.884903546981954,2.5914918545985812
cqr,471,4,39746,0.8741005384189604,3.1466802443411783
abs,472,0,39762,0.9989688647452342,2.220720283593022
abs,472,1,40146,0.9878692771384446,2.220720283593022
abs,472,2,40171,0.9277837245774315,2.220720283593022
abs,472,3,40175,0.825065339141257,2.220720283593022
abs,472,4,39746,0.7146631107532834,2.220720283593022
norm,472,0,39762,0.9272420904381067,0.8758324891381583
norm,472,1,40146,0.8818313156977033,1.3527605094709017
norm,472,2,40171,0.9059769485449702,2.126569158791373
norm,472,3,40175,0.8950093341630367,2.718740445936272
norm,472,4,39746,0.8844663613948573,3.4689417758378913
cqr,472,0,39762,0.9443689955233641,0.9711209173302306
cqr,472,1,40146,0.9073382155133761,1.4651180795667584
cqr,472,2,40171,0.9091384331980782,2.098193157202386
cqr,472,3,40175,0.8784567517112633,2.5483647273968324
cqr,472,4,39746,0.8693201831630856,3.10355311713943
abs,473,0,39762,0.998943715104874,2.2066621091114587
abs,473,1,40146,0.9872963682558661,2.2066621091114587
abs,473,2,40171,0.925966493241393,2.2066621091114587
abs,473,3,40175,0.8224019912881145,2.2066621091114587
abs,473,4,39746,0.7120968147738137,2.2066621091114587
norm,473,0,39762,0.9210552789095116,0.8555642168624672
norm,473,1,40146,0.8733622278682808,1.3214553013748436
norm,473,2,40171,0.8998282342983744,2.0773566857922448
norm,473,3,40175,0.8867703795892968,2.65582410943522
norm,473,4,39746,0.8762139586373472,3.3886644884648374
cqr,473,0,39762,0.9405713998289824,0.9584052459041613
cqr,473,1,40146,0.9039505803816071,1.452402408140689
cqr,473,2,40171,0.9072963082820941,2.0854774857763165
cqr,473,3,40175,0.8766397013067828,2.535649055970763
cqr,473,4,39746,0.8677099582347909,3.0908374457133605
abs,474,0,39762,0.9985161712187516,2.0791791899775514
abs,474,1,40146,0.9820405519852539,2.0791791899775514
abs,474,2,40171,0.9075950312414428,2.0791791899775514
abs,474,3,40175,0.7964156813939017,2.0791791899775514
abs,474,4,39746,0.6833643637095557,2.0791791899775514
norm,474,0,39762,0.9150696645037976,0.838511732509404
norm,474,1,40146,0.8661136850495691,1.2951170144223991
norm,474,2,40171,0.8937044136317244,2.0359523216521556
norm,474,3,40175,0.8793777224642191,2.6028901528974937
norm,474,4,39746,0.8687415085794797,3.3211240899436856
cqr,474,0,39762,0.9166540918464866,0.8870005690381868
cqr,474,1,40146,0.8854431325661336,1.3809977312747141
cqr,474,2,40171,0.8950984541086854,2.014072808910342
cqr,474,3,40175,0.8647666459240821,2.4642443791047888
cqr,474,4,39746,0.858677602777638,3.0194327688473868
abs,475,0,39762,0.9990443136663145,2.2794461824010672
abs,475,1,40146,0.9897125491954366,2.2794461824010672
abs,475,2,40171,0.9349530756018023,2.2794461824010672
abs,475,3,40175,0.8369632856253889,2.2794461824010672
abs,475,4,39746,0.7267397977154934,2.2794461824010672
norm,475,0,39762,0.9246768271213721,0.8675653312913919
norm,475,1,40146,0.8784685896477856,1.339991532755191
norm,475,2,40171,0.9034129098105599,2.1064960476361865
norm,475,3,40175,0.8918730553827007,2.6930777116923528
norm,475,4,39746,0.8811452724802495,3.436197741358976
cqr,475,0,39762,0.9273678386399075,0.9166116409170332
cqr,475,1,40146,0.8930154934489115,1.4106088031535609
cqr,475,2,40171,0.9003012123173434,2.0436838807891884
cqr,475,3,40175,0.8698444306160548,2.493855450983635
cqr,475,4,39746,0.8624264076888241,3.0490438407262324
abs,476,0,39762,0.9989940143855943,2.2515568771329164
abs,476,1,40146,0.9888158222487919,2.2515568771329164
abs,476,2,40171,0.9312937193497797,2.2515568771329164
abs,476,3,40175,0.8314872433105165,2.2515568771329164
abs,476,4,39746,0.721104010466462,2.2515568771329164
norm,476,0,39762,0.9241989839545295,0.8662740149021685
norm,476,1,40146,0.8780451352563144,1.337997039700597
norm,476,2,40171,0.9030892932712653,2.1033606608566138
norm,476,3,40175,0.8913503422526446,2.689069235026526
norm,476,4,39746,0.8808181955416897,3.4310831773025443
cqr,476,0,39762,0.9112217695286957,0.8734229238096276
cqr,476,1,40146,0.8816320430428934,1.3674200860461552
cqr,476,2,40171,0.8927833511737323,2.000495163681783
cqr,476,3,40175,0.8626757934038581,2.4506667338762296
cqr,476,4,39746,0.8566648216172696,3.005855123618827
abs,477,0,39762,0.9990694633066747,2.3204044048017
abs,477,1,40146,0.9910327305335526,2.3204044048017
abs,477,2,40171,0.9397326429513828,2.3204044048017
abs,477,3,40175,0.8439079029247044,2.3204044048017
abs,477,4,39746,0.7361243898757107,2.3204044048017
norm,477,0,39762,0.9313666314571701,0.8908858410565124
norm,477,1,40146,0.8870871319683157,1.376011051398566
norm,477,2,40171,0.9107565158945508,2.1631195201024784
norm,477,3,40175,0.9009085252022402,2.765468738406461
norm,477,4,39746,0.8904795451114578,3.5285641374008345
cqr,477,0,39762,0.9422815753734721,0.9638681651673955
cqr,477,1,40146,0.9053205798834255,1.457865327403923
cqr,477,2,40171,0.9081675835801947,2.0909404050395506
cqr,477,3,40175,0.8775606720597386,2.5411119752339975
cqr,477,4,39746,0.8684395914054245,3.0963003649765946
abs,478,0,39762,0.9991700618681153,2.4172866866671017
abs,478,1,40146,0.9931001843272057,2.417286686667102
abs,478,2,40171,0.9493913519703269,2.4172866866671017
abs,478,3,40175,0.8600373366521469,2.4172866866671017
abs,478,4,39746,0.7555980476022744,2.4172866866671017
norm,478,0,39762,0.9191439062421407,0.8508023584352644
norm,478,1,40146,0.8715438648931401,1.3141004086163548
norm,478,2,40171,0.8980607901222275,2.06579463323607
norm,478,3,40175,0.8847790914747977,2.6410424505399237
norm,478,4,39746,0.8743018165349973,3.3698040216134597
cqr,478,0,39762,0.9609677581610583,1.0406308430744504
cqr,478,1,40146,0.9231305734070642,1.5346280053109782
cqr,478,2,40171,0.919469268875557,2.167703082946606
cqr,478,3,40175,0.8887118855009334,2.6178746531410524
cqr,478,4,39746,0.8769435918079806,3.17306304288365
abs,479,0,39762,0.9988934158241537,2.192527016185605
abs,479,1,40146,0.9867234593732875,2.192527016185605
abs,479,2,40171,0.9240745811655174,2.192527016185605
abs,479,3,40175,0.8194150591163659,2.192527016185605
abs,479,4,39746,0.7091782820912796,2.192527016185605
norm,479,0,39762,0.927292389718827,0.876101759001598
norm,479,1,40146,0.8820305883525134,1.3531764082211415
norm,479,2,40171,0.9060765228647532,2.1272229607387594
norm,479,3,40175,0.8951088985687616,2.719576307676598
norm,479,4,39746,0.8845418406883712,3.4700082828353422
cqr,479,0,39762,0.9293546602283588,0.9229109288483688
cqr,479,1,40146,0.8947591291784985,1.4169080910848966
cqr,479,2,40171,0.901446316994847,2.0499831687205243
cqr,479,3,40175,0.8708649657747355,2.5001547389149708
cqr,479,4,39746,0.8632063603884668,3.0553431286575687
abs,480,0,39762,0.9990694633066747,2.290568725983408
abs,480,1,40146,0.9900612763413541,2.290568725983408
abs,480,2,40171,0.9361230738592518,2.290568725983408
abs,480,3,40175,0.8389296826384568,2.290568725983408
abs,480,4,39746,0.7294318925174861,2.290568725983408
norm,480,0,39762,0.9254564659725366,0.8704587996194015
norm,480,1,40146,0.8795645892492403,1.3444606175837155
norm,480,2,40171,0.9042841851086605,2.1135215469007096
norm,480,3,40175,0.892843808338519,2.702059554076546
norm,480,4,39746,0.882579379057012,3.447658007202703
cqr,480,0,39762,0.9432121120667974,0.9674470782580239
cqr,480,1,40146,0.9064165794848802,1.4614442404945518
cqr,480,2,40171,0.9085160936994349,2.0945193181301796
cqr,480,3,40175,0.8781829495955196,2.544690888324626
cqr,480,4,39746,0.8689176269310119,3.0998792780672235
abs,481,0,39762,0.9989688647452342,2.2158800560377827
abs,481,1,40146,0.987595277238081,2.2158800560377827
abs,481,2,40171,0.9271862786587339,2.215880056037783
abs,481,3,40175,0.8240696950840075,2.2158800560377827
abs,481,4,39746,0.7137825189956222,2.2158800560377827
norm,481,0,39762,0.9201750414969065,0.8531637526658663
norm,481,1,40146,0.8724405918397848,1.3177476823839611
norm,481,2,40171,0.8988573846804909,2.0715282275076037
norm,481,3,40175,0.8857249533291848,2.648372639911929
norm,481,4,39746,0.8752830473506767,3.3791568821174334
cqr,481,0,39762,0.9394145163724159,0.954132364113658
cqr,481,1,40146,0.9027798535345987,1.4481295263501857
cqr,481,2,40171,0.9068482238430708,2.0812046039858134
cqr,481,3,40175,0.8758929682638457,2.53137617418026
cqr,481,4,39746,0.8671061238866804,3.0865645639228574
abs,482,0,39762,0.9990694633066747,2.3037769240851196
abs,482,1,40146,0.9906092761420814,2.3037769240851196
abs,482,2,40171,0.9377411565557243,2.3037769240851196
abs,482,3,40175,0.8410205351586808,2.3037769240851196
abs,482,4,39746,0.7317717506164142,2.3037769240851196
norm,482,0,39762,0.9171319350133293,0.84527631284847
norm,482,1,40146,0.8692771384446769,1.305565196305714
norm,482,2,40171,0.8962933459460805,2.0523770924840528
norm,482,3,40175,0.8826384567517113,2.6238886182383956
norm,482,4,39746,0.8718864791425552,3.34791681072673
cqr,482,0,39762,0.9319199235450933,0.9305195637543474
cqr,482,1,40146,0.8967269466447467,1.4245167259908749
cqr,482,2,40171,0.9026909959921336,2.0575918036265026
cqr,482,3,40175,0.8721593030491599,2.5077633738209495
cqr,482,4,39746,0.8641875912041463,3.0629517635635466
abs,483,0,39762,0.9990694633066747,2.3302989929231575
abs,483,1,40146,0.9912569122702137,2.330298992923157
abs,483,2,40171,0.9410271091085609,2.330298992923157
abs,483,3,40175,0.845525824517735,2.330298992923157
abs,483,4,39746,0.7381874905650883,2.330298992923157
norm,483,0,39762,0.9341330918967858,0.9012971527236064
norm,483,1,40146,0.8909978578189608,1.3920917648337316
norm,483,2,40171,0.9144158721465734,2.188398753938156
norm,483,3,40175,0.9050404480398258,2.797787308995718
norm,483,4,39746,0.8943038293161576,3.569800600344554
cqr,483,0,39762,0.9657461898294855,1.065291212806451
cqr,483,1,40146,0.927315299158073,1.5592883750429785
cqr,483,2,40171,0.9227054342685022,2.192363452678606
cqr,483,3,40175,0.892221530802738,2.642535022873053
cqr,483,4,39746,0.8801640416645701,3.1977234126156504
abs,484,0,39762,0.9990946129470348,2.3656569194009807
abs,484,1,40146,0.992004184725751,2.3656569194009807
abs,484,2,40171,0.9449354011600408,2.3656569194009807
abs,484,3,40175,0.8514996888612321,2.3656569194009807
abs,484,4,39746,0.7455341418004328,2.3656569194009807
norm,484,0,39762,0.925884009858659,0.8719188124078402
norm,484,1,40146,0.8801374981318189,1.3467156693978655
norm,484,2,40171,0.9046575888078464,2.1170665377589386
norm,484,3,40175,0.8934163036714374,2.7065916944900845
norm,484,4,39746,0.8831832134051225,3.4534407332580668
cqr,484,0,39762,0.9551833408782254,1.0141207110543675
cqr,484,1,40146,0.9168036666168485,1.5081178732908953
cqr,484,2,40171,0.9157850190435887,2.141192950926523
cqr,484,3,40175,0.8848537647790915,2.5913645211209695
cqr,484,4,39746,0.8740753786544558,3.146552910863567
abs,485,0,39762,0.9990694633066747,2.3006190204614425
abs,485,1,40146,0.9905345488965277,2.3006190204614425
abs,485,2,40171,0.9372930721167011,2.300619020461443
abs,485,3,40175,0.8405973864343497,2.300619020461443
abs,485,4,39746,0.7313188748553313,2.3006190204614425
norm,485,0,39762,0.9337809969317439,0.9002521939519383
norm,485,1,40146,0.8904747671000847,1.3904777815916523
norm,485,2,40171,0.9139428941276045,2.185861536920522
norm,485,3,40175,0.9047168637212196,2.7945435703674955
norm,485,4,39746,0.8940019121421023,3.5656617939152166
cqr,485,0,39762,0.9533725667722952,1.0059990370816674
cqr,485,1,40146,0.9151596672146665,1.4999961993181952
cqr,485,2,40171,0.9147643822658137,2.1330712769538227
cqr,485,3,40175,0.8835345364032359,2.5832428471482696
cqr,485,4,39746,0.8733709052483268,3.1384312368908667
abs,486,0,39762,0.9990694633066747,2.325821173578883
abs,486,1,40146,0.9911323668609575,2.325821173578883
abs,486,2,40171,0.9404296631898633,2.325821173578883
abs,486,3,40175,0.8448537647790915,2.325821173578883
abs,486,4,39746,0.737382378100941,2.3258211735788836
norm,486,0,39762,0.925884009858659,0.8720084451518992
norm,486,1,40146,0.8802122253773725,1.3468541109811845
norm,486,2,40171,0.9046575888078464,2.11728417096106
norm,486,3,40175,0.8934163036714374,2.7068699305335917
norm,486,4,39746,0.8832335329341318,3.4537957449460377
cqr,486,0,39762,0.9421558271716715,0.9635966277057224
cqr,486,1,40146,0.9052956708015742,1.45759378994225
cqr,486,2,40171,0.9081675835801947,2.0906688675778775
cqr,486,3,40175,0.877485998755445,2.5408404377723244
cqr,486,4,39746,0.8684144316409198,3.096028827514922
abs,487,0,39762,0.9990694633066747,2.3190457251040106
abs,487,1,40146,0.9910078214517013,2.3190457251040106
abs,487,2,40171,0.9394837071519255,2.319045725104011
abs,487,3,40175,0.8437087741132545,2.319045725104011
abs,487,4,39746,0.7355708750566095,2.3190457251040106
norm,487,0,39762,0.9363462602484784,0.9107098105012018
norm,487,1,40146,0.8939122203955562,1.406630014885662
norm,487,2,40171,0.9171790595205497,2.2112532015412465
norm,487,3,40175,0.9084256378344742,2.827005879579789
norm,487,4,39746,0.8974236401147285,3.60708165829948
cqr,487,0,39762,0.966727025803531,1.0716027283523515
cqr,487,1,40146,0.928535844168784,1.5655998905888795
cqr,487,2,40171,0.9234522416668741,2.1986749682245073
cqr,487,3,40175,0.8933416303671438,2.648846538418954
cqr,487,4,39746,0.8810194736577266,3.2040349281615517
abs,488,0,39762,0.9990946129470348,2.340424830650545
abs,488,1,40146,0.9915309121705774,2.3404248306505453
abs,488,2,40171,0.9421722137860645,2.3404248306505453
abs,488,3,40175,0.8474424393279403,2.340424830650545
abs,488,4,39746,0.7405021888995119,2.340424830650545
norm,488,0,39762,0.9236456918666063,0.8645201684475345
norm,488,1,40146,0.8772480446370747,1.3352881492986903
norm,488,2,40171,0.9026412088322422,2.09910222579519
norm,488,3,40175,0.8907031736154325,2.6836249824424883
norm,488,4,39746,0.8798621244905148,3.4241366534976656
cqr,488,0,39762,0.9447965394094865,0.9721573416956832
cqr,488,1,40146,0.9075374881681861,1.466154503932211
cqr,488,2,40171,0.9093126882576983,2.0992295815678386
cqr,488,3,40175,0.8786309894212819,2.5494011517622854
cqr,488,4,39746,0.8694459819856086,3.1045895415048825
abs,489,0,39762,0.9989688647452342,2.2208673900202207
abs,489,1,40146,0.9878941862202959,2.2208673900202207
abs,489,2,40171,0.9277837245774315,2.2208673900202207
abs,489,3,40175,0.8250902302426882,2.2208673900202207
abs,489,4,39746,0.7147134302822925,2.2208673900202207
norm,489,0,39762,0.9120768573009406,0.8288435116067159
norm,489,1,40146,0.8624271409355851,1.2801840362602535
norm,489,2,40171,0.8898956959000274,2.0124773528116293
norm,489,3,40175,0.8749719975108898,2.5728782687365728
norm,489,4,39746,0.8647662657877522,3.2828308137712443
cqr,489,0,39762,0.9409234947940245,0.9594974764139836
cqr,489,1,40146,0.9042245802819708,1.453494638650511
cqr,489,2,40171,0.9074207761818227,2.0865697162861387
cqr,489,3,40175,0.8768637212196639,2.5367412864805856
cqr,489,4,39746,0.8678105972928093,3.091929676223183
abs,490,0,39762,0.9988934158241537,2.180073624901222
abs,490,1,40146,0.9861007323270065,2.180073624901222
abs,490,2,40171,0.9225809663687735,2.180073624901222
abs,490,3,40175,0.8168014934660859,2.180073624901222
abs,490,4,39746,0.706737784934333,2.180073624901222
norm,490,0,39762,0.9301845983602435,0.8865935676167863
norm,490,1,40146,0.8855676779753898,1.3693814526144126
norm,490,2,40171,0.9093624754175899,2.152697645564571
norm,490,3,40175,0.8990416925948973,2.752144755167286
norm,490,4,39746,0.8890454385346953,3.5115635729857866
cqr,490,0,39762,0.9635833207585132,1.0534165749462143
cqr,490,1,40146,0.9253972998555273,1.5474137371827419
cqr,490,2,40171,0.921137138731921,2.1804888148183696
cqr,490,3,40175,0.8907280647168637,2.6306603850128165
cqr,490,4,39746,0.8783776983847431,3.1858487747554136
abs,491,0,39762,0.9989688647452342,2.2376757204665907
abs,491,1,40146,0.9884670951028746,2.2376757204665907
abs,491,2,40171,0.9295262751736327,2.2376757204665907
abs,491,3,40175,0.8283509645301804,2.2376757204665907
abs,491,4,39746,0.7181603180194234,2.2376757204665907
norm,491,0,39762,0.930285196921684,0.8867916399717911
norm,491,1,40146,0.8856174961390924,1.3696873837864025
norm,491,2,40171,0.909437156157427,2.1531785760696467
norm,491,3,40175,0.8991661481020535,2.7527596071275093
norm,491,4,39746,0.8891712373572184,3.512348085407324
cqr,491,0,39762,0.9153714601881193,0.882534274014877
cqr,491,1,40146,0.8844218602102326,1.3765314362514047
cqr,491,2,40171,0.894301859550422,2.0096065138870327
cqr,491,3,40175,0.8640448039825762,2.459778084081479
cqr,491,4,39746,0.8581240879585367,3.014966473824077
abs,492,0,39762,0.9991449122277551,2.405775054538041
abs,492,1,40146,0.9928012753449907,2.405775054538041
abs,492,2,40171,0.9484453959323891,2.405775054538041
abs,492,3,40175,0.8582451773490977,2.405775054538041
abs,492,4,39746,0.7531323906808233,2.405775054538041
norm,492,0,39762,0.9213822242341935,0.8564575597804548
norm,492,1,40146,0.8738105913416031,1.3228351074860074
norm,492,2,40171,0.9001269572577232,2.0795257712294455
norm,492,3,40175,0.8872682016179216,2.658597205379187
norm,492,4,39746,0.876415236753384,3.392202784436713
cqr,492,0,39762,0.9226145566118404,0.9024105590381452
cqr,492,1,40146,0.88957804015344,1.3964077212746726
cqr,492,2,40171,0.898110577282119,2.029482798910301
cqr,492,3,40175,0.8674051026757934,2.4796543691047472
cqr,492,4,39746,0.8606903839380063,3.034842758847345
abs,493,0,39762,0.9990191640259545,2.2623415045749065
abs,493,1,40146,0.9891396403128581,2.262341504574907
abs,493,2,40171,0.9325881855069578,2.2623415045749065
abs,493,3,40175,0.8337523335407592,2.2623415045749065
abs,493,4,39746,0.7232929099783626,2.2623415045749065
norm,493,0,39762,0.931869624264373,0.8926580757164857
norm,493,1,40146,0.8878094953420017,1.3787483431652676
norm,493,2,40171,0.9114037489731398,2.1674226027316115
norm,493,3,40175,0.9018543870566272,2.7709700712635015
norm,493,4,39746,0.8912343380465959,3.5355834920432034
cqr,493,0,39762,0.9427342688999547,0.9657163119920033
cqr,493,1,40146,0.9059682160115579,1.459713474228531
cqr,493,2,40171,0.908316945059869,2.092788551864159
cqr,493,3,40175,0.877909147479776,2.542960122058605
cqr,493,4,39746,0.8687918281084889,3.0981485118012024
abs,494,0,39762,0.9987928172627132,2.1487799305484643
abs,494,1,40146,0.9849050963981467,2.1487799305484643
abs,494,2,40171,0.918349057777999,2.1487799305484643
abs,494,3,40175,0.8108276291225887,2.1487799305484643
abs,494,4,39746,0.7000201278116037,2.1487799305484643
norm,494,0,39762,0.9184397163120568,0.8484098607999128
norm,494,1,40146,0.8705225925372391,1.3104050943179655
norm,494,2,40171,0.8971895148241269,2.059985518197615
norm,494,3,40175,0.8839327940261357,2.6336157106453597
norm,494,4,39746,0.873295425954813,3.3603279687165957
cqr,494,0,39762,0.9299834012373623,0.9252153566213921
cqr,494,1,40146,0.8952324017336721,1.4192125188579194
cqr,494,2,40171,0.9018944014338702,2.052287596493547
cqr,494,3,40175,0.8714125700062227,2.5024591666879936
cqr,494,4,39746,0.8635837568560358,3.0576475564305916
abs,495,0,39762,0.9990946129470348,2.3682210574517164
abs,495,1,40146,0.9920290938076023,2.3682210574517164
abs,495,2,40171,0.9451096562196609,2.3682210574517164
abs,495,3,40175,0.8519975108898569,2.3682210574517164
abs,495,4,39746,0.7460624968550295,2.3682210574517164
norm,495,0,39762,0.930285196921684,0.8867706779393402
norm,495,1,40146,0.8856174961390924,1.3696550070362248
norm,495,2,40171,0.909437156157427,2.153127679109019
norm,495,3,40175,0.8991661481020535,2.7526945372355374
norm,495,4,39746,0.8891712373572184,3.512265060318648
cqr,495,0,39762,0.9419546300487903,0.9626113911640308
cqr,495,1,40146,0.9049967618193593,1.4566085534005584
cqr,495,2,40171,0.9079186477807374,2.089683631036186
cqr,495,3,40175,0.87738643434972,2.539855201230633
cqr,495,4,39746,0.8682383132893876,3.09504359097323
abs,496,0,39762,0.9989688647452342,2.229165572346854
abs,496,1,40146,0.9881681861206596,2.229165572346854
abs,496,2,40171,0.9287794677752608,2.229165572346854
abs,496,3,40175,0.8263347853142502,2.229165572346854
abs,496,4,39746,0.7164494540331102,2.229165572346854
norm,496,0,39762,0.931869624264373,0.8925790030905982
norm,496,1,40146,0.8877845862601504,1.3786262121333552
norm,496,2,40171,0.9114037489731398,2.1672306100736516
norm,496,3,40175,0.9017797137523336,2.770724615712546
norm,496,4,39746,0.8912091782820912,3.5352703062015403
cqr,496,0,39762,0.9419294804084302,0.962392022723187
cqr,496,1,40146,0.9049469436556569,1.4563891849597144
cqr,496,2,40171,0.9078439670409002,2.0894642625953423
cqr,496,3,40175,0.8773366521468575,2.539635832789789
cqr,496,4,39746,0.868213153524883,3.094824222532387
abs,497,0,39762,0.9991449122277551,2.3902254727103345
abs,497,1,40146,0.9926020026901808,2.390225472710335
abs,497,2,40171,0.9470264618754823,2.3902254727103345
abs,497,3,40175,0.8557809583074051,2.3902254727103345
abs,497,4,39746,0.7505660947013536,2.3902254727103345
norm,497,0,39762,0.9355666213973141,0.9065827863949967
norm,497,1,40146,0.8927913117122502,1.4002556507215715
norm,497,2,40171,0.9159592741032088,2.2012325614180637
norm,497,3,40175,0.9071810827629122,2.81419485978086
norm,497,4,39746,0.8961153323604891,3.59073560296418
cqr,497,0,39762,0.9512851466224033,0.9966242211959306
cqr,497,1,40146,0.9128929407662033,1.4906213834324582
cqr,497,2,40171,0.913345448208907,2.1236964610680857
cqr,497,3,40175,0.882190416925949,2.5738680312625326
cqr,497,4,39746,0.8721129170230967,3.12905642100513
abs,498,0,39762,0.9992455107891958,2.4421936041294883
abs,498,1,40146,0.993548547800528,2.4421936041294883
abs,498,2,40171,0.9517811356451171,2.4421936041294883
abs,498,3,40175,0.8642439327940261,2.4421936041294883
abs,498,4,39746,0.760579680974186,2.4421936041294883
norm,498,0,39762,0.9357678185201952,0.907429733922788
norm,498,1,40146,0.8930154934489115,1.4015637971803963
norm,498,2,40171,0.9162579970625576,2.2032889963117825
norm,498,3,40175,0.9074051026757934,2.816823936148714
norm,498,4,39746,0.8963417702410306,3.594090139017061
cqr,498,0,39762,0.9551833408782254,1.0141114920851542
cqr,498,1,40146,0.9168036666168485,1.5081086543216817
cqr,498,2,40171,0.9157850190435887,2.1411837319573093
cqr,498,3,40175,0.8848537647790915,2.5913553021517566
cqr,498,4,39746,0.8740753786544558,3.1465436918943537
abs,499,0,39762,0.9990946129470348,2.37371778359213
abs,499,1,40146,0.9921785482987097,2.37371778359213
abs,499,2,40171,0.9455328470787384,2.37371778359213
abs,499,3,40175,0.8528189172370877,2.3737177835921304
abs,499,4,39746,0.7470185679062044,2.37371778359213
norm,499,0,39762,0.9154217594688396,0.8398721319105397
norm,499,1,40146,0.8664624121954865,1.297218209125481
norm,499,2,40171,0.8941524980707476,2.039255445760899
norm,499,3,40175,0.8798755444928438,2.6071130755686247
norm,499,4,39746,0.8694711417501132,3.3265122736123094
cqr,499,0,39762,0.9281223278507117,0.91938772557805
cqr,499,1,40146,0.8935385841677875,1.4133848878145776
cqr,499,2,40171,0.9008737646560951,2.0464599654502056
cqr,499,3,40175,0.8702675793403858,2.496631535644652
cqr,499,4,39746,0.8628289639208977,3.051819925387249
