method,trial,coverage,mean_width,q_hat,ssc_worst,crossing_rate,sigma_clip_rate
abs,0,0.876105,2.09859891252952,1.04929945626476,,,
norm,0,0.888605,2.042109036803222,2.069136143435012,0.87225,,5e-05
cqr,0,0.8821,1.9440989549604708,0.017291453457856987,0.8714153561517114,0.0,
abs,1,0.894875,2.255076145160317,1.127538072580159,,,
norm,1,0.898195,2.103606442494076,2.131447461072403,0.882175,,5e-05
cqr,1,0.896795,2.012752759009583,0.051618355482413225,0.8813089018323625,0.0,
abs,2,0.905425,2.351252202213829,1.1756261011069151,,,
norm,2,0.88938,2.047226572141242,2.074321408835815,0.873125,,5e-05
cqr,2,0.89891,2.0231242449581472,0.05680409845669532,0.8827837912156589,0.0,
abs,3,0.883835,2.158597932683748,1.0792989663418742,,,
norm,3,0.89992,2.1161882642824437,2.144195802000036,0.88425,,5e-05
cqr,3,0.901135,2.034223957870206,0.06235395491272455,0.8840086993475489,0.0,
abs,4,0.91941,2.5023261493965165,1.2511630746982583,,,
norm,4,0.908915,2.178120367095877,2.2069475699324737,0.893325,,5e-05
cqr,4,0.92236,2.1642793505300766,0.12738165124265988,0.8978326625503087,0.0,
abs,5,0.907235,2.371172185192379,1.18558609259619,,,
norm,5,0.90221,2.131560426420199,2.159771413149461,0.88635,,5e-05
cqr,5,0.899475,2.025900416401789,0.058192184178516015,0.8830587705922056,0.0,
abs,6,0.893035,2.2393208109126306,1.1196604054563146,,,
norm,6,0.90819,2.172691019667466,2.2014463656397885,0.89255,,5e-05
cqr,6,0.90558,2.058677717443461,0.074580834699352,0.8864085193610479,0.0,
abs,7,0.898555,2.287656370693838,1.1438281853469183,,,
norm,7,0.890075,2.050979427036025,2.078123932385692,0.8739,,5e-05
cqr,7,0.90081,2.032428089875452,0.06145602091534741,0.8839087068469865,0.0,
abs,8,0.911115,2.4126033651707313,1.206301682585365,,,
norm,8,0.91227,2.2033856930057416,2.2325472798762678,0.896425,,5e-05
cqr,8,0.89178,1.9885105654873845,0.039497258721314044,0.8786091043171762,0.0,
abs,9,0.90561,2.3530417903572025,1.1765208951786006,,,
norm,9,0.914445,2.22099351719691,2.250388141840343,0.899125,,5e-05
cqr,9,0.905395,2.0578126184819006,0.07414828521857197,0.8863085268604854,0.0,
abs,10,0.900405,2.3055695024296177,1.1527847512148082,,,
norm,10,0.90278,2.1353686792529443,2.163630067823409,0.886775,,5e-05
cqr,10,0.90623,2.062227680138748,0.07635581604699548,0.8868334874884384,0.0,
abs,11,0.909555,2.394776475093179,1.1973882375465887,,,
norm,11,0.898505,2.105482178032555,2.1333480217810843,0.8826,,5e-05
cqr,11,0.90159,2.0365809033659223,0.06353242766058267,0.8842336824738145,0.0,
abs,12,0.916015,2.46286800380134,1.23143400190067,,,
norm,12,0.90361,2.140881767347214,2.169216121081197,0.887675,,5e-05
cqr,12,0.90698,2.066485068109878,0.07848451003256035,0.8873084518661101,0.0,
abs,13,0.905535,2.3522732225779044,1.1761366112889515,,,
norm,13,0.895965,2.0892909295314026,2.116942483743058,0.88,,5e-05
cqr,13,0.89454,2.0016260829746315,0.04605501746493734,0.880308976826738,0.0,
abs,14,0.897275,2.2761425238738204,1.1380712619369102,,,
norm,14,0.90033,2.1190964782680037,2.147142505903657,0.884775,,5e-05
cqr,14,0.902015,2.0388041245371826,0.06464403824621268,0.8844086693497988,0.0,
abs,15,0.901615,2.3166272598614697,1.1583136299307344,,,
norm,15,0.905155,2.150997817384383,2.1794660560178105,0.8893,,5e-05
cqr,15,0.907285,2.068073719448008,0.07927883570162542,0.8874834387420943,0.0,
abs,16,0.919195,2.499970325752919,1.2499851628764598,,,
norm,16,0.907935,2.170861360323915,2.199592490939816,0.892275,,5e-05
cqr,16,0.91001,2.084227229427353,0.08735559069129806,0.889383296252781,0.0,
abs,17,0.89642,2.268769347150794,1.1343846735753977,,,
norm,17,0.882695,2.007372353805574,2.033939723949991,0.8663,,5e-05
cqr,17,0.885165,1.9574872195847774,0.02398558577001042,0.8737655324149312,0.0,
abs,18,0.902795,2.326781652495107,1.163390826247553,,,
norm,18,0.90192,2.1296397949197754,2.1578253622853176,0.88615,,5e-05
cqr,18,0.908835,2.0776097449530613,0.08404684845415211,0.8884083693722971,0.0,
abs,19,0.905155,2.3485153187032406,1.17425765935162,,,
norm,19,0.898925,2.108599118143498,2.136506214279253,0.88315,,5e-05
cqr,19,0.897555,2.0162780560917217,0.05338100402348234,0.8818338624603155,0.0,
abs,20,0.8999,2.300593471697851,1.150296735848925,,,
norm,20,0.89952,2.1131269683690763,2.1410939901447716,0.883775,,5e-05
cqr,20,0.90676,2.065112850990107,0.07779840147267492,0.8871584631152664,0.0,
abs,21,0.89232,2.2326319871189946,1.1163159935594973,,,
norm,21,0.89387,2.074798150708972,2.1022578944582255,0.877825,,5e-05
cqr,21,0.887415,1.967358598233598,0.02892127509442055,0.8753656524239318,0.0,
abs,22,0.904925,2.3466258915318288,1.173312945765914,,,
norm,22,0.910625,2.1921849516606815,2.2211982978519735,0.8949,,5e-05
cqr,22,0.91169,2.0941501944094103,0.09231707318232651,0.8902332325075619,0.0,
abs,23,0.90182,2.3182938705732195,1.1591469352866095,,,
norm,23,0.90124,2.124873302703466,2.1529957860264486,0.885575,,5e-05
cqr,23,0.895615,2.0064156704713296,0.04844981121328629,0.8809089318301128,0.0,
abs,24,0.89298,2.2387773640815776,1.1193886820407881,,,
norm,24,0.89193,2.0626418596513574,2.089940716117542,0.875875,,5e-05
cqr,24,0.899435,2.025652928167481,0.058068440061362026,0.8830587705922056,0.0,
abs,25,0.906775,2.365934408843806,1.1829672044219033,,,
norm,25,0.91048,2.1908567722489707,2.2198525401200357,0.894725,,5e-05
cqr,25,0.902635,2.0422397760302307,0.06636186399273658,0.8847086468514861,0.0,
abs,26,0.901605,2.3165544263071216,1.158277213153561,,,
norm,26,0.908855,2.1775458687802485,2.2063654681897225,0.893275,,5e-05
cqr,26,0.91195,2.095366213825626,0.09292508289043444,0.8904332175086869,0.0,
abs,27,0.91668,2.4703102141883715,1.2351551070941849,,,
norm,27,0.907475,2.167913412303179,2.1966055271250826,0.8918,,5e-05
cqr,27,0.92087,2.1544316049471655,0.1224577784512042,0.8967577431692623,0.0,
abs,28,0.9041,2.3385235043560346,1.169261752178018,,,
norm,28,0.8961,2.0902927381825216,2.117957551230385,0.880075,,5e-05
cqr,28,0.909965,2.083987969984619,0.08723596096993091,0.8893083018773592,0.0,
abs,29,0.890015,2.211953401664808,1.1059767008324046,,,
norm,29,0.89252,2.0665262645083553,2.093876530680084,0.8764,,5e-05
cqr,29,0.8883,1.9718216874726073,0.031152819713924806,0.8761157086781508,0.0,
abs,30,0.911725,2.4188606428789616,1.2094303214394815,,,
norm,30,0.900235,2.118532538664554,2.146571102616573,0.8847,,5e-05
cqr,30,0.88937,1.9764375971266392,0.033460774540940985,0.8768657649323699,0.0,
abs,31,0.89849,2.28712346276882,1.1435617313844104,,,
norm,31,0.90248,2.133576575656738,2.1618142459173,0.886575,,5e-05
cqr,31,0.91401,2.1080096765429515,0.0992468142490972,0.8916331275154363,0.0,
abs,32,0.88933,2.2054955808301293,1.1027477904150647,,,
norm,32,0.88937,2.047128730281276,2.074222272048725,0.8731,,5e-05
cqr,32,0.894445,2.001252724489831,0.04586833822253711,0.8802589805764568,0.0,
abs,33,0.896795,2.2715330686628334,1.135766534331416,,,
norm,33,0.890365,2.0530781737643604,2.08025045581478,0.874225,,5e-05
cqr,33,0.908715,2.0768062342782536,0.08364509311674828,0.8883333749968753,0.0,
abs,34,0.899965,2.3010811011889767,1.1505405505944881,,,
norm,34,0.88757,2.035650043218825,2.0625916657235708,0.871275,,5e-05
cqr,34,0.893955,1.9986627275390627,0.04457333974715272,0.8798840086993476,0.0,
abs,35,0.90665,2.364700449426131,1.1823502247130655,,,
norm,35,0.891045,2.0570763242542847,2.0843015214222,0.874925,,5e-05
cqr,35,0.89243,1.991510011349933,0.040996981652587916,0.8789840761942854,0.0,
abs,36,0.889425,2.2061284631182043,1.1030642315591015,,,
norm,36,0.88684,2.031493631805089,2.0583802446250137,0.87045,,5e-05
cqr,36,0.88689,1.9649514944107551,0.027717723182999254,0.8749156186714003,0.0,
abs,37,0.898635,2.2885074451436584,1.1442537225718297,,,
norm,37,0.90416,2.144887250853839,2.1732746167570527,0.8884,,5e-05
cqr,37,0.9103,2.0859165331289544,0.08820024254209868,0.8895582831287654,0.0,
abs,38,0.88886,2.202041230175027,1.1010206150875137,,,
norm,38,0.90278,2.135308408943475,2.163568999842487,0.886775,,5e-05
cqr,38,0.891445,1.986922739940482,0.03870334594786268,0.8784591155663325,0.0,
abs,39,0.90576,2.3545782146166356,1.1772891073083174,,,
norm,39,0.901175,2.124225655504984,2.152339567282776,0.8855,,5e-05
cqr,39,0.903605,2.048123597987592,0.06930377497141726,0.885433592480564,0.0,
abs,40,0.901565,2.3158359956675003,1.1579179978337508,,,
norm,40,0.898255,2.103831995881524,2.1316759996361276,0.882325,,5e-05
cqr,40,0.906455,2.0633786775305794,0.07693131474291126,0.8869334799890009,0.0,
abs,41,0.91068,2.4081625118317405,1.2040812559158693,,,
norm,41,0.90043,2.1198601876747567,2.1479163229271916,0.8849,,5e-05
cqr,41,0.91067,2.0881404715371663,0.08931221174620463,0.889708271879609,0.0,
abs,42,0.88426,2.1621265619206773,1.0810632809603384,,,
norm,42,0.89237,2.0654867085354924,2.092823216289026,0.87635,,5e-05
cqr,42,0.87778,1.9265723527868843,0.008528152371063635,0.8686151461359602,0.0,
abs,43,0.89547,2.2604730480189286,1.130236524009464,,,
norm,43,0.903,2.1366347928371874,2.164912938292927,0.887,,5e-05
cqr,43,0.894395,2.0010447840059555,0.04576436798059924,0.8802339824513161,0.0,
abs,44,0.90944,2.3933713614216376,1.1966856807108195,,,
norm,44,0.913145,2.210490285932734,2.2397459013723298,0.8975,,5e-05
cqr,44,0.921005,2.1552253345662136,0.12285464326072848,0.896907731920106,0.0,
abs,45,0.894035,2.2476607664271055,1.123830383213553,,,
norm,45,0.905045,2.1501054295535273,2.1785618575242403,0.8893,,5e-05
cqr,45,0.909425,2.0808913838162053,0.08568766788572435,0.8888333374996875,0.0,
abs,46,0.8995,2.296353943182936,1.1481769715914678,,,
norm,46,0.89731,2.0980248406287343,2.125791987270708,0.881275,,5e-05
cqr,46,0.904065,2.050825557894408,0.07065475492482554,0.8857085718571107,0.0,
abs,47,0.89173,2.2277399261149493,1.1138699630574742,,,
norm,47,0.89291,2.068495907279467,2.095872241474128,0.876875,,5e-05
cqr,47,0.894685,2.00240086219569,0.04644240707546671,0.8803339749518786,0.0,
abs,48,0.904885,2.3463636702509945,1.173181835125498,,,
norm,48,0.893145,2.070041008157395,2.0974377916059557,0.87715,,5e-05
cqr,48,0.896625,2.0117390962914303,0.051111524123336416,0.881283903707222,0.0,
abs,49,0.89858,2.287782828400615,1.143891414200307,,,
norm,49,0.89659,2.0934148312907763,2.1211209649252645,0.880575,,5e-05
cqr,49,0.89949,2.026000061730703,0.058242006842973204,0.8830837687173462,0.0,
abs,50,0.90331,2.3313651557974993,1.1656825778987494,,,
norm,50,0.892035,2.06350732113684,2.0908176318982807,0.875975,,5e-05
cqr,50,0.89699,2.013749454363643,0.0521167031594425,0.8814338924580657,0.0,
abs,51,0.88604,2.17736928177351,1.0886846408867552,,,
norm,51,0.892095,2.063817079650201,2.0911314900342477,0.87605,,5e-05
cqr,51,0.90654,2.0639528642641207,0.077218408109682,0.8869584781141414,0.0,
abs,52,0.908845,2.3872434318641567,1.1936217159320777,,,
norm,52,0.90328,2.138520661038092,2.1668237657687968,0.8874,,5e-05
cqr,52,0.907225,2.0677533737872626,0.0791186628712528,0.8874334424918131,0.0,
abs,53,0.918455,2.4909151608871323,1.2454575804435657,,,
norm,53,0.920175,2.2690461378119253,2.2990767340307707,0.9051,,5e-05
cqr,53,0.911235,2.091393308740125,0.0909386303476839,0.8899582531310152,0.0,
abs,54,0.894545,2.2521650270157516,1.1260825135078765,,,
norm,54,0.90462,2.147342699470708,2.1757625629881043,0.888875,,5e-05
cqr,54,0.911265,2.09154026919241,0.09101211057382641,0.8899582531310152,0.0,
abs,55,0.89292,2.238249397566093,1.1191246987830463,,,
norm,55,0.90328,2.138487269716329,2.166789932516267,0.8874,,5e-05
cqr,55,0.90762,2.0699964416571115,0.08024019680617722,0.8876834237432193,0.0,
abs,56,0.903935,2.336828561254073,1.1684142806270372,,,
norm,56,0.894075,2.0760745698772367,2.103551206905128,0.87795,,5e-05
cqr,56,0.906225,2.0621558482817766,0.07631990011850975,0.8868334874884384,0.0,
abs,57,0.894595,2.2527516811195416,1.1263758405597712,,,
norm,57,0.914795,2.22368543398885,2.253115685878855,0.8995,,5e-05
cqr,57,0.904775,2.0547325317220313,0.07260824183863734,0.8860835437342199,0.0,
abs,58,0.897365,2.2769475627022593,1.1384737813511296,,,
norm,58,0.89764,2.1003881381334675,2.1281865627789722,0.881525,,5e-05
cqr,58,0.893255,1.9954083879626285,0.04294616995893574,0.8793840461965352,0.0,
abs,59,0.90538,2.3508869734754376,1.1754434867377181,,,
norm,59,0.9013,2.1254344162818666,2.153564325886326,0.88565,,5e-05
cqr,59,0.9042,2.0515673186744103,0.07102563531482653,0.8857335699822513,0.0,
abs,60,0.90213,2.3206648201559545,1.160332410077977,,,
norm,60,0.89574,2.087379053110344,2.1150053038308694,0.87975,,5e-05
cqr,60,0.90294,2.044318686824655,0.0674013193899487,0.884908631852611,0.0,
abs,61,0.902935,2.328032097105449,1.164016048552724,,,
norm,61,0.89692,2.0954277267503105,2.123160500852689,0.8808,,5e-05
cqr,61,0.88642,1.9629449131471333,0.026714432551188272,0.8745905942945721,0.0,
abs,62,0.904145,2.3390441920567024,1.169522096028351,,,
norm,62,0.909585,2.1829906830032972,2.2118823439785076,0.89385,,5e-05
cqr,62,0.916485,2.123887390787057,0.10718567137115009,0.8933330000249982,0.0,
abs,63,0.9052,2.3489595796495806,1.1744797898247903,,,
norm,63,0.88139,1.9988324197281127,2.025286764708456,0.86515,,5e-05
cqr,63,0.89853,2.020838229767607,0.05566109086142479,0.8824338174636902,0.0,
abs,64,0.91618,2.4645827675521357,1.2322913837760674,,,
norm,64,0.90592,2.1562964563030635,2.1848348218868536,0.890025,,5e-05
cqr,64,0.90518,2.056836577181416,0.0736602645683293,0.8861335399845012,0.0,
abs,65,0.89983,2.2996619130324234,1.1498309565162113,,,
norm,65,0.891315,2.058592987765522,2.0858382578216643,0.875175,,5e-05
cqr,65,0.889735,1.978532520804199,0.0345082363797212,0.877140785558917,0.0,
abs,66,0.90926,2.3914872825205795,1.1957436412602902,,,
norm,66,0.892675,2.067310436894801,2.0946710815087797,0.8766,,5e-05
cqr,66,0.90068,2.031595815494583,0.06103988372491265,0.8838837087218459,0.0,
abs,67,0.894875,2.255060984735429,1.1275304923677143,,,
norm,67,0.89134,2.0588761628290992,2.0861251806785774,0.8752,,5e-05
cqr,67,0.90431,2.0521330581168016,0.07130850503602215,0.8858335624828138,0.0,
abs,68,0.89405,2.247799320678356,1.1238996603391789,,,
norm,68,0.889975,2.0503999633858307,2.0775367995926755,0.87375,,5e-05
cqr,68,0.894765,2.0027087585096246,0.04659635523243377,0.8803589730770193,0.0,
abs,69,0.89587,2.2636347993847252,1.1318173996923628,,,
norm,69,0.909695,2.183858098062188,2.212761239188002,0.89395,,5e-05
cqr,69,0.90147,2.035758287262631,0.06312111960893718,0.884133689973252,0.0,
abs,70,0.89393,2.2467439768526276,1.1233719884263138,,,
norm,70,0.906615,2.161322881145485,2.189927770953861,0.890675,,5e-05
cqr,70,0.89939,2.025475972585042,0.05797996227014271,0.8830587705922056,0.0,
abs,71,0.9112,2.413569643427264,1.2067848217136319,,,
norm,71,0.89629,2.091393781675857,2.119073166923032,0.88025,,5e-05
cqr,71,0.90987,2.0834403038275773,0.08696212789141006,0.8892333075019374,0.0,
abs,72,0.896745,2.2710424983006563,1.1355212491503275,,,
norm,72,0.89391,2.0750570206261987,2.102520190492633,0.877875,,5e-05
cqr,72,0.88533,1.9583029454354979,0.0243934486953703,0.8740155511663374,0.0,
abs,73,0.89595,2.2643547032523252,1.1321773516261633,,,
norm,73,0.907635,2.1690160488509935,2.1977227569561237,0.891925,,5e-05
cqr,73,0.89301,1.9940440948877514,0.04226402342149749,0.8792340574456916,0.0,
abs,74,0.902515,2.3240040516383953,1.1620020258191972,,,
norm,74,0.901595,2.1274693844823473,2.155626226685192,0.88595,,5e-05
cqr,74,0.898395,2.0203131111180603,0.05539853153665186,0.8823588230882684,0.0,
abs,75,0.906085,2.358324552519063,1.179162276259531,,,
norm,75,0.903725,2.141646998859702,2.169991480355383,0.88785,,5e-05
cqr,75,0.905815,2.059980814066855,0.07523238301104906,0.8866085043621729,0.0,
abs,76,0.907895,2.3778046838597593,1.18890234192988,,,
norm,76,0.90842,2.1742900904752016,2.203066599987989,0.892825,,5e-05
cqr,76,0.902325,2.0403906356545414,0.06543729380489216,0.8845586581006425,0.0,
abs,77,0.89264,2.2358841762468704,1.1179420881234354,,,
norm,77,0.88603,2.026959820061839,2.053786428341738,0.8698,,5e-05
cqr,77,0.88119,1.9405179185828034,0.015500935269023281,0.8706652998974923,0.0,
abs,78,0.90432,2.3407629504166327,1.170381475208317,,,
norm,78,0.9078,2.1699026290686425,2.1986210709733136,0.892175,,5e-05
cqr,78,0.9016,2.036644312930094,0.06356413244266856,0.8842336824738145,0.0,
abs,79,0.901505,2.315458364644158,1.1577291823220788,,,
norm,79,0.902615,2.1342465803758435,2.1624931180811204,0.886625,,5e-05
cqr,79,0.89839,2.0202722725151716,0.055378112235207444,0.8823588230882684,0.0,
abs,80,0.90432,2.340769021173166,1.1703845105865835,,,
norm,80,0.907175,2.1657035291418656,2.194366396383562,0.8916,,5e-05
cqr,80,0.908195,2.0734540904388403,0.08196902119704197,0.8881083918706097,0.0,
abs,81,0.9103,2.402747053355567,1.201373526677783,,,
norm,81,0.91026,2.188673764601767,2.2176406405873372,0.894525,,5e-05
cqr,81,0.913305,2.1036040834067937,0.0970440176810185,0.8912581556383271,0.0,
abs,82,0.888325,2.197043578608003,1.0985217893040018,,,
norm,82,0.896445,2.0922550616698996,2.1199458458707157,0.88045,,5e-05
cqr,82,0.89414,1.9996297401247904,0.045056846040016474,0.87998400119991,0.0,
abs,83,0.906025,2.3572783167683102,1.1786391583841556,,,
norm,83,0.898865,2.108207676913116,2.136109592363764,0.8831,,5e-05
cqr,83,0.90329,2.0462510448287548,0.06836749839199918,0.8852086093542985,0.0,
abs,84,0.9037,2.334488450064306,1.1672442250321535,,,
norm,84,0.90594,2.156479784546605,2.185020576461163,0.890025,,5e-05
cqr,84,0.908615,2.0761517872293305,0.08331786959228671,0.8883083768717346,0.0,
abs,85,0.89989,2.300301318368758,1.1501506591843784,,,
norm,85,0.913625,2.2145634616097585,2.243872985117616,0.8981,,5e-05
cqr,85,0.913915,2.1073196435972075,0.09890179777622496,0.8915581331400145,0.0,
abs,86,0.897265,2.2760685621583647,1.1380342810791826,,,
norm,86,0.902015,2.1305136090064254,2.158710741213056,0.886225,,5e-05
cqr,86,0.905595,2.058761613726331,0.07462278284078705,0.8864335174861885,0.0,
abs,87,0.91101,2.4115000524856374,1.2057500262428194,,,
norm,87,0.893565,2.072474221239895,2.099903208017589,0.877475,,5e-05
cqr,87,0.90131,2.0349973976705336,0.06274067481288864,0.8840836937229708,0.0,
abs,88,0.911595,2.4171838118936937,1.2085919059468475,,,
norm,88,0.90238,2.1328260793767906,2.1610538168949676,0.886475,,5e-05
cqr,88,0.90376,2.0490992128210057,0.06979158238812433,0.8854835887308452,0.0,
abs,89,0.896635,2.270358481102996,1.1351792405514987,,,
norm,89,0.91016,2.1878243009568195,2.2167799343769357,0.894425,,5e-05
cqr,89,0.893125,1.9946572317687838,0.042570591862013396,0.8792840536959728,0.0,
abs,90,0.91045,2.4046660652942227,1.202333032647112,,,
norm,90,0.91215,2.2026579766674996,2.2318099322858664,0.896225,,5e-05
cqr,90,0.910265,2.085819608786913,0.08815178037107803,0.8895332850036247,0.0,
abs,91,0.873335,2.0759145152416854,1.0379572576208433,,,
norm,91,0.89539,2.0847564286642846,2.1123479692154303,0.87945,,5e-05
cqr,91,0.891105,1.9854790319915328,0.03798149197338763,0.8782591305652077,0.0,
abs,92,0.902865,2.3274974325810174,1.1637487162905082,,,
norm,92,0.89094,2.0565051765384728,2.083722814624116,0.87485,,5e-05
cqr,92,0.900725,2.0318676845308974,0.06117581824307039,0.8839087068469865,0.0,
abs,93,0.88522,2.1703784953849237,1.085189247692462,,,
norm,93,0.89651,2.0929596435611457,2.1206597528320543,0.880525,,5e-05
cqr,93,0.894785,2.002774763238322,0.04662935759678244,0.8803589730770193,0.0,
abs,94,0.88045,2.132084536201432,1.0660422681007158,,,
norm,94,0.904715,2.1481343203265806,2.176564660865967,0.88905,,5e-05
cqr,94,0.906455,2.0633600417588176,0.07692199685703016,0.8869334799890009,0.0,
abs,95,0.915185,2.4539634128636036,1.2269817064318023,,,
norm,95,0.9069,2.1634363146682265,2.192069175555595,0.8912,,5e-05
cqr,95,0.90763,2.070052827938834,0.08026838994703844,0.8876834237432193,0.0,
abs,96,0.89358,2.2438723296033793,1.12193616480169,,,
norm,96,0.90603,2.1570755527024734,2.185624229548339,0.890125,,5e-05
cqr,96,0.90336,2.046613811329318,0.06854888164228079,0.885233607479439,0.0,
abs,97,0.92519,2.5760347495049842,1.288017374752492,,,
norm,97,0.91357,2.21409353600208,2.243396840092032,0.898,,5e-05
cqr,97,0.92806,2.2071028097463907,0.14879338085081684,0.9020323475739319,0.0,
abs,98,0.89593,2.2642208498596754,1.1321104249298373,,,
norm,98,0.897485,2.099324026103729,2.1271083673341087,0.881425,,5e-05
cqr,98,0.880695,1.9385809287639146,0.014532440359578791,0.8703152736455234,0.0,
abs,99,0.90251,2.3239097543698346,1.1619548771849169,,,
norm,99,0.886015,2.0268512017301608,2.0536763724574225,0.8698,,5e-05
cqr,99,0.903655,2.0484291562395516,0.06945655409739704,0.8854585906057045,0.0,
abs,100,0.893475,2.24299613070743,1.1214980653537148,,,
norm,100,0.896365,2.091903745922198,2.1195898804946136,0.880325,,5e-05
cqr,100,0.91753,2.13093798221119,0.11071096708321693,0.8942079344049196,0.0,
abs,101,0.89636,2.2679502874702777,1.1339751437351389,,,
norm,101,0.91,2.186429174193604,2.215366343252065,0.894225,,5e-05
cqr,101,0.89738,2.015546346388891,0.053015149172066955,0.8816338774591905,0.0,
abs,102,0.89307,2.2396771024280113,1.1198385512140059,,,
norm,102,0.90295,2.1362329524201606,2.1645057795586093,0.886925,,5e-05
cqr,102,0.895195,2.0045013464385764,0.04749264919690965,0.880633952453566,0.0,
abs,103,0.901575,2.3159895065246943,1.157994753262347,,,
norm,103,0.907625,2.1689417010447327,2.1976474251641642,0.891925,,5e-05
cqr,103,0.896055,2.0087563440214264,0.04962014798833497,0.8810339224558158,0.0,
abs,104,0.90556,2.352602211010163,1.1763011055050812,,,
norm,104,0.899685,2.1145312996317807,2.1425169075897514,0.88395,,5e-05
cqr,104,0.90123,2.0346305985080972,0.0625572752316701,0.8840586955978301,0.0,
abs,105,0.902615,2.3249123714894964,1.1624561857447473,,,
norm,105,0.907195,2.165970378782811,2.1946367777525255,0.8916,,5e-05
cqr,105,0.900315,2.0298544530215024,0.06016920248837271,0.8835837312201585,0.0,
abs,106,0.91631,2.466516025049428,1.233258012524713,,,
norm,106,0.906215,2.1585390864743563,2.1871071330417196,0.8902,,5e-05
cqr,106,0.907935,2.0717484226816496,0.08111618731844628,0.8879834012449066,0.0,
abs,107,0.913845,2.4399297117992096,1.2199648558996052,,,
norm,107,0.90361,2.1408459248712486,2.169179804233687,0.887675,,5e-05
cqr,107,0.902225,2.039803876843895,0.06514391439956914,0.8845336599755018,0.0,
abs,108,0.90042,2.3058446435210556,1.1529223217605278,,,
norm,108,0.901355,2.1259874086990367,2.154124637102226,0.88575,,5e-05
cqr,108,0.90649,2.063687871035576,0.07708591149540955,0.8869334799890009,0.0,
abs,109,0.898585,2.2878913905062577,1.1439456952531284,,,
norm,109,0.91807,2.250506676939888,2.2802919052685504,0.903025,,5e-05
cqr,109,0.909865,2.0834283291458777,0.08695614055056033,0.8892083093767967,0.0,
abs,110,0.914815,2.449843777409242,1.2249218887046203,,,
norm,110,0.907825,2.1700727051669344,2.1987933980115715,0.8922,,5e-05
cqr,110,0.90854,2.075737970830914,0.0831109613930785,0.888283378746594,0.0,
abs,111,0.913275,2.4343431524733457,1.2171715762366722,,,
norm,111,0.899045,2.1093697520932118,2.137287047491376,0.88325,,5e-05
cqr,111,0.9122,2.0969857989424012,0.09373487544882209,0.8905332100092493,0.0,
abs,112,0.89172,2.2275005566840753,1.1137502783420372,,,
norm,112,0.900235,2.1185616698457217,2.1466006193459775,0.8847,,5e-05
cqr,112,0.901975,2.0385964637549217,0.06454020785508219,0.8844086693497988,0.0,
abs,113,0.90241,2.3228565636161225,1.1614282818080615,,,
norm,113,0.89914,2.1099249619524008,2.137849605496915,0.883325,,5e-05
cqr,113,0.89884,2.02277247776879,0.05662821486201641,0.8827587930905182,0.0,
abs,114,0.910375,2.403850920870674,1.201925460435337,,,
norm,114,0.906275,2.159012742354848,2.1875870577098997,0.890225,,5e-05
cqr,114,0.90063,2.0313046412601667,0.06089429660770507,0.8838587105967053,0.0,
abs,115,0.909995,2.3994473113445167,1.1997236556722592,,,
norm,115,0.90577,2.1549214849584652,2.1834416529355285,0.88985,,5e-05
cqr,115,0.9092,2.079524200853347,0.08500407640429486,0.8886583506237032,0.0,
abs,116,0.900405,2.305653894650575,1.1528269473252872,,,
norm,116,0.89815,2.1034198163430458,2.131258364943132,0.882075,,5e-05
cqr,116,0.906795,2.065383907826163,0.07793392989070291,0.8871834612404069,0.0,
abs,117,0.88264,2.14827107953176,1.0741355397658796,,,
norm,117,0.884365,2.017221814117576,2.0439195408733783,0.867925,,5e-05
cqr,117,0.88679,1.9644171209536796,0.027450536454461424,0.8748156111708378,0.0,
abs,118,0.8967,2.270837086171987,1.135418543085993,,,
norm,118,0.895915,2.088603511108892,2.116245967407228,0.8799,,5e-05
cqr,118,0.89931,2.024994848194738,0.057739400074990455,0.8830337724670649,0.0,
abs,119,0.899045,2.292166971021047,1.1460834855105242,,,
norm,119,0.87635,1.9700862182804852,1.9961601101910944,0.8602,,5e-05
cqr,119,0.892215,1.9904876553268864,0.04048580364106469,0.8788590855685824,0.0,
abs,120,0.90253,2.3240861195030647,1.1620430597515332,,,
norm,120,0.902875,2.1359026401277035,2.1641710956163585,0.886875,,5e-05
cqr,120,0.89578,2.007101623563552,0.04879278775939749,0.8809339299552533,0.0,
abs,121,0.906225,2.3599506427895136,1.1799753213947572,,,
norm,121,0.904645,2.1475240857639535,2.1759463499106015,0.888925,,5e-05
cqr,121,0.904385,2.052472554001833,0.07147825297853783,0.885883558733095,0.0,
abs,122,0.882485,2.14717288189024,1.073586440945119,,,
norm,122,0.90855,2.1750540491101815,2.2038406695382613,0.892975,,5e-05
cqr,122,0.900255,2.0294877341282342,0.05998584304173871,0.8835337349698773,0.0,
abs,123,0.897585,2.2789682101018682,1.1394841050509343,,,
norm,123,0.89589,2.0883900433756684,2.1160296744501377,0.879875,,5e-05
cqr,123,0.892675,1.9925714671592756,0.04152770955725926,0.8790840686948479,0.0,
abs,124,0.898675,2.2888108358242416,1.1444054179121206,,,
norm,124,0.906995,2.1641838376654197,2.1928265919440757,0.891375,,5e-05
cqr,124,0.901135,2.034229978909253,0.062356965432248,0.8840086993475489,0.0,
abs,125,0.89483,2.2548631474622236,1.1274315737311111,,,
norm,125,0.89909,2.1096532758252393,2.137574323631329,0.883275,,5e-05
cqr,125,0.904055,2.050640226335022,0.0705620891451321,0.8857085718571107,0.0,
abs,126,0.897745,2.28037774903622,1.1401888745181101,,,
norm,126,0.907575,2.1688269859626224,2.1975311918395404,0.8919,,5e-05
cqr,126,0.900295,2.0298042395225178,0.06014409573888052,0.8835837312201585,0.0,
abs,127,0.888465,2.1984350270532054,1.0992175135266027,,,
norm,127,0.89376,2.074171926811912,2.1016233825512023,0.87765,,5e-05
cqr,127,0.903205,2.045758026761415,0.06812098935832894,0.885108616853736,0.0,
abs,128,0.88779,2.192469815846757,1.096234907923379,,,
norm,128,0.892255,2.064724367049071,2.0920507852901093,0.876225,,5e-05
cqr,128,0.89146,1.9871831430065923,0.03883354748091761,0.8784841136914732,0.0,
abs,129,0.910475,2.4052661733852294,1.202633086692615,,,
norm,129,0.90224,2.131858570752378,2.1600735033917315,0.886375,,5e-05
cqr,129,0.89589,2.0079092276710417,0.049196589813142344,0.8809839262055346,0.0,
abs,130,0.87428,2.0838084204201857,1.0419042102100933,,,
norm,130,0.86837,1.9262707871687905,1.9517647862786567,0.85115,,5e-05
cqr,130,0.87204,1.9038133349593225,-0.002851356542717398,0.8649148686151461,0.0,
abs,131,0.904325,2.340820906643337,1.1704104533216688,,,
norm,131,0.896525,2.0930797626588835,2.120781461693906,0.880525,,5e-05
cqr,131,0.90415,2.0512767724511076,0.0708803622031755,0.8857085718571107,0.0,
abs,132,0.89585,2.2635256101506234,1.1317628050753121,,,
norm,132,0.90093,2.122911874740909,2.1510083987631194,0.885325,,5e-05
cqr,132,0.900155,2.029076221296484,0.05978008662586354,0.8834337424693148,0.0,
abs,133,0.872345,2.0682357202908244,1.0341178601454122,,,
norm,133,0.891585,2.0604103677190415,2.0876796906151203,0.87545,,5e-05
cqr,133,0.89865,2.0217071342772814,0.05609554311626247,0.8825588080893932,0.0,
abs,134,0.90455,2.343071852437873,1.171535926218936,,,
norm,134,0.905525,2.153496276400497,2.1819975818863924,0.889675,,5e-05
cqr,134,0.916505,2.124194792814478,0.10733937238486047,0.8933579981501387,0.0,
abs,135,0.920165,2.511046685487571,1.2555233427437857,,,
norm,135,0.8984,2.1048476971497214,2.132705143607916,0.882475,,5e-05
cqr,135,0.89667,2.011946519370989,0.0512152356631157,0.881283903707222,0.0,
abs,136,0.899075,2.2923908750199544,1.1461954375099774,,,
norm,136,0.893085,2.0697244072590797,2.0971170005267608,0.877,,5e-05
cqr,136,0.891455,1.9870706350697502,0.03877729351249637,0.8784591155663325,0.0,
abs,137,0.88243,2.146649447381743,1.0733247236908716,,,
norm,137,0.90468,2.147829760165837,2.176256069882289,0.888975,,5e-05
cqr,137,0.90322,2.0457755615992714,0.06812975677725719,0.885108616853736,0.0,
abs,138,0.910325,2.4030217585547575,1.2015108792773797,,,
norm,138,0.915405,2.228365937036546,2.257858134911158,0.900275,,5e-05
cqr,138,0.91339,2.1042930845100347,0.09738851823263861,0.891333150013749,0.0,
abs,139,0.908265,2.381829822311998,1.1909149111559985,,,
norm,139,0.896275,2.091206976909094,2.118883889814069,0.880225,,5e-05
cqr,139,0.89612,2.0092758355884146,0.049879893771829,0.8810339224558158,0.0,
abs,140,0.90511,2.348243784486613,1.174121892243307,,,
norm,140,0.8975,2.099480126983278,2.1272665341930157,0.881425,,5e-05
cqr,140,0.902685,2.0426667639834406,0.066575357969342,0.8847336449766268,0.0,
abs,141,0.896395,2.2686213795360164,1.1343106897680086,,,
norm,141,0.90755,2.1686941801684347,2.1973966283740936,0.8919,,5e-05
cqr,141,0.91254,2.0992602503493836,0.09487210115231334,0.8908331875109367,0.0,
abs,142,0.910925,2.4106650883538894,1.2053325441769451,,,
norm,142,0.90669,2.16201553369501,2.190629590689848,0.89085,,5e-05
cqr,142,0.902725,2.042748607179652,0.06661627956744753,0.8847586431017673,0.0,
abs,143,0.902475,2.3235846665900652,1.1617923332950326,,,
norm,143,0.89798,2.10248165830604,2.1303077904793604,0.881825,,5e-05
cqr,143,0.903585,2.047976070073659,0.06923001101445092,0.885433592480564,0.0,
abs,144,0.891655,2.226713250484565,1.1133566252422822,,,
norm,144,0.899285,2.111142813047302,2.139083574727925,0.883425,,5e-05
cqr,144,0.89837,2.0200882152885966,0.05528608362191956,0.8823588230882684,0.0,
abs,145,0.90725,2.3712406970380595,1.1856203485190295,,,
norm,145,0.90132,2.1257582683883016,2.1538924641426465,0.885725,,5e-05
cqr,145,0.89351,1.9965734785339788,0.043528715244611105,0.8795090368222384,0.0,
abs,146,0.896045,2.265223432964234,1.132611716482117,,,
norm,146,0.89232,2.065029508163831,2.0923599649166715,0.876325,,5e-05
cqr,146,0.894405,2.0010915587701295,0.04578775536268598,0.8802339824513161,0.0,
abs,147,0.920175,2.511126224409239,1.2555631122046198,,,
norm,147,0.905925,2.156363632659678,2.184902887315756,0.890025,,5e-05
cqr,147,0.914315,2.1103711521836397,0.10042755206944132,0.8919081068919831,0.0,
abs,148,0.87581,2.0958007059631707,1.0479003529815851,,,
norm,148,0.88977,2.0491782344759426,2.076298901224189,0.873575,,5e-05
cqr,148,0.89025,1.980793234280202,0.03563859311772255,0.8774908118108858,0.0,
abs,149,0.922005,2.53456165014046,1.2672808250702299,,,
norm,149,0.917565,2.2463166090048237,2.2760463822080084,0.902575,,5e-05
cqr,149,0.91396,2.107594041654861,0.09903899680505213,0.8916081293902958,0.0,
abs,150,0.901225,2.312726973137254,1.1563634865686272,,,
norm,150,0.91374,2.21554126264932,2.2448637272550735,0.898275,,5e-05
cqr,150,0.89366,1.9973894352347794,0.04393669359501118,0.8796340274479414,0.0,
abs,151,0.905695,2.3539164885710586,1.1769582442855286,,,
norm,151,0.898675,2.106713156911424,2.1345952925409546,0.88285,,5e-05
cqr,151,0.88796,1.969985276089726,0.030234614022484507,0.8758656899267445,0.0,
abs,152,0.91055,2.406728760247477,1.2033643801237393,,,
norm,152,0.895865,2.0881039951679483,2.1157398404233096,0.879875,,5e-05
cqr,152,0.90663,2.064395858057142,0.07743990500619269,0.8870334724895633,0.0,
abs,153,0.874665,2.087108802913143,1.043554401456572,,,
norm,153,0.883905,2.0148704440176983,2.0415370506279675,0.867525,,5e-05
cqr,153,0.88606,1.9616104216649715,0.026047186810107092,0.8743155736680251,0.0,
abs,154,0.900035,2.3019906884928805,1.150995344246441,,,
norm,154,0.88172,2.0007091723211143,2.0271883559322745,0.86545,,5e-05
cqr,154,0.9016,2.0366346300360223,0.06355929099563284,0.8842336824738145,0.0,
abs,155,0.906745,2.3655695043635343,1.1827847521817665,,,
norm,155,0.911165,2.1965537445277388,2.225624911250913,0.895175,,5e-05
cqr,155,0.908485,2.0752989550395657,0.08289145349740423,0.8882333824963128,0.0,
abs,156,0.915125,2.4531067943056395,1.2265533971528195,,,
norm,156,0.91305,2.2097376794398906,2.238983334208647,0.897375,,5e-05
cqr,156,0.907725,2.0706080861217018,0.08054601903847258,0.8877584181186411,0.0,
abs,157,0.912125,2.422126658307015,1.2110633291535082,,,
norm,157,0.912765,2.207630750687157,2.2368485204668946,0.896875,,5e-05
cqr,157,0.909065,2.0788241426566003,0.08465404730592152,0.8885833562482813,0.0,
abs,158,0.892635,2.23583123037938,1.1179156151896898,,,
norm,158,0.88369,2.013611638515884,2.040261584962611,0.867275,,5e-05
cqr,158,0.87806,1.9278846787340382,0.009184315344640925,0.8687401555116634,0.0,
abs,159,0.89699,2.2735713002925304,1.1367856501462645,,,
norm,159,0.901255,2.1250791369239996,2.153204344442079,0.885575,,5e-05
cqr,159,0.89461,2.0021283417052884,0.046306146830265627,0.8803339749518786,0.0,
abs,160,0.907945,2.378359311566932,1.1891796557834657,,,
norm,160,0.908285,2.1733274533013183,2.202091222408438,0.892675,,5e-05
cqr,160,0.90815,2.072879698872935,0.08168182541408919,0.8881083918706097,0.0,
abs,161,0.88412,2.1608258638130806,1.08041293190654,,,
norm,161,0.88107,1.9965224569543472,2.022946229810932,0.864825,,5e-05
cqr,161,0.903785,2.049349548543793,0.06991675024951793,0.8855085868559858,0.0,
abs,162,0.876935,2.10487572485151,1.0524378624257549,,,
norm,162,0.891585,2.0603900884159843,2.0876591429175373,0.87545,,5e-05
cqr,162,0.891595,1.9876332497535611,0.03905860085440227,0.8785841061920356,0.0,
abs,163,0.90542,2.3511201955586434,1.1755600977793224,,,
norm,163,0.89416,2.0765862715898415,2.1040696809381627,0.87805,,5e-05
cqr,163,0.89929,2.0248250528069143,0.05765450238107883,0.8830087743419244,0.0,
abs,164,0.89603,2.264956517572358,1.1324782587861781,,,
norm,164,0.913125,2.2104080288846064,2.239662555660487,0.897475,,5e-05
cqr,164,0.90221,2.03969267657015,0.06508831426269612,0.8845336599755018,0.0,
abs,165,0.912055,2.421676870518697,1.2108384352593486,,,
norm,165,0.914175,2.2189319223813486,2.2482992620258386,0.898875,,5e-05
cqr,165,0.918495,2.1371303648030238,0.11380715837913363,0.8950578706597005,0.0,
abs,166,0.902765,2.3262908660445754,1.1631454330222883,,,
norm,166,0.893685,2.073540074600635,2.1009831678397934,0.877575,,5e-05
cqr,166,0.89536,2.0052874359780923,0.04788569396666764,0.8807339449541285,0.0,
abs,167,0.90456,2.3432010906418554,1.1716005453209268,,,
norm,167,0.89904,2.1093187240306763,2.1372353440775913,0.88325,,5e-05
cqr,167,0.89399,1.9988193665197325,0.044651659237487706,0.8798840086993476,0.0,
abs,168,0.90031,2.30494749347514,1.152473746737571,,,
norm,168,0.899265,2.1108594950809523,2.1387965070769357,0.883425,,5e-05
cqr,168,0.89433,2.000380383047504,0.04543216750137358,0.8802339824513161,0.0,
abs,169,0.91277,2.429175727276446,1.2145878636382232,,,
norm,169,0.914435,2.22097115849532,2.2503654872235987,0.899125,,5e-05
cqr,169,0.91702,2.1278575332052614,0.10917074258025217,0.8938829587780917,0.0,
abs,170,0.882785,2.1492964676044077,1.0746482338022032,,,
norm,170,0.883905,2.0148754072005075,2.0415420794979995,0.867525,,5e-05
cqr,170,0.880345,1.9370552233889338,0.013769587672088468,0.8701902642698203,0.0,
abs,171,0.905195,2.348910359473621,1.174455179736811,,,
norm,171,0.904195,2.145019466327898,2.173408582089543,0.88845,,5e-05
cqr,171,0.91875,2.139074925487566,0.11477943872140473,0.8952578556608254,0.0,
abs,172,0.892465,2.234135596755794,1.1170677983778976,,,
norm,172,0.88907,2.0451573003967254,2.0722247504889753,0.872725,,5e-05
cqr,172,0.879255,1.9325768365009353,0.011530394228089325,0.869515213641023,0.0,
abs,173,0.902855,2.3273528610329497,1.1636764305164753,,,
norm,173,0.900245,2.118661495118127,2.1467017657957705,0.884725,,5e-05
cqr,173,0.888915,1.974458782239329,0.03247136709728604,0.876515738680401,0.0,
abs,174,0.896865,2.272391138264977,1.1361955691324883,,,
norm,174,0.91008,2.186983697009063,2.2159282051209206,0.89435,,5e-05
cqr,174,0.903255,2.0459568523283482,0.06822040214179581,0.8851586131040172,0.0,
abs,175,0.9028,2.3268153036599846,1.163407651829993,,,
norm,175,0.895655,2.0867711227008123,2.1143893275238335,0.87965,,5e-05
cqr,175,0.908685,2.076643262517184,0.08356360723621359,0.8883333749968753,0.0,
abs,176,0.909505,2.3942726609447877,1.1971363304723945,,,
norm,176,0.909795,2.185002358959383,2.2139206442624793,0.894025,,5e-05
cqr,176,0.915445,2.11701923769002,0.10375159482263174,0.8927080468964828,0.0,
abs,177,0.92097,2.521236193377085,1.2606180966885425,,,
norm,177,0.911315,2.197630444190278,2.226715860924625,0.89535,,5e-05
cqr,177,0.915635,2.11852018476562,0.10450206836043163,0.8927830412719046,0.0,
abs,178,0.894335,2.250293420816194,1.1251467104080972,,,
norm,178,0.903235,2.138088317425842,2.1663857001325515,0.887325,,5e-05
cqr,178,0.89883,2.022680615070778,0.056582283513010256,0.8827587930905182,0.0,
abs,179,0.892785,2.236963445480072,1.1184817227400368,,,
norm,179,0.894685,2.080423799982961,2.1079579986315666,0.878775,,5e-05
cqr,179,0.901925,2.0383051899336206,0.06439457094443202,0.8843586730995175,0.0,
abs,180,0.890595,2.21737736178734,1.1086886808936698,,,
norm,180,0.90316,2.1376915068723954,2.1659836378315505,0.887225,,5e-05
cqr,180,0.91012,2.0848215864054924,0.08765276918036768,0.8894332925030622,0.0,
abs,181,0.88468,2.1659526865611576,1.082976343280579,,,
norm,181,0.883215,2.0106090572237734,2.0372192648106786,0.86685,,5e-05
cqr,181,0.881045,1.9399047991898568,0.015194375572549879,0.8705152886466485,0.0,
abs,182,0.900645,2.307925170274129,1.153962585137064,,,
norm,182,0.895625,2.086301301202275,2.1139132879852647,0.879625,,5e-05
cqr,182,0.91187,2.0950738232623496,0.09277888760879627,0.8903832212584056,0.0,
abs,183,0.89357,2.2437568324116817,1.1218784162058408,,,
norm,183,0.89031,2.0527623685944065,2.079930470995332,0.8741,,5e-05
cqr,183,0.883255,1.948724885215309,0.01960441858527613,0.8721654124059305,0.0,
abs,184,0.90711,2.369915060763306,1.1849575303816537,,,
norm,184,0.90118,2.124350759828759,2.1524663273496265,0.8855,,5e-05
cqr,184,0.899445,2.025765082677062,0.058124517316152285,0.8830587705922056,0.0,
abs,185,0.892805,2.2372743833174695,1.1186371916587343,,,
norm,185,0.907215,2.166216752058962,2.1948864117540765,0.891625,,5e-05
cqr,185,0.90534,2.0576293759394773,0.07405666394736021,0.8863085268604854,0.0,
abs,186,0.916355,2.466963112106086,1.2334815560530428,,,
norm,186,0.904675,2.147737961276566,2.1761630560439995,0.888975,,5e-05
cqr,186,0.907025,2.066672079691064,0.07857801582315371,0.8873334499912506,0.0,
abs,187,0.907125,2.3699936230245626,1.1849968115122818,,,
norm,187,0.90111,2.1239931411892616,2.152103975663593,0.8855,,5e-05
cqr,187,0.91862,2.13820107057966,0.11434251126745176,0.8951828612854036,0.0,
abs,188,0.904125,2.338800561202108,1.1694002806010544,,,
norm,188,0.897215,2.09731572986152,2.1250734914941853,0.88115,,5e-05
cqr,188,0.907535,2.06943133828157,0.0799576451184063,0.887633427492938,0.0,
abs,189,0.91567,2.459365500590522,1.2296827502952614,,,
norm,189,0.913705,2.2152349385967733,2.2445533490346627,0.89825,,5e-05
cqr,189,0.91161,2.0937210073617742,0.0921024796585087,0.8901832362572807,0.0,
abs,190,0.899585,2.2973144984316445,1.148657249215822,,,
norm,190,0.896025,2.0896919092187165,2.1173487703559917,0.88005,,5e-05
cqr,190,0.911265,2.091555538155168,0.09101974505520549,0.8899582531310152,0.0,
abs,191,0.898905,2.290953154233122,1.1454765771165605,,,
norm,191,0.892225,2.0645961520164002,2.0919208733444443,0.8762,,5e-05
cqr,191,0.898785,2.0224790795881527,0.056481515771697806,0.8827587930905182,0.0,
abs,192,0.880575,2.13307621043711,1.0665381052185545,,,
norm,192,0.878315,1.981148642057438,2.007368944028253,0.8623,,5e-05
cqr,192,0.88137,1.941200300046059,0.015842126000650936,0.8708403130234768,0.0,
abs,193,0.905985,2.35690963530449,1.1784548176522451,,,
norm,193,0.89948,2.1127214435121693,2.1406830982073854,0.88375,,5e-05
cqr,193,0.901295,2.0349693958607666,0.06272667390800502,0.8840836937229708,0.0,
abs,194,0.896855,2.2723269274137747,1.136163463706888,,,
norm,194,0.898935,2.1086319059560164,2.1365394360351555,0.883175,,5e-05
cqr,194,0.90195,2.0384456903721717,0.06446482116370733,0.8843586730995175,0.0,
abs,195,0.883175,2.1531353425635156,1.0765676712817571,,,
norm,195,0.88902,2.044800507066129,2.0718632350347232,0.872675,,5e-05
cqr,195,0.89313,1.9946892003049468,0.04258657613009498,0.8792840536959728,0.0,
abs,196,0.88156,2.14059875032978,1.0702993751648906,,,
norm,196,0.90202,2.130557734343934,2.158755450544945,0.886225,,5e-05
cqr,196,0.902755,2.0429908782339843,0.06673741509461362,0.884783641226908,0.0,
abs,197,0.90619,2.3594751123515945,1.1797375561757968,,,
norm,197,0.90245,2.1331871951771304,2.161419712026414,0.886525,,5e-05
cqr,197,0.89738,2.0155623794748228,0.05302316571503274,0.8816338774591905,0.0,
abs,198,0.882575,2.1478876315770896,1.0739438157885444,,,
norm,198,0.89939,2.1120736619507294,2.1400267433224744,0.883575,,5e-05
cqr,198,0.89544,2.0055255131269507,0.04800473254109683,0.8807839412044096,0.0,
abs,199,0.899325,2.2946786808571797,1.1473393404285894,,,
norm,199,0.90146,2.1266709389216003,2.1548172137781765,0.88585,,5e-05
cqr,199,0.905125,2.0564787127235746,0.07348133233940901,0.8861335399845012,0.0,
abs,200,0.89845,2.28676495967286,1.1433824798364305,,,
norm,200,0.91474,2.2230255930069807,2.252447111968304,0.8994,,5e-05
cqr,200,0.893965,1.9987214028392823,0.044602677397262536,0.8798840086993476,0.0,
abs,201,0.899445,2.2958651740142937,1.1479325870071466,,,
norm,201,0.900115,2.1175989043520196,2.1456251117483083,0.884525,,5e-05
cqr,201,0.900295,2.0297932455661534,0.0601385987606981,0.8835837312201585,0.0,
abs,202,0.904675,2.3438823595077185,1.1719411797538597,,,
norm,202,0.8995,2.112939593284348,2.1409041351697424,0.88375,,5e-05
cqr,202,0.9127,2.1000213654958677,0.09525265872555533,0.8909331800114991,0.0,
abs,203,0.91287,2.4302362127774284,1.215118106388714,,,
norm,203,0.90751,2.1683198721700596,2.1970173664472052,0.891875,,5e-05
cqr,203,0.903935,2.0501139649913034,0.07029895847327317,0.8856335774816889,0.0,
abs,204,0.91423,2.444235192319569,1.2221175961597852,,,
norm,204,0.91222,2.2030925954279907,2.2322503031817105,0.89635,,5e-05
cqr,204,0.913855,2.106905429775114,0.09869469086517868,0.8915331350148739,0.0,
abs,205,0.905155,2.348557103314214,1.1742785516571077,,,
norm,205,0.907875,2.1704224171850584,2.199147738432897,0.89225,,5e-05
cqr,205,0.904805,2.0548086070702194,0.07264627951273128,0.8860835437342199,0.0,
abs,206,0.901805,2.3181550976561542,1.1590775488280776,,,
norm,206,0.897985,2.10252327593173,2.1303499589101182,0.881825,,5e-05
cqr,206,0.9059,2.0604436509722768,0.07546380146375964,0.8866585006124541,0.0,
abs,207,0.908545,2.3845895193736832,1.1922947596868414,,,
norm,207,0.912985,2.2091328920714752,2.238370542540559,0.897275,,5e-05
cqr,207,0.89985,2.0277928740101103,0.05913841298267686,0.8833087518436117,0.0,
abs,208,0.900225,2.3040825505334155,1.1520412752667082,,,
norm,208,0.897735,2.100949122316437,2.1287549715308836,0.881625,,5e-05
cqr,208,0.88771,1.9687157976423675,0.029599874798805437,0.8756406730504788,0.0,
abs,209,0.89683,2.271995359526194,1.1359976797630966,,,
norm,209,0.89096,2.056623072085429,2.0838422705067163,0.87485,,5e-05
cqr,209,0.887485,1.9677006792636746,0.029092315609458852,0.875415656174213,0.0,
abs,210,0.906295,2.360838736234442,1.1804193681172217,,,
norm,210,0.91865,2.2547287524606845,2.284569859531985,0.903675,,5e-05
cqr,210,0.904115,2.0510228907920482,0.0707534213736456,0.8857085718571107,0.0,
abs,211,0.9103,2.402603538354329,1.201301769177165,,,
norm,211,0.91303,2.209531083543137,2.2387740040360873,0.897375,,5e-05
cqr,211,0.915805,2.1193621846419384,0.10492306829859044,0.8928580356473265,0.0,
abs,212,0.90442,2.341713819525125,1.170856909762562,,,
norm,212,0.893275,2.070961625781648,2.098370593511385,0.877225,,5e-05
cqr,212,0.902145,2.039430081534919,0.06495701674508098,0.8844836637252206,0.0,
abs,213,0.90481,2.3453309057145617,1.17266545285728,,,
norm,213,0.90637,2.1597311991582844,2.1883150232164894,0.89035,,5e-05
cqr,213,0.911575,2.0935198046986048,0.09200187832692408,0.8901832362572807,0.0,
abs,214,0.894335,2.2504610307412065,1.1252305153706033,,,
norm,214,0.90374,2.141982335000218,2.1703312546358142,0.88785,,5e-05
cqr,214,0.908815,2.077527145497225,0.08400554872623411,0.8884083693722971,0.0,
abs,215,0.90594,2.3565814293167975,1.1782907146583983,,,
norm,215,0.910835,2.1936765602218515,2.222709647701639,0.894975,,5e-05
cqr,215,0.914605,2.112032494245115,0.10125822310017873,0.892108091893108,0.0,
abs,216,0.914125,2.443012013210719,1.2215060066053598,,,
norm,216,0.90665,2.161582544839875,2.1901908712709925,0.890775,,5e-05
cqr,216,0.909445,2.0809834984422575,0.08573372519875022,0.8888333374996875,0.0,
abs,217,0.89228,2.23239955669549,1.1161997783477444,,,
norm,217,0.91336,2.2121272012536424,2.2414044811020077,0.897675,,5e-05
cqr,217,0.904925,2.0553966224559104,0.07294028720557655,0.8861085418593605,0.0,
abs,218,0.896465,2.2690213428015222,1.134510671400761,,,
norm,218,0.905555,2.1537440657598466,2.1822486507128604,0.8897,,5e-05
cqr,218,0.891295,1.9862689634784345,0.03837645771683884,0.8784091193160513,0.0,
abs,219,0.905115,2.34827557830058,1.1741377891502895,,,
norm,219,0.90352,2.1401124644870597,2.16843663657547,0.887625,,5e-05
cqr,219,0.908175,2.073125765768593,0.08180485886191802,0.8881083918706097,0.0,
abs,220,0.884985,2.16860569276686,1.0843028463834299,,,
norm,220,0.907295,2.166619005669407,2.195293989150385,0.891675,,5e-05
cqr,220,0.906795,2.065451480269672,0.07796771611245751,0.8871834612404069,0.0,
abs,221,0.889535,2.207085647204179,1.1035428236020888,,,
norm,221,0.88855,2.0417487722115224,2.0687711107778655,0.87215,,5e-05
cqr,221,0.89883,2.022696862734966,0.056590407345104454,0.8827587930905182,0.0,
abs,222,0.90016,2.303482510821196,1.1517412554105977,,,
norm,222,0.908925,2.1782425083454138,2.207071327709098,0.893325,,5e-05
cqr,222,0.89285,1.993330084530537,0.04190701824289017,0.8792090593205509,0.0,
abs,223,0.90385,2.3360355319959822,1.168017765997992,,,
norm,223,0.902615,2.134204098701043,2.16245007416565,0.886625,,5e-05
cqr,223,0.898865,2.0229115123642467,0.05669773215974483,0.8827837912156589,0.0,
abs,224,0.91255,2.426464886414694,1.2132324432073476,,,
norm,224,0.89217,2.0643721305541063,2.0916938869807473,0.876075,,5e-05
cqr,224,0.90346,2.0471910726114655,0.06883751228335444,0.8853086018548609,0.0,
abs,225,0.910515,2.406192470052842,1.2030962350264205,,,
norm,225,0.918025,2.2501153519824806,2.2798954011648966,0.90295,,5e-05
cqr,225,0.90402,2.0504805728831608,0.07048226241920186,0.8856835737319702,0.0,
abs,226,0.907205,2.3707494825321187,1.1853747412660587,,,
norm,226,0.90314,2.1374778893688458,2.1657671931219395,0.887225,,5e-05
cqr,226,0.904805,2.054824971870388,0.07265446191281538,0.8860835437342199,0.0,
abs,227,0.913515,2.436413152091637,1.218206576045818,,,
norm,227,0.910695,2.1927334586656304,2.221754064291675,0.89495,,5e-05
cqr,227,0.912,2.095683463207382,0.09308370758131237,0.8904332175086869,0.0,
abs,228,0.900635,2.3077802864107912,1.153890143205396,,,
norm,228,0.89844,2.105095124056904,2.1329558451851987,0.8825,,5e-05
cqr,228,0.888765,1.9739136072220007,0.03219877958862194,0.8764407330549792,0.0,
abs,229,0.90842,2.3835265412723476,1.1917632706361745,,,
norm,229,0.896075,2.090100365231813,2.117762632243124,0.880075,,5e-05
cqr,229,0.903185,2.0454716861355466,0.06797781904539496,0.8850836187285953,0.0,
abs,230,0.9004,2.3054709038752814,1.15273545193764,,,
norm,230,0.905695,2.1544234399015307,2.1829370163026205,0.889825,,5e-05
cqr,230,0.915345,2.116322716638542,0.10340333429689252,0.892633052521061,0.0,
abs,231,0.901565,2.3158526303863614,1.1579263151931813,,,
norm,231,0.892385,2.0656729177537434,2.093011889967454,0.87635,,5e-05
cqr,231,0.88589,1.9608158193900087,0.025649885672625494,0.8742905717928845,0.0,
abs,232,0.913965,2.441577248164854,1.2207886240824268,,,
norm,232,0.919735,2.2640271209900362,2.2939912910286986,0.904625,,5e-05
cqr,232,0.91743,2.13054878801431,0.11051636998477643,0.8940829437792166,0.0,
abs,233,0.89253,2.2349215884668605,1.1174607942334296,,,
norm,233,0.88469,2.0191202212216215,2.045843073203505,0.868325,,5e-05
cqr,233,0.87628,1.9203621901746015,0.005423071064922125,0.8677400805060379,0.0,
abs,234,0.88648,2.1815187491495345,1.0907593745747675,,,
norm,234,0.896525,2.0930668185495493,2.120768346270593,0.880525,,5e-05
cqr,234,0.89104,1.9851311695228226,0.037807560739032686,0.878234132440067,0.0,
abs,235,0.88733,2.187750271991805,1.0938751359959027,,,
norm,235,0.887955,2.0384062613756315,2.065384362149011,0.8716,,5e-05
cqr,235,0.89932,2.025078994667281,0.0577814733112621,0.8830587705922056,0.0,
abs,236,0.90913,2.3898594873626617,1.1949297436813304,,,
norm,236,0.903245,2.13821583780831,2.166514908234389,0.887325,,5e-05
cqr,236,0.898295,2.0197420659352483,0.05511300894524551,0.8823588230882684,0.0,
abs,237,0.899355,2.294928642742129,1.1474643213710647,,,
norm,237,0.914905,2.2247181630762607,2.2541620830313214,0.8996,,5e-05
cqr,237,0.897405,2.0157013424471053,0.0530926472011744,0.8816838737094718,0.0,
abs,238,0.909535,2.3946732808840867,1.1973366404420438,,,
norm,238,0.89684,2.094736220465474,2.1224598425520886,0.88075,,5e-05
cqr,238,0.89749,2.0160658705374903,0.05327491124636641,0.8817588680848937,0.0,
abs,239,0.882955,2.1511169161966586,1.0755584580983295,,,
norm,239,0.89013,2.0513514419366943,2.0785008708659585,0.87395,,5e-05
cqr,239,0.893935,1.9985387738724605,0.044511362913851715,0.8798590105742069,0.0,
abs,240,0.89618,2.266201339688927,1.1331006698444641,,,
norm,240,0.889435,2.0474513325032215,2.07454914387846,0.873175,,5e-05
cqr,240,0.89793,2.0180572570561495,0.05427060450569643,0.8820338474614404,0.0,
abs,241,0.89605,2.2652386584943565,1.1326193292471787,,,
norm,241,0.88729,2.0339330078820215,2.0608519055976875,0.870925,,5e-05
cqr,241,0.89951,2.0261359509805987,0.05830995146792073,0.8831087668424868,0.0,
abs,242,0.893735,2.2451914985827774,1.122595749291389,,,
norm,242,0.912965,2.2089586941372588,2.238194039114295,0.897275,,5e-05
cqr,242,0.907225,2.067731148187469,0.07910755007135606,0.8874334424918131,0.0,
abs,243,0.90581,2.355277971360671,1.1776389856803358,,,
norm,243,0.91065,2.192330603348749,2.2213458772254056,0.8949,,5e-05
cqr,243,0.90587,2.0602958281407218,0.07538989004798236,0.8866335024873134,0.0,
abs,244,0.887715,2.1916994992687298,1.0958497496343655,,,
norm,244,0.88589,2.0263356253725897,2.053153972498887,0.8696,,5e-05
cqr,244,0.887355,1.967129152715021,0.028806552335132296,0.8753156486736505,0.0,
abs,245,0.89483,2.254866246583944,1.127433123291972,,,
norm,245,0.90928,2.18082242625737,2.209685390573773,0.893675,,5e-05
cqr,245,0.90683,2.065769096351376,0.07812652415330934,0.8872084593655476,0.0,
abs,246,0.8969,2.2727137050456676,1.136356852522834,,,
norm,246,0.887215,2.0334804634925274,2.0603933718289533,0.87085,,5e-05
cqr,246,0.899795,2.027560143945416,0.059022047950329455,0.8832587555933304,0.0,
abs,247,0.89397,2.2470232641111374,1.1235116320555691,,,
norm,247,0.89696,2.0958411051295687,2.1235793502530007,0.880875,,5e-05
cqr,247,0.8987,2.0220245803444947,0.05625426614986884,0.8825838062145339,0.0,
abs,248,0.897515,2.278438431715493,1.1392192158577457,,,
norm,248,0.899005,2.1090134815904995,2.136926061784581,0.883225,,5e-05
cqr,248,0.910305,2.085979446194715,0.08823169907497874,0.8895582831287654,0.0,
abs,249,0.8952,2.2578528599567274,1.1289264299783635,,,
norm,249,0.893595,2.07281090771763,2.1002443505068156,0.8775,,5e-05
cqr,249,0.891905,1.9890250851856541,0.039754518570448205,0.8786341024423169,0.0,
abs,250,0.89677,2.271371051679113,1.1356855258395568,,,
norm,250,0.910995,2.194840672893426,2.223889167286723,0.8951,,5e-05
cqr,250,0.905125,2.056471699479024,0.0734778257171338,0.8861335399845012,0.0,
abs,251,0.88393,2.159649256507784,1.0798246282538926,,,
norm,251,0.890255,2.052336320800787,2.07949878450224,0.87405,,5e-05
cqr,251,0.902485,2.041575177099022,0.06602956452713249,0.8846086543509237,0.0,
abs,252,0.90847,2.3841031113169753,1.192051555658488,,,
norm,252,0.915985,2.2326992276897633,2.262248776228047,0.900725,,5e-05
cqr,252,0.91507,2.114635786329979,0.10255986914261084,0.8924580656450766,0.0,
abs,253,0.890685,2.2181020826534286,1.109051041326714,,,
norm,253,0.912185,2.2027654533677676,2.231918831429396,0.896325,,5e-05
cqr,253,0.91043,2.0868294629040207,0.08865670742963205,0.8896082793790465,0.0,
abs,254,0.884965,2.1682185219947527,1.0841092609973764,,,
norm,254,0.88484,2.020284734182409,2.047022998375588,0.868375,,5e-05
cqr,254,0.89089,1.9846486411402164,0.037566296547729694,0.8781341399395045,0.0,
abs,255,0.876,2.0977722192563872,1.048886109628194,,,
norm,255,0.895225,2.0838175398397665,2.1113966542922475,0.879225,,5e-05
cqr,255,0.903725,2.048757509200405,0.06962073057782425,0.8854835887308452,0.0,
abs,256,0.902465,2.3234614433738425,1.1617307216869206,,,
norm,256,0.90161,2.127655064198596,2.155814363853712,0.88595,,5e-05
cqr,256,0.90343,2.047110542972085,0.06879724746366428,0.8853086018548609,0.0,
abs,257,0.90239,2.322721437532827,1.1613607187664132,,,
norm,257,0.897195,2.0971172098583506,2.124872344098846,0.881125,,5e-05
cqr,257,0.88894,1.974606227159697,0.03254508955746982,0.8765657424306823,0.0,
abs,258,0.89201,2.230196827441688,1.1150984137208437,,,
norm,258,0.897645,2.100411211594055,2.1282099416144784,0.881525,,5e-05
cqr,258,0.89713,2.0144483722663176,0.05246616211078026,0.8814838887083468,0.0,
abs,259,0.914765,2.449235904186816,1.2246179520934084,,,
norm,259,0.91887,2.256513403200762,2.286378129944168,0.903925,,5e-05
cqr,259,0.91891,2.139853113774715,0.11516853286497875,0.8954578406619503,0.0,
abs,260,0.891645,2.226399323124298,1.1131996615621487,,,
norm,260,0.889755,2.0490369826283645,2.0761557799226895,0.873575,,5e-05
cqr,260,0.889775,1.978671880653127,0.03457791630418505,0.8771657874340576,0.0,
abs,261,0.903875,2.3362111231712337,1.1681055615856173,,,
norm,261,0.91107,2.1954285628272023,2.224484837884333,0.89515,,5e-05
cqr,261,0.91315,2.102857888268943,0.096670920112093,0.8912081593880459,0.0,
abs,262,0.909555,2.3948463952553993,1.1974231976276994,,,
norm,262,0.903325,2.1388018481954885,2.167108674409792,0.887425,,5e-05
cqr,262,0.907725,2.0706110380537575,0.08054749500449998,0.8877584181186411,0.0,
abs,263,0.898555,2.287662657983688,1.143831328991844,,,
norm,263,0.90324,2.138183820084766,2.166482466759511,0.887325,,5e-05
cqr,263,0.904065,2.0509513800051153,0.07071766598017915,0.8857085718571107,0.0,
abs,264,0.888375,2.1974673115938566,1.0987336557969285,,,
norm,264,0.892035,2.063484908409215,2.0907949225404723,0.875975,,5e-05
cqr,264,0.896085,2.008945079057729,0.049714515506486257,0.8810339224558158,0.0,
abs,265,0.91055,2.406737769298419,1.20336888464921,,,
norm,265,0.90119,2.124500668489652,2.15261822003649,0.8855,,5e-05
cqr,265,0.90917,2.0793722731169915,0.08492811253611743,0.8886333524985626,0.0,
abs,266,0.90942,2.393054095548381,1.1965270477741907,,,
norm,266,0.906945,2.1639083285243426,2.1925474364673727,0.891275,,5e-05
cqr,266,0.89162,1.987773753856834,0.03912885290603846,0.8785841061920356,0.0,
abs,267,0.88417,2.161473139239154,1.0807365696195768,,,
norm,267,0.90714,2.1653673399748063,2.194025757786868,0.89155,,5e-05
cqr,267,0.90121,2.0345841624317624,0.06253405719350269,0.8840586955978301,0.0,
abs,268,0.90122,2.312660468364108,1.1563302341820545,,,
norm,268,0.91571,2.230260130179156,2.2597773975084947,0.90045,,5e-05
cqr,268,0.90179,2.0376645155551527,0.06407423375519783,0.8843336749743769,0.0,
abs,269,0.878425,2.1160124815780184,1.0580062407890096,,,
norm,269,0.8995,2.112897257697962,2.140861239276151,0.88375,,5e-05
cqr,269,0.8947,2.0024855585502785,0.04648475525276052,0.8803339749518786,0.0,
abs,270,0.88511,2.1694654272547567,1.084732713627378,,,
norm,270,0.886545,2.029952902687297,2.056819124113125,0.87025,,5e-05
cqr,270,0.892215,1.990508815243275,0.040496383599258834,0.8788590855685824,0.0,
abs,271,0.89661,2.270287065992792,1.1351435329963966,,,
norm,271,0.897355,2.0983357483575116,2.1261070098318418,0.8813,,5e-05
cqr,271,0.898375,2.0201388697833833,0.05531141086931314,0.8823588230882684,0.0,
abs,272,0.911645,2.4179374254474926,1.208968712723747,,,
norm,272,0.90547,2.1532481873203353,2.181746209372339,0.889675,,5e-05
cqr,272,0.9067,2.064714648363001,0.07759930015912198,0.8871334649901257,0.0,
abs,273,0.89167,2.2268743928388823,1.1134371964194414,,,
norm,273,0.900905,2.1226565401567368,2.150749684851541,0.8853,,5e-05
cqr,273,0.897505,2.0160991255422314,0.05329153874873738,0.8817838662100342,0.0,
abs,274,0.894115,2.2485034367125967,1.1242517183562986,,,
norm,274,0.915355,2.2278019124522843,2.25728664551855,0.900175,,5e-05
cqr,274,0.90985,2.0833754581907864,0.08692970507301467,0.8892083093767967,0.0,
abs,275,0.91357,2.4368922145293954,1.2184461072646982,,,
norm,275,0.902875,2.13590388812876,2.1641723601345833,0.886875,,5e-05
cqr,275,0.913075,2.102321324725511,0.09640263834037666,0.8911581631377646,0.0,
abs,276,0.881775,2.141992609458356,1.0709963047291777,,,
norm,276,0.903325,2.1387321317492622,2.167038035273448,0.887425,,5e-05
cqr,276,0.899505,2.0261032845409117,0.05829361824807755,0.8831087668424868,0.0,
abs,277,0.90727,2.371442752998488,1.1857213764992434,,,
norm,277,0.905575,2.153869265518965,2.182375507478133,0.889725,,5e-05
cqr,277,0.917135,2.1285758437304523,0.10952989784284761,0.8939329550283729,0.0,
abs,278,0.89545,2.2601695308286263,1.1300847654143125,,,
norm,278,0.909,2.1788842516307616,2.2077215644019432,0.893425,,5e-05
cqr,278,0.903995,2.050320762220424,0.07040235708783327,0.8856835737319702,0.0,
abs,279,0.917165,2.476329667722041,1.2381648338610205,,,
norm,279,0.902225,2.1317808011839072,2.1599947045508854,0.88635,,5e-05
cqr,279,0.91278,2.1005206599246904,0.09550230593996686,0.8909581781366398,0.0,
abs,280,0.91069,2.408305685532113,1.2041528427660575,,,
norm,280,0.91111,2.195837986061303,2.2248996797935416,0.895175,,5e-05
cqr,280,0.920495,2.1515973815880516,0.12104066677164749,0.8965077619178562,0.0,
abs,281,0.893935,2.2467660784181116,1.1233830392090554,,,
norm,281,0.89167,2.0608434631557517,2.088118518026146,0.8756,,5e-05
cqr,281,0.890485,1.9822620065380647,0.03637297924665406,0.8777908343125734,0.0,
abs,282,0.898885,2.2908091718573114,1.1454045859286555,,,
norm,282,0.90968,2.1836355456644667,2.212535741331798,0.8939,,5e-05
cqr,282,0.90008,2.0287727100095028,0.05962833098237286,0.8834087443441742,0.0,
abs,283,0.91985,2.507601306383122,1.2538006531915604,,,
norm,283,0.919835,2.265499962977576,2.2954836259310296,0.904775,,5e-05
cqr,283,0.921415,2.158104322765864,0.12429413736055345,0.8971577131715122,0.0,
abs,284,0.8888,2.201427729978988,1.1007138649894943,,,
norm,284,0.905115,2.150688073717563,2.179152212924877,0.8893,,5e-05
cqr,284,0.90402,2.0504957710585376,0.07048986150689007,0.8856835737319702,0.0,
abs,285,0.91168,2.418239531486592,1.2091197657432966,,,
norm,285,0.910005,2.186562176281858,2.2155011056095093,0.89425,,5e-05
cqr,285,0.90114,2.03429241040472,0.06238818117998168,0.8840086993475489,0.0,
abs,286,0.89665,2.270491546430224,1.1352457732151122,,,
norm,286,0.916305,2.2351709172255965,2.264753178324983,0.90105,,5e-05
cqr,286,0.892215,1.9905447244549885,0.040514338205116074,0.8788590855685824,0.0,
abs,287,0.88909,2.203716971395416,1.1018584856977087,,,
norm,287,0.883965,2.015124269760197,2.041794235728505,0.867625,,5e-05
cqr,287,0.88767,1.9685730330978564,0.029528492526549294,0.8756156711753381,0.0,
abs,288,0.91143,2.4156054399969094,1.2078027199984547,,,
norm,288,0.90159,2.1274037711896363,2.155559745007186,0.88595,,5e-05
cqr,288,0.92036,2.150196435852786,0.1203401939040144,0.8964827637927155,0.0,
abs,289,0.88858,2.199323481168223,1.099661740584112,,,
norm,289,0.89259,2.06691937666354,2.0942748456348963,0.8765,,5e-05
cqr,289,0.89244,1.9915596121655952,0.041021782060419065,0.8789840761942854,0.0,
abs,290,0.90484,2.3457891402331956,1.1728945701165983,,,
norm,290,0.895355,2.0845375084185624,2.112126151582391,0.8794,,5e-05
cqr,290,0.897115,2.0143567038211385,0.052420327888190954,0.8814838887083468,0.0,
abs,291,0.891905,2.229310098962024,1.1146550494810115,,,
norm,291,0.90218,2.131419267070178,2.1596283855697145,0.886325,,5e-05
cqr,291,0.9102,2.085439891139729,0.08796192154748603,0.8895332850036247,0.0,
abs,292,0.88547,2.1724151185386447,1.0862075592693226,,,
norm,292,0.900735,2.121640299403429,2.1497199942546117,0.885175,,5e-05
cqr,292,0.908635,2.076283337746789,0.08338364485101568,0.8883083768717346,0.0,
abs,293,0.888635,2.199932991996197,1.0999664959980984,,,
norm,293,0.894985,2.0823080412069603,2.1098671775976565,0.87905,,5e-05
cqr,293,0.90148,2.0358125629449195,0.06314825745008124,0.884133689973252,0.0,
abs,294,0.88232,2.145733680859408,1.0728668404297041,,,
norm,294,0.884355,2.0171417187638827,2.043838385465777,0.867925,,5e-05
cqr,294,0.88796,1.9699825983250943,0.030233275140168603,0.8758656899267445,0.0,
abs,295,0.901265,2.313300542354327,1.1566502711771638,,,
norm,295,0.90805,2.171751669726386,2.2004945834972127,0.892425,,5e-05
cqr,295,0.903675,2.048504200468698,0.06949407621197051,0.8854585906057045,0.0,
abs,296,0.90276,2.326149397474154,1.163074698737078,,,
norm,296,0.88947,2.04770149024359,2.0748026124312298,0.873225,,5e-05
cqr,296,0.891105,1.9854819002331017,0.03798292609417242,0.8782591305652077,0.0,
abs,297,0.90794,2.3782976990975846,1.1891488495487916,,,
norm,297,0.9058,2.155379823062579,2.183906057098109,0.889925,,5e-05
cqr,297,0.891545,1.987480259729457,0.03898210584235007,0.878559108066895,0.0,
abs,298,0.90379,2.335546852796604,1.167773426398302,,,
norm,298,0.89744,2.0989182259186543,2.1266971964246144,0.8814,,5e-05
cqr,298,0.896345,2.01031776795242,0.05040085995383148,0.881083918706097,0.0,
abs,299,0.90162,2.31663403263102,1.1583170163155099,,,
norm,299,0.91029,2.1893129442274044,2.2182882796906958,0.894525,,5e-05
cqr,299,0.90308,2.0447990615976206,0.0676415067764321,0.8849586281028923,0.0,
abs,300,0.90567,2.3537413060388417,1.1768706530194206,,,
norm,300,0.901215,2.1246108507680432,2.1527298605661955,0.88555,,5e-05
cqr,300,0.903515,2.0475571420254353,0.06902054699033933,0.8853335999800015,0.0,
abs,301,0.90123,2.3127716697120277,1.1563858348560148,,,
norm,301,0.891235,2.058135555992125,2.0853747719849953,0.87515,,5e-05
cqr,301,0.89896,2.0234705025889426,0.05697722727209298,0.8828587855910807,0.0,
abs,302,0.911255,2.414149653468776,1.207074826734388,,,
norm,302,0.89415,2.076507301959104,2.103989666152346,0.878025,,5e-05
cqr,302,0.899145,2.0242329970405417,0.05735847449789233,0.8829587780916431,0.0,
abs,303,0.89812,2.284232559456285,1.1421162797281426,,,
norm,303,0.91633,2.235483867326201,2.265070270288528,0.901075,,5e-05
cqr,303,0.90349,2.0473882526907934,0.06893610232301822,0.8853335999800015,0.0,
abs,304,0.917755,2.48307754795907,1.2415387739795354,,,
norm,304,0.9002,2.1180868805233697,2.146119546234949,0.884675,,5e-05
cqr,304,0.904495,2.053192671365898,0.07183831166057053,0.8859085568582357,0.0,
abs,305,0.893465,2.2428691475031783,1.121434573751589,,,
norm,305,0.88983,2.0495900134071414,2.076716130007909,0.873675,,5e-05
cqr,305,0.884965,1.9566824307422017,0.023583191348722665,0.8735405155386654,0.0,
abs,306,0.912535,2.4261132613474476,1.213056630673724,,,
norm,306,0.901725,2.128550743755942,2.15672189763944,0.886,,5e-05
cqr,306,0.91225,2.097278238025988,0.09388109499061525,0.8905582081343899,0.0,
abs,307,0.90007,2.3024842646591157,1.1512421323295583,,,
norm,307,0.903985,2.1437740017741045,2.1721466339383046,0.88825,,5e-05
cqr,307,0.90879,2.0772320551252768,0.08385800354025985,0.8883833712471565,0.0,
abs,308,0.88061,2.1333001017338327,1.0666500508669166,,,
norm,308,0.89096,2.056639241354678,2.0838586537746098,0.87485,,5e-05
cqr,308,0.890845,1.9843105147706726,0.03739723336295797,0.8781158586894017,0.0,
abs,309,0.88877,2.20129358943052,1.10064679471526,,,
norm,309,0.896085,2.0901794435177514,2.117842757122181,0.880075,,5e-05
cqr,309,0.894545,2.001649860361469,0.04606690615835585,0.880308976826738,0.0,
abs,310,0.897215,2.275680845242512,1.137840422621255,,,
norm,310,0.90655,2.1608400879641514,2.1894385880535854,0.890625,,5e-05
cqr,310,0.887205,1.966580806767631,0.028532379361437155,0.8752406430482286,0.0,
abs,311,0.9155,2.45704942801577,1.2285247140078848,,,
norm,311,0.90374,2.141959164535354,2.1703077775121913,0.88785,,5e-05
cqr,311,0.906685,2.0645869586406342,0.0775354552979387,0.8871084668649851,0.0,
abs,312,0.917755,2.4832205652920583,1.24161028264603,,,
norm,312,0.90611,2.15781563717603,2.186374108965075,0.890175,,5e-05
cqr,312,0.91065,2.087822640433837,0.08915329619454004,0.889708271879609,0.0,
abs,313,0.89938,2.2952729935938887,1.1476364967969437,,,
norm,313,0.887515,2.0353741926895084,2.0623121643403883,0.8712,,5e-05
cqr,313,0.8875,1.9677579319370144,0.029120941946128687,0.8754406580493537,0.0,
abs,314,0.880515,2.132503243874607,1.066251621937303,,,
norm,314,0.899785,2.115246791615811,2.143241869037849,0.8841,,5e-05
cqr,314,0.907605,2.0698260720176713,0.08015501198645725,0.8876834237432193,0.0,
abs,315,0.891865,2.2288873085293517,1.114443654264676,,,
norm,315,0.88172,2.000712175418228,2.0271913987750745,0.86545,,5e-05
cqr,315,0.88698,1.9654932384629287,0.027988595209085754,0.8749906242968223,0.0,
abs,316,0.89144,2.2243797117836834,1.112189855891842,,,
norm,316,0.887955,2.038387603119414,2.065365456952659,0.8716,,5e-05
cqr,316,0.887855,1.9694940071291058,0.029988979542174304,0.8757156786759007,0.0,
abs,317,0.90899,2.3887215061217404,1.1943607530608704,,,
norm,317,0.89544,2.0851379645726356,2.112734554712953,0.879475,,5e-05
cqr,317,0.908195,2.0735335997212636,0.0820087758382532,0.8881083918706097,0.0,
abs,318,0.908535,2.384453466814733,1.1922267334073662,,,
norm,318,0.91662,2.23799563634036,2.267615282311634,0.90145,,5e-05
cqr,318,0.909295,2.080023651018488,0.08525380148686534,0.888733344999125,0.0,
abs,319,0.89653,2.269534482857194,1.1347672414285965,,,
norm,319,0.879895,1.99028820752814,2.016629470723891,0.86365,,5e-05
cqr,319,0.889535,1.9775782583999557,0.03403110517759944,0.8770407780583543,0.0,
abs,320,0.906865,2.3668091278053702,1.1834045639026858,,,
norm,320,0.90624,2.158741932108073,2.1873126633168893,0.8902,,5e-05
cqr,320,0.912275,2.09736790876877,0.0939259303620067,0.8905832062595306,0.0,
abs,321,0.911255,2.414153449007559,1.20707672450378,,,
norm,321,0.90959,2.1830480287713847,2.2119404487120384,0.89385,,5e-05
cqr,321,0.910305,2.086056792014835,0.08827037198503929,0.8895582831287654,0.0,
abs,322,0.889365,2.2057575949384565,1.1028787974692282,,,
norm,322,0.88256,2.006376764068817,2.0329309576837287,0.866225,,5e-05
cqr,322,0.886455,1.963091525643976,0.026787738799609384,0.8746155961697127,0.0,
abs,323,0.909625,2.3954298487474173,1.1977149243737082,,,
norm,323,0.90936,2.1811923852503825,2.210060245936653,0.893675,,5e-05
cqr,323,0.904115,2.0510234880725715,0.07075372001390723,0.8857085718571107,0.0,
abs,324,0.883615,2.1566860747677175,1.0783430373838585,,,
norm,324,0.87739,1.9760573988533698,2.0022103187351368,0.861275,,5e-05
cqr,324,0.88918,1.975593114783972,0.033038533369607714,0.8767407555566668,0.0,
abs,325,0.89924,2.293652841035545,1.1468264205177727,,,
norm,325,0.895,2.082486760675407,2.1100482624001975,0.879075,,5e-05
cqr,325,0.898315,2.01980537404169,0.05514466299846621,0.8823588230882684,0.0,
abs,326,0.91076,2.408886281981801,1.204443140990901,,,
norm,326,0.91556,2.229381394212049,2.2588870315597087,0.90035,,5e-05
cqr,326,0.91689,2.1269567308134505,0.10872034138434708,0.8937329700272479,0.0,
abs,327,0.906235,2.36003403871384,1.1800170193569193,,,
norm,327,0.905035,2.1499711184732453,2.17842576885039,0.8893,,5e-05
cqr,327,0.907535,2.069418309456318,0.07995113070578053,0.887633427492938,0.0,
abs,328,0.895995,2.2645429352399966,1.1322714676199983,,,
norm,328,0.889685,2.0486810359116037,2.0757951222871216,0.8734,,5e-05
cqr,328,0.883825,1.9516307000385211,0.021057325996881815,0.8726654499087432,0.0,
abs,329,0.91016,2.4010895612699628,1.2005447806349814,,,
norm,329,0.90462,2.147340891320401,2.175760730907111,0.888875,,5e-05
cqr,329,0.91315,2.102905552178784,0.09669475206701322,0.8912081593880459,0.0,
abs,330,0.89289,2.2379965515570865,1.1189982757785433,,,
norm,330,0.896785,2.094486654292429,2.122206973395975,0.880725,,5e-05
cqr,330,0.88874,1.9737243601608083,0.032104156058025524,0.8764407330549792,0.0,
abs,331,0.90374,2.3348708767784547,1.167435438389228,,,
norm,331,0.895375,2.084688938811794,2.112279586141566,0.879425,,5e-05
cqr,331,0.90112,2.0339870332674956,0.06223549261136907,0.8840086993475489,0.0,
abs,332,0.890655,2.2179711162497826,1.1089855581248906,,,
norm,332,0.89942,2.1123279303139926,2.1402843769018167,0.883625,,5e-05
cqr,332,0.89041,1.9818104859841554,0.03614721896969891,0.8775908193114483,0.0,
abs,333,0.90926,2.391540631794909,1.1957703158974542,,,
norm,333,0.887745,2.037010666153977,2.0639702963657016,0.87145,,5e-05
cqr,333,0.89764,2.016816502594092,0.05365022727466773,0.8818838587105967,0.0,
abs,334,0.90509,2.3479995886824465,1.1739997943412226,,,
norm,334,0.89485,2.0813401238990683,2.1088864500020565,0.878975,,5e-05
cqr,334,0.90064,2.031338252794508,0.060911102374875625,0.8838587105967053,0.0,
abs,335,0.92274,2.544106863632394,1.2720534318161973,,,
norm,335,0.917935,2.2493852153693337,2.2791556012674965,0.90285,,5e-05
cqr,335,0.9248,2.182291296518517,0.13638762423688,0.8996075294352923,0.0,
abs,336,0.903665,2.334349049978682,1.1671745249893406,,,
norm,336,0.90375,2.1421501891889827,2.1705013303577965,0.887875,,5e-05
cqr,336,0.90416,2.051357161687608,0.0709205568214254,0.8857085718571107,0.0,
abs,337,0.902505,2.3238495740642833,1.1619247870321419,,,
norm,337,0.893855,2.07459248952216,2.1020495113663995,0.877775,,5e-05
cqr,337,0.90014,2.029025160838725,0.059754556396984015,0.8834337424693148,0.0,
abs,338,0.894575,2.25255670740102,1.1262783537005108,,,
norm,338,0.897935,2.1021462098515986,2.12996790239854,0.8818,,5e-05
cqr,338,0.90983,2.083278645331615,0.08688129864342908,0.8892083093767967,0.0,
abs,339,0.899765,2.2992213864343327,1.1496106932171661,,,
norm,339,0.907325,2.1669390380779143,2.195618257155461,0.891675,,5e-05
cqr,339,0.892395,1.99131212484153,0.04089803839838635,0.8789590780691449,0.0,
abs,340,0.893125,2.2402179170129535,1.1201089585064758,,,
norm,340,0.91357,2.2140937080444343,2.243397014411349,0.898,,5e-05
cqr,340,0.91786,2.1328278634935804,0.1116559077244117,0.8945579081568882,0.0,
abs,341,0.90809,2.3795140353854336,1.1897570176927172,,,
norm,341,0.89974,2.1149265937659805,2.1429174334018497,0.884025,,5e-05
cqr,341,0.903675,2.048496183145548,0.06949006755039555,0.8854585906057045,0.0,
abs,342,0.907435,2.3733811217306826,1.186690560865342,,,
norm,342,0.901665,2.1282005677017697,2.1563670870405964,0.886,,5e-05
cqr,342,0.902855,2.043736320147834,0.06711013605153848,0.8848586356023298,0.0,
abs,343,0.8957,2.2623262039460452,1.1311631019730222,,,
norm,343,0.912345,2.2042399657918725,2.2334128588763513,0.896425,,5e-05
cqr,343,0.912555,2.0993694248712984,0.09492668841327079,0.8908581856360773,0.0,
abs,344,0.907095,2.3697328862571463,1.184866443128573,,,
norm,344,0.91046,2.1905468272841238,2.2195384930649165,0.89465,,5e-05
cqr,344,0.912435,2.0984696999749772,0.09447682596511014,0.8906831987600929,0.0,
abs,345,0.890405,2.21543735348065,1.107718676740325,,,
norm,345,0.89739,2.0986275293575805,2.1264026525239452,0.881325,,5e-05
cqr,345,0.88486,1.956275535534644,0.023379743744943227,0.8733405005375403,0.0,
abs,346,0.905545,2.3524269768988333,1.1762134884494169,,,
norm,346,0.915665,2.2299846832906725,2.259498305108292,0.900375,,5e-05
cqr,346,0.89628,2.0098548589559404,0.050169405455591565,0.881083918706097,0.0,
abs,347,0.899275,2.2942040640728862,1.1471020320364431,,,
norm,347,0.900485,2.120208821756363,2.148269571145619,0.884975,,5e-05
cqr,347,0.907555,2.069599785505499,0.08004186873037139,0.887633427492938,0.0,
abs,348,0.90542,2.3511965087461064,1.175598254373053,,,
norm,348,0.91109,2.1956109196259788,2.2246696081569044,0.89515,,5e-05
cqr,348,0.893545,1.9967621456398308,0.04362304879753734,0.8795340349473789,0.0,
abs,349,0.917465,2.479632784256866,1.2398163921284335,,,
norm,349,0.899135,2.109877632260574,2.137801649401403,0.883325,,5e-05
cqr,349,0.913505,2.1049356317444787,0.09770979184986106,0.8913581481388896,0.0,
abs,350,0.900895,2.3098088002437787,1.154904400121889,,,
norm,350,0.91499,2.225391107810045,2.254843934120619,0.89975,,5e-05
cqr,350,0.900145,2.029045261848999,0.05976460690212093,0.8834337424693148,0.0,
abs,351,0.899705,2.298675394969663,1.1493376974848308,,,
norm,351,0.910715,2.192970598111206,2.2219943422538364,0.89495,,5e-05
cqr,351,0.905395,2.0578301089273006,0.07415703044127178,0.8863085268604854,0.0,
abs,352,0.877755,2.1107682923057993,1.0553841461528994,,,
norm,352,0.8846,2.0186450098913515,2.0453615724993255,0.868175,,5e-05
cqr,352,0.870685,1.8984429426704212,-0.005536552687167795,0.8639397954846614,0.0,
abs,353,0.91586,2.461133901777849,1.2305669508889248,,,
norm,353,0.907445,2.167688451769579,2.1963775892615645,0.8918,,5e-05
cqr,353,0.90885,2.077945968890293,0.08421496042276799,0.8884083693722971,0.0,
abs,354,0.90966,2.395791887208226,1.197895943604113,,,
norm,354,0.89494,2.0818602624608986,2.1094134725451643,0.879025,,5e-05
cqr,354,0.88273,1.946503827502807,0.018493889729024993,0.8718153861539616,0.0,
abs,355,0.90884,2.387218748205448,1.1936093741027238,,,
norm,355,0.877545,1.9768293203766036,2.002992456561684,0.86145,,5e-05
cqr,355,0.8882,1.9713061848904632,0.030895068422853056,0.8760657049278696,0.0,
abs,356,0.89942,2.2957026008203414,1.147851300410171,,,
norm,356,0.90546,2.153070334122647,2.1815660023055607,0.889675,,5e-05
cqr,356,0.91021,2.085468517016049,0.08797623448564629,0.8895332850036247,0.0,
abs,357,0.8952,2.2579308354520173,1.1289654177260093,,,
norm,357,0.88781,2.0373706715272837,2.0643350663737254,0.871525,,5e-05
cqr,357,0.88835,1.9719894696469782,0.031236710801110734,0.8761407105532915,0.0,
abs,358,0.894545,2.252150000491118,1.1260750002455588,,,
norm,358,0.89469,2.08052160522534,2.1080570983164395,0.878775,,5e-05
cqr,358,0.891915,1.9890700934358962,0.03977702269556971,0.8786341024423169,0.0,
abs,359,0.87326,2.0753241519838235,1.037662075991912,,,
norm,359,0.88745,2.034917777953441,2.061849709001436,0.871175,,5e-05
cqr,359,0.884685,1.955581763064273,0.02303285750975781,0.8732654949121184,0.0,
abs,360,0.90525,2.3494563343678525,1.1747281671839267,,,
norm,360,0.91448,2.2211468341935587,2.2505434879719415,0.899175,,5e-05
cqr,360,0.91387,2.107001284061941,0.09874261800859219,0.8915331350148739,0.0,
abs,361,0.888605,2.199598143201939,1.0997990716009687,,,
norm,361,0.90655,2.160919870907086,2.1895194269157034,0.890625,,5e-05
cqr,361,0.91158,2.0935883177103833,0.09203613483281303,0.8901832362572807,0.0,
abs,362,0.90559,2.3529698013021374,1.1764849006510685,,,
norm,362,0.886215,2.028208493567666,2.0550516279151667,0.869925,,5e-05
cqr,362,0.888275,1.9716789836443152,0.03108146779977905,0.8761157086781508,0.0,
abs,363,0.91791,2.485068966890474,1.2425344834452372,,,
norm,363,0.90241,2.133003439489949,2.1612335243512906,0.8865,,5e-05
cqr,363,0.899205,2.02449696106145,0.0574904565083465,0.8829587780916431,0.0,
abs,364,0.896215,2.266632672330992,1.1333163361654959,,,
norm,364,0.9123,2.2038558368821386,2.233023646059335,0.896425,,5e-05
cqr,364,0.896815,2.012899271997085,0.0516916119761639,0.8813089018323625,0.0,
abs,365,0.90297,2.328313247635066,1.1641566238175327,,,
norm,365,0.90813,2.1723309729835245,2.2010815537743884,0.892475,,5e-05
cqr,365,0.90609,2.0614732189991645,0.07597858547720393,0.8867584931130166,0.0,
abs,366,0.89545,2.2602580654770015,1.1301290327385003,,,
norm,366,0.89948,2.112674507760251,2.1406355412655356,0.88375,,5e-05
cqr,366,0.89025,1.9808419141179172,0.03566293303657986,0.8774908118108858,0.0,
abs,367,0.8966,2.270053461791669,1.1350267308958348,,,
norm,367,0.90338,2.139074984069033,2.167385425209007,0.8875,,5e-05
cqr,367,0.895565,2.0060125062396867,0.048248229097464734,0.8808339374546909,0.0,
abs,368,0.909555,2.394825840239898,1.1974129201199495,,,
norm,368,0.909635,2.183347184682098,2.2122435639209828,0.893875,,5e-05
cqr,368,0.91753,2.130944481719751,0.11071421683749705,0.8942079344049196,0.0,
abs,369,0.905805,2.3552207213323797,1.1776103606661898,,,
norm,369,0.90228,2.1321203973913767,2.160338795279826,0.886425,,5e-05
cqr,369,0.90008,2.0287708951230763,0.059627423539159674,0.8834087443441742,0.0,
abs,370,0.920955,2.5211105317152653,1.2605552658576322,,,
norm,370,0.912495,2.2054230256654868,2.234611576427778,0.896675,,5e-05
cqr,370,0.911,2.0900947824225193,0.09028936718888114,0.8898582606304527,0.0,
abs,371,0.896345,2.267751136574752,1.1338755682873762,,,
norm,371,0.903655,2.1412560542708943,2.16959536165447,0.88775,,5e-05
cqr,371,0.89515,2.004285969986233,0.047384960970738105,0.8805589580781441,0.0,
abs,372,0.90271,2.325777725874348,1.1628888629371747,,,
norm,372,0.89167,2.060880070097241,2.088155609456805,0.8756,,5e-05
cqr,372,0.902755,2.0430908626325377,0.06678740729389027,0.884783641226908,0.0,
abs,373,0.91465,2.448335521892389,1.224167760946195,,,
norm,373,0.90776,2.1696787912193707,2.1983942706527393,0.892125,,5e-05
cqr,373,0.897875,2.0178047346372576,0.05414434329625051,0.8820338474614404,0.0,
abs,374,0.899635,2.297843663371312,1.1489218316856566,,,
norm,374,0.900005,2.1168531992273483,2.1448695372917075,0.88435,,5e-05
cqr,374,0.91232,2.097670472276808,0.09407721211602565,0.8906332025098118,0.0,
abs,375,0.9009,2.309944598195529,1.1549722990977649,,,
norm,375,0.899365,2.111702708550844,2.1396508803918466,0.88355,,5e-05
cqr,375,0.89686,2.01320429725632,0.05184412460578158,0.8813588980826438,0.0,
abs,376,0.90065,2.3080306207637875,1.1540153103818933,,,
norm,376,0.88707,2.032468409144066,2.0593679230435153,0.870675,,5e-05
cqr,376,0.89165,1.9879106798376767,0.03919731589645965,0.8785841061920356,0.0,
abs,377,0.897325,2.276652867885886,1.1383264339429429,,,
norm,377,0.896285,2.0913126610731347,2.1189909726973353,0.880225,,5e-05
cqr,377,0.904925,2.0553923595001318,0.07293815572768714,0.8861085418593605,0.0,
abs,378,0.90049,2.306255697474682,1.1531278487373406,,,
norm,378,0.906305,2.1593937753368584,2.187973133624902,0.89025,,5e-05
cqr,378,0.90449,2.0531533830798026,0.07181866751752297,0.8859085568582357,0.0,
abs,379,0.911995,2.42120934454317,1.2106046722715849,,,
norm,379,0.906135,2.1580183236669366,2.186579477991196,0.8902,,5e-05
cqr,379,0.894685,2.00241665829922,0.04645030512723153,0.8803339749518786,0.0,
abs,380,0.89608,2.2655134507365084,1.1327567253682544,,,
norm,380,0.907565,2.1687840431219803,2.197487680654744,0.8919,,5e-05
cqr,380,0.90309,2.0448703432750723,0.06767714761515764,0.8849586281028923,0.0,
abs,381,0.908435,2.383705090398592,1.1918525451992956,,,
norm,381,0.912325,2.2040225639395272,2.2331925797324708,0.896425,,5e-05
cqr,381,0.90752,2.069333541159213,0.07990874655722813,0.887633427492938,0.0,
abs,382,0.906655,2.364745422532403,1.1823727112662021,,,
norm,382,0.90907,2.1796554111477953,2.208502930137216,0.893475,,5e-05
cqr,382,0.90329,2.046309643813835,0.068396797884539,0.8852086093542985,0.0,
abs,383,0.884745,2.1664848933422856,1.0832424466711426,,,
norm,383,0.89021,2.0519348483268467,2.0790919985806986,0.874,,5e-05
cqr,383,0.89459,2.001949095023974,0.04621652348960836,0.880308976826738,0.0,
abs,384,0.893135,2.2402576882392684,1.1201288441196346,,,
norm,384,0.898575,2.1060181868512444,2.133891124622295,0.882675,,5e-05
cqr,384,0.896335,2.0102085577039013,0.050346254829572334,0.881083918706097,0.0,
abs,385,0.9124,2.424941179525064,1.2124705897625327,,,
norm,385,0.91517,2.226576733032565,2.256045250973085,0.89995,,5e-05
cqr,385,0.90766,2.0701473282103273,0.08031564008278513,0.8877084218683599,0.0,
abs,386,0.912105,2.4220158832579255,1.2110079416289623,,,
norm,386,0.91678,2.2398324939387932,2.2694764505346647,0.90155,,5e-05
cqr,386,0.90941,2.0808052934558217,0.08564462270553252,0.888808339374547,0.0,
abs,387,0.902565,2.3243392073281868,1.1621696036640932,,,
norm,387,0.90186,2.1291629061529513,2.1573421619438804,0.886125,,5e-05
cqr,387,0.89315,1.9948538321955895,0.042668892075415965,0.8792840536959728,0.0,
abs,388,0.90935,2.3923518304271174,1.1961759152135594,,,
norm,388,0.89398,2.075495317185326,2.102964287862405,0.877875,,5e-05
cqr,388,0.88937,1.9764984028780859,0.033491177416664186,0.8768657649323699,0.0,
abs,389,0.88856,2.1991644083035644,1.099582204151782,,,
norm,389,0.89862,2.1062618337058887,2.1341379961184264,0.8827,,5e-05
cqr,389,0.89775,2.0172106995608345,0.05384732575803898,0.8819838512111592,0.0,
abs,390,0.88103,2.136167540627438,1.0680837703137183,,,
norm,390,0.90197,2.1301330613333307,2.158325157029983,0.886175,,5e-05
cqr,390,0.891035,1.9851111022566974,0.03779752710596984,0.878234132440067,0.0,
abs,391,0.903935,2.3368651745506455,1.1684325872753227,,,
norm,391,0.89918,2.110236250323265,2.1381650137378942,0.883325,,5e-05
cqr,391,0.90851,2.07551676910213,0.08300036052868631,0.8882333824963128,0.0,
abs,392,0.886285,2.1791582982406723,1.0895791491203362,,,
norm,392,0.90468,2.147809798336365,2.1762358438600224,0.888975,,5e-05
cqr,392,0.88887,1.974222415737311,0.032353183846277,0.8764657349301198,0.0,
abs,393,0.8788,2.1191580952403792,1.059579047620189,,,
norm,393,0.896585,2.093354607128168,2.121059943701953,0.880575,,5e-05
cqr,393,0.89829,2.0197221761160287,0.055103064035635585,0.8823588230882684,0.0,
abs,394,0.918755,2.494462925521944,1.247231462760972,,,
norm,394,0.909465,2.182057510761216,2.2109368212961527,0.893725,,5e-05
cqr,394,0.91838,2.1363555017964955,0.1134197268758691,0.8948828837837163,0.0,
abs,395,0.90942,2.3930476389893816,1.196523819494691,,,
norm,395,0.898335,2.1042866030459737,2.1321366234804353,0.8824,,5e-05
cqr,395,0.890855,1.984389217193622,0.03743658457443244,0.8781158586894017,0.0,
abs,396,0.902485,2.323699725477745,1.1618498627388725,,,
norm,396,0.897155,2.0968266886799345,2.1245779779020073,0.8811,,5e-05
cqr,396,0.90711,2.0671321335108495,0.07880804273304665,0.8873584481163913,0.0,
abs,397,0.89307,2.239630576923576,1.1198152884617882,,,
norm,397,0.881655,2.00026368447881,2.026736972103419,0.86545,,5e-05
cqr,397,0.902635,2.0422116582051055,0.06634780508017424,0.8847086468514861,0.0,
abs,398,0.90682,2.3664440052002926,1.183222002600146,,,
norm,398,0.91278,2.207770986779875,2.236990612570121,0.89695,,5e-05
cqr,398,0.920515,2.1516610660302025,0.12107250899272248,0.8965327600429968,0.0,
abs,399,0.913135,2.4333393741615197,1.2166696870807598,,,
norm,399,0.90244,2.1331436070150382,2.161375546979403,0.886525,,5e-05
cqr,399,0.90747,2.068995855066901,0.07973990351107207,0.8876084293677974,0.0,
abs,400,0.905305,2.3501272504658393,1.1750636252329199,,,
norm,400,0.88506,2.02182288586133,2.0485815073364626,0.868525,,5e-05
cqr,400,0.896925,2.0134874506855542,0.05198570132039837,0.8814338924580657,0.0,
abs,401,0.91265,2.427735257657437,1.213867628828718,,,
norm,401,0.91141,2.1982398825812126,2.2273333651710447,0.89535,,5e-05
cqr,401,0.922295,2.163847912697909,0.12716593232657591,0.8977826663000275,0.0,
abs,402,0.911145,2.4129866931897936,1.206493346594896,,,
norm,402,0.89873,2.1072751512493206,2.1351647248170926,0.882975,,5e-05
cqr,402,0.90818,2.0733069379207714,0.08189544493800727,0.8881083918706097,0.0,
abs,403,0.909665,2.3958514532817996,1.1979257266408991,,,
norm,403,0.9113,2.1974710204171597,2.226554327193988,0.895325,,5e-05
cqr,403,0.902755,2.0429984194320134,0.06674118569362841,0.884783641226908,0.0,
abs,404,0.908225,2.3814582304669965,1.190729115233498,,,
norm,404,0.899365,2.111659965318345,2.1396075714569878,0.88355,,5e-05
cqr,404,0.906575,2.0641196851888783,0.07730181857206053,0.8869584781141414,0.0,
abs,405,0.905735,2.3543344321362123,1.1771672160681055,,,
norm,405,0.910105,2.187285628604958,2.21623413275096,0.89435,,5e-05
cqr,405,0.905815,2.05998136465536,0.07523265830530179,0.8866085043621729,0.0,
abs,406,0.915395,2.456050773310187,1.228025386655093,,,
norm,406,0.907365,2.167197853905767,2.195880498384628,0.8917,,5e-05
cqr,406,0.91369,2.105848972862437,0.09816646240884008,0.8914581406394521,0.0,
abs,407,0.882265,2.145157451891315,1.0725787259456583,,,
norm,407,0.892,2.063238352942751,2.0905451039373384,0.87595,,5e-05
cqr,407,0.8838,1.9515855922205105,0.02103477208787663,0.8726154461584619,0.0,
abs,408,0.90728,2.371602993734269,1.1858014968671338,,,
norm,408,0.900455,2.1200391977396964,2.148097702172242,0.884925,,5e-05
cqr,408,0.890735,1.9837007106890192,0.03709233132213097,0.878034147438942,0.0,
abs,409,0.90429,2.340331789511374,1.1701658947556866,,,
norm,409,0.89694,2.0955882335787503,2.123323131972774,0.88085,,5e-05
cqr,409,0.89412,1.9995517344154317,0.04501784318533719,0.8799590030747694,0.0,
abs,410,0.898885,2.2907580237919594,1.1453790118959801,,,
norm,410,0.887965,2.038556825298777,2.0655369187704564,0.8716,,5e-05
cqr,410,0.890785,1.9839695880284645,0.03722676999185359,0.8780658549391205,0.0,
abs,411,0.902635,2.325042685188331,1.1625213425941656,,,
norm,411,0.901865,2.129386783910608,2.157569002701024,0.88615,,5e-05
cqr,411,0.91022,2.0854869467990613,0.08798544937715236,0.8895332850036247,0.0,
abs,412,0.897895,2.2819097795766345,1.1409548897883164,,,
norm,412,0.88703,2.032273207882712,2.0591701383132035,0.87065,,5e-05
cqr,412,0.897875,2.017811441011652,0.054147696483447416,0.8820338474614404,0.0,
abs,413,0.90588,2.3558838805070157,1.1779419402535085,,,
norm,413,0.899895,2.1160387191359353,2.1440442776386344,0.884225,,5e-05
cqr,413,0.903035,2.044676864695598,0.06758040832542056,0.8849336299777517,0.0,
abs,414,0.894175,2.248977480108153,1.124488740054077,,,
norm,414,0.893275,2.0710068266498065,2.098416392608464,0.877225,,5e-05
cqr,414,0.889655,1.9781872534574207,0.03433560270633196,0.877065779933495,0.0,
abs,415,0.89723,2.2758600926061163,1.1379300463030584,,,
norm,415,0.90248,2.1335605996464087,2.1617980584660894,0.886575,,5e-05
cqr,415,0.90791,2.071548108410205,0.08101603018272407,0.8879084068694848,0.0,
abs,416,0.889685,2.2085004707124365,1.104250235356218,,,
norm,416,0.901625,2.127967385527744,2.1561308187240735,0.88595,,5e-05
cqr,416,0.904105,2.0510182598970483,0.07075110592614553,0.8857085718571107,0.0,
abs,417,0.92597,2.587692373406446,1.2938461867032225,,,
norm,417,0.919535,2.262513013829756,2.2924571448132385,0.90445,,5e-05
cqr,417,0.924405,2.1787834813880287,0.13463371667163582,0.899432542559308,0.0,
abs,418,0.886825,2.1842139152498965,1.092106957624948,,,
norm,418,0.904675,2.1477264327649817,2.1761513749537302,0.888975,,5e-05
cqr,418,0.898385,2.020231987921815,0.05535796993852904,0.8823588230882684,0.0,
abs,419,0.91246,2.425525260356686,1.212762630178343,,,
norm,419,0.910975,2.194697943949546,2.2237445493397012,0.8951,,5e-05
cqr,419,0.909615,2.081838374150545,0.08616116305289379,0.8890333225008125,0.0,
abs,420,0.88774,2.1921840257295098,1.0960920128647544,,,
norm,420,0.8912,2.0578543345036397,2.0850898285585435,0.87515,,5e-05
cqr,420,0.896425,2.010713220784126,0.050598586369684395,0.8811589130815188,0.0,
abs,421,0.900545,2.3068078054339427,1.153403902716972,,,
norm,421,0.887055,2.03239925579264,2.059297854454475,0.87065,,5e-05
cqr,421,0.8865,1.9633290968609989,0.026906524408121024,0.8746155961697127,0.0,
abs,422,0.898805,2.2899315006944985,1.1449657503472486,,,
norm,422,0.89861,2.1062221904497305,2.134097828187781,0.8827,,5e-05
cqr,422,0.897245,2.0149637423014632,0.052723847128352874,0.8815838812089093,0.0,
abs,423,0.907155,2.370387552973968,1.1851937764869842,,,
norm,423,0.912815,2.2079078476867613,2.237129284817273,0.896975,,5e-05
cqr,423,0.90624,2.062282890243741,0.07638342109949203,0.8868334874884384,0.0,
abs,424,0.901825,2.318494024653413,1.159247012326707,,,
norm,424,0.90939,2.1815301539905376,2.210402485011933,0.8937,,5e-05
cqr,424,0.907325,2.0682424279378973,0.07936318994656999,0.8875334349923756,0.0,
abs,425,0.88892,2.2024292983519724,1.1012146491759855,,,
norm,425,0.89589,2.088379917050945,2.1160194141045303,0.879875,,5e-05
cqr,425,0.900425,2.030400365408863,0.06044215868205305,0.8836837237207209,0.0,
abs,426,0.90087,2.3095312525492346,1.1547656262746175,,,
norm,426,0.89861,2.1061900741870545,2.1340652868696157,0.8827,,5e-05
cqr,426,0.88584,1.9604393338000201,0.02546164287763142,0.8742655699177438,0.0,
abs,427,0.89701,2.2738235088612866,1.1369117544306435,,,
norm,427,0.89764,2.1004032461858326,2.128201870784883,0.881525,,5e-05
cqr,427,0.901045,2.0336373115829556,0.062060631769099484,0.8839837012224083,0.0,
abs,428,0.89007,2.2123667919545364,1.106183395977268,,,
norm,428,0.88828,2.0403769671908827,2.067381150056476,0.871875,,5e-05
cqr,428,0.885885,1.9607429820740636,0.02561346701465328,0.8742905717928845,0.0,
abs,429,0.90087,2.3095356781737024,1.1547678390868517,,,
norm,429,0.894655,2.080052346977298,2.10758162948293,0.878775,,5e-05
cqr,429,0.90064,2.0313347804941797,0.06090936622471155,0.8838587105967053,0.0,
abs,430,0.90363,2.334107342779342,1.1670536713896718,,,
norm,430,0.891105,2.057290131214777,2.084518158096197,0.8751,,5e-05
cqr,430,0.888135,1.971013968646925,0.030748960301084205,0.875965697427307,0.0,
abs,431,0.917485,2.4800177389206373,1.2400088694603189,,,
norm,431,0.919485,2.26181495312544,2.2917498453460787,0.9044,,5e-05
cqr,431,0.9169,2.127031651757586,0.10875780185641437,0.8937329700272479,0.0,
abs,432,0.89637,2.268469600272567,1.134234800136283,,,
norm,432,0.898935,2.108687160322771,2.1365954216878666,0.883175,,5e-05
cqr,432,0.898195,2.0192006611925377,0.05484230657389058,0.8822588305877059,0.0,
abs,433,0.89182,2.2285012623469242,1.1142506311734623,,,
norm,433,0.90493,2.1493461331822314,2.17779251194224,0.88925,,5e-05
cqr,433,0.89037,1.9816542202129523,0.03606908608409798,0.8775658174363077,0.0,
abs,434,0.90287,2.32752355386392,1.1637617769319604,,,
norm,434,0.905065,2.1504133327295896,2.178873835767707,0.8893,,5e-05
cqr,434,0.91378,2.1064045708907897,0.09844426142301638,0.8914831387645926,0.0,
abs,435,0.90677,2.3658309657684047,1.1829154828842028,,,
norm,435,0.90895,2.1783777354153977,2.2072083444956814,0.893375,,5e-05
cqr,435,0.912185,2.0968540359182377,0.09366899393674055,0.8905332100092493,0.0,
abs,436,0.897645,2.2796851557790894,1.1398425778895447,,,
norm,436,0.898335,2.1043034566495606,2.1321537001397615,0.8824,,5e-05
cqr,436,0.90067,2.031480239496441,0.06098209572584179,0.8838587105967053,0.0,
abs,437,0.92115,2.523730655623091,1.2618653278115457,,,
norm,437,0.899385,2.1119565129939253,2.139908043911072,0.883575,,5e-05
cqr,437,0.901255,2.034783786839458,0.0626338693973506,0.8840836937229708,0.0,
abs,438,0.88998,2.2114364349749276,1.1057182174874636,,,
norm,438,0.873205,1.9530828299855933,1.9789316837712712,0.8568,,5e-05
cqr,438,0.888765,1.9739063768278529,0.032195164391548015,0.8764407330549792,0.0,
abs,439,0.904995,2.3472241841517554,1.173612092075877,,,
norm,439,0.89623,2.091040730292639,2.118715442940453,0.8802,,5e-05
cqr,439,0.897645,2.0168393519692813,0.053661651962262136,0.8818838587105967,0.0,
abs,440,0.898075,2.2836488738134055,1.1418244369067032,,,
norm,440,0.90968,2.1837000824066655,2.2126011322112547,0.8939,,5e-05
cqr,440,0.915795,2.1193139130087886,0.10489893248201598,0.8928580356473265,0.0,
abs,441,0.90097,2.3104328084924783,1.1552164042462387,,,
norm,441,0.904415,2.146223500800832,2.1746285518369906,0.8886,,5e-05
cqr,441,0.89259,1.9921543407822329,0.04131914636873801,0.8790590705697072,0.0,
abs,442,0.91116,2.4132192024656707,1.2066096012328358,,,
norm,442,0.890235,2.0521768948627206,2.079337248578003,0.874,,5e-05
cqr,442,0.898225,2.019378519983155,0.05493123596919902,0.8823088268379872,0.0,
abs,443,0.907655,2.3751508754913737,1.1875754377456875,,,
norm,443,0.914165,2.2188069255717804,2.2481726108961335,0.898875,,5e-05
cqr,443,0.90818,2.0732426969335656,0.08186332444440447,0.8881083918706097,0.0,
abs,444,0.91917,2.499682334555855,1.2498411672779266,,,
norm,444,0.90658,2.1611290538509054,2.189731378374635,0.890625,,5e-05
cqr,444,0.91396,2.107592678431546,0.09903831519339412,0.8916081293902958,0.0,
abs,445,0.898715,2.28930112638897,1.1446505631944848,,,
norm,445,0.90684,2.1629771998187155,2.19160398436747,0.8911,,5e-05
cqr,445,0.91276,2.1004355604652845,0.0954597562102637,0.8909331800114991,0.0,
abs,446,0.90278,2.3265883711088264,1.1632941855544126,,,
norm,446,0.895825,2.087726137749487,2.115356982100119,0.879875,,5e-05
cqr,446,0.90297,2.044426710826642,0.06745533139094251,0.884908631852611,0.0,
abs,447,0.907535,2.3742492659604433,1.1871246329802212,,,
norm,447,0.89466,2.080071551891765,2.1076010885724976,0.878775,,5e-05
cqr,447,0.91105,2.090318174985345,0.09040106347029409,0.8898582606304527,0.0,
abs,448,0.904485,2.3423445392460227,1.171172269623012,,,
norm,448,0.899875,2.1158326737983986,2.143835505311887,0.884225,,5e-05
cqr,448,0.905335,2.057606336788279,0.07404514437176121,0.8863085268604854,0.0,
abs,449,0.91091,2.4105568021931933,1.2052784010965971,,,
norm,449,0.886695,2.0306706936061416,2.057546414922207,0.87035,,5e-05
cqr,449,0.90215,2.0394972759403784,0.06499061394781047,0.8844836637252206,0.0,
abs,450,0.898845,2.2903082620993445,1.145154131049672,,,
norm,450,0.902765,2.1352105443915215,2.1634698400630827,0.88675,,5e-05
cqr,450,0.900985,2.033374995312812,0.06192947363402776,0.8839837012224083,0.0,
abs,451,0.90143,2.314766398281946,1.1573831991409729,,,
norm,451,0.908715,2.1766001989328214,2.2054072824974775,0.89315,,5e-05
cqr,451,0.899105,2.023992937773956,0.05723844486459928,0.8829337799665025,0.0,
abs,452,0.89075,2.218857251165628,1.109428625582814,,,
norm,452,0.910085,2.1870940446198626,2.216040013171192,0.89435,,5e-05
cqr,452,0.90301,2.0446065655393633,0.06754525874730266,0.884908631852611,0.0,
abs,453,0.900035,2.3019609346632706,1.1509804673316353,,,
norm,453,0.90739,2.1673513079020426,2.196035983329029,0.89175,,5e-05
cqr,453,0.900805,2.03239856217049,0.06144125706286646,0.8839087068469865,0.0,
abs,454,0.88134,2.138650170026835,1.0693250850134168,,,
norm,454,0.89821,2.103692059860093,2.1315342115756026,0.8822,,5e-05
cqr,454,0.8938,1.9979218002568,0.04420287610602136,0.8798090143239257,0.0,
abs,455,0.921495,2.527899122352755,1.2639495611763771,,,
norm,455,0.90854,2.1749607091053753,2.2037460941879288,0.892975,,5e-05
cqr,455,0.910245,2.0856234308025527,0.08805369137889829,0.8895332850036247,0.0,
abs,456,0.900645,2.3079721506558144,1.1539860753279076,,,
norm,456,0.89721,2.097230118088843,2.124986746658353,0.88115,,5e-05
cqr,456,0.89435,2.0005492962532916,0.045516624104267045,0.8802339824513161,0.0,
abs,457,0.90008,2.3025505723848667,1.1512752861924327,,,
norm,457,0.91704,2.242027540579814,2.2717005483960455,0.9019,,5e-05
cqr,457,0.9008,2.0323846190071486,0.06143428548119567,0.8839087068469865,0.0,
abs,458,0.906885,2.366954179667857,1.183477089833928,,,
norm,458,0.90083,2.122144117199309,2.150230480028081,0.885275,,5e-05
cqr,458,0.90696,2.066419972618608,0.07845196228692575,0.8872584556158288,0.0,
abs,459,0.906875,2.366897326237442,1.183448663118721,,,
norm,459,0.91305,2.209779681290084,2.2390258919490815,0.897375,,5e-05
cqr,459,0.90315,2.0453142526703183,0.0678991023127804,0.8850086243531735,0.0,
abs,460,0.907045,2.368973755129571,1.184486877564785,,,
norm,460,0.90528,2.152135187290225,2.1806184788993614,0.88945,,5e-05
cqr,460,0.91612,2.121733577106748,0.1061087645309956,0.8929830262730295,0.0,
abs,461,0.906485,2.3630363098652576,1.1815181549326284,,,
norm,461,0.90191,2.1295689520728907,2.1577535818405167,0.88615,,5e-05
cqr,461,0.916825,2.1264847268119027,0.10848433938357283,0.8936329775266855,0.0,
abs,462,0.909875,2.398404069954367,1.1992020349771835,,,
norm,462,0.887845,2.037655012205163,2.064623170271727,0.871525,,5e-05
cqr,462,0.901455,2.035719469722718,0.06310171083898053,0.8841086918481114,0.0,
abs,463,0.90773,2.3762186125353093,1.188109306267654,,,
norm,463,0.892375,2.0656661975418427,2.0930050808142275,0.87635,,5e-05
cqr,463,0.89822,2.0193561863116973,0.05492006913347014,0.8823088268379872,0.0,
abs,464,0.90049,2.306239626459769,1.1531198132298843,,,
norm,464,0.90014,2.1177903192805725,2.145819060034087,0.884525,,5e-05
cqr,464,0.89049,1.9823892543594286,0.03643660315733621,0.8777908343125734,0.0,
abs,465,0.88588,2.1758375112076798,1.0879187556038399,,,
norm,465,0.87915,1.9858067506233423,2.0120887021900624,0.863,,5e-05
cqr,465,0.890485,1.9823192931179723,0.036401622536607614,0.8777908343125734,0.0,
abs,466,0.892995,2.2390718414378408,1.1195359207189197,,,
norm,466,0.89576,2.0874154542247827,2.1150421867103777,0.879825,,5e-05
cqr,466,0.905155,2.056706513772636,0.07359523286393965,0.8861335399845012,0.0,
abs,467,0.906815,2.366373915476063,1.183186957738032,,,
norm,467,0.90973,2.184291011126084,2.2131998818125282,0.893975,,5e-05
cqr,467,0.913445,2.104611637042775,0.0975477944990093,0.8913581481388896,0.0,
abs,468,0.891545,2.2253760521144272,1.1126880260572143,,,
norm,468,0.88967,2.0486156468812005,2.0757288678395116,0.8734,,5e-05
cqr,468,0.88894,1.9745944835710494,0.03253921776314628,0.8765657424306823,0.0,
abs,469,0.889035,2.203378319874012,1.1016891599370058,,,
norm,469,0.893855,2.07459110982913,2.102048113413272,0.877775,,5e-05
cqr,469,0.887905,1.9697513922064982,0.03011767208087046,0.8758156861764632,0.0,
abs,470,0.89677,2.2713611523291752,1.1356805761645874,,,
norm,470,0.90579,2.1552037538193596,2.183727657596257,0.8899,,5e-05
cqr,470,0.885235,1.9577035536989509,0.02409375282709686,0.8738905417906343,0.0,
abs,471,0.905175,2.348723271675901,1.174361635837951,,,
norm,471,0.90675,2.162461906882618,2.191081871581462,0.890975,,5e-05
cqr,471,0.90936,2.08039329106245,0.08543862150884635,0.8887833412494063,0.0,
abs,472,0.89101,2.2207202835930224,1.1103601417965112,,,
norm,472,0.89888,2.108305708810405,2.136208921703302,0.8831,,5e-05
cqr,472,0.901705,2.037266163860702,0.06387505790797232,0.8842586805989551,0.0,
abs,473,0.88948,2.2066621091114573,1.103331054555729,,,
norm,473,0.89142,2.0595158834996177,2.0867733679874902,0.875275,,5e-05
cqr,473,0.899215,2.0245504924346314,0.057517222194937545,0.8829837762167837,0.0,
abs,474,0.87372,2.0791791899775514,1.0395895949887755,,,
norm,474,0.884575,2.018467109268439,2.045181317379656,0.868175,,5e-05
cqr,474,0.884115,1.9531458155686572,0.021814883761950316,0.8728904667850089,0.0,
abs,475,0.897625,2.2794461824010672,1.1397230912005338,,,
norm,475,0.89589,2.0884049900084287,2.116044818900071,0.879875,,5e-05
cqr,475,0.890575,1.9827568874475037,0.036620419701373474,0.8778658399379954,0.0,
abs,476,0.89448,2.251556877132915,1.125778438566458,,,
norm,476,0.895475,2.085296530629445,2.1128952193754915,0.8795,,5e-05
cqr,476,0.880985,1.9395681703400982,0.015026061147670688,0.8704652848963672,0.0,
abs,477,0.902115,2.3204044048017,1.1602022024008503,,,
norm,477,0.904095,2.144542167470928,2.1729249662304593,0.8884,,5e-05
cqr,477,0.900335,2.0300134116978663,0.06024868182655463,0.8835837312201585,0.0,
abs,478,0.9116,2.4172866866671026,1.208643343333551,,,
norm,478,0.88954,2.048053128428157,2.0751589045116163,0.873275,,5e-05
cqr,478,0.913825,2.1067760896049217,0.0986300207800822,0.8915081368897333,0.0,
abs,479,0.887795,2.1925270161856054,1.0962635080928027,,,
norm,479,0.898985,2.1089538957609246,2.1368656873425764,0.883225,,5e-05
cqr,479,0.89191,1.9890561753788392,0.03977006366704128,0.8786341024423169,0.0,
abs,480,0.898865,2.290568725983407,1.1452843629917038,,,
norm,480,0.89692,2.0953701527191737,2.1231021648350707,0.8808,,5e-05
cqr,480,0.90103,2.0335923247884957,0.06203813837186889,0.8839837012224083,0.0,
abs,481,0.89046,2.2158800560377827,1.1079400280188916,,,
norm,481,0.89047,2.0537374813139793,2.0809184892331585,0.8743,,5e-05
cqr,481,0.89839,2.020277610644129,0.05538078129968593,0.8823588230882684,0.0,
abs,482,0.900185,2.3037769240851205,1.1518884620425596,,,
norm,482,0.88742,2.0347508205070954,2.0616805418901683,0.871075,,5e-05
cqr,482,0.89352,1.9966648102848186,0.04357438112003065,0.8795090368222384,0.0,
abs,483,0.903155,2.330298992923156,1.1651494964615785,,,
norm,483,0.907755,2.169604297611292,2.1983187911292883,0.892125,,5e-05
cqr,483,0.91761,2.1314364593369213,0.11096020564608233,0.8942829287803414,0.0,
abs,484,0.906755,2.3656569194009816,1.1828284597004903,,,
norm,484,0.89743,2.0988846984056795,2.126663225178394,0.881375,,5e-05
cqr,484,0.90932,2.0802659575848383,0.08537495477004076,0.8887583431242657,0.0,
abs,485,0.899905,2.3006190204614416,1.1503095102307213,,,
norm,485,0.90736,2.1670888707789904,2.1957700728771874,0.8917,,5e-05
cqr,485,0.90802,2.072144283612138,0.08131411778369069,0.8880583956203285,0.0,
abs,486,0.902715,2.3258211735788823,1.1629105867894416,,,
norm,486,0.897455,2.0991004625253473,2.126881844914371,0.881425,,5e-05
cqr,486,0.900285,2.0297418742361937,0.06011291309571809,0.8835837312201585,0.0,
abs,487,0.90191,2.3190457251040115,1.1595228625520049,,,
norm,487,0.910635,2.192262466123756,2.221276838211129,0.8949,,5e-05
cqr,487,0.918595,2.137747974882823,0.1141159634190328,0.8951328650351223,0.0,
abs,488,0.90429,2.340424830650546,1.1702124153252726,,,
norm,488,0.894795,2.0810746679575995,2.108617480778042,0.8789,,5e-05
cqr,488,0.901925,2.0383025882261543,0.06439327009069862,0.8843586730995175,0.0,
abs,489,0.89103,2.22086739002022,1.1104336950101101,,,
norm,489,0.8808,1.9951937486932498,2.02159993623034,0.8645,,5e-05
cqr,489,0.89943,2.0256427229444545,0.058063337449848706,0.8830587705922056,0.0,
abs,490,0.88636,2.1800736249012207,1.0900368124506108,,,
norm,490,0.902615,2.1342097983147506,2.162455849213168,0.886625,,5e-05
cqr,490,0.915825,2.119561821476685,0.10502288671596416,0.8928580356473265,0.0,
abs,491,0.892835,2.2376757204665907,1.1188378602332956,,,
norm,491,0.90271,2.134686598481441,2.1629389597818576,0.8867,,5e-05
cqr,491,0.88324,1.9486795205453475,0.019581736250295467,0.8721404105307898,0.0,
abs,492,0.910495,2.4057750545380405,1.202887527269021,,,
norm,492,0.891775,2.0616663403475606,2.0889522859143907,0.875725,,5e-05
cqr,492,0.887665,1.9685558055686159,0.02951987876192952,0.8756156711753381,0.0,
abs,493,0.8957,2.262341504574906,1.1311707522874537,,,
norm,493,0.90481,2.148808294267218,2.1772475547835652,0.889175,,5e-05
cqr,493,0.900725,2.031861558522474,0.06117275523885857,0.8839087068469865,0.0,
abs,494,0.882715,2.1487799305484643,1.074389965274232,,,
norm,494,0.88865,2.0422939033645937,2.0693234566866314,0.872275,,5e-05
cqr,494,0.892405,1.9913606031518631,0.04092227755355288,0.8789590780691449,0.0,
abs,495,0.907,2.3682210574517173,1.1841105287258582,,,
norm,495,0.90271,2.1346361386352575,2.162887832104711,0.8867,,5e-05
cqr,495,0.90008,2.0287566376945017,0.0596202948248723,0.8834087443441742,0.0,
abs,496,0.89188,2.2291655723468526,1.1145827861734268,,,
norm,496,0.904785,2.148617950485004,2.1770546918206377,0.88915,,5e-05
cqr,496,0.900035,2.0285372692536576,0.0595106106044504,0.8834087443441742,0.0,
abs,497,0.909165,2.3902254727103345,1.1951127363551675,,,
norm,497,0.9095,2.182327885491707,2.2112107744088654,0.89375,,5e-05
cqr,497,0.906345,2.062769467726401,0.0766267098408222,0.8869084818638602,0.0,
abs,498,0.91402,2.4421936041294874,1.221096802064744,,,
norm,498,0.909735,2.184366659264147,2.21327653114605,0.894,,5e-05
cqr,498,0.90932,2.080256738615625,0.08537034528543398,0.8887583431242657,0.0,
abs,499,0.90747,2.373717783592129,1.1868588917960652,,,
norm,499,0.88505,2.0217418654110197,2.0484994145886843,0.8685,,5e-05
cqr,499,0.89111,1.9855329721085209,0.03800846203188191,0.8782841286903482,0.0,
